{
"type": "FeatureCollection",
"name": "bronchitis_coh_wastewater_service_areas",
"crs": { "type": "name", "properties": { "name": "urn:ogc:def:crs:OGC:1.3:CRS84" } },
"features": [
{ "type": "Feature", "properties": { "OBJECTID": 1, "TRACT": "MC MUD #48", "SERVICE_CO": "MP", "AREA_AC": 1644, "SHAPE_LENG": 52051.6707121, "INSIDE_X": -95.25571894, "INSIDE_Y": 30.05361207, "SHAPE_LE_1": 51989.708809800002, "LAT": 30.05360681, "LONG_": -95.25571195000001, "GLOBALID": "{40D151FA-B72D-4170-B858-D45495423D1F}", "SHAPESTLen": 51989.708809856165, "nmonths": 0, "mean_Janua": -9999.0, "mean_Febru": -9999.0, "mean_March": -9999.0, "mean_April": -9999.0, "mean_May": -9999.0, "mean_June": -9999, "mean_July": -9999.0, "mean_Augus": -9999.0, "mean_Septe": -9999.0, "mean_Octob": -9999.0, "mean_Novem": -9999.0, "mean_Decem": -9999.0 }, "geometry": { "type": "Polygon", "coordinates": [ [ [ -95.245621264610222, 30.071542009501471 ], [ -95.244817636740507, 30.070274375823452 ], [ -95.240999764175129, 30.070326028994902 ], [ -95.242435211267207, 30.066067057501467 ], [ -95.242871902378184, 30.064862727562602 ], [ -95.243217866450777, 30.063866669623977 ], [ -95.243996351272799, 30.061607009999459 ], [ -95.244172809746289, 30.061208921851261 ], [ -95.244460657639223, 30.061149574140853 ], [ -95.24495264017429, 30.059567692767466 ], [ -95.245389798241959, 30.058246647197908 ], [ -95.245908447559614, 30.058229008450486 ], [ -95.246064340513584, 30.057702043539869 ], [ -95.249860866932295, 30.057592462055446 ], [ -95.249839150001876, 30.055645483698928 ], [ -95.24628883183955, 30.055753090610828 ], [ -95.246889703238637, 30.054118734970686 ], [ -95.247852890628678, 30.054099422654872 ], [ -95.247792575499346, 30.053155429134026 ], [ -95.247217362893693, 30.053152174523248 ], [ -95.247521196717884, 30.052007543142953 ], [ -95.247241656645627, 30.051979972664011 ], [ -95.248654701396262, 30.048177739539682 ], [ -95.248812849272454, 30.047780447520513 ], [ -95.249097736068393, 30.046985555684842 ], [ -95.249099120599624, 30.04698182863094 ], [ -95.249105438138059, 30.046983201837147 ], [ -95.249749246246694, 30.047195625251803 ], [ -95.249728973207056, 30.045780908073215 ], [ -95.24972159103838, 30.045329979500245 ], [ -95.249720774180048, 30.045280103572743 ], [ -95.249678981287047, 30.045026033974395 ], [ -95.249832689183151, 30.044589939642979 ], [ -95.250013813281285, 30.044179641480557 ], [ -95.250206334985947, 30.043730977659756 ], [ -95.250675930413067, 30.042651417450145 ], [ -95.25084131550318, 30.042689357287824 ], [ -95.251207721521041, 30.042391808293957 ], [ -95.251753387741459, 30.04194868108068 ], [ -95.253617785348766, 30.041937128657306 ], [ -95.253576622160864, 30.042004227610843 ], [ -95.253706162655533, 30.042002187921724 ], [ -95.253706245079186, 30.042001837297832 ], [ -95.253964373298672, 30.040909573684779 ], [ -95.255480872199385, 30.034492042803635 ], [ -95.256283872307165, 30.031093560338114 ], [ -95.256921856544849, 30.028393294185371 ], [ -95.258012745063837, 30.028713940994432 ], [ -95.25898083773879, 30.028796946095124 ], [ -95.259743379671136, 30.029009699437722 ], [ -95.260490219286851, 30.029222011315078 ], [ -95.261584192375281, 30.030193678695785 ], [ -95.262202195936553, 30.030979676721326 ], [ -95.262879344074648, 30.031805645090866 ], [ -95.263835555068937, 30.032311045573138 ], [ -95.264158236620517, 30.035083416742157 ], [ -95.26434435477023, 30.035581078582279 ], [ -95.264323776555315, 30.036141393592189 ], [ -95.265787940150204, 30.038658203736233 ], [ -95.26670193888944, 30.039887454737631 ], [ -95.268127638350535, 30.040234951599682 ], [ -95.268843325011687, 30.040234215896781 ], [ -95.269572553880522, 30.040500704441293 ], [ -95.270327688812543, 30.040918390109297 ], [ -95.270708352060424, 30.041257278484505 ], [ -95.270954770803485, 30.041940229130276 ], [ -95.271131483568979, 30.042582313455295 ], [ -95.271144702426554, 30.042941593599103 ], [ -95.262508319816561, 30.042945001698047 ], [ -95.262509703628453, 30.042950370103433 ], [ -95.262516837200508, 30.042971374594234 ], [ -95.262525355592174, 30.04299774842011 ], [ -95.262533860360904, 30.043024464858334 ], [ -95.262541575365603, 30.04305116023221 ], [ -95.262549290407478, 30.043077854703743 ], [ -95.262555413357788, 30.043104848787973 ], [ -95.262562327050617, 30.043131865767265 ], [ -95.262567660271415, 30.043158837885436 ], [ -95.262573776902954, 30.043186004190677 ], [ -95.262578314064427, 30.043213126565551 ], [ -95.262582844899811, 30.04324042116259 ], [ -95.262587376807176, 30.043267714886341 ], [ -95.262591111614697, 30.043295158838621 ], [ -95.262594062982174, 30.043322409504757 ], [ -95.26259700805582, 30.043349831491508 ], [ -95.262599157097753, 30.043377402834025 ], [ -95.26260052373442, 30.043404780919307 ], [ -95.26270142144665, 30.050298465872263 ], [ -95.262704087553857, 30.05059171349 ], [ -95.262710425608731, 30.051839381527465 ], [ -95.263954052106627, 30.051818254229751 ], [ -95.264202677281261, 30.05890592119254 ], [ -95.265277349832132, 30.059760453660999 ], [ -95.262790308784389, 30.060338289459459 ], [ -95.262760590563886, 30.057618092755526 ], [ -95.261394167802067, 30.057582622563121 ], [ -95.261376967974371, 30.060381991790425 ], [ -95.262490411936014, 30.060443086145309 ], [ -95.26259459147839, 30.06212780911607 ], [ -95.262525547420793, 30.063476553202182 ], [ -95.262638338202038, 30.066545075021921 ], [ -95.262644921101028, 30.068167935293442 ], [ -95.262749261366594, 30.068984770578886 ], [ -95.262809879919075, 30.071396482532126 ], [ -95.260447626783105, 30.071410219576656 ], [ -95.255375562238797, 30.071412059135827 ], [ -95.254140038851219, 30.071421304149911 ], [ -95.249996464281722, 30.07148389142105 ], [ -95.249995577553136, 30.071658051252232 ], [ -95.247846003899696, 30.071622284637172 ], [ -95.245621264610222, 30.071542009501471 ] ] ] } },
{ "type": "Feature", "properties": { "OBJECTID": 2, "TRACT": "Blackhawk", "SERVICE_CO": "BA", "AREA_AC": 358, "SHAPE_LENG": 16768.640330499999, "INSIDE_X": -95.14892468, "INSIDE_Y": 29.54120203, "SHAPE_LE_1": 29703.885497499999, "LAT": 29.54429115, "LONG_": -95.15253634, "GLOBALID": "{AEBE3FE6-3E75-4E90-B6D6-038706861947}", "SHAPESTLen": 29703.885497477073, "nmonths": 0, "mean_Janua": -9999.0, "mean_Febru": -9999.0, "mean_March": -9999.0, "mean_April": -9999.0, "mean_May": -9999.0, "mean_June": -9999, "mean_July": -9999.0, "mean_Augus": -9999.0, "mean_Septe": -9999.0, "mean_Octob": -9999.0, "mean_Novem": -9999.0, "mean_Decem": -9999.0 }, "geometry": { "type": "Polygon", "coordinates": [ [ [ -95.153230651293995, 29.546599741617065 ], [ -95.153227554972915, 29.546574858017184 ], [ -95.153180782319168, 29.546199017154755 ], [ -95.153147221682985, 29.545929333683585 ], [ -95.152956221637197, 29.545958752494062 ], [ -95.150789717408145, 29.546270300506883 ], [ -95.148239033255422, 29.546623775022532 ], [ -95.148187022229905, 29.54663098201182 ], [ -95.146042293116523, 29.544387483992736 ], [ -95.144461167575827, 29.542740078434871 ], [ -95.144081884409658, 29.542347314798942 ], [ -95.143920750859934, 29.542135743247719 ], [ -95.143826566847792, 29.541904761959362 ], [ -95.143798475356164, 29.54164593434432 ], [ -95.143884554536044, 29.541293368190328 ], [ -95.14412878441594, 29.540854282829901 ], [ -95.144224520327285, 29.540581873053387 ], [ -95.144244011235983, 29.540279551881557 ], [ -95.144231542249955, 29.540131714668401 ], [ -95.144184842056148, 29.539940803881937 ], [ -95.144096232220392, 29.539749784781748 ], [ -95.14402611784935, 29.539591583073381 ], [ -95.144070291913394, 29.539475225168722 ], [ -95.144198899015962, 29.539396182836047 ], [ -95.144515892466259, 29.539325862234605 ], [ -95.145097810511317, 29.539195961704426 ], [ -95.144974949608468, 29.538798301567379 ], [ -95.144668943674503, 29.538843712126567 ], [ -95.144391206012486, 29.538905163403118 ], [ -95.143929094773668, 29.539053196540141 ], [ -95.143525708409385, 29.539110450357523 ], [ -95.143365508226424, 29.538991670837003 ], [ -95.143192058450197, 29.538887651058911 ], [ -95.143100084815345, 29.538841161769135 ], [ -95.142991182292917, 29.538802553598579 ], [ -95.142766513767626, 29.53874231328524 ], [ -95.142565251079816, 29.538708924713475 ], [ -95.141131147464037, 29.538932117294099 ], [ -95.14044542902235, 29.538745825071302 ], [ -95.14012616942837, 29.538368907563797 ], [ -95.139543280012575, 29.537680740769265 ], [ -95.139620112847908, 29.537616717588786 ], [ -95.139730754347738, 29.537626488266902 ], [ -95.140040733551089, 29.53740514502358 ], [ -95.140089116834588, 29.537378009868252 ], [ -95.140155066293545, 29.537359063568861 ], [ -95.142455950145262, 29.536995990183758 ], [ -95.142545665660904, 29.537002411193342 ], [ -95.143163816345421, 29.537147786311305 ], [ -95.143534682742839, 29.537083590431955 ], [ -95.143755805495076, 29.536563651208716 ], [ -95.146816147367957, 29.536082594669136 ], [ -95.146846584237593, 29.536217512712437 ], [ -95.149676906522657, 29.535735440708908 ], [ -95.149571015987092, 29.535227603006753 ], [ -95.149836326414004, 29.534899167215872 ], [ -95.150525363816229, 29.53426441122545 ], [ -95.152113967275767, 29.535595134421346 ], [ -95.154354360926618, 29.535852635639525 ], [ -95.154420244582596, 29.536998056074072 ], [ -95.15444121594598, 29.537362641397159 ], [ -95.154456698183125, 29.537631810406172 ], [ -95.154551293969078, 29.539930480122813 ], [ -95.157274154654658, 29.542168149522855 ], [ -95.157143022538094, 29.542300266700849 ], [ -95.15666926793061, 29.542777577809634 ], [ -95.155204396889346, 29.544112738291492 ], [ -95.154541480218825, 29.544779840118665 ], [ -95.154542020612027, 29.544809523314566 ], [ -95.154535509554265, 29.545527064238499 ], [ -95.154525061594612, 29.546678525192771 ], [ -95.154523210260237, 29.546809245004269 ], [ -95.156941868745776, 29.548666569044169 ], [ -95.1578922800621, 29.549396373920466 ], [ -95.158470796605627, 29.548867368122856 ], [ -95.158914446251543, 29.54847001404687 ], [ -95.159479739332298, 29.547935218421607 ], [ -95.159823069951599, 29.54808852051756 ], [ -95.160157007987252, 29.54822827768184 ], [ -95.16218768274544, 29.549131528030241 ], [ -95.164702198590007, 29.551106767612335 ], [ -95.164212585543069, 29.551530588949035 ], [ -95.162509000191278, 29.553105557501052 ], [ -95.162376063509043, 29.553001693241228 ], [ -95.160829650351488, 29.554591613583728 ], [ -95.16046977527941, 29.554861512536803 ], [ -95.160088604635177, 29.555241913016207 ], [ -95.158305427558162, 29.557129914505957 ], [ -95.158238391654933, 29.55713681300497 ], [ -95.157081758533224, 29.5559303928889 ], [ -95.156224836140353, 29.555034588038151 ], [ -95.156051044406311, 29.554762676718205 ], [ -95.155977923197852, 29.55437724866227 ], [ -95.156005540892622, 29.554278946085951 ], [ -95.156023292774066, 29.55417081312827 ], [ -95.156059050979565, 29.554088485188096 ], [ -95.156095830943471, 29.553957571790082 ], [ -95.156310512763881, 29.553562996767358 ], [ -95.15638010782942, 29.553365719133406 ], [ -95.156413872650234, 29.552955248036071 ], [ -95.156317348619893, 29.552580001219177 ], [ -95.156084066796211, 29.552219896340336 ], [ -95.155772053077882, 29.551935033416612 ], [ -95.155471850575353, 29.551655311127384 ], [ -95.155132521729072, 29.551490797038696 ], [ -95.154678273962347, 29.551392961312573 ], [ -95.154013443994401, 29.551477639412841 ], [ -95.153998033810439, 29.551460216910971 ], [ -95.153256926397901, 29.550622340907523 ], [ -95.153326906379647, 29.550267556423297 ], [ -95.153230651293995, 29.546599741617065 ] ] ] } },
{ "type": "Feature", "properties": { "OBJECTID": 3, "TRACT": "Cedar Bayou", "SERVICE_CO": "CB", "AREA_AC": 1678, "SHAPE_LENG": 96779.2826737, "INSIDE_X": -95.11522242, "INSIDE_Y": 30.02323828, "SHAPE_LE_1": 96779.284035999997, "LAT": 30.02323302, "LONG_": -95.11521547, "GLOBALID": "{823D929E-BF13-41C2-959F-A282B4FEF38F}", "SHAPESTLen": 96779.284035962322, "nmonths": 0, "mean_Janua": -9999.0, "mean_Febru": -9999.0, "mean_March": -9999.0, "mean_April": -9999.0, "mean_May": -9999.0, "mean_June": -9999, "mean_July": -9999.0, "mean_Augus": -9999.0, "mean_Septe": -9999.0, "mean_Octob": -9999.0, "mean_Novem": -9999.0, "mean_Decem": -9999.0 }, "geometry": { "type": "MultiPolygon", "coordinates": [ [ [ [ -95.101945344110803, 30.028207849015097 ], [ -95.101789670056021, 30.024218740174774 ], [ -95.099473625257275, 30.02422754324536 ], [ -95.0994200241649, 30.019368302653419 ], [ -95.102949944992503, 30.019322138643801 ], [ -95.107299990015136, 29.99961650883823 ], [ -95.108795232920784, 29.992983355988919 ], [ -95.110547507665345, 29.985866905551806 ], [ -95.122342288120976, 29.985610576647545 ], [ -95.123080269786271, 29.987980365923388 ], [ -95.123629829627916, 29.989706089011225 ], [ -95.125467445924599, 29.989923923067341 ], [ -95.126080457104791, 29.991786655535346 ], [ -95.12488986533144, 29.993363167675497 ], [ -95.121364429592987, 29.995444255854839 ], [ -95.119349974182597, 29.9962194688956 ], [ -95.116659723528457, 29.996722928555929 ], [ -95.115412204531467, 29.998119342565467 ], [ -95.115300600023545, 30.002060576944409 ], [ -95.116177579141166, 30.001301110044484 ], [ -95.115864415807323, 30.00445169194127 ], [ -95.115110741277661, 30.006089974965214 ], [ -95.115739388358435, 30.006542403740472 ], [ -95.114721508770586, 30.007326084292743 ], [ -95.114074000862416, 30.009273740195262 ], [ -95.113824827510967, 30.01159765801248 ], [ -95.114636247095262, 30.013020429405472 ], [ -95.116288770323251, 30.014034511190982 ], [ -95.11880533418848, 30.015150431388388 ], [ -95.118371004848285, 30.015660688423871 ], [ -95.118812526729727, 30.015832753766247 ], [ -95.120284361291922, 30.018492411571408 ], [ -95.121036402753802, 30.021050071364879 ], [ -95.120975104812075, 30.022657939074659 ], [ -95.12098383654866, 30.024227233828469 ], [ -95.120748214109724, 30.0250495419134 ], [ -95.122440066695304, 30.028265388898419 ], [ -95.126187121436445, 30.029692837545138 ], [ -95.127105344558117, 30.030862113274196 ], [ -95.127262264296206, 30.032050641681732 ], [ -95.126180431733843, 30.033024462644953 ], [ -95.12345154493903, 30.034220762891003 ], [ -95.121476642378838, 30.03371659502351 ], [ -95.119204185127444, 30.031618155123812 ], [ -95.119128823305715, 30.029591172367148 ], [ -95.10168340760211, 30.029061959544872 ], [ -95.101945344110803, 30.028207849015097 ] ] ], [ [ [ -95.121475553857167, 30.064431620438953 ], [ -95.121332434679431, 30.061509640747829 ], [ -95.110748911426484, 30.061565332110149 ], [ -95.110660121323093, 30.057877918259937 ], [ -95.125568710582442, 30.057736696304644 ], [ -95.125723162225682, 30.059046310583657 ], [ -95.129294632171892, 30.059024400000737 ], [ -95.129310957053477, 30.055920044129529 ], [ -95.133097417906185, 30.055819351732797 ], [ -95.134360645544717, 30.058002265731826 ], [ -95.133201413806248, 30.059072322758798 ], [ -95.132893665482854, 30.059151418031316 ], [ -95.133534879022804, 30.059562896545071 ], [ -95.135248749361836, 30.059229028545833 ], [ -95.135227113269977, 30.058272603496594 ], [ -95.138536437427703, 30.059530225242614 ], [ -95.138613992467583, 30.060411373047039 ], [ -95.140871107979805, 30.061450479999372 ], [ -95.141420189612219, 30.06227874247584 ], [ -95.141316862744418, 30.063157151638524 ], [ -95.14127115137552, 30.064361966207386 ], [ -95.121475553857167, 30.064431620438953 ] ] ], [ [ [ -95.096057931404957, 30.060754823217966 ], [ -95.095454824517674, 30.056499493000739 ], [ -95.100372678961818, 30.055033324560974 ], [ -95.101185654379336, 30.055810992023005 ], [ -95.100627060943495, 30.056660176357305 ], [ -95.100837668555982, 30.056644147023206 ], [ -95.102065992735888, 30.057045141017369 ], [ -95.10243797907782, 30.058740596360611 ], [ -95.101896733957659, 30.059173890582542 ], [ -95.102846162767648, 30.060672668545664 ], [ -95.096057931404957, 30.060754823217966 ] ] ], [ [ [ -95.113598656099128, 30.054472451620018 ], [ -95.113625747729643, 30.052246088015064 ], [ -95.116159318117582, 30.052218489685348 ], [ -95.116503364084082, 30.052355139599449 ], [ -95.118538728663182, 30.052413963801449 ], [ -95.118895344104033, 30.052221296116191 ], [ -95.124573395121089, 30.052182864204692 ], [ -95.124579362236076, 30.054308691582214 ], [ -95.113598656099128, 30.054472451620018 ] ] ] ] } },
{ "type": "Feature", "properties": { "OBJECTID": 4, "TRACT": "Clinton Park", "SERVICE_CO": "CP", "AREA_AC": 2648, "SHAPE_LENG": 54820.902703300002, "INSIDE_X": -95.26576951, "INSIDE_Y": 29.74650988, "SHAPE_LE_1": 54823.540583599999, "LAT": 29.74650468, "LONG_": -95.26576254, "GLOBALID": "{8C9A993E-C803-4139-B81A-042D2E934365}", "SHAPESTLen": 54823.540583602793, "nmonths": 0, "mean_Janua": -9999.0, "mean_Febru": -9999.0, "mean_March": -9999.0, "mean_April": -9999.0, "mean_May": -9999.0, "mean_June": -9999, "mean_July": -9999.0, "mean_Augus": -9999.0, "mean_Septe": -9999.0, "mean_Octob": -9999.0, "mean_Novem": -9999.0, "mean_Decem": -9999.0 }, "geometry": { "type": "Polygon", "coordinates": [ [ [ -95.262847580983518, 29.775384373306821 ], [ -95.258282183983738, 29.774696524270464 ], [ -95.256995780118984, 29.774490620197366 ], [ -95.256986436803473, 29.774501270040634 ], [ -95.255168962951799, 29.774227374935556 ], [ -95.255466363048754, 29.759895704438144 ], [ -95.251720536682214, 29.759886283885372 ], [ -95.251640618218175, 29.75753438234241 ], [ -95.254319951368316, 29.757577344230459 ], [ -95.25339558751304, 29.725458021062174 ], [ -95.25497508198994, 29.726623537648763 ], [ -95.259422401576998, 29.726880086786874 ], [ -95.262686350702808, 29.725466681303242 ], [ -95.269101379056494, 29.724543306815114 ], [ -95.27193999368447, 29.726201328712406 ], [ -95.275452058707089, 29.72796597778116 ], [ -95.276834216637866, 29.734199068932647 ], [ -95.279813622763086, 29.739235241785764 ], [ -95.283163329573355, 29.742376659935907 ], [ -95.28689012220056, 29.748873935563115 ], [ -95.28106818741594, 29.749192189127694 ], [ -95.280631469097301, 29.755117549239198 ], [ -95.272475168519705, 29.755145476943781 ], [ -95.272538523195607, 29.759660788154914 ], [ -95.265434875219427, 29.759712663708374 ], [ -95.265228305795802, 29.769625883855859 ], [ -95.262847580983518, 29.775384373306821 ] ] ] } },
{ "type": "Feature", "properties": { "OBJECTID": 5, "TRACT": "Easthaven", "SERVICE_CO": "EH", "AREA_AC": 2872, "SHAPE_LENG": 62694.394782700001, "INSIDE_X": -95.25500292, "INSIDE_Y": 29.6345054, "SHAPE_LE_1": 62694.395629699997, "LAT": 29.63450023, "LONG_": -95.25499595, "GLOBALID": "{37971DFC-DE8C-412F-A8AD-A2DC785DC01C}", "SHAPESTLen": 62694.395629658327, "nmonths": 0, "mean_Janua": -9999.0, "mean_Febru": -9999.0, "mean_March": -9999.0, "mean_April": -9999.0, "mean_May": -9999.0, "mean_June": -9999, "mean_July": -9999.0, "mean_Augus": -9999.0, "mean_Septe": -9999.0, "mean_Octob": -9999.0, "mean_Novem": -9999.0, "mean_Decem": -9999.0 }, "geometry": { "type": "Polygon", "coordinates": [ [ [ -95.239870489507879, 29.637758663138033 ], [ -95.239132521670072, 29.637051675958585 ], [ -95.230709636788291, 29.628981410857296 ], [ -95.229803336780577, 29.628112944501236 ], [ -95.230952181819049, 29.628006648904901 ], [ -95.232172966947189, 29.627992231616435 ], [ -95.233692803574755, 29.627976717863483 ], [ -95.233711647716959, 29.62841472963564 ], [ -95.234323882697424, 29.628423794486746 ], [ -95.234548489063698, 29.627967976732069 ], [ -95.234934721532639, 29.627964028434068 ], [ -95.2349657577589, 29.627964464794267 ], [ -95.236021639417558, 29.62797929969312 ], [ -95.236032157635051, 29.627984269901706 ], [ -95.236334560013262, 29.627992775957694 ], [ -95.236341720529722, 29.628430381682701 ], [ -95.238544459556806, 29.62837025370057 ], [ -95.238526752622775, 29.627586497201246 ], [ -95.236051315470021, 29.627634442943137 ], [ -95.236090496122372, 29.626575391139763 ], [ -95.234874034808229, 29.626569416475249 ], [ -95.234764121778255, 29.624898817885335 ], [ -95.234458264654847, 29.620861697461638 ], [ -95.238098515112384, 29.620753937515339 ], [ -95.238079405099896, 29.620268728289531 ], [ -95.235812550736526, 29.620318033544898 ], [ -95.235785724645282, 29.617799377310462 ], [ -95.244418918234317, 29.617908656726968 ], [ -95.249076126923143, 29.618092821187751 ], [ -95.249149063723337, 29.617956376445164 ], [ -95.263187882791897, 29.617780396316739 ], [ -95.263237541698459, 29.616422954314551 ], [ -95.262695616204525, 29.616407817565619 ], [ -95.262719871248464, 29.615744881228796 ], [ -95.263334049911222, 29.615762035948276 ], [ -95.263318378898319, 29.614213165485452 ], [ -95.260824419495279, 29.614175088253596 ], [ -95.26088681892773, 29.612470393411854 ], [ -95.266809607494096, 29.612635792683385 ], [ -95.266856170215462, 29.617746983101146 ], [ -95.266825406820018, 29.619380543762031 ], [ -95.266939965799807, 29.626286380534207 ], [ -95.265769989443257, 29.626294703509892 ], [ -95.265773917089376, 29.626827455891693 ], [ -95.265783572112355, 29.62813722247682 ], [ -95.264529720869277, 29.628154204087508 ], [ -95.264570632529697, 29.630479484718638 ], [ -95.264576425642247, 29.63184134277618 ], [ -95.265014064119413, 29.631861103709912 ], [ -95.2666488531911, 29.631891373679984 ], [ -95.26669348954178, 29.632833865224629 ], [ -95.266695058676078, 29.632856292885702 ], [ -95.266871555197298, 29.635379413703436 ], [ -95.267206918841893, 29.635677344367632 ], [ -95.278593860882751, 29.644632120194142 ], [ -95.266070608686888, 29.657010058326968 ], [ -95.263804498530916, 29.655664404835967 ], [ -95.262761377138986, 29.654824506240757 ], [ -95.262704741330182, 29.652097092904942 ], [ -95.25605939074002, 29.652163329005713 ], [ -95.254696860430158, 29.652169007971509 ], [ -95.254742267961021, 29.654186425281463 ], [ -95.253068876435776, 29.654223248174326 ], [ -95.249068115112649, 29.648636584335044 ], [ -95.248454547243369, 29.647786695703793 ], [ -95.248373273936409, 29.647658705230867 ], [ -95.24694192773994, 29.645693874409105 ], [ -95.245673672235398, 29.643948075735853 ], [ -95.244260749174018, 29.64196432070564 ], [ -95.243321759356789, 29.641064855900545 ], [ -95.242372773439129, 29.64017367636324 ], [ -95.239870489507879, 29.637758663138033 ] ] ] } },
{ "type": "Feature", "properties": { "OBJECTID": 6, "TRACT": "Almeda Sims", "SERVICE_CO": "AS", "AREA_AC": 22701, "SHAPE_LENG": 234316.652608, "INSIDE_X": -95.42006598, "INSIDE_Y": 29.63898829, "SHAPE_LE_1": 243468.21285099999, "LAT": 29.63898312, "LONG_": -95.42005897, "GLOBALID": "{2D4812D5-92B8-4C2A-AEC9-5AC61D23193B}", "SHAPESTLen": 243468.21285104228, "nmonths": 0, "mean_Janua": -9999.0, "mean_Febru": -9999.0, "mean_March": -9999.0, "mean_April": -9999.0, "mean_May": -9999.0, "mean_June": -9999, "mean_July": -9999.0, "mean_Augus": -9999.0, "mean_Septe": -9999.0, "mean_Octob": -9999.0, "mean_Novem": -9999.0, "mean_Decem": -9999.0 }, "geometry": { "type": "MultiPolygon", "coordinates": [ [ [ [ -95.380332908455514, 29.612324184519142 ], [ -95.380256260752333, 29.599653832601323 ], [ -95.386983643168293, 29.599603812622572 ], [ -95.394537475243638, 29.599499010481608 ], [ -95.40362125070412, 29.599415728247362 ], [ -95.406043986661885, 29.59937656995357 ], [ -95.407238171710048, 29.599357908009786 ], [ -95.409273946366994, 29.599321796099755 ], [ -95.410670379759594, 29.599301196834485 ], [ -95.422125936038711, 29.599181568905621 ], [ -95.425193764673693, 29.599187728358938 ], [ -95.423823458487888, 29.602562904052938 ], [ -95.423322325856475, 29.603792383562908 ], [ -95.422293681749181, 29.606445429127739 ], [ -95.424122438077987, 29.606428811340233 ], [ -95.425607467633228, 29.606405619456051 ], [ -95.426701939379655, 29.606392552314883 ], [ -95.431484394911138, 29.606349279339842 ], [ -95.446460968628386, 29.606216337202461 ], [ -95.446493745839533, 29.604851549850679 ], [ -95.446439864135513, 29.60188289733242 ], [ -95.446370939350587, 29.596686858914037 ], [ -95.456760713033333, 29.596646550460715 ], [ -95.456737637064691, 29.595691113086907 ], [ -95.463406293813563, 29.595603036477662 ], [ -95.476863418393037, 29.600787404135403 ], [ -95.476913394756266, 29.605780117915295 ], [ -95.487331392017666, 29.61048071710394 ], [ -95.486584955428498, 29.611541097462872 ], [ -95.483473715350129, 29.61149253133291 ], [ -95.48340527059996, 29.613481083095593 ], [ -95.493586130395045, 29.613283870592941 ], [ -95.500201159561499, 29.616986627483268 ], [ -95.500861212680761, 29.616867619347079 ], [ -95.5009294594675, 29.61612885171272 ], [ -95.500936192127199, 29.613343220559727 ], [ -95.509253049350974, 29.613251002780729 ], [ -95.509289579879606, 29.613735865995782 ], [ -95.509237000064118, 29.615030841161786 ], [ -95.50984752522568, 29.61483244983836 ], [ -95.509887839016429, 29.620296610335888 ], [ -95.513238402491609, 29.621796795157447 ], [ -95.513791019059994, 29.621354779855221 ], [ -95.514226617316012, 29.621716712707311 ], [ -95.514350198157857, 29.621819715108941 ], [ -95.51478804158856, 29.622189326570883 ], [ -95.51517171652246, 29.622513207727323 ], [ -95.516882786930168, 29.62396733822515 ], [ -95.519758983854857, 29.62641710938798 ], [ -95.508176097739792, 29.630882984793821 ], [ -95.508205118311949, 29.633338768387574 ], [ -95.508212923585546, 29.633998136665372 ], [ -95.508229164991448, 29.635370002056096 ], [ -95.508245570019938, 29.637022215752634 ], [ -95.503047761427581, 29.637074669632568 ], [ -95.503081851163387, 29.638957685652731 ], [ -95.501960123259693, 29.639023084352413 ], [ -95.501971641478676, 29.641646673666408 ], [ -95.500828617603133, 29.641634007078515 ], [ -95.50077250472971, 29.641011315216325 ], [ -95.499469058906783, 29.641057177665957 ], [ -95.499466528245492, 29.641644507367541 ], [ -95.493369670609056, 29.641543280885582 ], [ -95.493200005257862, 29.63141407372601 ], [ -95.485263709345318, 29.631611131957936 ], [ -95.485663996612786, 29.639292274499571 ], [ -95.481354925676712, 29.64096950280388 ], [ -95.481221846631669, 29.63144767596242 ], [ -95.463623747807091, 29.631489220579677 ], [ -95.463572013501874, 29.634406413629513 ], [ -95.458008960454848, 29.634780214848082 ], [ -95.456567346977081, 29.634507691726299 ], [ -95.456552024261995, 29.639961215662197 ], [ -95.450601315242835, 29.64005319860966 ], [ -95.450554541254633, 29.638219326679078 ], [ -95.449058301024252, 29.638294764036445 ], [ -95.449105947083311, 29.640069490803906 ], [ -95.447859792157246, 29.640086846933958 ], [ -95.447870574264115, 29.641011602558621 ], [ -95.444254013444308, 29.641275730888367 ], [ -95.440979114991109, 29.642564606031296 ], [ -95.439322951090617, 29.642775370990382 ], [ -95.439290055549534, 29.644775407618848 ], [ -95.439374991916196, 29.658171090252011 ], [ -95.436630909293171, 29.659656047365228 ], [ -95.436555764653832, 29.659912380627755 ], [ -95.435144354452348, 29.659774530144844 ], [ -95.43327745332688, 29.660075995110184 ], [ -95.433440488733396, 29.666920049524546 ], [ -95.43494551356595, 29.666013540968812 ], [ -95.434961734875316, 29.667565822748756 ], [ -95.431918432980268, 29.671839490729454 ], [ -95.43118791666187, 29.673783088871126 ], [ -95.431340945031565, 29.684921702472856 ], [ -95.430873621194706, 29.68546026619023 ], [ -95.427352668606119, 29.685363256998819 ], [ -95.427243115177674, 29.686676221779024 ], [ -95.422342616663471, 29.686548313633971 ], [ -95.421869104668417, 29.68776530586868 ], [ -95.420408629063843, 29.687109678437693 ], [ -95.419951542234358, 29.68867790979326 ], [ -95.420064588389025, 29.692927301253686 ], [ -95.420047004751936, 29.69392247510315 ], [ -95.419041300195843, 29.694520622948612 ], [ -95.419540907769203, 29.695250479569175 ], [ -95.418290322263246, 29.696277448118529 ], [ -95.416256984733167, 29.695662714098958 ], [ -95.414345045207043, 29.694407805594025 ], [ -95.412782212855589, 29.69633627904863 ], [ -95.41186668083499, 29.69573939210775 ], [ -95.410392066131578, 29.695570511219408 ], [ -95.409016578944104, 29.696074561066787 ], [ -95.407943658612481, 29.694034012115594 ], [ -95.400749270831199, 29.695695097290315 ], [ -95.401005949351728, 29.696234671948272 ], [ -95.399559649039404, 29.696542434689597 ], [ -95.399605606901531, 29.696970007308362 ], [ -95.39814674585196, 29.696797543609016 ], [ -95.398110765919654, 29.696487058412 ], [ -95.396986987263489, 29.696563028550027 ], [ -95.397243723038997, 29.696952117389724 ], [ -95.396951043014482, 29.697736982662299 ], [ -95.396202991319058, 29.697686178690489 ], [ -95.394392144948583, 29.702252724115734 ], [ -95.391967976520164, 29.701410143410772 ], [ -95.39324636425394, 29.6982386381891 ], [ -95.392870177740932, 29.697603470525991 ], [ -95.386646389695983, 29.699046423287996 ], [ -95.386820818149943, 29.698541970275702 ], [ -95.38434259925684, 29.697504961713545 ], [ -95.382302912297419, 29.699773961495062 ], [ -95.377966544093539, 29.698681490396066 ], [ -95.375501064949802, 29.70519770347768 ], [ -95.37502437260369, 29.701749233932169 ], [ -95.378010978196045, 29.689979856526122 ], [ -95.380352640587532, 29.682857408946553 ], [ -95.380615511727811, 29.680998678344302 ], [ -95.378445282088819, 29.680670379121253 ], [ -95.37756294418223, 29.680592586919911 ], [ -95.376428742739989, 29.680651764483105 ], [ -95.375717861891118, 29.68074104215863 ], [ -95.374571612404836, 29.68078122845607 ], [ -95.374514076912092, 29.677184852298659 ], [ -95.381678208449173, 29.674826350483478 ], [ -95.381844897312476, 29.671865131847483 ], [ -95.382122621864099, 29.67041673694224 ], [ -95.383139486830501, 29.668099605485079 ], [ -95.382311027365262, 29.667848693413859 ], [ -95.380961514498253, 29.668025507338356 ], [ -95.379974209665789, 29.668318748324026 ], [ -95.378080703565843, 29.669073396422107 ], [ -95.371051147564685, 29.66934481777464 ], [ -95.370994835752896, 29.665876632977284 ], [ -95.370966094324118, 29.658833259323821 ], [ -95.372036195903021, 29.658862267770726 ], [ -95.371992144081375, 29.658217890772001 ], [ -95.368850822291449, 29.658074238589602 ], [ -95.368280146042011, 29.647767807857917 ], [ -95.36460475968633, 29.647882309147576 ], [ -95.364568479573947, 29.646731496721696 ], [ -95.363726166556788, 29.645948484507173 ], [ -95.363043650117049, 29.646701019267727 ], [ -95.360321598081754, 29.647278631474382 ], [ -95.359293546388002, 29.648047416980376 ], [ -95.357506141832204, 29.647974230104161 ], [ -95.356010239118277, 29.648356851679864 ], [ -95.355886936760911, 29.644610007422287 ], [ -95.35658731508272, 29.644538047145964 ], [ -95.35676553445812, 29.642009925774367 ], [ -95.356153318243784, 29.64201908786433 ], [ -95.356113787351376, 29.640463041345495 ], [ -95.356725049018323, 29.640460620324781 ], [ -95.356708465532151, 29.639899198953735 ], [ -95.356097183871, 29.639882551569585 ], [ -95.356007510201749, 29.636278703596446 ], [ -95.357228510573535, 29.63627566475833 ], [ -95.357245890530123, 29.632669810829139 ], [ -95.356404823327608, 29.632661667389556 ], [ -95.356142294867894, 29.627568252383607 ], [ -95.357792609935515, 29.627605815833366 ], [ -95.357811117915688, 29.625941857934709 ], [ -95.359727525332616, 29.625939895436446 ], [ -95.359727567924594, 29.625920725948255 ], [ -95.360086714535768, 29.625938997736394 ], [ -95.360060637976716, 29.625208760286711 ], [ -95.358818328299719, 29.625200179784986 ], [ -95.358796082956289, 29.624482340749402 ], [ -95.358796064368804, 29.62448173182322 ], [ -95.359565823825733, 29.62449185421935 ], [ -95.359558543373609, 29.624151303668881 ], [ -95.359532600719916, 29.622937653103939 ], [ -95.359482308996277, 29.621639568994553 ], [ -95.359460358520536, 29.621072987926215 ], [ -95.358002551854611, 29.62104807804981 ], [ -95.357990718381004, 29.620235758451464 ], [ -95.357970082993418, 29.61881923625381 ], [ -95.359262008923309, 29.618835942610065 ], [ -95.359258262336894, 29.616630027349586 ], [ -95.361389808898323, 29.616652780751718 ], [ -95.361369695294499, 29.618840159686201 ], [ -95.374155013928814, 29.618891401800763 ], [ -95.374167475665544, 29.616760350775408 ], [ -95.374609171303106, 29.616424304210035 ], [ -95.374609593789543, 29.61447002017934 ], [ -95.368133408420618, 29.614450577777589 ], [ -95.368018367082655, 29.614400521661466 ], [ -95.367990270492172, 29.613576029928609 ], [ -95.367945880352124, 29.61242626588583 ], [ -95.368379661361232, 29.61241115424901 ], [ -95.368378273836214, 29.612313341413628 ], [ -95.380332908455514, 29.612324184519142 ] ] ], [ [ [ -95.478121530916184, 29.744336018017933 ], [ -95.477813531703035, 29.744335914673282 ], [ -95.477791390063317, 29.743834057757585 ], [ -95.478106153702569, 29.743842335551708 ], [ -95.478121530916184, 29.744336018017933 ] ] ], [ [ [ -95.477901558170572, 29.763687993230416 ], [ -95.471607302862097, 29.76372989520754 ], [ -95.471607348033061, 29.763693028041224 ], [ -95.477901558170572, 29.763687993230416 ] ] ], [ [ [ -95.47800952950233, 29.759273650269595 ], [ -95.47789166613002, 29.750825394860627 ], [ -95.477903111819558, 29.750825312125833 ], [ -95.47800952950233, 29.759273650269595 ] ] ], [ [ [ -95.47159915643536, 29.770416333109569 ], [ -95.471596465425662, 29.763729967283119 ], [ -95.471607302862097, 29.76372989520754 ], [ -95.47159915643536, 29.770416333109569 ] ] ], [ [ [ -95.472595646540526, 29.771364543755375 ], [ -95.47232714703226, 29.770641982311556 ], [ -95.47159915643536, 29.770416333109569 ], [ -95.472360182825398, 29.770630732232352 ], [ -95.472595646540526, 29.771364543755375 ] ] ], [ [ [ -95.473037019114216, 29.772291225834973 ], [ -95.472595646540526, 29.771364543755375 ], [ -95.473054760508745, 29.772256777823458 ], [ -95.473037019114216, 29.772291225834973 ] ] ], [ [ [ -95.47789166613002, 29.750825394860627 ], [ -95.476526885138881, 29.750835247818625 ], [ -95.477891539033607, 29.750816222478186 ], [ -95.47789166613002, 29.750825394860627 ] ] ] ] } },
{ "type": "Feature", "properties": { "OBJECTID": 7, "TRACT": "Greenridge", "SERVICE_CO": "GR", "AREA_AC": 4534, "SHAPE_LENG": 83576.968711399997, "INSIDE_X": -95.48713502, "INSIDE_Y": 29.59276075, "SHAPE_LE_1": 83576.968334599995, "LAT": 29.59275559, "LONG_": -95.487128, "GLOBALID": "{28C03924-54FC-45C8-BC66-26CA5E9BB233}", "SHAPESTLen": 83576.968334651086, "nmonths": 0, "mean_Janua": -9999.0, "mean_Febru": -9999.0, "mean_March": -9999.0, "mean_April": -9999.0, "mean_May": -9999.0, "mean_June": -9999, "mean_July": -9999.0, "mean_Augus": -9999.0, "mean_Septe": -9999.0, "mean_Octob": -9999.0, "mean_Novem": -9999.0, "mean_Decem": -9999.0 }, "geometry": { "type": "Polygon", "coordinates": [ [ [ -95.446370939350587, 29.596686858914037 ], [ -95.446357438270965, 29.5953399247169 ], [ -95.446225648072684, 29.581447700815467 ], [ -95.462418856830354, 29.581105804125688 ], [ -95.462469910151498, 29.581104125924991 ], [ -95.462493448840434, 29.58110394329751 ], [ -95.46254387829336, 29.581103551143023 ], [ -95.462667019761014, 29.581102594226508 ], [ -95.463729919907607, 29.581094329871583 ], [ -95.464559230371663, 29.581087876040012 ], [ -95.465843029035312, 29.581079767619212 ], [ -95.489802656968621, 29.580590697555248 ], [ -95.492449357101819, 29.580509363576681 ], [ -95.494306234375557, 29.580503159341003 ], [ -95.497658713261444, 29.580478113106814 ], [ -95.513181650204757, 29.580218583912089 ], [ -95.51316408353108, 29.579496169354382 ], [ -95.513150033145834, 29.578923259630212 ], [ -95.513149911326167, 29.578918294456109 ], [ -95.513123380135198, 29.577825915179723 ], [ -95.512900503399663, 29.574144270462497 ], [ -95.508801974327099, 29.57435607804436 ], [ -95.506143856851864, 29.574403559370907 ], [ -95.50613870602551, 29.57440365139098 ], [ -95.506104342194774, 29.574404160091714 ], [ -95.505944089308031, 29.574406529908245 ], [ -95.505546073009214, 29.574412414989148 ], [ -95.505369754472923, 29.572285685370009 ], [ -95.520151399048686, 29.571872259502815 ], [ -95.520452289826309, 29.5912281118474 ], [ -95.513362147338682, 29.591339869956965 ], [ -95.508760958017518, 29.591416229759261 ], [ -95.508761312071712, 29.591556839245655 ], [ -95.508740106684016, 29.591699189683752 ], [ -95.508742144842387, 29.59268932264677 ], [ -95.508744051172641, 29.592811673635648 ], [ -95.508744110133577, 29.592814361526511 ], [ -95.508744132763454, 29.59281539206598 ], [ -95.508744234426786, 29.592818674126857 ], [ -95.508744316604933, 29.59282373574861 ], [ -95.508744346208658, 29.592825076086577 ], [ -95.508744385126064, 29.592826839118143 ], [ -95.508744447104149, 29.592829680542021 ], [ -95.508744569952341, 29.592835274898984 ], [ -95.508744664982729, 29.592839597567671 ], [ -95.508745324884998, 29.592869558227935 ], [ -95.508745803901434, 29.592891330542265 ], [ -95.50876713869809, 29.593872841719136 ], [ -95.508832048837291, 29.597009780179437 ], [ -95.508904302924563, 29.600746936401233 ], [ -95.508989560475811, 29.604437025720443 ], [ -95.509104957218696, 29.610077060116513 ], [ -95.509152066055989, 29.612407226252806 ], [ -95.509152065793927, 29.612407264158001 ], [ -95.509152066841224, 29.612407293973369 ], [ -95.509152067949813, 29.612407382463786 ], [ -95.509152069274094, 29.612407464641088 ], [ -95.509152076511825, 29.612407857490428 ], [ -95.509152081177504, 29.612408174448625 ], [ -95.509152098963511, 29.612409195830033 ], [ -95.509152128775867, 29.612410983890204 ], [ -95.509152284043083, 29.612420317013715 ], [ -95.509152396778617, 29.612427085450737 ], [ -95.509152566043596, 29.612437248491133 ], [ -95.509153277290068, 29.612479863041735 ], [ -95.509154016963237, 29.6125242457572 ], [ -95.509154570032507, 29.612557400734342 ], [ -95.509156004817427, 29.612643419084925 ], [ -95.509156684868003, 29.612684225678507 ], [ -95.509166860656379, 29.612744073555358 ], [ -95.509253049350974, 29.613251002780729 ], [ -95.500936192127199, 29.613343220559727 ], [ -95.5009294594675, 29.61612885171272 ], [ -95.500861212680761, 29.616867619347079 ], [ -95.500201159561499, 29.616986627483268 ], [ -95.493586130395045, 29.613283870592941 ], [ -95.48340527059996, 29.613481083095593 ], [ -95.483473715350129, 29.61149253133291 ], [ -95.486584955428498, 29.611541097462872 ], [ -95.487331392017666, 29.61048071710394 ], [ -95.476913394756266, 29.605780117915295 ], [ -95.476864079400499, 29.600768233320299 ], [ -95.463406293813563, 29.595603036477662 ], [ -95.456737637064691, 29.595691113086907 ], [ -95.456760713033333, 29.596646550460715 ], [ -95.446370939350587, 29.596686858914037 ] ] ] } },
{ "type": "Feature", "properties": { "OBJECTID": 8, "TRACT": "Imperial Valley", "SERVICE_CO": "IV", "AREA_AC": 1423, "SHAPE_LENG": 42024.518934300002, "INSIDE_X": -95.40233802, "INSIDE_Y": 29.92764625, "SHAPE_LE_1": 42024.5188261, "LAT": 29.92764102, "LONG_": -95.402331, "GLOBALID": "{D8C45897-4B4B-48AD-916C-A39E9B8D60C8}", "SHAPESTLen": 42024.518826104839, "nmonths": 0, "mean_Janua": -9999.0, "mean_Febru": -9999.0, "mean_March": -9999.0, "mean_April": -9999.0, "mean_May": -9999.0, "mean_June": -9999, "mean_July": -9999.0, "mean_Augus": -9999.0, "mean_Septe": -9999.0, "mean_Octob": -9999.0, "mean_Novem": -9999.0, "mean_Decem": -9999.0 }, "geometry": { "type": "Polygon", "coordinates": [ [ [ -95.412196265127506, 29.936903895870451 ], [ -95.404483095907565, 29.936766814552826 ], [ -95.398534370130633, 29.936660788423922 ], [ -95.391580925603492, 29.936545692071146 ], [ -95.385148761285336, 29.936489894014404 ], [ -95.381509692420295, 29.936517319850022 ], [ -95.380530401644208, 29.932471144531238 ], [ -95.384554629369418, 29.931815382427594 ], [ -95.386872087945832, 29.931740026182148 ], [ -95.38687644041903, 29.929187864151174 ], [ -95.388875529985313, 29.929186518947166 ], [ -95.388891318895688, 29.931748711624607 ], [ -95.39100478747055, 29.931741742652225 ], [ -95.39099814788861, 29.931344763582267 ], [ -95.393063607656075, 29.931334913680548 ], [ -95.392847466805122, 29.915493816480687 ], [ -95.400089175862902, 29.91543656246732 ], [ -95.40332465123825, 29.915381403922769 ], [ -95.406605370752331, 29.915230273877281 ], [ -95.408550269418356, 29.915195004059321 ], [ -95.413155687178303, 29.915137795502638 ], [ -95.412776410195576, 29.923010170569704 ], [ -95.412406238626886, 29.928592042024377 ], [ -95.417727255020665, 29.92846734466525 ], [ -95.417846104579354, 29.930907548474245 ], [ -95.417866043251422, 29.938750695610636 ], [ -95.412794803155847, 29.938698086862946 ], [ -95.412196265127506, 29.936903895870451 ] ] ] } },
{ "type": "Feature", "properties": { "OBJECTID": 9, "TRACT": "Intercontinental", "SERVICE_CO": "IC", "AREA_AC": 8331, "SHAPE_LENG": 114015.890014, "INSIDE_X": -95.34498316, "INSIDE_Y": 29.97941132, "SHAPE_LE_1": 110089.58571100001, "LAT": 29.97940608, "LONG_": -95.34497615, "GLOBALID": "{3895C390-4B89-460E-9F2A-E776E691CEFB}", "SHAPESTLen": 110089.58571139562, "nmonths": 39, "mean_Janua": 0.0, "mean_Febru": 0.0021664595144559999, "mean_March": 0.0, "mean_April": 0.0, "mean_May": 0.00071843776212299996, "mean_June": 0, "mean_July": 0.0, "mean_Augus": 0.000103423475809, "mean_Septe": 0.0, "mean_Octob": 0.0, "mean_Novem": 0.0, "mean_Decem": 0.00020976049249099999 }, "geometry": { "type": "Polygon", "coordinates": [ [ [ -95.331549596301286, 29.951513149260286 ], [ -95.331861560700133, 29.93925893772737 ], [ -95.331872839181685, 29.938815864560592 ], [ -95.33331128473354, 29.938761776646569 ], [ -95.345515962943537, 29.938770649876961 ], [ -95.345541944821463, 29.939919609770396 ], [ -95.355938646773069, 29.939797869816299 ], [ -95.360860364858496, 29.960907751947829 ], [ -95.363786444427816, 29.965377014976941 ], [ -95.36444484726826, 29.975298094679161 ], [ -95.364812032220769, 29.981264380737741 ], [ -95.370393733037318, 29.998565174504424 ], [ -95.373758278419757, 29.996064419628645 ], [ -95.375773963205575, 29.998842484013135 ], [ -95.371002732466707, 30.001177239667342 ], [ -95.373695582209393, 30.008663367097931 ], [ -95.379887934797353, 30.020168434794755 ], [ -95.330302300300957, 30.011217762158914 ], [ -95.330183525048724, 30.006550129989304 ], [ -95.325946901691026, 30.006331025214958 ], [ -95.326305344478428, 29.995906543205081 ], [ -95.325408303167421, 29.990487062626485 ], [ -95.330134118705857, 29.990768836688183 ], [ -95.330094799439692, 29.987001271741629 ], [ -95.325902707707797, 29.98327265656112 ], [ -95.325886349944113, 29.982101788369999 ], [ -95.326793447433246, 29.981261246751405 ], [ -95.338183443562315, 29.981572376932903 ], [ -95.342724505538399, 29.978846068074738 ], [ -95.343427060498257, 29.977185536067644 ], [ -95.341819167879834, 29.974749234370506 ], [ -95.30835455278131, 29.973833199783911 ], [ -95.308660100789183, 29.971856237167483 ], [ -95.307632821029259, 29.966331324727676 ], [ -95.312706340490905, 29.966674358327431 ], [ -95.312937421604815, 29.952225259952957 ], [ -95.331549596301286, 29.951513149260286 ] ] ] } },
{ "type": "Feature", "properties": { "OBJECTID": 10, "TRACT": "Kingwood", "SERVICE_CO": "KW", "AREA_AC": 14389, "SHAPE_LENG": 130661.428256, "INSIDE_X": -95.18062302, "INSIDE_Y": 30.05437365, "SHAPE_LE_1": 132138.56796, "LAT": 30.05436838, "LONG_": -95.18061605, "GLOBALID": "{39767E7A-E3B1-4AFB-BE22-C19D7206ED1C}", "SHAPESTLen": 132138.5679602648, "nmonths": 10, "mean_Janua": 0.0, "mean_Febru": 0.00105985436545, "mean_March": 0.0, "mean_April": 0.0, "mean_May": 0.0, "mean_June": 0, "mean_July": 0.0, "mean_Augus": 0.0, "mean_Septe": null, "mean_Octob": null, "mean_Novem": 0.0, "mean_Decem": 0.0 }, "geometry": { "type": "MultiPolygon", "coordinates": [ [ [ [ -95.149554269570345, 30.074214579529258 ], [ -95.147599907468432, 30.072234729019343 ], [ -95.146604054430753, 30.070986040493601 ], [ -95.145397653736524, 30.068508531244959 ], [ -95.145128031967943, 30.067013739457852 ], [ -95.145187550424168, 30.065443461581506 ], [ -95.143646169601539, 30.063198445429659 ], [ -95.142508688559928, 30.061867650583597 ], [ -95.140836746603355, 30.059622482402077 ], [ -95.138056544094255, 30.056199093736769 ], [ -95.13545783785834, 30.053783917061256 ], [ -95.133206890264972, 30.052333987422593 ], [ -95.131981730070095, 30.051343432238323 ], [ -95.130804177736849, 30.050545295018953 ], [ -95.12989541916339, 30.049898182622652 ], [ -95.128714267528068, 30.049195451406533 ], [ -95.127697663025714, 30.048497450960351 ], [ -95.126737733154116, 30.047753310668352 ], [ -95.125627829907543, 30.046622719911934 ], [ -95.124351606321113, 30.045535086168215 ], [ -95.123190549589822, 30.044307466003463 ], [ -95.122914248351705, 30.04291430654434 ], [ -95.123524484084982, 30.041307899162334 ], [ -95.124283452574133, 30.040161620791697 ], [ -95.125781121960301, 30.038790017695209 ], [ -95.126556846033836, 30.037397580558029 ], [ -95.128048467525645, 30.036182978985565 ], [ -95.129220931805008, 30.033858757122115 ], [ -95.129473091737125, 30.031979609064138 ], [ -95.12970134758362, 30.030728576497673 ], [ -95.12978497687547, 30.028530167701359 ], [ -95.130205625881956, 30.026970273475911 ], [ -95.131354051528447, 30.025274142001358 ], [ -95.131612121126253, 30.02323795496315 ], [ -95.134204067960781, 30.021583371328386 ], [ -95.137866682823372, 30.020273936212739 ], [ -95.141505384127314, 30.01959252254137 ], [ -95.144561054735846, 30.019994684789999 ], [ -95.146311989472849, 30.021459750652387 ], [ -95.147503782137008, 30.023380356631904 ], [ -95.147955962797909, 30.025751339998735 ], [ -95.14893171468492, 30.028608936200769 ], [ -95.149750826107663, 30.030833228299464 ], [ -95.151448559695567, 30.033711492141958 ], [ -95.153753123512843, 30.034877906720325 ], [ -95.155918799160816, 30.034939905066658 ], [ -95.157386309368036, 30.03435309794672 ], [ -95.158179356866356, 30.032489384246311 ], [ -95.160055170185188, 30.030656626171627 ], [ -95.161930915968796, 30.028823839798886 ], [ -95.163939688119484, 30.028252429335748 ], [ -95.165924767128331, 30.028309112029582 ], [ -95.169335807830237, 30.02887804401405 ], [ -95.172223219367993, 30.028960365877975 ], [ -95.174761515541846, 30.028718284837776 ], [ -95.176426993866983, 30.027665312407986 ], [ -95.177953270472543, 30.025507961742374 ], [ -95.178745873473119, 30.023644118986507 ], [ -95.179695314098709, 30.022413532574493 ], [ -95.181715645894286, 30.021527789749356 ], [ -95.184608746289783, 30.021452814299042 ], [ -95.186389711514664, 30.022132196898355 ], [ -95.188723823519339, 30.022512856192119 ], [ -95.191412981974096, 30.023060742319267 ], [ -95.194463080271944, 30.023618802029706 ], [ -95.197856518670136, 30.024658108409159 ], [ -95.200347732753755, 30.025671804726532 ], [ -95.202134737512367, 30.02619394561772 ], [ -95.205383018671867, 30.02628576104642 ], [ -95.207030578043444, 30.025703507038102 ], [ -95.208683970093219, 30.024964199400717 ], [ -95.211420080404665, 30.024255419062996 ], [ -95.213428484344064, 30.023683267168035 ], [ -95.214317529100526, 30.023881572920846 ], [ -95.214380912343913, 30.025904035909527 ], [ -95.214354492866164, 30.025909654095244 ], [ -95.214402426199769, 30.027728162012572 ], [ -95.222424698113684, 30.027974252855923 ], [ -95.225684925396081, 30.028156159367157 ], [ -95.226394182906603, 30.02809584281562 ], [ -95.226762958061556, 30.028107132711682 ], [ -95.227178174721914, 30.028031697308652 ], [ -95.227222165143743, 30.033634529450133 ], [ -95.227297533643096, 30.042883065321924 ], [ -95.235383003363253, 30.042831785399983 ], [ -95.23547459086636, 30.048284452425591 ], [ -95.235451316511828, 30.048448810293635 ], [ -95.235429116690028, 30.048465459930675 ], [ -95.233523141476326, 30.048484067710465 ], [ -95.233389201330183, 30.048477017132125 ], [ -95.233294110474361, 30.048584785020942 ], [ -95.23311029213248, 30.048793547027156 ], [ -95.233063492147579, 30.048872634769072 ], [ -95.233023523057497, 30.04894763557926 ], [ -95.232980504746152, 30.049058795448417 ], [ -95.232962287688594, 30.049118995636722 ], [ -95.232960160572389, 30.049192641828874 ], [ -95.232966851398047, 30.049364187427077 ], [ -95.233029713635702, 30.049555609061645 ], [ -95.232820594657227, 30.0495942413311 ], [ -95.232783788454142, 30.04960104061405 ], [ -95.232517087945084, 30.04966570078934 ], [ -95.232359589155493, 30.049708472056857 ], [ -95.232087951923276, 30.049786170274928 ], [ -95.231919911213481, 30.049845580334004 ], [ -95.231751870307477, 30.049904990181755 ], [ -95.231571367434555, 30.049993014405196 ], [ -95.23157274202805, 30.050238697207572 ], [ -95.231570029588198, 30.050300895330459 ], [ -95.231549293361141, 30.050310246216856 ], [ -95.231557176672538, 30.050829656477099 ], [ -95.231569101464615, 30.050829536862807 ], [ -95.231588940521462, 30.050829336805979 ], [ -95.231578049431661, 30.050846472639339 ], [ -95.231570066764874, 30.050864779488588 ], [ -95.23156872831855, 30.050869987958407 ], [ -95.231565154569779, 30.050883888215466 ], [ -95.231563412338716, 30.050903409874905 ], [ -95.23156487547044, 30.050922949211369 ], [ -95.231565280124272, 30.050925384984932 ], [ -95.231565728510333, 30.050927816569153 ], [ -95.23156622684742, 30.050930244138385 ], [ -95.231566782825098, 30.050932656174343 ], [ -95.231567382301179, 30.050935070332688 ], [ -95.231568031928759, 30.050937475066029 ], [ -95.231568102849565, 30.050937717150603 ], [ -95.231568732777703, 30.050939869501704 ], [ -95.231569482507794, 30.050942260795075 ], [ -95.231570278677907, 30.050944630825281 ], [ -95.231571123963022, 30.050946991401478 ], [ -95.23157201936624, 30.050949343454231 ], [ -95.231572965990907, 30.050951685209402 ], [ -95.231573956748704, 30.050954011955078 ], [ -95.231574998694498, 30.050956329304782 ], [ -95.231576085174396, 30.050958620824858 ], [ -95.231577220602318, 30.050960907399208 ], [ -95.231578402202913, 30.050963179923887 ], [ -95.231579627100757, 30.050965431999913 ], [ -95.23158089740204, 30.050967662783751 ], [ -95.231582218055436, 30.050969878732491 ], [ -95.231583582641505, 30.050972085081817 ], [ -95.231584281483919, 30.050973161642066 ], [ -95.231584992798176, 30.050974265630515 ], [ -95.231586440434143, 30.050976414736098 ], [ -95.231587939258119, 30.050978554445635 ], [ -95.231589476196959, 30.050980673561263 ], [ -95.231591064758135, 30.050982771559028 ], [ -95.231592691634646, 30.050984843552779 ], [ -95.231594356626005, 30.050986894952562 ], [ -95.231596066151525, 30.050988920522663 ], [ -95.231597813992323, 30.050990920088729 ], [ -95.231599607203293, 30.050992899264248 ], [ -95.231601438762993, 30.050994851534078 ], [ -95.231603308838459, 30.050996772389723 ], [ -95.231608138107347, 30.051001462412088 ], [ -95.231567518586303, 30.051000890189627 ], [ -95.231563254415647, 30.051000830184368 ], [ -95.231564364737451, 30.051061167787623 ], [ -95.231566605003934, 30.051182853567266 ], [ -95.231568362468138, 30.051278367999952 ], [ -95.231571992181216, 30.051475567646168 ], [ -95.23157375571455, 30.051584190924427 ], [ -95.231576287052405, 30.0517481434958 ], [ -95.23156319972496, 30.051748188993258 ], [ -95.231550107614623, 30.05206530241168 ], [ -95.231545810234721, 30.052206672282878 ], [ -95.227226238105814, 30.052330285155495 ], [ -95.22726207588542, 30.061744440148548 ], [ -95.222745068724578, 30.065502207246865 ], [ -95.222790320509631, 30.068724071868143 ], [ -95.22071211801979, 30.068745409267262 ], [ -95.218766226077662, 30.069073467516365 ], [ -95.218127167530909, 30.069144151304741 ], [ -95.214908260610983, 30.071789141339263 ], [ -95.215341249874825, 30.072197984312169 ], [ -95.216097054348154, 30.072489975935579 ], [ -95.217594343001878, 30.072346740001613 ], [ -95.217788536390799, 30.073485283850978 ], [ -95.218325809631168, 30.0743890795246 ], [ -95.218426477943041, 30.075187903631445 ], [ -95.218277032980296, 30.076332978972292 ], [ -95.215952571071639, 30.076966678576913 ], [ -95.214366964408342, 30.076741046171517 ], [ -95.213992229815844, 30.075211382853666 ], [ -95.212369901287204, 30.075276905079679 ], [ -95.211877618301273, 30.074187837472969 ], [ -95.190743531445307, 30.091246165533661 ], [ -95.180631299585713, 30.099145485147869 ], [ -95.172838914985221, 30.105546433492261 ], [ -95.172149807033335, 30.104869343475734 ], [ -95.171157149485254, 30.102359703507723 ], [ -95.170303688075379, 30.101567345258999 ], [ -95.170303099288574, 30.100681125735864 ], [ -95.17043158519877, 30.099975824361174 ], [ -95.170553919959218, 30.098531845249571 ], [ -95.170252174462931, 30.097325227199335 ], [ -95.168970549830718, 30.095473624608058 ], [ -95.166862122830565, 30.088323851380572 ], [ -95.164892965524018, 30.086495251264164 ], [ -95.163629751698068, 30.084864017032888 ], [ -95.162357668362162, 30.083468839205871 ], [ -95.160192293004926, 30.082343527163154 ], [ -95.158318956679338, 30.081581013321191 ], [ -95.156569097736806, 30.081146949538024 ], [ -95.154095123736994, 30.080101329989379 ], [ -95.152647322577835, 30.079764479843384 ], [ -95.151863170093094, 30.078944432562196 ], [ -95.151331049226968, 30.077747572982233 ], [ -95.149322860937872, 30.076065309448651 ], [ -95.149011517345841, 30.07531787295914 ], [ -95.149530487957293, 30.074842689151154 ], [ -95.149554269570345, 30.074214579529258 ] ] ], [ [ [ -95.239156423063264, 30.054692502373552 ], [ -95.239152910206329, 30.05206187902343 ], [ -95.239174301493094, 30.052101748580192 ], [ -95.23943089184823, 30.051889070552949 ], [ -95.239924388892334, 30.051887497157647 ], [ -95.240010763914029, 30.051842266745858 ], [ -95.24002678815539, 30.051784279901504 ], [ -95.240036544238421, 30.051748976361491 ], [ -95.240049509147056, 30.051702062925362 ], [ -95.240057503677647, 30.051661000163879 ], [ -95.240074703375825, 30.051572648886204 ], [ -95.240079700918727, 30.051546979382575 ], [ -95.240116609128506, 30.05135739179342 ], [ -95.240167645442, 30.051095229476434 ], [ -95.240205440738009, 30.050901086797992 ], [ -95.240295543787241, 30.050560771538532 ], [ -95.240419012473183, 30.050094434313735 ], [ -95.240561796225435, 30.049555135620565 ], [ -95.240591135268531, 30.049406044848983 ], [ -95.240646416431517, 30.049125120093262 ], [ -95.240685630392221, 30.048925842185103 ], [ -95.240719928289565, 30.048751549190982 ], [ -95.240722807727408, 30.048487411975483 ], [ -95.240723556132437, 30.048418745765769 ], [ -95.240735986750352, 30.048418630470788 ], [ -95.240853405733489, 30.048413804314542 ], [ -95.240908809115453, 30.048413357577438 ], [ -95.241007434874817, 30.048412562870389 ], [ -95.241081623969166, 30.04841196459105 ], [ -95.241173714523839, 30.048411222539151 ], [ -95.241243789676716, 30.048410657125249 ], [ -95.241469954093148, 30.048409281006172 ], [ -95.241660772330562, 30.04840720297922 ], [ -95.241770966871428, 30.048406535400741 ], [ -95.241810810252417, 30.048406293977191 ], [ -95.24181185918502, 30.048658201372817 ], [ -95.241812958474554, 30.048824879929786 ], [ -95.241813416633931, 30.048896516061543 ], [ -95.24190809906105, 30.048904036299326 ], [ -95.241770153409234, 30.049631384979037 ], [ -95.242056748821227, 30.04972057821184 ], [ -95.2424538062035, 30.04989793088788 ], [ -95.242708086044885, 30.049997059469906 ], [ -95.24289048186013, 30.050093378094722 ], [ -95.243112031948698, 30.050236926356561 ], [ -95.24380321601646, 30.049146780083255 ], [ -95.24700365796626, 30.049117710712434 ], [ -95.246856830018118, 30.049544343932173 ], [ -95.246829928754508, 30.049622508912414 ], [ -95.246849514282189, 30.049662148063327 ], [ -95.246852760692661, 30.049667630939005 ], [ -95.246856116858652, 30.049673063625857 ], [ -95.246859581810256, 30.049678444291487 ], [ -95.246863154577596, 30.049683771103581 ], [ -95.246866833121089, 30.04968904310261 ], [ -95.246870616470687, 30.049694258456199 ], [ -95.246874504693125, 30.049699415361001 ], [ -95.246878495748618, 30.049704512857438 ], [ -95.246882587630893, 30.049709549084213 ], [ -95.246886780439766, 30.049714521336259 ], [ -95.246891073138784, 30.04971942958467 ], [ -95.246895462651807, 30.04972427284088 ], [ -95.246899949078667, 30.049729048399776 ], [ -95.246904530413033, 30.049733754400219 ], [ -95.246909204581982, 30.049738390784185 ], [ -95.246913972688532, 30.049742955777329 ], [ -95.246918830686596, 30.049747446558769 ], [ -95.24692377854295, 30.049751864030149 ], [ -95.246928815320999, 30.049756205457527 ], [ -95.246933935904906, 30.049760468892753 ], [ -95.246939142334355, 30.04976465529537 ], [ -95.246940288177754, 30.049765543876045 ], [ -95.24694443163304, 30.049768760971894 ], [ -95.246949802731265, 30.049772786794925 ], [ -95.246955254725592, 30.049776729128851 ], [ -95.246960783436975, 30.04978058875956 ], [ -95.24696638996835, 30.049784363912572 ], [ -95.2469720712769, 30.04978805269776 ], [ -95.246977825256451, 30.049791655958821 ], [ -95.246983650970321, 30.049795170961804 ], [ -95.246989545375669, 30.049798595816455 ], [ -95.24699550843917, 30.049801931424444 ], [ -95.247001537118066, 30.049805175895614 ], [ -95.247007630375805, 30.049808329200978 ], [ -95.24701378623935, 30.049811388577563 ], [ -95.247020001632464, 30.049814353036897 ], [ -95.247035633580083, 30.049821283896495 ], [ -95.247241584560726, 30.049873805215114 ], [ -95.247363786768688, 30.04990496859909 ], [ -95.247426617780036, 30.049920991643273 ], [ -95.247921507704078, 30.048543262927534 ], [ -95.24817973549878, 30.048551220119649 ], [ -95.248516042697062, 30.048563059805776 ], [ -95.247241656645627, 30.051979972664011 ], [ -95.246720193600865, 30.051862243742715 ], [ -95.245895216711702, 30.05456548029624 ], [ -95.239156423063264, 30.054692502373552 ] ] ] ] } },
{ "type": "Feature", "properties": { "OBJECTID": 11, "TRACT": "Forest Cove", "SERVICE_CO": "FC", "AREA_AC": 1626, "SHAPE_LENG": 49341.532775899999, "INSIDE_X": -95.23910189, "INSIDE_Y": 30.0355272, "SHAPE_LE_1": 55631.631847099998, "LAT": 30.03552194, "LONG_": -95.23909491000001, "GLOBALID": "{375D4A17-E303-4682-B077-C42E342AC3B1}", "SHAPESTLen": 55631.631846998542, "nmonths": 0, "mean_Janua": -9999.0, "mean_Febru": -9999.0, "mean_March": -9999.0, "mean_April": -9999.0, "mean_May": -9999.0, "mean_June": -9999, "mean_July": -9999.0, "mean_Augus": -9999.0, "mean_Septe": -9999.0, "mean_Octob": -9999.0, "mean_Novem": -9999.0, "mean_Decem": -9999.0 }, "geometry": { "type": "Polygon", "coordinates": [ [ [ -95.236104076082896, 30.052120186209709 ], [ -95.236032877861078, 30.052121475756266 ], [ -95.235761906335782, 30.05212623905139 ], [ -95.235758087676842, 30.052085997339738 ], [ -95.235595830399674, 30.052090649000103 ], [ -95.234131457522992, 30.052132613492748 ], [ -95.233501249401897, 30.05215066903741 ], [ -95.233309108663349, 30.052156172777629 ], [ -95.233289988906364, 30.05224678653293 ], [ -95.232966566506306, 30.052224645566028 ], [ -95.232913698376507, 30.052223926282156 ], [ -95.232566544361404, 30.052227459213768 ], [ -95.232449307044064, 30.052227272936122 ], [ -95.232233275903326, 30.052226848530779 ], [ -95.232040458488541, 30.052226608910903 ], [ -95.231805496544226, 30.05222622618442 ], [ -95.2315452392494, 30.052225441502337 ], [ -95.231545810234721, 30.052206672282878 ], [ -95.231550107614623, 30.05206530241168 ], [ -95.23156319972496, 30.051748188993258 ], [ -95.231576287052405, 30.0517481434958 ], [ -95.23157375571455, 30.051584190924427 ], [ -95.231571992181216, 30.051475567646168 ], [ -95.231568362468138, 30.051278367999952 ], [ -95.231566605003934, 30.051182853567266 ], [ -95.231564364737451, 30.051061167787623 ], [ -95.231563254415647, 30.051000830184368 ], [ -95.231567518586303, 30.051000890189627 ], [ -95.231608138107347, 30.051001462412088 ], [ -95.231603308838459, 30.050996772389723 ], [ -95.231601438762993, 30.050994851534078 ], [ -95.231599607203293, 30.050992899264248 ], [ -95.231597813992323, 30.050990920088729 ], [ -95.231596066151525, 30.050988920522663 ], [ -95.231594356626005, 30.050986894952562 ], [ -95.231592691634646, 30.050984843552779 ], [ -95.231591064758135, 30.050982771559028 ], [ -95.231589476196959, 30.050980673561263 ], [ -95.231587939258119, 30.050978554445635 ], [ -95.231586440434143, 30.050976414736098 ], [ -95.231584992798176, 30.050974265630515 ], [ -95.231584281483919, 30.050973161642066 ], [ -95.231583582641505, 30.050972085081817 ], [ -95.231582218055436, 30.050969878732491 ], [ -95.23158089740204, 30.050967662783751 ], [ -95.231579627100757, 30.050965431999913 ], [ -95.231578402202913, 30.050963179923887 ], [ -95.231577220602318, 30.050960907399208 ], [ -95.231576085174396, 30.050958620824858 ], [ -95.231574998694498, 30.050956329304782 ], [ -95.231573956748704, 30.050954011955078 ], [ -95.231572965990907, 30.050951685209402 ], [ -95.23157201936624, 30.050949343454231 ], [ -95.231571123963022, 30.050946991401478 ], [ -95.231570278677907, 30.050944630825281 ], [ -95.231569482507794, 30.050942260795075 ], [ -95.231568732777703, 30.050939869501704 ], [ -95.231568102849565, 30.050937717150603 ], [ -95.231568031928759, 30.050937475066029 ], [ -95.231567382301179, 30.050935070332688 ], [ -95.231566782825098, 30.050932656174343 ], [ -95.23156622684742, 30.050930244138385 ], [ -95.231565728510333, 30.050927816569153 ], [ -95.231565280124272, 30.050925384984932 ], [ -95.23156487547044, 30.050922949211369 ], [ -95.231563412338716, 30.050903409874905 ], [ -95.231565154569779, 30.050883888215466 ], [ -95.23156872831855, 30.050869987958407 ], [ -95.231570066764874, 30.050864779488588 ], [ -95.231578049431661, 30.050846472639339 ], [ -95.231588940521462, 30.050829336805979 ], [ -95.231569101464615, 30.050829536862807 ], [ -95.231557176672538, 30.050829656477099 ], [ -95.231549293361141, 30.050310246216856 ], [ -95.231570029588198, 30.050300895330459 ], [ -95.23157274202805, 30.050238697207572 ], [ -95.231571367434555, 30.049993014405196 ], [ -95.231751870307477, 30.049904990181755 ], [ -95.231919911213481, 30.049845580334004 ], [ -95.232087951923276, 30.049786170274928 ], [ -95.232359589155493, 30.049708472056857 ], [ -95.232517087945084, 30.04966570078934 ], [ -95.232783788454142, 30.04960104061405 ], [ -95.232820594657227, 30.0495942413311 ], [ -95.233029713635702, 30.049555609061645 ], [ -95.232966851398047, 30.049364187427077 ], [ -95.232960160572389, 30.049192641828874 ], [ -95.232962287688594, 30.049118995636722 ], [ -95.232980504746152, 30.049058795448417 ], [ -95.233023523057497, 30.04894763557926 ], [ -95.233063492147579, 30.048872634769072 ], [ -95.23311029213248, 30.048793547027156 ], [ -95.233294110474361, 30.048584785020942 ], [ -95.233389201330183, 30.048477017132125 ], [ -95.233523141476326, 30.048484067710465 ], [ -95.235429116690028, 30.048465459930675 ], [ -95.235451316511828, 30.048448810293635 ], [ -95.23547459086636, 30.048284452425591 ], [ -95.235383003363253, 30.042831785399983 ], [ -95.227297533643096, 30.042883065321924 ], [ -95.227222165143743, 30.033634529450133 ], [ -95.227178174721914, 30.028031697308652 ], [ -95.226762958061556, 30.028107132711682 ], [ -95.214402426199769, 30.027728162012572 ], [ -95.214354492866164, 30.025909654095244 ], [ -95.215608867786429, 30.025642906767988 ], [ -95.21596126581413, 30.025022384103547 ], [ -95.216638371985297, 30.024525635264993 ], [ -95.217024622357201, 30.02476577141568 ], [ -95.216805950667634, 30.025332750123592 ], [ -95.217192204531983, 30.025572884820605 ], [ -95.218319230165235, 30.02537536871634 ], [ -95.219968354697826, 30.025307166939861 ], [ -95.221341540552558, 30.025575063360911 ], [ -95.221649253591394, 30.026156858501096 ], [ -95.223236843407562, 30.025972257661561 ], [ -95.224370235735861, 30.025602928814628 ], [ -95.224990007453741, 30.024875272470833 ], [ -95.225155583438806, 30.023962906350697 ], [ -95.224928520105379, 30.022982190456659 ], [ -95.225423057922953, 30.022079069650633 ], [ -95.22688960722887, 30.021604456094909 ], [ -95.228509163748512, 30.021036784993882 ], [ -95.229788088228602, 30.021436943346558 ], [ -95.230692851487717, 30.022055136541102 ], [ -95.23223158516879, 30.021432249590017 ], [ -95.232955246372256, 30.021430850637177 ], [ -95.233755353803573, 30.021166722859174 ], [ -95.232938207827459, 30.020112157968388 ], [ -95.234041832648046, 30.020544305476111 ], [ -95.23485687449201, 30.021656118059244 ], [ -95.234228861273323, 30.023143084279841 ], [ -95.235328260790126, 30.024936208988553 ], [ -95.236676069261975, 30.025890999203597 ], [ -95.238923698104799, 30.025667393593711 ], [ -95.239473338190095, 30.025052335852713 ], [ -95.238766525847339, 30.024574035353492 ], [ -95.238794041075664, 30.023829729349433 ], [ -95.23828038794872, 30.02347146204318 ], [ -95.237437770684139, 30.02310397620996 ], [ -95.235578476524921, 30.021733660262452 ], [ -95.236682130108036, 30.022165786735297 ], [ -95.238779042284577, 30.022453783928221 ], [ -95.239942163374437, 30.023059489349183 ], [ -95.241232656778379, 30.02378337553003 ], [ -95.242580505376637, 30.024738106927899 ], [ -95.243663082902145, 30.025742719081268 ], [ -95.245023658627304, 30.026353900313534 ], [ -95.245919451079502, 30.027066702724802 ], [ -95.247142128612765, 30.027845946287457 ], [ -95.248114302985073, 30.028274301120049 ], [ -95.248891204081076, 30.028639881377224 ], [ -95.249345454898815, 30.028824507570629 ], [ -95.249878166457137, 30.028667442603069 ], [ -95.250531923784067, 30.028800320219858 ], [ -95.251450985969655, 30.028883283199967 ], [ -95.252242671756647, 30.02884805981126 ], [ -95.253781326125591, 30.028203219810024 ], [ -95.255008417751483, 30.028349355260243 ], [ -95.255599719870474, 30.028084699241862 ], [ -95.256921856544849, 30.028393294185371 ], [ -95.256283872307165, 30.031093560338114 ], [ -95.255480872199385, 30.034492042803635 ], [ -95.253964373298672, 30.040909573684779 ], [ -95.253706162655533, 30.042002187921724 ], [ -95.253576622160864, 30.042004227610843 ], [ -95.253617785348766, 30.041937128657306 ], [ -95.252550020098198, 30.041941301433475 ], [ -95.251753387741459, 30.04194868108068 ], [ -95.25084131550318, 30.042689357287824 ], [ -95.250675930413067, 30.042651417450145 ], [ -95.250260528233142, 30.043604681633614 ], [ -95.250013813281285, 30.044179641480557 ], [ -95.249832689183151, 30.044589939642979 ], [ -95.249678981287047, 30.045026033974395 ], [ -95.249720774180048, 30.045280103572743 ], [ -95.24972159103838, 30.045329979500245 ], [ -95.249728973207056, 30.045780908073215 ], [ -95.249749246246694, 30.047195625251803 ], [ -95.249099304353209, 30.046981178463191 ], [ -95.248812849272454, 30.047780447520513 ], [ -95.24850207647242, 30.048561152619214 ], [ -95.247921507704078, 30.048543262927534 ], [ -95.247426617780036, 30.049920991643273 ], [ -95.247363786768688, 30.04990496859909 ], [ -95.247241584560726, 30.049873805215114 ], [ -95.247035633580083, 30.049821283896495 ], [ -95.247020001632464, 30.049814353036897 ], [ -95.24701378623935, 30.049811388577563 ], [ -95.247007630375805, 30.049808329200978 ], [ -95.247001537118066, 30.049805175895614 ], [ -95.24699550843917, 30.049801931424444 ], [ -95.246989545375669, 30.049798595816455 ], [ -95.246983650970321, 30.049795170961804 ], [ -95.246977825256451, 30.049791655958821 ], [ -95.2469720712769, 30.04978805269776 ], [ -95.24696638996835, 30.049784363912572 ], [ -95.246960783436975, 30.04978058875956 ], [ -95.246955254725592, 30.049776729128851 ], [ -95.246949802731265, 30.049772786794925 ], [ -95.24694443163304, 30.049768760971894 ], [ -95.246940288177754, 30.049765543876045 ], [ -95.246939142334355, 30.04976465529537 ], [ -95.246933935904906, 30.049760468892753 ], [ -95.246928815320999, 30.049756205457527 ], [ -95.24692377854295, 30.049751864030149 ], [ -95.246918830686596, 30.049747446558769 ], [ -95.246913972688532, 30.049742955777329 ], [ -95.246909204581982, 30.049738390784185 ], [ -95.246904530413033, 30.049733754400219 ], [ -95.246899949078667, 30.049729048399776 ], [ -95.246895462651807, 30.04972427284088 ], [ -95.246891073138784, 30.04971942958467 ], [ -95.246886780439766, 30.049714521336259 ], [ -95.246882587630893, 30.049709549084213 ], [ -95.246878495748618, 30.049704512857438 ], [ -95.246874504693125, 30.049699415361001 ], [ -95.246870616470687, 30.049694258456199 ], [ -95.246866833121089, 30.04968904310261 ], [ -95.246863154577596, 30.049683771103581 ], [ -95.246859581810256, 30.049678444291487 ], [ -95.246856116858652, 30.049673063625857 ], [ -95.246852760692661, 30.049667630939005 ], [ -95.246849514282189, 30.049662148063327 ], [ -95.246829928754508, 30.049622508912414 ], [ -95.246856830018118, 30.049544343932173 ], [ -95.24700365796626, 30.049117710712434 ], [ -95.24380321601646, 30.049146780083255 ], [ -95.243112031948698, 30.050236926356561 ], [ -95.24289048186013, 30.050093378094722 ], [ -95.242708086044885, 30.049997059469906 ], [ -95.2424538062035, 30.04989793088788 ], [ -95.242056748821227, 30.04972057821184 ], [ -95.241770153409234, 30.049631384979037 ], [ -95.24190809906105, 30.048904036299326 ], [ -95.241813416633931, 30.048896516061543 ], [ -95.241812958474554, 30.048824879929786 ], [ -95.24181185918502, 30.048658201372817 ], [ -95.241810810252417, 30.048406293977191 ], [ -95.241770966871428, 30.048406535400741 ], [ -95.241660772330562, 30.04840720297922 ], [ -95.241469954093148, 30.048409281006172 ], [ -95.241243789676716, 30.048410657125249 ], [ -95.241173714523839, 30.048411222539151 ], [ -95.241081623969166, 30.04841196459105 ], [ -95.241007434874817, 30.048412562870389 ], [ -95.240908809115453, 30.048413357577438 ], [ -95.240853405733489, 30.048413804314542 ], [ -95.240735986750352, 30.048418630470788 ], [ -95.240723556132437, 30.048418745765769 ], [ -95.240722807727408, 30.048487411975483 ], [ -95.240719928289565, 30.048751549190982 ], [ -95.240685630392221, 30.048925842185103 ], [ -95.240646416431517, 30.049125120093262 ], [ -95.240591135268531, 30.049406044848983 ], [ -95.240561796225435, 30.049555135620565 ], [ -95.240419012473183, 30.050094434313735 ], [ -95.240295543787241, 30.050560771538532 ], [ -95.240205440738009, 30.050901086797992 ], [ -95.240167645442, 30.051095229476434 ], [ -95.240116609128506, 30.05135739179342 ], [ -95.240079700918727, 30.051546979382575 ], [ -95.240074703375825, 30.051572648886204 ], [ -95.240057503677647, 30.051661000163879 ], [ -95.240049509147056, 30.051702062925362 ], [ -95.240036544238421, 30.051748976361491 ], [ -95.24002678815539, 30.051784279901504 ], [ -95.240010763914029, 30.051842266745858 ], [ -95.239924388892334, 30.051887497157647 ], [ -95.23943089184823, 30.051889070552949 ], [ -95.239174301493094, 30.052101748580192 ], [ -95.239152910206329, 30.05206187902343 ], [ -95.238797316224449, 30.052068435818271 ], [ -95.238477508853862, 30.052074254034263 ], [ -95.238215292753949, 30.052080865867005 ], [ -95.23802966816092, 30.052089071624149 ], [ -95.237730514239061, 30.052098086525852 ], [ -95.236684235921629, 30.052111876857687 ], [ -95.23623879361223, 30.052117745762601 ], [ -95.236104076082896, 30.052120186209709 ] ] ] } },
{ "type": "Feature", "properties": { "OBJECTID": 12, "TRACT": "MUD #203", "SERVICE_CO": "ME", "AREA_AC": 794, "SHAPE_LENG": 34958.7363998, "INSIDE_X": -95.42949158, "INSIDE_Y": 29.94348893, "SHAPE_LE_1": 34958.735500700001, "LAT": 29.9434837, "LONG_": -95.42948455, "GLOBALID": "{F17FDBF1-2F93-4AE3-8303-C4A87088AB1C}", "SHAPESTLen": 34958.735500758165, "nmonths": 0, "mean_Janua": -9999.0, "mean_Febru": -9999.0, "mean_March": -9999.0, "mean_April": -9999.0, "mean_May": -9999.0, "mean_June": -9999, "mean_July": -9999.0, "mean_Augus": -9999.0, "mean_Septe": -9999.0, "mean_Octob": -9999.0, "mean_Novem": -9999.0, "mean_Decem": -9999.0 }, "geometry": { "type": "Polygon", "coordinates": [ [ [ -95.449004981591884, 29.945833114885719 ], [ -95.433838612334071, 29.946041930207542 ], [ -95.43295900310676, 29.946651491510959 ], [ -95.432565988291188, 29.947001514664152 ], [ -95.432574434147483, 29.947718410457234 ], [ -95.431587690339285, 29.948598958153131 ], [ -95.430831690828384, 29.949590684172776 ], [ -95.430814802449277, 29.948820757420762 ], [ -95.428669014677467, 29.948919900869775 ], [ -95.427657232224618, 29.948984344660641 ], [ -95.427608831356949, 29.950969416110237 ], [ -95.429219907762729, 29.950947724755569 ], [ -95.42925607507226, 29.95252786491864 ], [ -95.428371693591103, 29.953356284601817 ], [ -95.42776952105217, 29.95365276386071 ], [ -95.426688665876895, 29.953655904136966 ], [ -95.426745125050132, 29.950804465537985 ], [ -95.426614090290329, 29.94899613605492 ], [ -95.424429701130563, 29.949129392223679 ], [ -95.422128967896526, 29.948924533917694 ], [ -95.416206145976759, 29.948922741656244 ], [ -95.41582754724277, 29.947788095027295 ], [ -95.412794803155847, 29.938698086862946 ], [ -95.417380747157054, 29.938748353740795 ], [ -95.426436805171676, 29.938652441283665 ], [ -95.431839009689185, 29.93724045552225 ], [ -95.432022300341842, 29.937057422985422 ], [ -95.432028189352124, 29.936928990348633 ], [ -95.432439329555933, 29.936851838377216 ], [ -95.432634280895826, 29.937046615464119 ], [ -95.433554235475782, 29.937013062145287 ], [ -95.434328525293452, 29.937063071025893 ], [ -95.434358157858284, 29.937719073463384 ], [ -95.43439315685913, 29.938508611852036 ], [ -95.434401959502424, 29.940131632985747 ], [ -95.440683702060369, 29.940127218371906 ], [ -95.444700281346982, 29.940162841489542 ], [ -95.448986528840933, 29.93994162832449 ], [ -95.448996959251176, 29.9432718006681 ], [ -95.450047789513874, 29.943233336151348 ], [ -95.450051852469628, 29.943798228308168 ], [ -95.449054353331107, 29.943804511790539 ], [ -95.449004981591884, 29.945833114885719 ] ] ] } },
{ "type": "Feature", "properties": { "OBJECTID": 13, "TRACT": "Northwest", "SERVICE_CO": "NW", "AREA_AC": 15274, "SHAPE_LENG": 188788.96302, "INSIDE_X": -95.49120264, "INSIDE_Y": 29.85363703, "SHAPE_LE_1": 188788.96104, "LAT": 29.85363182, "LONG_": -95.4911956, "GLOBALID": "{4B97841A-D594-4912-AAB8-6EAC27DB7986}", "SHAPESTLen": 188788.96104012037, "nmonths": 10, "mean_Janua": 0.0, "mean_Febru": 0.001462575232618, "mean_March": 0.006041219395736, "mean_April": 0.0, "mean_May": 0.0, "mean_June": 0, "mean_July": 0.0, "mean_Augus": 0.0, "mean_Septe": null, "mean_Octob": null, "mean_Novem": 0.0031803850165770002, "mean_Decem": 0.0 }, "geometry": { "type": "Polygon", "coordinates": [ [ [ -95.467690517875596, 29.884893855000307 ], [ -95.467607451805947, 29.885243848734806 ], [ -95.467476096996407, 29.885524756185077 ], [ -95.467410771208492, 29.885663873779919 ], [ -95.467311461888812, 29.885892807780774 ], [ -95.467138947189511, 29.886189532449642 ], [ -95.466902208467218, 29.886492973445332 ], [ -95.466753180254827, 29.88670022856703 ], [ -95.466677367065373, 29.886857717503997 ], [ -95.466595897223471, 29.887083413758013 ], [ -95.466601486572941, 29.887365576404793 ], [ -95.466647175691406, 29.887611599494704 ], [ -95.466841673689956, 29.888347696829783 ], [ -95.46691556619912, 29.889506691000751 ], [ -95.466936003122896, 29.889897337925785 ], [ -95.466994430370193, 29.890186207976505 ], [ -95.466974904294332, 29.890445147379584 ], [ -95.467326595546481, 29.891145137718286 ], [ -95.467374830165753, 29.891312446758111 ], [ -95.46738943043789, 29.89146852995453 ], [ -95.467369833214264, 29.891668575028362 ], [ -95.467307368253827, 29.891892892576539 ], [ -95.46710998217192, 29.892544597218254 ], [ -95.465462272339067, 29.892531548418471 ], [ -95.46351971512405, 29.892546261099255 ], [ -95.463503384031199, 29.890088685706854 ], [ -95.461047254424912, 29.890118874016803 ], [ -95.461079760876018, 29.89129674746021 ], [ -95.457866774363495, 29.891267749195521 ], [ -95.457397336553157, 29.890906377603969 ], [ -95.456518276965568, 29.890325670300811 ], [ -95.456070207683084, 29.889953745127283 ], [ -95.455132366590107, 29.888987316362162 ], [ -95.452298100507491, 29.886125906917744 ], [ -95.45224211116944, 29.886070933991299 ], [ -95.451089071452571, 29.884864545155395 ], [ -95.448353334586258, 29.884925804571299 ], [ -95.446069065202778, 29.884997347160795 ], [ -95.446070441441563, 29.885064729437168 ], [ -95.444839447382321, 29.885103271971449 ], [ -95.442960174798671, 29.885144163286583 ], [ -95.430122032592351, 29.885458916481763 ], [ -95.429819963421693, 29.877985578079269 ], [ -95.430306361800078, 29.877901574806835 ], [ -95.430246111775745, 29.874546134091108 ], [ -95.429808605196868, 29.874544944378123 ], [ -95.429809915618193, 29.874366615986705 ], [ -95.430312481297065, 29.874364002085411 ], [ -95.43030114631523, 29.872613283027761 ], [ -95.430846200178109, 29.872606263116161 ], [ -95.430616716445016, 29.871180016225697 ], [ -95.430058167364948, 29.871189751089986 ], [ -95.430247138767228, 29.870731036504004 ], [ -95.430215440481618, 29.868997609300497 ], [ -95.432272702984278, 29.8689920800491 ], [ -95.432261683516401, 29.868641826083167 ], [ -95.433356068333538, 29.868605126087072 ], [ -95.43334817150398, 29.869798103918374 ], [ -95.434093116352059, 29.869805613392913 ], [ -95.434079525742604, 29.869185901500277 ], [ -95.434387586666645, 29.868529843366066 ], [ -95.436286065146533, 29.870279059091281 ], [ -95.436448802362605, 29.868975798483469 ], [ -95.437007700576544, 29.86897588699814 ], [ -95.436948695758971, 29.865376920769396 ], [ -95.433812933225411, 29.865371680195164 ], [ -95.432966452376547, 29.865602932358488 ], [ -95.432986154759433, 29.867059734394399 ], [ -95.432572282522372, 29.867107554631886 ], [ -95.432277382586847, 29.866922782102847 ], [ -95.432295286077064, 29.864962285581118 ], [ -95.431743698968361, 29.865020037204669 ], [ -95.431756745276132, 29.865388945032315 ], [ -95.430707271701934, 29.865373317780847 ], [ -95.430690328174336, 29.864668638519735 ], [ -95.429649462168712, 29.864343920789373 ], [ -95.428798440153273, 29.845854471902626 ], [ -95.443008039337982, 29.84576383267645 ], [ -95.443053613632514, 29.844493035922426 ], [ -95.447084572453491, 29.844463923684817 ], [ -95.447260693842367, 29.843349638605503 ], [ -95.428826086772247, 29.843590484145967 ], [ -95.428836774957588, 29.84115176971531 ], [ -95.429874130490361, 29.841103451405228 ], [ -95.429889160309742, 29.840130840586404 ], [ -95.435622713620987, 29.840159249792325 ], [ -95.435585135713438, 29.841222808656248 ], [ -95.436164326023402, 29.841203147640254 ], [ -95.436179350000302, 29.840174296616585 ], [ -95.457962174726646, 29.840076502476485 ], [ -95.459007953323834, 29.840069069942032 ], [ -95.460348713303077, 29.840058961514462 ], [ -95.462891611192916, 29.840043301793571 ], [ -95.462775145172131, 29.838526340172823 ], [ -95.462675885627618, 29.836874166348316 ], [ -95.470885857314059, 29.836938619284403 ], [ -95.473232550450419, 29.836765425421582 ], [ -95.473341635135682, 29.840807514902256 ], [ -95.474261720597013, 29.840755539801236 ], [ -95.475164794316584, 29.840380321926073 ], [ -95.478045612078233, 29.840370844663475 ], [ -95.47811894920585, 29.839509158489438 ], [ -95.480697532815611, 29.839526325061172 ], [ -95.480661074763717, 29.833800539430079 ], [ -95.481927990216178, 29.833822106033796 ], [ -95.482014400116952, 29.832994678643065 ], [ -95.482937380668901, 29.832700303482984 ], [ -95.480406149078291, 29.830438162796746 ], [ -95.480403931095992, 29.829807640930024 ], [ -95.481723399126977, 29.83102203233133 ], [ -95.481716904152918, 29.827363670838665 ], [ -95.480546605596018, 29.827090242068344 ], [ -95.480553294553445, 29.826539150336238 ], [ -95.481788996527371, 29.826080178704419 ], [ -95.481710255635207, 29.82500523444563 ], [ -95.483604849302878, 29.824895671056531 ], [ -95.485427507058262, 29.824790242087683 ], [ -95.485385817889892, 29.824066800349755 ], [ -95.485975664067908, 29.823769404739096 ], [ -95.486856903201016, 29.82384335141359 ], [ -95.486870799441618, 29.823215282582339 ], [ -95.484986684729762, 29.82203480825282 ], [ -95.486348533210204, 29.820498225688254 ], [ -95.482057367647258, 29.817487951589307 ], [ -95.482644957190985, 29.816901853313091 ], [ -95.485920161762124, 29.8165722638531 ], [ -95.500856936625766, 29.816385354707577 ], [ -95.502487036938845, 29.816331624690918 ], [ -95.502459319723386, 29.815467916862726 ], [ -95.509535784439279, 29.815238493863131 ], [ -95.509523923163187, 29.81150932950122 ], [ -95.510848184062368, 29.811519733079489 ], [ -95.510827711210553, 29.811234375219097 ], [ -95.512602469742376, 29.811059996628398 ], [ -95.512655576771223, 29.811927743880815 ], [ -95.513865446135952, 29.81205547185451 ], [ -95.513733840535266, 29.814290162255229 ], [ -95.512410543796065, 29.814273597749086 ], [ -95.51250650071222, 29.815468047468897 ], [ -95.513918597486338, 29.815465415580469 ], [ -95.513896864981803, 29.816100804809917 ], [ -95.516891456615127, 29.816033914899947 ], [ -95.516950113406068, 29.817909203142033 ], [ -95.520928500838195, 29.817961302932808 ], [ -95.521917624302617, 29.817943056340077 ], [ -95.522009785307333, 29.820670867854744 ], [ -95.522704713709459, 29.820707995709881 ], [ -95.522754689397516, 29.821502901404038 ], [ -95.523146768166939, 29.821476678075346 ], [ -95.523153736714548, 29.821894980056218 ], [ -95.52537128588726, 29.821814766133379 ], [ -95.526374860556714, 29.821797721345593 ], [ -95.526458276579035, 29.824937985666338 ], [ -95.529135676626964, 29.824820789185026 ], [ -95.529166000905548, 29.827720196413082 ], [ -95.529135131783278, 29.829722025201402 ], [ -95.529208949426675, 29.831696975773202 ], [ -95.529972155490526, 29.831698280728698 ], [ -95.529974356129387, 29.831820115012253 ], [ -95.530430175539152, 29.832002891563569 ], [ -95.530421451618565, 29.832259136803231 ], [ -95.539009763861202, 29.83190790482486 ], [ -95.538967054951641, 29.84417366265864 ], [ -95.544899264325238, 29.844223328643206 ], [ -95.5467464929051, 29.844299205951884 ], [ -95.548861543434953, 29.844131377666443 ], [ -95.548862222366267, 29.845213608985496 ], [ -95.548872367254148, 29.850250398215966 ], [ -95.553043192141729, 29.850258593309853 ], [ -95.554369320901131, 29.85030046590073 ], [ -95.559565405266241, 29.850299322119454 ], [ -95.559583004905576, 29.852017057168766 ], [ -95.561647947539441, 29.852033099784013 ], [ -95.561647340824436, 29.850317288087112 ], [ -95.56263848665219, 29.850349519646382 ], [ -95.562975155626859, 29.850411386306341 ], [ -95.563179251805678, 29.850580678616236 ], [ -95.564462551375058, 29.850559307463094 ], [ -95.564454927546677, 29.853843347715692 ], [ -95.564922111021431, 29.855851120087031 ], [ -95.564904699978527, 29.858372118105013 ], [ -95.564480423772821, 29.860375145852338 ], [ -95.564321014246261, 29.861447128719295 ], [ -95.564377222446339, 29.866753746540976 ], [ -95.565041501908823, 29.866905560081904 ], [ -95.565043425578182, 29.867127871652237 ], [ -95.569228492310174, 29.867062354391319 ], [ -95.569408743036334, 29.873342815991425 ], [ -95.569300598102487, 29.875643259082345 ], [ -95.568260623100628, 29.877216892673516 ], [ -95.567410918626194, 29.878153762055053 ], [ -95.550926585986815, 29.866641379352632 ], [ -95.54974736051274, 29.867159951237443 ], [ -95.549288119617017, 29.867022183243801 ], [ -95.548076574731112, 29.867756330915292 ], [ -95.54721603606913, 29.867883189140208 ], [ -95.54468407368951, 29.866654354304856 ], [ -95.543876988728769, 29.867684053146199 ], [ -95.54143299187055, 29.868119239238471 ], [ -95.539712246695117, 29.867836018428477 ], [ -95.53841409694725, 29.867990572516227 ], [ -95.537677278031254, 29.867346202274806 ], [ -95.53584693812806, 29.867103292730928 ], [ -95.534620885277192, 29.866739507999419 ], [ -95.533762588187457, 29.865994018762773 ], [ -95.532432159693556, 29.865271446232924 ], [ -95.530303018968709, 29.864132760019146 ], [ -95.528464443736524, 29.862726385366511 ], [ -95.526816724303373, 29.862342968180474 ], [ -95.525180826631583, 29.861031915636495 ], [ -95.524219636450923, 29.860878979118485 ], [ -95.524330724836148, 29.865393897462198 ], [ -95.51580238710072, 29.865463179487495 ], [ -95.50767053842695, 29.865561295879367 ], [ -95.502225327212344, 29.865521114103689 ], [ -95.502323681840238, 29.873772000177254 ], [ -95.500836909293099, 29.873618486431152 ], [ -95.499789207958557, 29.876136772131684 ], [ -95.498615736864693, 29.876563726421811 ], [ -95.496827211790958, 29.876561675962662 ], [ -95.49459655986216, 29.876663807802608 ], [ -95.491998152090844, 29.876651703568548 ], [ -95.491580571457277, 29.876548737583658 ], [ -95.490580024211084, 29.875817162620056 ], [ -95.490132630872353, 29.875589631379963 ], [ -95.489644366008008, 29.875461574011243 ], [ -95.48864525700121, 29.875402113036703 ], [ -95.488185216893598, 29.875219826623166 ], [ -95.487883690425591, 29.874981761853014 ], [ -95.487319955770317, 29.87427092757504 ], [ -95.487000321975998, 29.873927222805595 ], [ -95.486631795088513, 29.873810140536371 ], [ -95.486248294503056, 29.873810896678503 ], [ -95.485127232552941, 29.873781520859989 ], [ -95.483819376727055, 29.873173410191196 ], [ -95.481841124710613, 29.873118630452076 ], [ -95.481056777747483, 29.87241088177327 ], [ -95.480516049667173, 29.870894371436489 ], [ -95.480486079292561, 29.874363673353404 ], [ -95.480645011157151, 29.884776072463058 ], [ -95.477485332489195, 29.884797394135607 ], [ -95.474096749388366, 29.884850818824276 ], [ -95.474084635043766, 29.884828605006021 ], [ -95.472621823434693, 29.884831735549579 ], [ -95.467690517875596, 29.884893855000307 ] ] ] } },
{ "type": "Feature", "properties": { "OBJECTID": 14, "TRACT": "Northbelt", "SERVICE_CO": "NT", "AREA_AC": 8881, "SHAPE_LENG": 161077.93777799999, "INSIDE_X": -95.30559861, "INSIDE_Y": 29.9664201, "SHAPE_LE_1": 175316.711798, "LAT": 29.96641486, "LONG_": -95.30559161, "GLOBALID": "{A53AFA05-201D-4961-8FF9-B9C1B9ECA032}", "SHAPESTLen": 175316.71179803112, "nmonths": 0, "mean_Janua": -9999.0, "mean_Febru": -9999.0, "mean_March": -9999.0, "mean_April": -9999.0, "mean_May": -9999.0, "mean_June": -9999, "mean_July": -9999.0, "mean_Augus": -9999.0, "mean_Septe": -9999.0, "mean_Octob": -9999.0, "mean_Novem": -9999.0, "mean_Decem": -9999.0 }, "geometry": { "type": "Polygon", "coordinates": [ [ [ -95.345515962943537, 29.938770649876961 ], [ -95.33741945482079, 29.938764886938035 ], [ -95.337380038813393, 29.939175321426724 ], [ -95.337367680365901, 29.939518884881632 ], [ -95.337481809019906, 29.944690298995877 ], [ -95.341615234160813, 29.944611033177036 ], [ -95.341632809480629, 29.945549019685405 ], [ -95.34054163030423, 29.945559503361466 ], [ -95.340557898426241, 29.947181624789692 ], [ -95.340900744313387, 29.947178283680426 ], [ -95.340908056498947, 29.947431260117163 ], [ -95.337636887075945, 29.94746249306392 ], [ -95.337654177693267, 29.948409838020016 ], [ -95.336829984792274, 29.948417430144897 ], [ -95.336875865672368, 29.951276738330556 ], [ -95.336774664874923, 29.951300644914102 ], [ -95.336705288538397, 29.95132009344491 ], [ -95.335912078511583, 29.951323948808078 ], [ -95.333747696815635, 29.951334443818762 ], [ -95.333294816102764, 29.95133635495084 ], [ -95.332382800467627, 29.951340198548639 ], [ -95.332380796208298, 29.951290615141939 ], [ -95.332015347462516, 29.951301334428255 ], [ -95.331651634448249, 29.951310019606634 ], [ -95.331649443479179, 29.951466674735194 ], [ -95.312872906991899, 29.952153987730533 ], [ -95.312706340490905, 29.966674358327431 ], [ -95.307632821029259, 29.966331324727676 ], [ -95.308721667939764, 29.971931120460255 ], [ -95.308403716996636, 29.973801985729725 ], [ -95.341840132573296, 29.974781000661959 ], [ -95.343427060498257, 29.977185536067644 ], [ -95.342724505538399, 29.978846068074738 ], [ -95.338183443562315, 29.981572376932903 ], [ -95.326788604869279, 29.981302891771097 ], [ -95.325887161331465, 29.982039074406774 ], [ -95.325882471841467, 29.983244310578502 ], [ -95.330096636298464, 29.986953093620929 ], [ -95.330134118705857, 29.990768836688183 ], [ -95.325408303167421, 29.990487062626485 ], [ -95.326279892776711, 29.995894581593401 ], [ -95.325916159221649, 30.006327312266606 ], [ -95.330183525048724, 30.006550129989304 ], [ -95.330302300300957, 30.011217762158914 ], [ -95.321333619978574, 30.0078072766125 ], [ -95.303484593209745, 30.001236752262727 ], [ -95.295920042941063, 30.001361486456478 ], [ -95.2957504305827, 30.006021254765649 ], [ -95.293832271590801, 30.006134920039248 ], [ -95.293103805325757, 30.005115289922749 ], [ -95.289942808957932, 30.00519458765735 ], [ -95.288123298586839, 30.005227603270367 ], [ -95.286969979013591, 30.005362307903955 ], [ -95.28643730143061, 30.006846869010051 ], [ -95.284513041428013, 30.007126821184304 ], [ -95.284494244651114, 30.001616436008014 ], [ -95.277138095176639, 30.001695759824038 ], [ -95.277008298838354, 29.997756637903688 ], [ -95.278365691427155, 29.996773320484476 ], [ -95.278123169898265, 29.988208754609076 ], [ -95.276837260182802, 29.987959830442332 ], [ -95.275561548203157, 29.987674575155644 ], [ -95.277024734729096, 29.984596104655068 ], [ -95.276138636594041, 29.982619291091375 ], [ -95.276511871234831, 29.980705030187483 ], [ -95.277508282281374, 29.978862769528579 ], [ -95.280094046473167, 29.973821343691256 ], [ -95.286877339746141, 29.95848663852081 ], [ -95.284543607234966, 29.957715713316201 ], [ -95.283524855654349, 29.957756572751389 ], [ -95.281554337375439, 29.95662586747892 ], [ -95.277980455690241, 29.955547361173135 ], [ -95.275927146426909, 29.953830991722889 ], [ -95.272633518401932, 29.954108694348907 ], [ -95.27030750202276, 29.953736220354653 ], [ -95.268992202782385, 29.954749605999666 ], [ -95.268303192936727, 29.954619660476034 ], [ -95.27110470762463, 29.951856898440408 ], [ -95.282893471860774, 29.941125329372621 ], [ -95.277932703376422, 29.941220701713952 ], [ -95.27403519437506, 29.940624944609613 ], [ -95.274045218769999, 29.938820986250771 ], [ -95.272984752386606, 29.93890163962606 ], [ -95.272949565761223, 29.934840900658202 ], [ -95.287639466599629, 29.934516385716677 ], [ -95.287760084198595, 29.936662134202159 ], [ -95.2941085047851, 29.930613622701504 ], [ -95.30296570656661, 29.930650309337601 ], [ -95.303428869323938, 29.941249324748249 ], [ -95.31098913987428, 29.941375625425234 ], [ -95.314730658607829, 29.941160098481532 ], [ -95.316906118394172, 29.941015114397874 ], [ -95.31690502807362, 29.940593455824494 ], [ -95.318203587399481, 29.940482418469028 ], [ -95.318130537806425, 29.939732831753048 ], [ -95.312007216911198, 29.939717145618339 ], [ -95.311986145572675, 29.93812393042019 ], [ -95.312687482589439, 29.938110461850805 ], [ -95.312465022537936, 29.930626531342476 ], [ -95.313421302838805, 29.93064877152856 ], [ -95.313498459908473, 29.93419834454156 ], [ -95.314913409947636, 29.934193971797527 ], [ -95.314971279009754, 29.937516394422946 ], [ -95.316762699613037, 29.937628111912066 ], [ -95.316848377906737, 29.93888199278997 ], [ -95.317829586898853, 29.938908360256306 ], [ -95.317888736557151, 29.93754270088488 ], [ -95.317714740500037, 29.937542253324782 ], [ -95.317531603833388, 29.930268221918507 ], [ -95.315450195766957, 29.930209749149729 ], [ -95.31528892095308, 29.921339773486075 ], [ -95.317152092879084, 29.921260638909136 ], [ -95.317291354172511, 29.924312528735886 ], [ -95.31850547939743, 29.924342892285381 ], [ -95.318534545341265, 29.926205976466267 ], [ -95.326200285408149, 29.926160597395299 ], [ -95.32620114603742, 29.923042614143821 ], [ -95.330835675844995, 29.923016943812829 ], [ -95.331198221638545, 29.925617833550529 ], [ -95.331210350856182, 29.928140950786176 ], [ -95.331078955331307, 29.930039551561379 ], [ -95.331704445140616, 29.930022104911316 ], [ -95.33170690813283, 29.930199804941267 ], [ -95.33194900720558, 29.930185526311856 ], [ -95.332393745681614, 29.93015028421005 ], [ -95.332672090817965, 29.930127082933964 ], [ -95.333245871386509, 29.930065246654642 ], [ -95.333746477140537, 29.929997562214893 ], [ -95.334152142875496, 29.929972482067196 ], [ -95.335095661135483, 29.929998247803358 ], [ -95.336462332457245, 29.930089797046676 ], [ -95.341676188946266, 29.930437539851773 ], [ -95.342167913818798, 29.930451359045438 ], [ -95.343391312921895, 29.930458658838781 ], [ -95.346069928683946, 29.930458652742821 ], [ -95.346415973682966, 29.930650382852395 ], [ -95.346440599120356, 29.930831850627968 ], [ -95.346007715033224, 29.931037024423969 ], [ -95.345379769373622, 29.931471923034543 ], [ -95.344931325398122, 29.931821308142528 ], [ -95.344571326672011, 29.932597975704603 ], [ -95.344699947684319, 29.93335178925107 ], [ -95.345022989433303, 29.933893939190053 ], [ -95.345889098636462, 29.93492094764127 ], [ -95.346649914567521, 29.935411730434502 ], [ -95.347699123036847, 29.935675319221374 ], [ -95.348882161558265, 29.935969660093036 ], [ -95.349379233163361, 29.936290535051707 ], [ -95.349530584261004, 29.937279996472896 ], [ -95.349642404509169, 29.938214143806611 ], [ -95.349666397574381, 29.938702948299969 ], [ -95.345515962943537, 29.938770649876961 ] ] ] } },
{ "type": "Feature", "properties": { "OBJECTID": 15, "TRACT": "Northgate", "SERVICE_CO": "NG1", "AREA_AC": 691, "SHAPE_LENG": 33947.020565300001, "INSIDE_X": -95.407525, "INSIDE_Y": 29.95071621, "SHAPE_LE_1": 65883.137269800005, "LAT": 29.95071097, "LONG_": -95.40751798, "GLOBALID": "{07A77EC7-5064-4BEB-A2D4-333B10D9B932}", "SHAPESTLen": 65883.137269774321, "nmonths": 0, "mean_Janua": -9999.0, "mean_Febru": -9999.0, "mean_March": -9999.0, "mean_April": -9999.0, "mean_May": -9999.0, "mean_June": -9999, "mean_July": -9999.0, "mean_Augus": -9999.0, "mean_Septe": -9999.0, "mean_Octob": -9999.0, "mean_Novem": -9999.0, "mean_Decem": -9999.0 }, "geometry": { "type": "Polygon", "coordinates": [ [ [ -95.418398388627935, 29.968009018117471 ], [ -95.41830257087743, 29.965013090052299 ], [ -95.419507741985853, 29.965124988315296 ], [ -95.418820961947318, 29.963493357461893 ], [ -95.418091627751352, 29.954573072391337 ], [ -95.416999454683122, 29.951300178247859 ], [ -95.415083475710247, 29.951330088696871 ], [ -95.413013446673546, 29.95134516923261 ], [ -95.41041097180603, 29.951401175132382 ], [ -95.408119391147082, 29.951435225133483 ], [ -95.401339955059811, 29.951495361321903 ], [ -95.401418542450998, 29.955675951679012 ], [ -95.395126761609575, 29.955748138669346 ], [ -95.395086525361663, 29.95394849009956 ], [ -95.3858550955498, 29.954057329538205 ], [ -95.383938483161401, 29.946405280390859 ], [ -95.382471266487499, 29.940557207304874 ], [ -95.381547398312009, 29.936511465576221 ], [ -95.385242890926733, 29.936494006630159 ], [ -95.389104014771647, 29.936518615477965 ], [ -95.39493788876112, 29.936596558779911 ], [ -95.412196265127506, 29.936903895870451 ], [ -95.416206145976759, 29.948922741656244 ], [ -95.422293768708741, 29.94893920918431 ], [ -95.424429701130563, 29.949129392223679 ], [ -95.424460395881667, 29.954426253407441 ], [ -95.424560374211808, 29.956063664519746 ], [ -95.424524631743324, 29.958446667438473 ], [ -95.430940548131545, 29.958432764528634 ], [ -95.430956214990886, 29.959709096062046 ], [ -95.432061538898623, 29.959772352860934 ], [ -95.433405530155468, 29.959719336665067 ], [ -95.434912472864099, 29.959978801209434 ], [ -95.436444302014479, 29.960023085434674 ], [ -95.436626402555049, 29.968036859406588 ], [ -95.430036401611957, 29.968005793596038 ], [ -95.430026430626711, 29.970073421085011 ], [ -95.429456342212873, 29.970071741044841 ], [ -95.428320044964437, 29.969452986335 ], [ -95.428289233065087, 29.967956468207923 ], [ -95.42339292273536, 29.967959985283223 ], [ -95.423945130041986, 29.969183196660097 ], [ -95.424917115617106, 29.970198053854521 ], [ -95.426886765771613, 29.97176213417513 ], [ -95.428388255952839, 29.973113012066126 ], [ -95.428412787539315, 29.973940622433425 ], [ -95.421685996860276, 29.974035989706 ], [ -95.420643222868094, 29.968858257646684 ], [ -95.420374573260176, 29.968067366684842 ], [ -95.418398388627935, 29.968009018117471 ] ] ] } },
{ "type": "Feature", "properties": { "OBJECTID": 16, "TRACT": "69th Street", "SERVICE_CO": "69th", "AREA_AC": 72473, "SHAPE_LENG": 494475.17787000001, "INSIDE_X": -95.38663098000001, "INSIDE_Y": 29.7948526, "SHAPE_LE_1": 508677.341671, "LAT": 29.7948474, "LONG_": -95.38662397, "GLOBALID": "{E1FF2DCB-C3B0-490F-B51D-34FE67DB2825}", "SHAPESTLen": 508677.34167055128, "nmonths": 0, "mean_Janua": -9999.0, "mean_Febru": -9999.0, "mean_March": -9999.0, "mean_April": -9999.0, "mean_May": -9999.0, "mean_June": -9999, "mean_July": -9999.0, "mean_Augus": -9999.0, "mean_Septe": -9999.0, "mean_Octob": -9999.0, "mean_Novem": -9999.0, "mean_Decem": -9999.0 }, "geometry": { "type": "Polygon", "coordinates": [ [ [ -95.408611887589004, 29.881492968371557 ], [ -95.408589654318618, 29.87780448222944 ], [ -95.408518811332542, 29.875367618786768 ], [ -95.397003126043785, 29.875409758021064 ], [ -95.386333821074018, 29.875580833082491 ], [ -95.387826073693006, 29.877957556573776 ], [ -95.374568938970114, 29.878101137688326 ], [ -95.374550255793366, 29.879256935202822 ], [ -95.375283946125649, 29.879353549619509 ], [ -95.375275139157608, 29.880754171635864 ], [ -95.376011972138343, 29.880704254837234 ], [ -95.376006014186771, 29.882010326519751 ], [ -95.375951757053471, 29.885851986423155 ], [ -95.373188284364829, 29.885901468866869 ], [ -95.373328592625896, 29.889754489712274 ], [ -95.371093203140219, 29.891940878246121 ], [ -95.371282279921644, 29.892542089602561 ], [ -95.369837655108412, 29.892659650337066 ], [ -95.366186430874521, 29.877547526540031 ], [ -95.361213141984621, 29.877563803784533 ], [ -95.361300943175237, 29.875856065361429 ], [ -95.366018808630528, 29.875745101298765 ], [ -95.365416751525416, 29.872574443200989 ], [ -95.352812384238817, 29.872702586620928 ], [ -95.351718137544793, 29.870850149360191 ], [ -95.341259938952746, 29.870930393572337 ], [ -95.340928989116023, 29.872988416045686 ], [ -95.341626538406501, 29.874653239777324 ], [ -95.33493496725778, 29.874760955180268 ], [ -95.335010170191794, 29.875984178025902 ], [ -95.329985544208, 29.876020657242154 ], [ -95.329977818674124, 29.874110972253256 ], [ -95.328354446090088, 29.874160414575627 ], [ -95.329097873779943, 29.872846316692716 ], [ -95.330319324417673, 29.870973600164909 ], [ -95.332955537206246, 29.866515215923041 ], [ -95.316727509948151, 29.866589078232789 ], [ -95.316228172407591, 29.866584947399886 ], [ -95.319423366287097, 29.858887527256918 ], [ -95.320012476994052, 29.857468187483196 ], [ -95.321094290551713, 29.854841279451289 ], [ -95.321785368624361, 29.853128929943768 ], [ -95.322505352167653, 29.851344888877268 ], [ -95.323058155777019, 29.849975059855353 ], [ -95.323540075294275, 29.848780842621952 ], [ -95.319158273862456, 29.848796742139253 ], [ -95.319151027544464, 29.84817524860668 ], [ -95.315337989113331, 29.848234476268519 ], [ -95.315334488561618, 29.847815036826013 ], [ -95.31434944914821, 29.847824285674989 ], [ -95.314347188977763, 29.847855431094288 ], [ -95.31383999969735, 29.847860612276115 ], [ -95.313843319855437, 29.848302418397157 ], [ -95.305917136383158, 29.848412283768809 ], [ -95.305858705134099, 29.844990515935514 ], [ -95.305276577714309, 29.844988818659584 ], [ -95.305233598124289, 29.845331555817584 ], [ -95.305274354628338, 29.847054357117731 ], [ -95.304666210967454, 29.84706748274256 ], [ -95.304689095207735, 29.848417138488315 ], [ -95.302594467315316, 29.848476569217731 ], [ -95.300931409797784, 29.848483745928963 ], [ -95.300838890577339, 29.842019616649065 ], [ -95.300816860723813, 29.841638364827549 ], [ -95.300632143073244, 29.84167957755723 ], [ -95.299713706319011, 29.84093457009708 ], [ -95.302045386544378, 29.838662765267973 ], [ -95.302038641055248, 29.838441320579552 ], [ -95.301709438698325, 29.838079305426092 ], [ -95.301417591561972, 29.837758367202859 ], [ -95.301402972492738, 29.834448869375297 ], [ -95.301884515759639, 29.833990392049319 ], [ -95.301877791878638, 29.833611936568669 ], [ -95.301165071842775, 29.83361749226091 ], [ -95.30123837039379, 29.831261121941012 ], [ -95.30112571200749, 29.831138044737628 ], [ -95.301089542892925, 29.828859496436021 ], [ -95.301183844832082, 29.828865787983972 ], [ -95.301183791294022, 29.827638827528791 ], [ -95.301351029122472, 29.827639178535144 ], [ -95.308447583292391, 29.827599836574489 ], [ -95.308636043428891, 29.82808355398641 ], [ -95.309128079997762, 29.828073729244252 ], [ -95.309123169307313, 29.827605522665689 ], [ -95.310454474741846, 29.827327869495598 ], [ -95.31047883510486, 29.812412359688 ], [ -95.299370363204901, 29.806150302635931 ], [ -95.300295412256233, 29.804953064426801 ], [ -95.300418934998319, 29.800481155186539 ], [ -95.300506740371006, 29.798920845403078 ], [ -95.300781435281337, 29.796186213717764 ], [ -95.296872800517505, 29.797827552176681 ], [ -95.296070380290388, 29.796426978375553 ], [ -95.279397629770514, 29.802711966465449 ], [ -95.278157939389914, 29.801916070993101 ], [ -95.277745227159613, 29.787474101167806 ], [ -95.275806930684695, 29.787488597312631 ], [ -95.273305032523254, 29.787507267732146 ], [ -95.2733041316217, 29.787471858423519 ], [ -95.272925074362561, 29.787194099360246 ], [ -95.269091711263016, 29.787234310608458 ], [ -95.268687938750503, 29.787238539294748 ], [ -95.268689260107223, 29.786996332726506 ], [ -95.268696876345189, 29.785599637454194 ], [ -95.268531501855279, 29.785651766894489 ], [ -95.266107966957719, 29.786415682956722 ], [ -95.266066286138383, 29.787504959331059 ], [ -95.265929176218791, 29.787507520460135 ], [ -95.265650505447184, 29.787512726801832 ], [ -95.265529081197968, 29.787514995203146 ], [ -95.263186050910818, 29.787541410399164 ], [ -95.261343731035836, 29.787564337524742 ], [ -95.259531494996381, 29.787586865753294 ], [ -95.259353965185767, 29.787527327377806 ], [ -95.25921882126012, 29.787443896083644 ], [ -95.257248128178205, 29.786736796258346 ], [ -95.252378271318221, 29.78680158166873 ], [ -95.251648686552926, 29.786807161744164 ], [ -95.251554585480349, 29.78671773913738 ], [ -95.251512115903296, 29.783638889152229 ], [ -95.251467498101718, 29.781726974529249 ], [ -95.250949342968326, 29.781396856719688 ], [ -95.251271002541287, 29.781086169735065 ], [ -95.251417100872189, 29.780945054183245 ], [ -95.251921537534699, 29.780345019736654 ], [ -95.253287600922732, 29.77880615976219 ], [ -95.254107419398323, 29.777782759872991 ], [ -95.254491517467713, 29.7773449824038 ], [ -95.255270352979679, 29.776457287931439 ], [ -95.256986436803473, 29.774501270040634 ], [ -95.256995780118984, 29.774490620197366 ], [ -95.258282189085946, 29.774696526218307 ], [ -95.262847580983518, 29.775384373306821 ], [ -95.262849725521775, 29.775384696697554 ], [ -95.263588666693565, 29.773595709343155 ], [ -95.265228305795802, 29.769625883855859 ], [ -95.265434875219427, 29.759712663708374 ], [ -95.272538523195607, 29.759660788154914 ], [ -95.272475168519705, 29.755145476943781 ], [ -95.280631469097301, 29.755117549239198 ], [ -95.28106818741594, 29.749192189127694 ], [ -95.28689012220056, 29.748873935563115 ], [ -95.283163329573355, 29.742376659935907 ], [ -95.279813622763086, 29.739235241785764 ], [ -95.276834216637866, 29.734199068932647 ], [ -95.275452058707089, 29.72796597778116 ], [ -95.276970543269229, 29.726639607728107 ], [ -95.278506518252982, 29.727807933822191 ], [ -95.281328518452511, 29.7278014452639 ], [ -95.282631178072535, 29.725820091757679 ], [ -95.282322005854425, 29.724808897594102 ], [ -95.283974676862854, 29.722716074115631 ], [ -95.285385076306554, 29.723153175565219 ], [ -95.285961620854735, 29.722879456491707 ], [ -95.287557007788266, 29.723655663398514 ], [ -95.289861778708286, 29.723645115131639 ], [ -95.290805826618481, 29.725687555722672 ], [ -95.293050404962017, 29.726675430952046 ], [ -95.294356884877075, 29.728035892313684 ], [ -95.297740365609869, 29.727879133302931 ], [ -95.300519604885523, 29.728429564503461 ], [ -95.301847279346006, 29.727614330023425 ], [ -95.304205152574994, 29.725264565414651 ], [ -95.304980031760294, 29.721108841188801 ], [ -95.306273978797179, 29.720248347418256 ], [ -95.307524040580461, 29.72012187392189 ], [ -95.308966082701701, 29.719449135374933 ], [ -95.308797566541514, 29.718169513519602 ], [ -95.307971751448022, 29.717246766453894 ], [ -95.308023254680975, 29.71582320987395 ], [ -95.309052331403677, 29.714689094423957 ], [ -95.30926328554618, 29.713607425400987 ], [ -95.310954737649269, 29.712424826466659 ], [ -95.32068310891168, 29.718219127359607 ], [ -95.32137031905522, 29.719778200944948 ], [ -95.320922481984326, 29.721390970408265 ], [ -95.317469341517835, 29.720467912669985 ], [ -95.315413155705997, 29.72586252189501 ], [ -95.311935377701744, 29.725063601535766 ], [ -95.311674895993079, 29.725767944749141 ], [ -95.312917580532158, 29.726103062535678 ], [ -95.31263413553738, 29.727048962910413 ], [ -95.312491321588368, 29.727775610444343 ], [ -95.312540083770216, 29.728532287198099 ], [ -95.313519368173075, 29.728911081696239 ], [ -95.313834618186576, 29.729879918531246 ], [ -95.315116932077231, 29.729888760381058 ], [ -95.315868995015123, 29.73109596344333 ], [ -95.315898813020965, 29.732085236215148 ], [ -95.315614238599991, 29.73354231295464 ], [ -95.315016403604361, 29.734323795769015 ], [ -95.314127303806217, 29.734237232986921 ], [ -95.312414337334744, 29.736772986294412 ], [ -95.314290603729503, 29.737409499514293 ], [ -95.313063630365079, 29.739211571899741 ], [ -95.315887732789776, 29.739892190864005 ], [ -95.318632894442118, 29.740864697640166 ], [ -95.320595851332868, 29.741392247103128 ], [ -95.321361326939382, 29.740550178011453 ], [ -95.321833781594151, 29.73980105895857 ], [ -95.322843747284537, 29.740095125925496 ], [ -95.323855020152777, 29.740187373935388 ], [ -95.323355038020878, 29.741166393987719 ], [ -95.324756558853579, 29.741740872399973 ], [ -95.32555465914055, 29.740721220548622 ], [ -95.328205386713705, 29.741618791746571 ], [ -95.32941972477532, 29.742012518430197 ], [ -95.329969009818313, 29.74190824490119 ], [ -95.330216252101366, 29.742284686462991 ], [ -95.337318344654165, 29.744534710858403 ], [ -95.341375526678519, 29.745789039709688 ], [ -95.345171181336838, 29.747420534261295 ], [ -95.34662720019999, 29.749434058055982 ], [ -95.347619615984883, 29.75215775258426 ], [ -95.348318906017639, 29.754020716719637 ], [ -95.348703143535744, 29.755117923256247 ], [ -95.349385360407567, 29.755511393037182 ], [ -95.350046855629344, 29.755867660631129 ], [ -95.350533345816061, 29.756137304756265 ], [ -95.351853745710287, 29.754428132127273 ], [ -95.353472844563257, 29.752235854659002 ], [ -95.354254045807238, 29.752761263821561 ], [ -95.35446866344104, 29.752536737362707 ], [ -95.355474928297298, 29.751346667150777 ], [ -95.356756783170084, 29.752042343770555 ], [ -95.359785212152474, 29.748639022810085 ], [ -95.359971258299382, 29.748027768678909 ], [ -95.364383688562697, 29.74221331209192 ], [ -95.368397744827746, 29.736547834558571 ], [ -95.369018985492843, 29.735152452608563 ], [ -95.370494351628139, 29.733321982938648 ], [ -95.375206196798032, 29.732790847506017 ], [ -95.376162602510377, 29.7299123195058 ], [ -95.377776048018589, 29.73087613082242 ], [ -95.380173149230785, 29.727903615040091 ], [ -95.384264288541431, 29.722817297640056 ], [ -95.37973487788652, 29.72011809119865 ], [ -95.379442269558595, 29.720969134619633 ], [ -95.377377445017842, 29.719997085474375 ], [ -95.378319536321399, 29.716558116726553 ], [ -95.378561980741722, 29.712498954956875 ], [ -95.379440625876498, 29.71269450219587 ], [ -95.380484127816985, 29.712865867166482 ], [ -95.38130941422105, 29.712716378158472 ], [ -95.382675021456564, 29.712834392550732 ], [ -95.383115573193876, 29.710763772593289 ], [ -95.383062717444943, 29.709409329212932 ], [ -95.384441413747339, 29.705422814259133 ], [ -95.386646389695983, 29.699046423287996 ], [ -95.392870177740932, 29.697603470525991 ], [ -95.39324636425394, 29.6982386381891 ], [ -95.391967976520164, 29.701410143410772 ], [ -95.394392144948583, 29.702252724115734 ], [ -95.396202991319058, 29.697686178690489 ], [ -95.396951043014482, 29.697736982662299 ], [ -95.397243723038997, 29.696952117389724 ], [ -95.396986987263489, 29.696563028550027 ], [ -95.398110765919654, 29.696487058412 ], [ -95.39814674585196, 29.696797543609016 ], [ -95.399605606901531, 29.696970007308362 ], [ -95.399559649039404, 29.696542434689597 ], [ -95.401005949351728, 29.696234671948272 ], [ -95.400749270831199, 29.695695097290315 ], [ -95.407943658612481, 29.694034012115594 ], [ -95.409016578944104, 29.696074561066787 ], [ -95.410392066131578, 29.695570511219408 ], [ -95.41186668083499, 29.69573939210775 ], [ -95.412782212855589, 29.69633627904863 ], [ -95.414345045207043, 29.694407805594025 ], [ -95.416256984733167, 29.695662714098958 ], [ -95.414074312996291, 29.698210604416968 ], [ -95.415102093461144, 29.698279006508916 ], [ -95.414898977869555, 29.700684499502842 ], [ -95.414032997667718, 29.70205246076624 ], [ -95.414296212334818, 29.702647754638058 ], [ -95.412700993351493, 29.702845616914757 ], [ -95.413078972862039, 29.703737766838994 ], [ -95.412209214437382, 29.704088430042276 ], [ -95.41269139484659, 29.705363492011848 ], [ -95.418181409903127, 29.705269182286333 ], [ -95.418394803252454, 29.707320214488998 ], [ -95.418452176348254, 29.710878724048058 ], [ -95.41861262293267, 29.725431493601395 ], [ -95.424014293899603, 29.725265184785247 ], [ -95.428536050198645, 29.725216795502472 ], [ -95.433316018979667, 29.725240748590405 ], [ -95.443115359295746, 29.720192798094875 ], [ -95.443188723639182, 29.724469964525618 ], [ -95.447634521464323, 29.724486552709706 ], [ -95.448044371138153, 29.729494244985716 ], [ -95.447769848179234, 29.729505415448241 ], [ -95.447959206455025, 29.738205785067709 ], [ -95.448670775065025, 29.738222676551128 ], [ -95.448677078853066, 29.738520633434259 ], [ -95.449018090518493, 29.738517017082724 ], [ -95.449066012093454, 29.739644120186671 ], [ -95.449763557539058, 29.73962939849303 ], [ -95.449755729946219, 29.739854305363284 ], [ -95.450836055188049, 29.739949442235623 ], [ -95.450902736383426, 29.738032398156356 ], [ -95.453378388464742, 29.738138789720907 ], [ -95.456048076551212, 29.738046139552694 ], [ -95.455942275364464, 29.741114200171182 ], [ -95.45864983327013, 29.741258519409726 ], [ -95.457563536930934, 29.745598141026221 ], [ -95.458968588467911, 29.745553634576545 ], [ -95.458943133582338, 29.747635066192643 ], [ -95.459359562047396, 29.747768548803283 ], [ -95.459232135050001, 29.75009223738201 ], [ -95.459645742677452, 29.750307294805239 ], [ -95.462498473055163, 29.750341821403666 ], [ -95.462457316167914, 29.748830191224716 ], [ -95.464281676794215, 29.748837524671831 ], [ -95.464179521719771, 29.746385297950305 ], [ -95.467121388871192, 29.746544558073083 ], [ -95.467024949015908, 29.745276424507868 ], [ -95.469223172539245, 29.745293550996497 ], [ -95.469208895799625, 29.744354188407261 ], [ -95.47065643302065, 29.744433155280955 ], [ -95.470825053817364, 29.744968329016107 ], [ -95.474426897262148, 29.744981511468666 ], [ -95.474292579301235, 29.73803764746242 ], [ -95.476087878641593, 29.737773945192149 ], [ -95.476081685068124, 29.737626781717189 ], [ -95.476593560529764, 29.737620567244502 ], [ -95.476571895925034, 29.737003089778977 ], [ -95.4841678996155, 29.736939465974896 ], [ -95.484233441569828, 29.737900681514237 ], [ -95.476768067801331, 29.737914237670552 ], [ -95.476795860716507, 29.738435926572716 ], [ -95.477738072597248, 29.738437951219961 ], [ -95.477740705607118, 29.738704542997684 ], [ -95.477850330130053, 29.747038463545127 ], [ -95.47789966745782, 29.750340487245865 ], [ -95.477970770417983, 29.755168618238397 ], [ -95.478051189400489, 29.762580518226532 ], [ -95.477509253337516, 29.762290108489747 ], [ -95.477832197080531, 29.763144918708388 ], [ -95.477901558170572, 29.763687993230416 ], [ -95.471607348033061, 29.763693028041224 ], [ -95.471597447339164, 29.766168492151653 ], [ -95.471585501549484, 29.770433197729918 ], [ -95.472322339602201, 29.770620070573329 ], [ -95.472591875464317, 29.771417102611519 ], [ -95.473037019114216, 29.772291225834973 ], [ -95.474577579350026, 29.772277053885531 ], [ -95.476429239441671, 29.771064284155738 ], [ -95.477064513255982, 29.772041708479602 ], [ -95.478237684962494, 29.772714055894145 ], [ -95.478746655609115, 29.772143745125728 ], [ -95.479860521055613, 29.771899931379309 ], [ -95.479398072112716, 29.771368057358984 ], [ -95.480461936118985, 29.77130621097664 ], [ -95.480931194050896, 29.771334529315773 ], [ -95.481437382677711, 29.771109797555091 ], [ -95.482196598505794, 29.770049081739348 ], [ -95.482839581668131, 29.770129929029363 ], [ -95.482676694381581, 29.771418498670645 ], [ -95.483049076277325, 29.771904942378622 ], [ -95.484466273254057, 29.771164707926339 ], [ -95.485241547923508, 29.77025077924203 ], [ -95.485801412187399, 29.769040891635328 ], [ -95.48634043463484, 29.769151592786489 ], [ -95.487245610601917, 29.769868496344284 ], [ -95.487217338690016, 29.777258247775702 ], [ -95.488233033112962, 29.777245510335472 ], [ -95.488247291180102, 29.783464078956651 ], [ -95.486412484407154, 29.783391392600009 ], [ -95.486353216335615, 29.784454994145914 ], [ -95.484999330105609, 29.784440774038625 ], [ -95.485036991565337, 29.794793430113803 ], [ -95.487095562835108, 29.794801241625397 ], [ -95.488701996491145, 29.794799945612269 ], [ -95.48969208863987, 29.794794688848054 ], [ -95.494195452181927, 29.79471524039182 ], [ -95.495415213269936, 29.7946842632462 ], [ -95.495428882447712, 29.793788907650679 ], [ -95.495482066600871, 29.794001929061395 ], [ -95.495570303272771, 29.794068679084877 ], [ -95.495767248542123, 29.794119727521025 ], [ -95.495926949695047, 29.794235363437462 ], [ -95.496046121785227, 29.794320822739778 ], [ -95.496168295208975, 29.794314090251802 ], [ -95.496313783034054, 29.794347235856371 ], [ -95.496373975640751, 29.794438324536809 ], [ -95.496473281266887, 29.79450181774131 ], [ -95.496723700832604, 29.794617223349146 ], [ -95.497016119783638, 29.794912121199086 ], [ -95.497240207068074, 29.795093159907015 ], [ -95.497443101592268, 29.795168397296024 ], [ -95.497574849394098, 29.795279747043207 ], [ -95.497611338234663, 29.795488903865259 ], [ -95.497674144926023, 29.795596888750289 ], [ -95.49781604571271, 29.795731469025828 ], [ -95.497767188705879, 29.795870810824312 ], [ -95.49793385034593, 29.795935246740072 ], [ -95.498013160149071, 29.795849041083475 ], [ -95.498137939195473, 29.795762987065956 ], [ -95.498165635472375, 29.79564001024147 ], [ -95.498288530996078, 29.795645198483452 ], [ -95.498476743765039, 29.795712591397582 ], [ -95.498701384322089, 29.795844366707691 ], [ -95.498916941185996, 29.79591525873656 ], [ -95.499171076558255, 29.795848937092849 ], [ -95.499332557194535, 29.795820771852629 ], [ -95.49951860519505, 29.795970186104384 ], [ -95.499721804063483, 29.796018443889917 ], [ -95.499936464148291, 29.795967756048142 ], [ -95.500136368576918, 29.79602208830125 ], [ -95.50033488136711, 29.796181442197586 ], [ -95.500529064085086, 29.796256201515543 ], [ -95.50068467270853, 29.796344717834035 ], [ -95.50108685033814, 29.796437436006084 ], [ -95.50131228207178, 29.796507709583992 ], [ -95.50167522008104, 29.79663870841874 ], [ -95.502044700193835, 29.796707961397431 ], [ -95.502510294718746, 29.796760348942627 ], [ -95.502864311218659, 29.796772727974339 ], [ -95.503111503916969, 29.796719587062178 ], [ -95.503445619924975, 29.796594087624591 ], [ -95.503682142280439, 29.79647083038336 ], [ -95.50390316375784, 29.796411982327569 ], [ -95.504333013695572, 29.796396693069507 ], [ -95.504650937006929, 29.796346621367338 ], [ -95.5052074205785, 29.79604045871525 ], [ -95.505487514264146, 29.795941591309557 ], [ -95.505682866360402, 29.795987237759416 ], [ -95.505811294701985, 29.796080374023688 ], [ -95.505873904922609, 29.796258136893368 ], [ -95.506019923786269, 29.796865954570411 ], [ -95.506069373296967, 29.797007892111623 ], [ -95.506689814757323, 29.797248631127491 ], [ -95.506886155475726, 29.797249100806013 ], [ -95.507349553000878, 29.797311584927282 ], [ -95.508026272490071, 29.797608289709174 ], [ -95.50812147268951, 29.797623599468867 ], [ -95.508241695580182, 29.797721143650371 ], [ -95.509003799294277, 29.798007930691554 ], [ -95.509555637964695, 29.798355015431092 ], [ -95.510132283286296, 29.798830236303299 ], [ -95.510117144932963, 29.797234859924295 ], [ -95.512810014341127, 29.797270758123684 ], [ -95.512814160024391, 29.794412729097907 ], [ -95.513827831548056, 29.794407633544413 ], [ -95.513840303693129, 29.789700525370549 ], [ -95.513993475029494, 29.789678376189318 ], [ -95.515228599748852, 29.789564096544296 ], [ -95.515459610101843, 29.789541728998152 ], [ -95.515708514291134, 29.789461118639426 ], [ -95.516719604211332, 29.788921951347643 ], [ -95.520237255995809, 29.788907080370798 ], [ -95.520167568904668, 29.788632828947147 ], [ -95.520058345883967, 29.788408579024079 ], [ -95.519915537102435, 29.787906958241134 ], [ -95.520140757144574, 29.783663946109396 ], [ -95.52249462046278, 29.783682498731974 ], [ -95.524096924451655, 29.783695104634482 ], [ -95.528716192538027, 29.783733025078536 ], [ -95.528676065595064, 29.784841790566521 ], [ -95.5271856358804, 29.784958495735061 ], [ -95.527252916474453, 29.787600921951984 ], [ -95.52834328190815, 29.788791785774233 ], [ -95.530910039708118, 29.788573299026126 ], [ -95.533695632411167, 29.788260727389076 ], [ -95.533756582826555, 29.78937210092921 ], [ -95.53244819583341, 29.789964367293408 ], [ -95.531456288748387, 29.790124441506705 ], [ -95.531918020188115, 29.791790852775293 ], [ -95.533339212214059, 29.793977977409806 ], [ -95.533549746325122, 29.795268709988481 ], [ -95.533300864225026, 29.79881352991951 ], [ -95.534486446931609, 29.798787607384309 ], [ -95.53464938870188, 29.799254830537048 ], [ -95.535933628417382, 29.799958798192044 ], [ -95.535944930618996, 29.800505897087501 ], [ -95.533097662604959, 29.800507910332087 ], [ -95.531128976465524, 29.80070145028516 ], [ -95.531225261438891, 29.801278915262138 ], [ -95.530729106074077, 29.801282151797789 ], [ -95.529749109408385, 29.801288540075852 ], [ -95.529856886423957, 29.806424461332579 ], [ -95.525375142343549, 29.806515895301573 ], [ -95.525412437336172, 29.806916475738213 ], [ -95.525447330531279, 29.807366224392783 ], [ -95.526135984101956, 29.808153792022264 ], [ -95.526374860556714, 29.821797721345593 ], [ -95.52537128588726, 29.821814766133379 ], [ -95.523153736714548, 29.821894980056218 ], [ -95.523146768166939, 29.821476678075346 ], [ -95.522754689397516, 29.821502901404038 ], [ -95.522704713709459, 29.820707995709881 ], [ -95.522009785307333, 29.820670867854744 ], [ -95.521917624302617, 29.817943056340077 ], [ -95.520928500838195, 29.817961302932808 ], [ -95.516950113406068, 29.817909203142033 ], [ -95.516891456615127, 29.816033914899947 ], [ -95.513896864981803, 29.816100804809917 ], [ -95.513918597486338, 29.815465415580469 ], [ -95.51250650071222, 29.815468047468897 ], [ -95.512410543796065, 29.814273597749086 ], [ -95.513733840535266, 29.814290162255229 ], [ -95.513865446135952, 29.81205547185451 ], [ -95.512655576771223, 29.811927743880815 ], [ -95.512602469742376, 29.811059996628398 ], [ -95.510827711210553, 29.811234375219097 ], [ -95.510848184062368, 29.811519733079489 ], [ -95.509523923163187, 29.81150932950122 ], [ -95.509535784439279, 29.815238493863131 ], [ -95.502459319723386, 29.815467916862726 ], [ -95.502487036938845, 29.816331624690918 ], [ -95.500582188207204, 29.816388808760809 ], [ -95.485920161762124, 29.8165722638531 ], [ -95.482644957190985, 29.816901853313091 ], [ -95.482057367647258, 29.817487951589307 ], [ -95.486348533210204, 29.820498225688254 ], [ -95.484986684729762, 29.82203480825282 ], [ -95.486870799441618, 29.823215282582339 ], [ -95.486856903201016, 29.82384335141359 ], [ -95.485975664067908, 29.823769404739096 ], [ -95.485385817889892, 29.824066800349755 ], [ -95.485427507058262, 29.824790242087683 ], [ -95.481710255635207, 29.82500523444563 ], [ -95.481788996527371, 29.826080178704419 ], [ -95.480553294553445, 29.826539150336238 ], [ -95.480546605596018, 29.827090242068344 ], [ -95.481716904152918, 29.827363670838665 ], [ -95.481723399126977, 29.83102203233133 ], [ -95.480403931095992, 29.829807640930024 ], [ -95.480406149078291, 29.830438162796746 ], [ -95.482937380668901, 29.832700303482984 ], [ -95.482014400116952, 29.832994678643065 ], [ -95.481927990216178, 29.833822106033796 ], [ -95.480661074763717, 29.833800539430079 ], [ -95.480697532815611, 29.839526325061172 ], [ -95.47811894920585, 29.839509158489438 ], [ -95.478045612078233, 29.840370844663475 ], [ -95.475164794316584, 29.840380321926073 ], [ -95.474261720597013, 29.840755539801236 ], [ -95.473341635135682, 29.840807514902256 ], [ -95.473232550450419, 29.836765425421582 ], [ -95.47253941228891, 29.83681638449762 ], [ -95.472494741202937, 29.836819882278558 ], [ -95.472470163531057, 29.836821696293139 ], [ -95.472413009696709, 29.836825915427347 ], [ -95.472365243156659, 29.836829440050483 ], [ -95.472295644272748, 29.83683457736608 ], [ -95.472272927660995, 29.836836253461051 ], [ -95.472256901657246, 29.836837436721762 ], [ -95.472156383200769, 29.836844855639853 ], [ -95.47210785787307, 29.836848436932407 ], [ -95.472057518207649, 29.836852151901311 ], [ -95.471930767549651, 29.836861506236808 ], [ -95.471806249486278, 29.836870696246656 ], [ -95.471750660874207, 29.836874798323354 ], [ -95.471648151543164, 29.836882363959784 ], [ -95.471501855099618, 29.836893160488462 ], [ -95.471345890064228, 29.836904670951448 ], [ -95.471262972175225, 29.836902981850603 ], [ -95.47073033402819, 29.836940177525292 ], [ -95.462675885627618, 29.836874166348316 ], [ -95.462775145172131, 29.838526340172823 ], [ -95.462891611192916, 29.840043301793571 ], [ -95.460348713303077, 29.840058961514462 ], [ -95.459007953323834, 29.840069069942032 ], [ -95.457962174726646, 29.840076502476485 ], [ -95.436179350000302, 29.840174296616585 ], [ -95.436164326023402, 29.841203147640254 ], [ -95.435585135713438, 29.841222808656248 ], [ -95.435622713620987, 29.840159249792325 ], [ -95.429889160309742, 29.840130840586404 ], [ -95.429874130490361, 29.841103451405228 ], [ -95.428836774957588, 29.84115176971531 ], [ -95.428826086772247, 29.843590484145967 ], [ -95.447260693842367, 29.843349638605503 ], [ -95.447084572453491, 29.844463923684817 ], [ -95.443053613632514, 29.844493035922426 ], [ -95.443008039337982, 29.84576383267645 ], [ -95.428798440153273, 29.845854471902626 ], [ -95.429649462168712, 29.864343920789373 ], [ -95.430690328174336, 29.864668638519735 ], [ -95.430707271701934, 29.865373317780847 ], [ -95.431756745276132, 29.865388945032315 ], [ -95.431743698968361, 29.865020037204669 ], [ -95.432295286077064, 29.864962285581118 ], [ -95.432277382586847, 29.866922782102847 ], [ -95.432572282522372, 29.867107554631886 ], [ -95.432986154759433, 29.867059734394399 ], [ -95.432966452376547, 29.865602932358488 ], [ -95.433812933225411, 29.865371680195164 ], [ -95.436948695758971, 29.865376920769396 ], [ -95.437007700576544, 29.86897588699814 ], [ -95.436448802362605, 29.868975798483469 ], [ -95.436286065146533, 29.870279059091281 ], [ -95.434387586666645, 29.868529843366066 ], [ -95.434079525742604, 29.869185901500277 ], [ -95.434093116352059, 29.869805613392913 ], [ -95.43334817150398, 29.869798103918374 ], [ -95.433356068333538, 29.868605126087072 ], [ -95.432261683516401, 29.868641826083167 ], [ -95.432272702984278, 29.8689920800491 ], [ -95.430215440481618, 29.868997609300497 ], [ -95.430247138767228, 29.870731036504004 ], [ -95.430058167364948, 29.871189751089986 ], [ -95.430616716445016, 29.871180016225697 ], [ -95.430854872649078, 29.872579631859576 ], [ -95.43030114631523, 29.872613283027761 ], [ -95.430312481297065, 29.874364002085411 ], [ -95.429809915618193, 29.874366615986705 ], [ -95.429808605196868, 29.874544944378123 ], [ -95.430246111775745, 29.874546134091108 ], [ -95.430306361800078, 29.877901574806835 ], [ -95.429819963421693, 29.877985578079269 ], [ -95.430122032592351, 29.885458916481763 ], [ -95.431352315961675, 29.885428807392429 ], [ -95.43138523894342, 29.897961327758484 ], [ -95.429258165261501, 29.897980348535807 ], [ -95.419297812358408, 29.885048061494523 ], [ -95.4157503643018, 29.880481812880657 ], [ -95.414643809032299, 29.880525198100131 ], [ -95.414657633121067, 29.88157606663669 ], [ -95.413081829632119, 29.881606646983638 ], [ -95.412890058087299, 29.904986628255024 ], [ -95.413155687178303, 29.915137795502638 ], [ -95.408729431904376, 29.915191753526464 ], [ -95.408514591957257, 29.8998377354234 ], [ -95.408726717153129, 29.898788077572139 ], [ -95.408611887589004, 29.881492968371557 ] ] ] } },
{ "type": "Feature", "properties": { "OBJECTID": 17, "TRACT": "Park Ten", "SERVICE_CO": "PT", "AREA_AC": 1518, "SHAPE_LENG": 62273.648656099998, "INSIDE_X": -95.66436758, "INSIDE_Y": 29.78791251, "SHAPE_LE_1": 62273.6493883, "LAT": 29.79048903, "LONG_": -95.67229966, "GLOBALID": "{6D07C16D-BC01-40FA-95C3-2C44E8C5CEE1}", "SHAPESTLen": 62273.649388247984, "nmonths": 0, "mean_Janua": -9999.0, "mean_Febru": -9999.0, "mean_March": -9999.0, "mean_April": -9999.0, "mean_May": -9999.0, "mean_June": -9999, "mean_July": -9999.0, "mean_Augus": -9999.0, "mean_Septe": -9999.0, "mean_Octob": -9999.0, "mean_Novem": -9999.0, "mean_Decem": -9999.0 }, "geometry": { "type": "Polygon", "coordinates": [ [ [ -95.62389611179546, 29.785352787582358 ], [ -95.694879016397067, 29.785591931380086 ], [ -95.699377849634942, 29.785600083927299 ], [ -95.699765095214033, 29.786025720413129 ], [ -95.699786402219246, 29.788835428570003 ], [ -95.700893454541458, 29.788845862922511 ], [ -95.701580919390395, 29.788900154286754 ], [ -95.701585772272509, 29.790609398266373 ], [ -95.705065819431596, 29.790639765240343 ], [ -95.705056497814823, 29.79187722632382 ], [ -95.701591510893152, 29.791879819352015 ], [ -95.701630116175068, 29.800425878791309 ], [ -95.681976291316161, 29.800197342348241 ], [ -95.681900041151479, 29.790488277764773 ], [ -95.662548896246989, 29.79029970251386 ], [ -95.645321247796517, 29.79034258519809 ], [ -95.639102788953764, 29.790186778168891 ], [ -95.623665364265563, 29.79062741359591 ], [ -95.623666899424364, 29.790592203035523 ], [ -95.623730429159224, 29.789131618399256 ], [ -95.623810568992482, 29.78729970737739 ], [ -95.62389611179546, 29.785352787582358 ] ] ] } },
{ "type": "Feature", "properties": { "OBJECTID": 18, "TRACT": "Sagemont", "SERVICE_CO": "SM", "AREA_AC": 2215, "SHAPE_LENG": 78569.299112199995, "INSIDE_X": -95.21347652, "INSIDE_Y": 29.59823054, "SHAPE_LE_1": 78569.2998792, "LAT": 29.59822537, "LONG_": -95.21346956, "GLOBALID": "{39302D71-CA20-45AF-AD46-F0B4B49A6C97}", "SHAPESTLen": 78569.299879229191, "nmonths": 0, "mean_Janua": -9999.0, "mean_Febru": -9999.0, "mean_March": -9999.0, "mean_April": -9999.0, "mean_May": -9999.0, "mean_June": -9999, "mean_July": -9999.0, "mean_Augus": -9999.0, "mean_Septe": -9999.0, "mean_Octob": -9999.0, "mean_Novem": -9999.0, "mean_Decem": -9999.0 }, "geometry": { "type": "MultiPolygon", "coordinates": [ [ [ [ -95.206731987388693, 29.607375466354821 ], [ -95.199787197296587, 29.600725027080166 ], [ -95.200974299376043, 29.601818948325153 ], [ -95.202690680769308, 29.600445727771255 ], [ -95.20732783684231, 29.600382584522194 ], [ -95.207665552624462, 29.600045000962254 ], [ -95.205749238178939, 29.59853533481358 ], [ -95.208142835150781, 29.596555372610926 ], [ -95.210540241253526, 29.597284626207106 ], [ -95.213317191412727, 29.594809214526478 ], [ -95.213703636218511, 29.595058518401533 ], [ -95.224464736529086, 29.585048682485258 ], [ -95.223481739317947, 29.583937037734724 ], [ -95.225474808821929, 29.582196371050404 ], [ -95.226968182040721, 29.583384973560047 ], [ -95.234940761367199, 29.589989339887932 ], [ -95.228848679739031, 29.595527693844073 ], [ -95.227796169625478, 29.596488273042272 ], [ -95.227397217918451, 29.596810070468699 ], [ -95.227049591556337, 29.596394371935101 ], [ -95.226720300470816, 29.596080951772151 ], [ -95.226458490139564, 29.595851664904732 ], [ -95.22338240057374, 29.598714894827591 ], [ -95.225083301177747, 29.600084153016841 ], [ -95.227021715872809, 29.600056793048896 ], [ -95.229362336152462, 29.597962363506369 ], [ -95.230795008914654, 29.599174520279654 ], [ -95.233316079050113, 29.601179833157421 ], [ -95.232806958513379, 29.601187816922597 ], [ -95.23019204349049, 29.601238345766419 ], [ -95.226000042632776, 29.601319242244195 ], [ -95.224861101087924, 29.602335458634432 ], [ -95.223686753693954, 29.603383234370458 ], [ -95.224152203419393, 29.603845435252062 ], [ -95.223742720903573, 29.604309812358593 ], [ -95.225096949534276, 29.605596997481971 ], [ -95.225128177261084, 29.605626678686367 ], [ -95.225221410433903, 29.605715295197236 ], [ -95.225774516227162, 29.605398888348819 ], [ -95.228073067987168, 29.605371929696343 ], [ -95.227879824201125, 29.607190625118786 ], [ -95.228451701635265, 29.607233131148419 ], [ -95.228233973958837, 29.609022655539771 ], [ -95.228178338443499, 29.60952529221796 ], [ -95.228714613588735, 29.609962673373062 ], [ -95.228711383033783, 29.60996360059233 ], [ -95.229220333656357, 29.610392866439557 ], [ -95.230850239989707, 29.611745805554339 ], [ -95.231082866275727, 29.611962626784813 ], [ -95.231052899360492, 29.612069755994646 ], [ -95.229664205225873, 29.613340263391311 ], [ -95.227023433338218, 29.61591504034276 ], [ -95.229752914457407, 29.618283794139678 ], [ -95.229480142787324, 29.618457994744169 ], [ -95.228813864866879, 29.619785804957754 ], [ -95.221831417449835, 29.62002329854058 ], [ -95.221091972594252, 29.619378403727904 ], [ -95.220505882256376, 29.618857950076471 ], [ -95.220056114207338, 29.619254277567553 ], [ -95.217788270783601, 29.61723489774031 ], [ -95.21566551631372, 29.615192281169055 ], [ -95.214951338680947, 29.614511141410567 ], [ -95.214172392107429, 29.613753733014743 ], [ -95.212938183411282, 29.612611710873459 ], [ -95.206731987388693, 29.607375466354821 ] ] ], [ [ [ -95.199787197296587, 29.600725027080166 ], [ -95.196417382142116, 29.597497594286711 ], [ -95.187344227220962, 29.588934317667757 ], [ -95.186763961344568, 29.588113845875807 ], [ -95.186707766668604, 29.586226314615377 ], [ -95.18672695625844, 29.585970696097768 ], [ -95.186726096313507, 29.585605925721833 ], [ -95.186726199595256, 29.584795263242775 ], [ -95.187033620187449, 29.584507807714669 ], [ -95.191825971255611, 29.584381452093023 ], [ -95.19483893232244, 29.584437724029996 ], [ -95.196019566772136, 29.584272447299263 ], [ -95.203779944515759, 29.57710040896076 ], [ -95.20705997893576, 29.579822864321574 ], [ -95.211003192644455, 29.583095463797406 ], [ -95.208091529395332, 29.585918565785516 ], [ -95.207142852748092, 29.585142839129926 ], [ -95.206388769826333, 29.585949912552401 ], [ -95.205682246767168, 29.585962913020616 ], [ -95.203269550265702, 29.585515159791651 ], [ -95.203517936871762, 29.598789922270242 ], [ -95.199853515178646, 29.59886311685106 ], [ -95.199787197296587, 29.600725027080166 ] ] ] ] } },
{ "type": "Feature", "properties": { "OBJECTID": 19, "TRACT": "Sims Bayou", "SERVICE_CO": "SB", "AREA_AC": 29469, "SHAPE_LENG": 258249.41515300001, "INSIDE_X": -95.30855883, "INSIDE_Y": 29.69022664, "SHAPE_LE_1": 254511.27657700001, "LAT": 29.69022145, "LONG_": -95.30855185, "GLOBALID": "{F9EED1F7-3A27-496B-A966-193EFEFB34E5}", "SHAPESTLen": 254511.27657698226, "nmonths": 0, "mean_Janua": -9999.0, "mean_Febru": -9999.0, "mean_March": -9999.0, "mean_April": -9999.0, "mean_May": -9999.0, "mean_June": -9999, "mean_July": -9999.0, "mean_Augus": -9999.0, "mean_Septe": -9999.0, "mean_Octob": -9999.0, "mean_Novem": -9999.0, "mean_Decem": -9999.0 }, "geometry": { "type": "Polygon", "coordinates": [ [ [ -95.288530015569378, 29.623749918814354 ], [ -95.305570217326149, 29.625349901931578 ], [ -95.30988585416334, 29.640311323394343 ], [ -95.311019724092574, 29.644241454391281 ], [ -95.311795247164383, 29.646602192309732 ], [ -95.312855017453657, 29.649828006163883 ], [ -95.313674842682019, 29.652323307474354 ], [ -95.316193725368805, 29.652399957718686 ], [ -95.324106122343949, 29.652640425194903 ], [ -95.324192016152082, 29.656834095568168 ], [ -95.324268537406937, 29.660569859695169 ], [ -95.32861847734074, 29.660597625503279 ], [ -95.328583006810788, 29.65846482616443 ], [ -95.32853563339566, 29.655616110694581 ], [ -95.336023243800597, 29.655726621523272 ], [ -95.336007750762406, 29.656050272843959 ], [ -95.336270942185308, 29.656065558211264 ], [ -95.336445887928519, 29.661297462639336 ], [ -95.333917840792964, 29.661348787406226 ], [ -95.3339366386938, 29.662551206639712 ], [ -95.333937131517573, 29.66255118312651 ], [ -95.335068209043655, 29.662497933546074 ], [ -95.335162466907875, 29.664011813077959 ], [ -95.340798296751473, 29.663929224798057 ], [ -95.340829430779706, 29.666086609098848 ], [ -95.345262694689822, 29.66601537264123 ], [ -95.345955240471767, 29.666163700993252 ], [ -95.348329679720692, 29.666672223471263 ], [ -95.348991281727805, 29.666999668119978 ], [ -95.348584384953796, 29.668090867183338 ], [ -95.347596007988159, 29.670741359722481 ], [ -95.349124965149969, 29.671178583958358 ], [ -95.347672246511138, 29.674929777854885 ], [ -95.347986759548093, 29.675012689267103 ], [ -95.347979553405068, 29.675031364371023 ], [ -95.347932352790281, 29.675153687816064 ], [ -95.347869544434062, 29.675316462072136 ], [ -95.347867408194858, 29.67532199868117 ], [ -95.350782168445235, 29.676241548591062 ], [ -95.350935599415692, 29.6758540918281 ], [ -95.351390926268309, 29.675944007049011 ], [ -95.351264384836071, 29.676235027861484 ], [ -95.351267976442628, 29.676236054618553 ], [ -95.352848440456597, 29.676688014710269 ], [ -95.35190847068823, 29.679199074878284 ], [ -95.351654723036845, 29.679481221577795 ], [ -95.351744578760943, 29.679568228799219 ], [ -95.351745744771321, 29.679569358244503 ], [ -95.351668190996833, 29.679695640830282 ], [ -95.351246114614909, 29.679502682191082 ], [ -95.350939849240319, 29.679909477744797 ], [ -95.34963748397179, 29.680797263183127 ], [ -95.349446085876124, 29.681284118213615 ], [ -95.35116638255289, 29.681831712821907 ], [ -95.351183840217971, 29.68184158922131 ], [ -95.352332186879366, 29.682491210658622 ], [ -95.352951884341735, 29.682841766504243 ], [ -95.353795781696277, 29.682986389114593 ], [ -95.354344045930674, 29.683000281244642 ], [ -95.354824316515632, 29.682852231698138 ], [ -95.355800423893996, 29.682469718907253 ], [ -95.355735335763868, 29.6802087128187 ], [ -95.357668334530771, 29.680026979112895 ], [ -95.36115686436375, 29.67122332576734 ], [ -95.361159161330335, 29.67122404536185 ], [ -95.36367971735379, 29.672013613532268 ], [ -95.3666311596279, 29.672938082246382 ], [ -95.366867995429729, 29.672276317528326 ], [ -95.366868141179324, 29.672275910760661 ], [ -95.366795295294224, 29.672253304633962 ], [ -95.365375940894339, 29.671812826200561 ], [ -95.365379156457891, 29.671805019491003 ], [ -95.365644242188125, 29.671161347999508 ], [ -95.367251028027269, 29.671669981962204 ], [ -95.367397866723948, 29.670987525291153 ], [ -95.365905329640697, 29.670514594874621 ], [ -95.366155373633603, 29.669861390526936 ], [ -95.366591507564706, 29.669579833129156 ], [ -95.368755604988024, 29.669290427876049 ], [ -95.368666637944941, 29.6658514921841 ], [ -95.370994757461546, 29.665857461356069 ], [ -95.370995517094727, 29.665857462993284 ], [ -95.371051828919121, 29.669325647807085 ], [ -95.378080703533854, 29.669073397323903 ], [ -95.379974209665789, 29.668318748324026 ], [ -95.380961514498253, 29.668025507338356 ], [ -95.382311027365262, 29.667848693413859 ], [ -95.383138408498567, 29.66813004649379 ], [ -95.382100787203285, 29.670452094473458 ], [ -95.381842988240379, 29.67191900302916 ], [ -95.381720606128482, 29.674791548797266 ], [ -95.37453591567953, 29.677149495162912 ], [ -95.374590901160246, 29.680817699285292 ], [ -95.375717861859087, 29.680741043060443 ], [ -95.376552126438014, 29.680655103847698 ], [ -95.377624636529362, 29.68059425610797 ], [ -95.378875850990468, 29.680717973896311 ], [ -95.38061487509701, 29.681016635357356 ], [ -95.380351661604962, 29.682885019913172 ], [ -95.378044560167979, 29.689925490146109 ], [ -95.377345740623426, 29.692670341479111 ], [ -95.375005115979832, 29.701533921869387 ], [ -95.375501065950814, 29.70519770440745 ], [ -95.377966544093539, 29.698681490396066 ], [ -95.382302913330363, 29.699773961522961 ], [ -95.384342600289756, 29.697504961741448 ], [ -95.386820818149943, 29.698541970275702 ], [ -95.383043314066555, 29.709465430917341 ], [ -95.383116922194944, 29.710788002531633 ], [ -95.38267098458455, 29.712853089846071 ], [ -95.381769180465753, 29.71270016925185 ], [ -95.380484128850043, 29.712865867194413 ], [ -95.378529213714017, 29.71249806890944 ], [ -95.378317506069735, 29.716615325731173 ], [ -95.37790120686914, 29.718178816880133 ], [ -95.377442985944384, 29.719998858176744 ], [ -95.379408484935254, 29.720996853266531 ], [ -95.379767648408929, 29.720118976977218 ], [ -95.384297059939584, 29.722818183211945 ], [ -95.382259785181816, 29.725332684295612 ], [ -95.377776047986558, 29.730876131724205 ], [ -95.376162602478345, 29.729912320407632 ], [ -95.375402082671286, 29.73223642646872 ], [ -95.375206196798032, 29.732790847506017 ], [ -95.37049435266141, 29.733321982966643 ], [ -95.369018985492843, 29.735152452608563 ], [ -95.368397745861046, 29.736547834586588 ], [ -95.364383688562697, 29.74221331209192 ], [ -95.359971258299382, 29.748027768678909 ], [ -95.3597852121203, 29.748639023711871 ], [ -95.356756783137882, 29.752042344672336 ], [ -95.355487717697258, 29.751353608167321 ], [ -95.35446866344104, 29.752536737362707 ], [ -95.354254045807238, 29.752761263821561 ], [ -95.353455401483203, 29.752235616406168 ], [ -95.350533345816061, 29.756137304756265 ], [ -95.348703143535744, 29.755117923256247 ], [ -95.348318906017639, 29.754020716719637 ], [ -95.34662720019999, 29.749434058055982 ], [ -95.345171181304536, 29.747420535163066 ], [ -95.341375526646189, 29.745789040611509 ], [ -95.337318344654165, 29.744534710858403 ], [ -95.330216253134708, 29.742284686491303 ], [ -95.329969009818313, 29.74190824490119 ], [ -95.329419724742891, 29.742012519331979 ], [ -95.328205386681248, 29.741618792648367 ], [ -95.325541030383107, 29.740716939918169 ], [ -95.324756559886964, 29.741740872428309 ], [ -95.323405667177411, 29.741067258986831 ], [ -95.32377141791568, 29.740206922829064 ], [ -95.322843747284537, 29.740095125925496 ], [ -95.321833781561622, 29.739801059860344 ], [ -95.321361327940252, 29.740550178941657 ], [ -95.320530381800381, 29.741370847153156 ], [ -95.319227465545069, 29.740931955854268 ], [ -95.314644781067017, 29.73959264355814 ], [ -95.312955754339697, 29.73918761899716 ], [ -95.314290603729503, 29.737409499514293 ], [ -95.312414338335486, 29.736772987224636 ], [ -95.314093080181763, 29.734287896960673 ], [ -95.314970066910846, 29.734207438508172 ], [ -95.315568485758888, 29.733527440193932 ], [ -95.315898813020965, 29.732085236215148 ], [ -95.315868994982566, 29.731095964345119 ], [ -95.31504329048721, 29.729888252808173 ], [ -95.313834618186576, 29.729879918531246 ], [ -95.313519368173075, 29.728911081696239 ], [ -95.312540083770216, 29.728532287198099 ], [ -95.312491321588368, 29.727775610444343 ], [ -95.312634135504808, 29.727048963812184 ], [ -95.312858546408336, 29.726104572505754 ], [ -95.311674895993079, 29.725767944749141 ], [ -95.311891572366619, 29.725019201671046 ], [ -95.31541315567344, 29.725862522796799 ], [ -95.317520931343097, 29.720433219951563 ], [ -95.320922481951825, 29.721390971310036 ], [ -95.32137031905522, 29.719778200944948 ], [ -95.320683108879152, 29.718219128261435 ], [ -95.310954737649269, 29.712424826466659 ], [ -95.309263285513566, 29.71360742630284 ], [ -95.30897652510599, 29.714772640040255 ], [ -95.307979108593472, 29.715778265578606 ], [ -95.307973731526204, 29.717192037561315 ], [ -95.308797566541514, 29.718169513519602 ], [ -95.308881514719971, 29.719488589436398 ], [ -95.307468997542543, 29.720197031022138 ], [ -95.306273978764537, 29.720248348320041 ], [ -95.304980031760294, 29.721108841188801 ], [ -95.304205153608223, 29.725264565443176 ], [ -95.301847279313321, 29.727614330925253 ], [ -95.300519604885523, 29.728429564503461 ], [ -95.297740365609869, 29.727879133302931 ], [ -95.294356884877075, 29.728035892313684 ], [ -95.293050405995203, 29.726675430980645 ], [ -95.290805826585711, 29.725687556624457 ], [ -95.289861779741443, 29.723645115160252 ], [ -95.287557008788596, 29.723655664328916 ], [ -95.285961620854735, 29.722879456491707 ], [ -95.285445692625018, 29.722998006903293 ], [ -95.283974676862854, 29.722716074115631 ], [ -95.282322006854784, 29.724808898524547 ], [ -95.282631179105707, 29.72582009178636 ], [ -95.281328518452511, 29.7278014452639 ], [ -95.278211494745094, 29.727530321291262 ], [ -95.276970543236331, 29.726639608629888 ], [ -95.275452058707089, 29.72796597778116 ], [ -95.27193999368447, 29.726201328712406 ], [ -95.269101379023525, 29.724543307716893 ], [ -95.262686350669782, 29.725466682205017 ], [ -95.259422402577101, 29.726880087717504 ], [ -95.25497508198994, 29.726623537648763 ], [ -95.25339558751304, 29.725458021062174 ], [ -95.252631577483527, 29.709304898104968 ], [ -95.249518928688701, 29.708394726729114 ], [ -95.249106958939805, 29.709117008393768 ], [ -95.246810704026458, 29.708980688360239 ], [ -95.246858613088989, 29.706471161145366 ], [ -95.245204066791246, 29.706283907426702 ], [ -95.241122344021051, 29.706609170227551 ], [ -95.238700838309072, 29.704673072078748 ], [ -95.242722263764776, 29.702175471646932 ], [ -95.223375507981217, 29.675654121776017 ], [ -95.228412156222007, 29.675475071756761 ], [ -95.228226833600829, 29.669738800369963 ], [ -95.249496573369839, 29.670123788175534 ], [ -95.249079724268782, 29.652254709146835 ], [ -95.246747627920143, 29.652304332195676 ], [ -95.247088973778503, 29.649397639194568 ], [ -95.249523339645563, 29.649303515688196 ], [ -95.251850566209413, 29.652540279885663 ], [ -95.253068876435776, 29.654223248174326 ], [ -95.254742268960385, 29.654186426212146 ], [ -95.254696860430158, 29.652169007971509 ], [ -95.258333008682811, 29.652140704414229 ], [ -95.262704938043953, 29.652106542636776 ], [ -95.262750789319341, 29.652106183613345 ], [ -95.262761377138986, 29.654824506240757 ], [ -95.263749341695501, 29.655644490360348 ], [ -95.266042999298762, 29.657067560257822 ], [ -95.278593860882751, 29.644632120194142 ], [ -95.267206918841893, 29.635677344367632 ], [ -95.266873618915625, 29.635415196456801 ], [ -95.266871555164329, 29.635379414605218 ], [ -95.266670045326819, 29.631886211883131 ], [ -95.264623804837626, 29.631843482323884 ], [ -95.264589729587456, 29.631842770340828 ], [ -95.264589718510933, 29.631841943138024 ], [ -95.264570632529697, 29.630479484718638 ], [ -95.264570629549269, 29.630479340199805 ], [ -95.264538137821873, 29.628159793109329 ], [ -95.265783572079371, 29.628137223378612 ], [ -95.265773917056393, 29.62682745679351 ], [ -95.265769989443257, 29.626294703509892 ], [ -95.266909136393977, 29.626269960187894 ], [ -95.266873336364483, 29.622511109138838 ], [ -95.266877336874188, 29.62251105194564 ], [ -95.277819257711158, 29.622353950722189 ], [ -95.278423208141447, 29.622345253104694 ], [ -95.278433935877672, 29.624836684094401 ], [ -95.278437636972058, 29.625696196624805 ], [ -95.281043094589293, 29.62529033292957 ], [ -95.281066273833176, 29.625286721745113 ], [ -95.28110992323144, 29.622854399745105 ], [ -95.281120083299982, 29.622288254981893 ], [ -95.28112545984969, 29.622288087562836 ], [ -95.28543870368766, 29.622154023844615 ], [ -95.285582146310489, 29.623086771254325 ], [ -95.287133735487103, 29.623435823204282 ], [ -95.288524094212633, 29.623748586449253 ], [ -95.288530015569378, 29.623749918814354 ] ] ] } },
{ "type": "Feature", "properties": { "OBJECTID": 20, "TRACT": "Southwest", "SERVICE_CO": "SW", "AREA_AC": 24795, "SHAPE_LENG": 320663.58527500002, "INSIDE_X": -95.48568474, "INSIDE_Y": 29.68660743, "SHAPE_LE_1": 320663.58600299997, "LAT": 29.68660226, "LONG_": -95.48567771, "GLOBALID": "{C21CA20F-5882-4FCA-9BA3-9DB19980FFCF}", "SHAPESTLen": 320663.58600331994, "nmonths": 10, "mean_Janua": 0.0, "mean_Febru": 0.000248348828327, "mean_March": 0.0, "mean_April": 0.0, "mean_May": 0.0, "mean_June": 0, "mean_July": 0.0, "mean_Augus": 0.0, "mean_Septe": null, "mean_Octob": null, "mean_Novem": 0.0, "mean_Decem": 0.0 }, "geometry": { "type": "Polygon", "coordinates": [ [ [ -95.418657851689858, 29.706339348874984 ], [ -95.418295584801214, 29.706387545747617 ], [ -95.418179224051656, 29.705269123822116 ], [ -95.412689207963311, 29.705363433430382 ], [ -95.412207027581672, 29.704088371452908 ], [ -95.413076787046393, 29.703737708291495 ], [ -95.412698806522201, 29.702845558333404 ], [ -95.414294026541853, 29.702647696110407 ], [ -95.414022946732644, 29.702034241119446 ], [ -95.414886341449844, 29.700723052740351 ], [ -95.415099906728528, 29.698278947966692 ], [ -95.414083901948501, 29.698218596189129 ], [ -95.416254798055974, 29.695662655575536 ], [ -95.418288135571714, 29.696277389628325 ], [ -95.419538722131918, 29.695250421126978 ], [ -95.419039114574502, 29.694520564498255 ], [ -95.420044914902974, 29.693916944532369 ], [ -95.420059340536625, 29.692800360972342 ], [ -95.419955552349066, 29.68870662358783 ], [ -95.420406442567852, 29.687109619981907 ], [ -95.421866918157519, 29.687765247436769 ], [ -95.42234043017838, 29.686548255209743 ], [ -95.427232405867414, 29.686671149149912 ], [ -95.427350483176426, 29.685363198683916 ], [ -95.43087143576092, 29.685460207932781 ], [ -95.431338759609048, 29.684921644223042 ], [ -95.431277201206342, 29.680441259161736 ], [ -95.431185730445577, 29.6737830305911 ], [ -95.431916247837904, 29.671839432488841 ], [ -95.434959548790218, 29.667565764530249 ], [ -95.434943327514148, 29.666013482749992 ], [ -95.433438303695638, 29.66691999130871 ], [ -95.433275267403431, 29.660075936864057 ], [ -95.435142169566859, 29.659774471956691 ], [ -95.436553578732045, 29.659912322435144 ], [ -95.436628724409346, 29.659655989201312 ], [ -95.439372806030107, 29.658171032105372 ], [ -95.439287869950689, 29.644775349470635 ], [ -95.439321166028506, 29.642751020707376 ], [ -95.440976929438733, 29.642564547910624 ], [ -95.444251828950044, 29.641275672848543 ], [ -95.447868389773461, 29.641011544577832 ], [ -95.447857606654011, 29.640086788925583 ], [ -95.449103762612154, 29.640069432843259 ], [ -95.449056115558747, 29.638294706047599 ], [ -95.450552356822286, 29.638219268742038 ], [ -95.450599130771181, 29.640053140673427 ], [ -95.45654983875653, 29.6399611577957 ], [ -95.4565651615885, 29.634507633859993 ], [ -95.458006776091906, 29.634780157032626 ], [ -95.459461824356325, 29.634682409645301 ], [ -95.46356982914385, 29.634406355904812 ], [ -95.463621562479261, 29.631489162828515 ], [ -95.481219661294787, 29.631447618498548 ], [ -95.48135274013562, 29.640969445342332 ], [ -95.485661812137579, 29.639292217135431 ], [ -95.485261524002652, 29.631611074560041 ], [ -95.493197819914968, 29.631414016457679 ], [ -95.493367485048921, 29.641543223620165 ], [ -95.49946434267973, 29.641644450201657 ], [ -95.499466873353612, 29.641057120500111 ], [ -95.500770319173299, 29.641011258075377 ], [ -95.500826433065711, 29.641633949965478 ], [ -95.501969455907954, 29.641646616545042 ], [ -95.501957937745146, 29.639023027230813 ], [ -95.503079665649551, 29.638957628549427 ], [ -95.503045575954033, 29.637074612528686 ], [ -95.508243754691222, 29.637023421286692 ], [ -95.50829980189981, 29.641520922529775 ], [ -95.509176590352112, 29.641513882152207 ], [ -95.509708519067644, 29.641507842960223 ], [ -95.510029798553873, 29.641503871544259 ], [ -95.510144592457237, 29.641501957931229 ], [ -95.510180758470895, 29.641501349265795 ], [ -95.510199799844585, 29.641501030652272 ], [ -95.510219619578208, 29.641500431744831 ], [ -95.510345757235527, 29.641496247470386 ], [ -95.510379833097829, 29.641495117578589 ], [ -95.510391005078887, 29.641495122719778 ], [ -95.510431988583704, 29.641495143276764 ], [ -95.510529420949709, 29.64149519039151 ], [ -95.510559803337571, 29.641494949864803 ], [ -95.510577117473346, 29.641494738715757 ], [ -95.51059969751158, 29.64149446265683 ], [ -95.511754995102109, 29.641480257001369 ], [ -95.512598424998089, 29.641464709066426 ], [ -95.513005255584787, 29.641458747816262 ], [ -95.513432573022854, 29.64145410252511 ], [ -95.513432671223214, 29.641454101472593 ], [ -95.513432801458492, 29.641454100351908 ], [ -95.513433995286874, 29.641454089928779 ], [ -95.513434520357507, 29.641454085553651 ], [ -95.513438931776705, 29.641454048824155 ], [ -95.513441765919211, 29.641454025166158 ], [ -95.513443870362053, 29.641454006871264 ], [ -95.513465378703899, 29.641453825173674 ], [ -95.513480967550805, 29.641453694175805 ], [ -95.513576874928859, 29.64145288514846 ], [ -95.513618303103954, 29.641452591355844 ], [ -95.514770621898322, 29.641444110584551 ], [ -95.515060999232588, 29.641441387695341 ], [ -95.518590278665854, 29.641392382290896 ], [ -95.518848119568972, 29.641385358515844 ], [ -95.521119340809577, 29.641382608534865 ], [ -95.521077584907061, 29.637931053274048 ], [ -95.52862634663235, 29.63785048224678 ], [ -95.528598885295196, 29.635901642485649 ], [ -95.536431398138348, 29.642481564487021 ], [ -95.536652655922921, 29.642286701077865 ], [ -95.536663895064436, 29.64227680273407 ], [ -95.538169134824003, 29.640940269622984 ], [ -95.55259902303078, 29.640725783682718 ], [ -95.552624740765822, 29.642720555666571 ], [ -95.5526339536042, 29.643154742505324 ], [ -95.552647054017456, 29.643772095170828 ], [ -95.55265073432497, 29.643945541369867 ], [ -95.552650991100336, 29.643957649824493 ], [ -95.552651070410377, 29.643961392452702 ], [ -95.552651100718947, 29.643962821227131 ], [ -95.552652679221111, 29.644050423536093 ], [ -95.55270532632801, 29.647544912436988 ], [ -95.552728140096491, 29.648359468276322 ], [ -95.557135233188021, 29.648275032664181 ], [ -95.557302301564931, 29.652543914874936 ], [ -95.556463038382077, 29.652540164336894 ], [ -95.556587730215981, 29.656945507771866 ], [ -95.557807078937742, 29.656976867924758 ], [ -95.557564703242562, 29.657690894111095 ], [ -95.557350661066124, 29.657668782770571 ], [ -95.556912563631101, 29.657932012024567 ], [ -95.556442471079009, 29.658433956755331 ], [ -95.552871797060675, 29.660778735546884 ], [ -95.550075851334881, 29.661981971006533 ], [ -95.549650785464237, 29.663047109994967 ], [ -95.548114888917496, 29.663837221191034 ], [ -95.548106394751898, 29.664088441855156 ], [ -95.547674805029089, 29.664277559626367 ], [ -95.547214582064782, 29.664919452051922 ], [ -95.546522626581719, 29.665315873953041 ], [ -95.546323861592654, 29.665456363306749 ], [ -95.544310267737828, 29.667655629817961 ], [ -95.543759397161153, 29.668018896695607 ], [ -95.543480733639981, 29.668259213738629 ], [ -95.543480600587515, 29.668259327647633 ], [ -95.543475265782419, 29.668263068588509 ], [ -95.543467708812116, 29.668268396780373 ], [ -95.543463487209678, 29.668271373034703 ], [ -95.543449802722861, 29.668281021057215 ], [ -95.543431568380697, 29.668293876960945 ], [ -95.543402625919299, 29.668314283248293 ], [ -95.543343537079082, 29.668355943899257 ], [ -95.542205505591056, 29.668548247062532 ], [ -95.541438315608971, 29.668917837795551 ], [ -95.54021725845729, 29.668638320731901 ], [ -95.539523940152264, 29.668967514312204 ], [ -95.53838858902121, 29.668971308514475 ], [ -95.538097030151249, 29.669195231276671 ], [ -95.53752442706525, 29.670109143370205 ], [ -95.536450119750313, 29.670864320566288 ], [ -95.536497370828144, 29.671028535115187 ], [ -95.531433479242338, 29.673089867523828 ], [ -95.530595284882139, 29.673165552815714 ], [ -95.530452242254938, 29.676337968701329 ], [ -95.528769787922499, 29.67637375222337 ], [ -95.528760071090559, 29.676659504682089 ], [ -95.527795555986074, 29.677040429078332 ], [ -95.526684055441464, 29.676355999840577 ], [ -95.526126313620097, 29.67641834177655 ], [ -95.525556528537223, 29.677059210233455 ], [ -95.524884179125038, 29.677009157381736 ], [ -95.523547162545299, 29.67773834680845 ], [ -95.521686924517667, 29.677807579906627 ], [ -95.521108923566899, 29.678269763616775 ], [ -95.520987595217846, 29.6788330847547 ], [ -95.521031436238815, 29.679551388603787 ], [ -95.52127670709018, 29.68029091986638 ], [ -95.518538448118491, 29.681665743500137 ], [ -95.518352375381568, 29.680574699872793 ], [ -95.517739791714263, 29.680651024050917 ], [ -95.51650840467002, 29.680634975502461 ], [ -95.515263705992112, 29.68025241676602 ], [ -95.5139443025449, 29.680127713254976 ], [ -95.513962144103374, 29.680770339527204 ], [ -95.512957838812866, 29.680793788749405 ], [ -95.513061021742246, 29.684458137239087 ], [ -95.510573882609464, 29.685733552710758 ], [ -95.510513670779289, 29.684168978532306 ], [ -95.509052180485881, 29.684212919996217 ], [ -95.508929959404512, 29.687847623273207 ], [ -95.509164309589394, 29.688746514291324 ], [ -95.51226603362845, 29.688797739493324 ], [ -95.512254136733233, 29.687537456190494 ], [ -95.513734806142693, 29.687427217038184 ], [ -95.513772589506317, 29.688419768078429 ], [ -95.513774938532123, 29.689544514568961 ], [ -95.513775702177952, 29.691290552670466 ], [ -95.511958926212913, 29.691724207959997 ], [ -95.511902791697864, 29.692727759252445 ], [ -95.513488493594011, 29.694893494491957 ], [ -95.516216032170817, 29.697333105741102 ], [ -95.516981977514988, 29.696588305605307 ], [ -95.519528914816561, 29.698725662612876 ], [ -95.518144890713771, 29.700472123141708 ], [ -95.520366240388782, 29.702371518715939 ], [ -95.521296199760144, 29.703983618308648 ], [ -95.521432087247817, 29.704998922773211 ], [ -95.533671154856918, 29.704896873783998 ], [ -95.53362381468439, 29.706290599258335 ], [ -95.533181611497824, 29.706635883525852 ], [ -95.533182070863248, 29.70728601174978 ], [ -95.534190024240701, 29.710633414213611 ], [ -95.534029272891758, 29.714059424409555 ], [ -95.52670255184718, 29.71411129602641 ], [ -95.526735280009504, 29.715695917871138 ], [ -95.531243545593711, 29.715648557103574 ], [ -95.531268584178378, 29.717772380553154 ], [ -95.531612658261324, 29.717765916685885 ], [ -95.531649123932809, 29.72007209033951 ], [ -95.533824636935989, 29.719897158389436 ], [ -95.533909961300992, 29.724313616770004 ], [ -95.526703174368095, 29.724277585240344 ], [ -95.526774571906515, 29.72886652052453 ], [ -95.52529192172193, 29.72886557962223 ], [ -95.525291853728589, 29.728246832419288 ], [ -95.52428094037667, 29.728258118064559 ], [ -95.524250091874819, 29.727901815512144 ], [ -95.520759107814015, 29.727941560110693 ], [ -95.520757954951506, 29.728388675743975 ], [ -95.519638483316555, 29.728359588682633 ], [ -95.519639414637354, 29.729261900610329 ], [ -95.520357497760131, 29.729262107498815 ], [ -95.520315245588307, 29.729839777298597 ], [ -95.520334765639731, 29.730775785016153 ], [ -95.519712470399654, 29.730776836535654 ], [ -95.51970049941049, 29.73052865832555 ], [ -95.511422401520619, 29.730689699563509 ], [ -95.511395739324058, 29.729326037957868 ], [ -95.512332632695831, 29.72931599561824 ], [ -95.512336796102232, 29.72645239486716 ], [ -95.513922779870626, 29.726418651857195 ], [ -95.513891219796051, 29.725362391476093 ], [ -95.51111112391844, 29.725408084357323 ], [ -95.511101442270203, 29.724805074209357 ], [ -95.508665396637042, 29.724846147630622 ], [ -95.508584867650796, 29.722380736787894 ], [ -95.503558536799432, 29.722792694632201 ], [ -95.503606053908939, 29.724942955632617 ], [ -95.501126769101703, 29.725011670735512 ], [ -95.501268171261415, 29.728177451291462 ], [ -95.501016612802715, 29.728180856902785 ], [ -95.501160218143241, 29.728992613364554 ], [ -95.501250664145175, 29.731688329027648 ], [ -95.50127382112791, 29.734013195871569 ], [ -95.501087634002133, 29.734776437200129 ], [ -95.500950939395878, 29.734762891923058 ], [ -95.50082614830346, 29.735068868554876 ], [ -95.496354204391437, 29.735151489975657 ], [ -95.49785944567904, 29.733255627244379 ], [ -95.497851656270441, 29.7328165062587 ], [ -95.497086554107597, 29.732796501156283 ], [ -95.497061957852495, 29.731848196259595 ], [ -95.496295152142977, 29.731878019266098 ], [ -95.496303188204507, 29.732975521619572 ], [ -95.491226101217904, 29.733042139640862 ], [ -95.488641534758358, 29.733084144875182 ], [ -95.488693451765513, 29.734232677150803 ], [ -95.489675193516817, 29.734268382224236 ], [ -95.489647527786317, 29.735404852867322 ], [ -95.487360119301798, 29.735432681875167 ], [ -95.487358596800192, 29.73658219057269 ], [ -95.489772487126373, 29.73653845975976 ], [ -95.489838679043288, 29.735065279160132 ], [ -95.490272384679514, 29.735056964458305 ], [ -95.490268129777704, 29.735897639761991 ], [ -95.491951705428193, 29.735899925584121 ], [ -95.491913697435095, 29.733971947246857 ], [ -95.493608239437009, 29.733941286603432 ], [ -95.493632102029466, 29.735868322009463 ], [ -95.495220478824535, 29.735879961833039 ], [ -95.495356860557649, 29.736901019420287 ], [ -95.495355149068146, 29.736950851061003 ], [ -95.495802830078802, 29.737561085579834 ], [ -95.495793650879662, 29.737818620236769 ], [ -95.495783777431626, 29.749780624563058 ], [ -95.499535199950472, 29.75030802217135 ], [ -95.499547836636012, 29.74989872542902 ], [ -95.500941850901896, 29.749903778125589 ], [ -95.501037494312982, 29.750916814130957 ], [ -95.501011692145894, 29.752073495808933 ], [ -95.5009704389375, 29.753275929053597 ], [ -95.501008502823254, 29.754627802893634 ], [ -95.500844650573057, 29.756121769681219 ], [ -95.500614103669719, 29.757098204723164 ], [ -95.500473820504467, 29.757905067107583 ], [ -95.500497227413845, 29.758863573787988 ], [ -95.500496721184774, 29.759698648623253 ], [ -95.500509688713748, 29.760141092368453 ], [ -95.499919218572131, 29.760149719631773 ], [ -95.499705764457318, 29.760268998907996 ], [ -95.499486267375318, 29.7601740808743 ], [ -95.499200831641048, 29.760254574619669 ], [ -95.498642472695053, 29.761673059143757 ], [ -95.497975395562662, 29.761925631583861 ], [ -95.496816505994289, 29.762068776212299 ], [ -95.495755704277599, 29.76407563380516 ], [ -95.49554348891445, 29.764876418378897 ], [ -95.495194434416391, 29.765248621645938 ], [ -95.493364904318838, 29.765376651004708 ], [ -95.492616401288203, 29.764531652811954 ], [ -95.492431453420977, 29.763534726715072 ], [ -95.492139169484943, 29.763219546516396 ], [ -95.491615153377168, 29.763103724870394 ], [ -95.490861223667025, 29.763544039405989 ], [ -95.490767561779464, 29.763910004685169 ], [ -95.491066246903131, 29.764428324003749 ], [ -95.492349816465733, 29.765252283752496 ], [ -95.49149419917994, 29.765635815334491 ], [ -95.489893831536975, 29.764778945220826 ], [ -95.489662299927744, 29.764972155911902 ], [ -95.489849530987385, 29.765697291848273 ], [ -95.490283995677615, 29.766059871273338 ], [ -95.490960477318566, 29.766436784341824 ], [ -95.490952649984948, 29.766787160217088 ], [ -95.489308934219068, 29.766677056358482 ], [ -95.488750902747469, 29.766770681290353 ], [ -95.487684635408627, 29.767640711441139 ], [ -95.487349256445256, 29.76812642321315 ], [ -95.487439468906331, 29.768700175271537 ], [ -95.488188818525288, 29.769274599400049 ], [ -95.488090686320803, 29.769585705147357 ], [ -95.487242762086183, 29.769887608994569 ], [ -95.486337585969494, 29.769170705421445 ], [ -95.48579856445788, 29.769060004286565 ], [ -95.485238698990557, 29.770269892749589 ], [ -95.484463424181413, 29.771183820510682 ], [ -95.483046226887453, 29.771924055830844 ], [ -95.482673845969259, 29.771437612144751 ], [ -95.482836732319669, 29.770149041584883 ], [ -95.482193750072881, 29.770068194308813 ], [ -95.481434533039234, 29.771128910075564 ], [ -95.480928344311295, 29.771353641824312 ], [ -95.479395223118686, 29.771387169862077 ], [ -95.479857671099722, 29.771919043862137 ], [ -95.478743805406566, 29.772162858485434 ], [ -95.478234834679796, 29.772733168338195 ], [ -95.477061662741164, 29.772060821804221 ], [ -95.476426389868877, 29.771083397499389 ], [ -95.474574728362725, 29.772296167156252 ], [ -95.473052572155325, 29.772256720228746 ], [ -95.472657254812688, 29.77166016376303 ], [ -95.472488756180553, 29.770845081477912 ], [ -95.472357994507291, 29.770630674626254 ], [ -95.471596968122228, 29.770416275491062 ], [ -95.471594278289587, 29.763729909691609 ], [ -95.472070857331985, 29.76389192001113 ], [ -95.477797142137277, 29.763810719983081 ], [ -95.477899369998184, 29.763687935714593 ], [ -95.477830009953422, 29.763144861218606 ], [ -95.477507065195326, 29.762290050967508 ], [ -95.478049001251819, 29.762580460713139 ], [ -95.477900923922959, 29.75082525460973 ], [ -95.477894429808202, 29.749911105038592 ], [ -95.477870432064833, 29.747584931890088 ], [ -95.47813621153503, 29.74758330939942 ], [ -95.478124082786067, 29.747118005261125 ], [ -95.477849019231584, 29.747102775871817 ], [ -95.477811343945746, 29.744335857155573 ], [ -95.47811934315871, 29.744335960505222 ], [ -95.478103966989082, 29.743842278065916 ], [ -95.477789202316799, 29.743834000239492 ], [ -95.477735884966677, 29.738437893700901 ], [ -95.476793674119875, 29.738435869065452 ], [ -95.476765880182597, 29.737914180135668 ], [ -95.484231253947115, 29.737900624101194 ], [ -95.484176930137281, 29.737656864402311 ], [ -95.484165713046863, 29.736939408587901 ], [ -95.476569709359325, 29.737003032268031 ], [ -95.476591373950782, 29.737620509733915 ], [ -95.476079498489241, 29.737626724198265 ], [ -95.476085691026213, 29.737773887646163 ], [ -95.474290392714536, 29.738037589914303 ], [ -95.474426119903569, 29.74494066616462 ], [ -95.47077612513921, 29.744967040091481 ], [ -95.470608916533536, 29.744391078597452 ], [ -95.469205296587376, 29.744394918459076 ], [ -95.469222396263064, 29.745252704736689 ], [ -95.467068089892862, 29.745318387994804 ], [ -95.467168767305679, 29.746464156717469 ], [ -95.464221248409729, 29.746468049974617 ], [ -95.464279489981308, 29.748837466960559 ], [ -95.462408386773788, 29.748828899273864 ], [ -95.46249770053592, 29.75030097612656 ], [ -95.459735624790326, 29.750350494800276 ], [ -95.459229947179693, 29.750092179561079 ], [ -95.459313463137534, 29.747685679655714 ], [ -95.458939530117107, 29.747675796833754 ], [ -95.45896781733606, 29.745512788287499 ], [ -95.457564181467248, 29.745516507127942 ], [ -95.458647645589778, 29.741258461579079 ], [ -95.455940088722159, 29.741114142323681 ], [ -95.456000569079279, 29.738004057615743 ], [ -95.45360988663279, 29.738144918405467 ], [ -95.450944448832374, 29.738115155406394 ], [ -95.450927344274902, 29.739951860760783 ], [ -95.449753543334438, 29.739854247414822 ], [ -95.449761369898809, 29.739629340517311 ], [ -95.449063824453219, 29.73964406219957 ], [ -95.449055767335238, 29.738539188417668 ], [ -95.448675514137165, 29.738550018443469 ], [ -95.448668587455558, 29.738222618557543 ], [ -95.447957418160357, 29.738224056999321 ], [ -95.447767660757506, 29.729505357439823 ], [ -95.448042183716552, 29.729494186981775 ], [ -95.447632334150484, 29.72448649469899 ], [ -95.447577021963184, 29.722662894556805 ], [ -95.451483322549578, 29.722631336713693 ], [ -95.451509953794499, 29.72035457476176 ], [ -95.459654726752873, 29.720294981810756 ], [ -95.459701363805436, 29.724553266344149 ], [ -95.459490209047289, 29.725869103431336 ], [ -95.464033872235078, 29.725522285551648 ], [ -95.463987531267378, 29.720266624418464 ], [ -95.468028086296826, 29.720240542057173 ], [ -95.468025657455186, 29.712961720929645 ], [ -95.472593207826321, 29.712902509020953 ], [ -95.472513274198093, 29.707473898433726 ], [ -95.476290600086742, 29.707425754522408 ], [ -95.476260230212986, 29.703415026007466 ], [ -95.474153766997674, 29.704441270698137 ], [ -95.474035756144445, 29.698373561193634 ], [ -95.480391999076289, 29.698342072221795 ], [ -95.480486472075924, 29.701187562815388 ], [ -95.48451275895124, 29.699168711068001 ], [ -95.484485704990732, 29.691021632924652 ], [ -95.475957895669822, 29.691101181397237 ], [ -95.47591163358635, 29.68988650954693 ], [ -95.468512892759108, 29.689986086254446 ], [ -95.459171779270221, 29.690045736786729 ], [ -95.455496698178521, 29.690121508819253 ], [ -95.451240493979128, 29.690140492571349 ], [ -95.451219672281653, 29.689396255557526 ], [ -95.450725884036473, 29.689504220872184 ], [ -95.450021354021302, 29.689699795476486 ], [ -95.449087681695332, 29.690090112837222 ], [ -95.447225230511165, 29.690154727285076 ], [ -95.447573282425893, 29.70607591707121 ], [ -95.446196156278589, 29.706090373252696 ], [ -95.446160478963421, 29.704563748566322 ], [ -95.433120296561953, 29.704749610312259 ], [ -95.433140417685976, 29.706209101594812 ], [ -95.418657851689858, 29.706339348874984 ] ] ] } },
{ "type": "Feature", "properties": { "OBJECTID": 21, "TRACT": "Willowbrook", "SERVICE_CO": "WB", "AREA_AC": 1927, "SHAPE_LENG": 53507.122751800001, "INSIDE_X": -95.54297832, "INSIDE_Y": 29.95386597, "SHAPE_LE_1": 53507.124243899998, "LAT": 29.95386074, "LONG_": -95.54297126, "GLOBALID": "{4E499D98-30A3-41FA-BCAC-78B2A6E0CF35}", "SHAPESTLen": 53507.124243902486, "nmonths": 0, "mean_Janua": -9999.0, "mean_Febru": -9999.0, "mean_March": -9999.0, "mean_April": -9999.0, "mean_May": -9999.0, "mean_June": -9999, "mean_July": -9999.0, "mean_Augus": -9999.0, "mean_Septe": -9999.0, "mean_Octob": -9999.0, "mean_Novem": -9999.0, "mean_Decem": -9999.0 }, "geometry": { "type": "Polygon", "coordinates": [ [ [ -95.552951542987358, 29.967032896169435 ], [ -95.552945865370361, 29.967060604467918 ], [ -95.552940981722756, 29.967088161660868 ], [ -95.552936093306286, 29.967115890218317 ], [ -95.552930421482387, 29.967143427176978 ], [ -95.552923960448553, 29.967170943875139 ], [ -95.552918293415104, 29.967198308566068 ], [ -95.55291104899969, 29.967225632762894 ], [ -95.552903804580438, 29.967252956959065 ], [ -95.552896564923572, 29.96728010978962 ], [ -95.552888537121149, 29.967307241484175 ], [ -95.552879720075751, 29.967334353819442 ], [ -95.552870907822594, 29.967361293887169 ], [ -95.552862102402486, 29.967388062642343 ], [ -95.552852507769003, 29.967414811136248 ], [ -95.55284291316103, 29.967441558727419 ], [ -95.552832539907413, 29.96746794335391 ], [ -95.552821372672554, 29.96749447908358 ], [ -95.55281099464149, 29.967521035072764 ], [ -95.552799843796606, 29.967547055856834 ], [ -95.552787898969498, 29.967573227743856 ], [ -95.552776743346499, 29.967599419890451 ], [ -95.552764019896287, 29.967625227908947 ], [ -95.552751303277589, 29.967650864614306 ], [ -95.552738580850189, 29.967676672656523 ], [ -95.552725091440053, 29.967701773252706 ], [ -95.552711585590856, 29.967727389692406 ], [ -95.552698090364913, 29.967752661623777 ], [ -95.552683029349723, 29.967777550380656 ], [ -95.55266875753891, 29.967802459397181 ], [ -95.552653689671004, 29.967827519462041 ], [ -95.552638646102366, 29.967851892394862 ], [ -95.552622807511753, 29.967876416402262 ], [ -95.552606973649745, 29.967900769944478 ], [ -95.552590357466855, 29.967924930107415 ], [ -95.552573747078668, 29.967948918929785 ], [ -95.552557141449554, 29.967972736385043 ], [ -95.552539759301567, 29.9679961891222 ], [ -95.552521586865907, 29.96801962246974 ], [ -95.552504204671109, 29.96804307610368 ], [ -95.552485261510199, 29.968065973391656 ], [ -95.552467112352247, 29.968088718672806 ], [ -95.55244895255521, 29.968111808457991 ], [ -95.552429237593827, 29.968134170558052 ], [ -95.552410316635942, 29.968156380651479 ], [ -95.552390601688003, 29.968178741843715 ], [ -95.552370908937988, 29.968200416751504 ], [ -95.552350422197406, 29.968222242757662 ], [ -95.552329941281599, 29.968243896520523 ], [ -95.552308681712205, 29.968265187313364 ], [ -95.552287434806331, 29.968286134550947 ], [ -95.552266186886555, 29.968307080856658 ], [ -95.552119337262837, 29.968444816133104 ], [ -95.549364840133606, 29.968423739476702 ], [ -95.549358089283572, 29.969997331304462 ], [ -95.547628092178655, 29.969975896571395 ], [ -95.547101672369607, 29.969962358512234 ], [ -95.547129213350203, 29.97145550464105 ], [ -95.545532702109483, 29.971480289028204 ], [ -95.545568009028315, 29.973535189858882 ], [ -95.54276950139915, 29.973480009410945 ], [ -95.53685519496419, 29.963009273667428 ], [ -95.534702317308657, 29.959195608199746 ], [ -95.531945270536852, 29.954272915540372 ], [ -95.529895189220355, 29.950999125065174 ], [ -95.529481231722926, 29.950238069110377 ], [ -95.528076971487522, 29.947669222723508 ], [ -95.527716425866089, 29.94698691537392 ], [ -95.527219369919607, 29.946046772733816 ], [ -95.525757987062022, 29.943326999679982 ], [ -95.524534020757599, 29.941196067183384 ], [ -95.523287081313029, 29.938999359460102 ], [ -95.52271789714537, 29.937976857958837 ], [ -95.522701437301905, 29.937950124074057 ], [ -95.522373763465296, 29.937417208342307 ], [ -95.522405421995131, 29.937415105948205 ], [ -95.522437080554454, 29.937413002644849 ], [ -95.522469529087132, 29.937410920701623 ], [ -95.522501187613017, 29.937408818284972 ], [ -95.522532852019808, 29.937406543620309 ], [ -95.522564511609204, 29.937404440313735 ], [ -95.522596170131123, 29.937402337874637 ], [ -95.522628623503806, 29.937400083625626 ], [ -95.522660283058428, 29.937397981198234 ], [ -95.52269194745827, 29.937395706496044 ], [ -95.522723605974846, 29.937393604026887 ], [ -95.522755271407291, 29.937391329336606 ], [ -95.52278772477294, 29.937389075049133 ], [ -95.522819383316261, 29.937386971655616 ], [ -95.522851048713733, 29.937384697844518 ], [ -95.52288271310519, 29.937382423097336 ], [ -95.522914377495241, 29.937380148342676 ], [ -95.522946831889243, 29.937377894043564 ], [ -95.522978496276394, 29.937375619273777 ], [ -95.523010160662182, 29.937373344496514 ], [ -95.523041826081936, 29.93737106973861 ], [ -95.523073490434101, 29.937368795848197 ], [ -95.523105154815639, 29.937366521048514 ], [ -95.523137615082234, 29.937364094462751 ], [ -95.523169279460845, 29.937361819647986 ], [ -95.523200949688359, 29.937359373486956 ], [ -95.523232615099488, 29.937357098684046 ], [ -95.523264285324018, 29.937354652508091 ], [ -95.523295949696887, 29.937352377663409 ], [ -95.52332840992365, 29.937349951933271 ], [ -95.523360080174371, 29.937347504832893 ], [ -95.523391744542906, 29.937345229965629 ], [ -95.523423415795278, 29.937342783778938 ], [ -95.523455086010756, 29.937340337557966 ], [ -95.523486756255508, 29.937337890427756 ], [ -95.523518427503305, 29.937335444218636 ], [ -95.52355088083425, 29.937333189746646 ], [ -95.524339247897913, 29.93727898454188 ], [ -95.524371683586224, 29.937277245691423 ], [ -95.524403325491136, 29.937275657771171 ], [ -95.524434966359692, 29.93727406981662 ], [ -95.524467413771873, 29.937271987363626 ], [ -95.524499067400598, 29.937270055841413 ], [ -95.524530719992754, 29.937268124284856 ], [ -95.524563179127796, 29.937265698229321 ], [ -95.524594844479367, 29.937263423105065 ], [ -95.524626508794157, 29.937261147946508 ], [ -95.524658184833925, 29.937258529201074 ], [ -95.524690656724587, 29.93725575956201 ], [ -95.524722332760987, 29.937253140801449 ], [ -95.524754020521868, 29.937250178453944 ], [ -95.524785709316291, 29.937247216125758 ], [ -95.524817402921045, 29.937244082424456 ], [ -95.524849102402101, 29.937240776475026 ], [ -95.524880802916471, 29.937237470544972 ], [ -95.524912508240817, 29.937233993241716 ], [ -95.524944219441068, 29.937230343690366 ], [ -95.524975931674433, 29.93722669415833 ], [ -95.525007648717391, 29.937222873253152 ], [ -95.525039371635884, 29.937218880099834 ], [ -95.525071095587265, 29.937214886965847 ], [ -95.525102824378635, 29.937210721556937 ], [ -95.525134564861361, 29.937206213462733 ], [ -95.525166306376704, 29.937201705387892 ], [ -95.52519725203797, 29.937197348194641 ], [ -95.525228992543177, 29.937192839176344 ], [ -95.525260739927731, 29.937188158838545 ], [ -95.525257276232225, 29.937474697890586 ], [ -95.528040350355852, 29.937490325062974 ], [ -95.535783230813863, 29.937533245437145 ], [ -95.546920268261886, 29.93754840172517 ], [ -95.546923792896862, 29.939609557107271 ], [ -95.546936834490936, 29.948746684083311 ], [ -95.548348832328983, 29.948726087947531 ], [ -95.549901475954812, 29.94870341788894 ], [ -95.549889996301872, 29.949834322175423 ], [ -95.551450399450346, 29.949839515947094 ], [ -95.55146727593042, 29.951555918408602 ], [ -95.551496061321387, 29.954785703346555 ], [ -95.552948827652088, 29.955219510123257 ], [ -95.552953147140656, 29.952899800062202 ], [ -95.556906906222821, 29.95287437872221 ], [ -95.555787432417461, 29.953864751068949 ], [ -95.557978009620768, 29.953920937970459 ], [ -95.557982276109286, 29.956924327077544 ], [ -95.554331653713263, 29.955853192819234 ], [ -95.554315999450026, 29.958531964214171 ], [ -95.562858211696707, 29.958363224687083 ], [ -95.563607534480326, 29.958580482762791 ], [ -95.563691420312594, 29.963698865310114 ], [ -95.563744452916467, 29.966830379218688 ], [ -95.556337016369241, 29.966847252366399 ], [ -95.552940900620996, 29.964175498767073 ], [ -95.552947687599357, 29.965724163794604 ], [ -95.552959742426225, 29.966977398558328 ], [ -95.552955642190057, 29.967005147350807 ], [ -95.552951542987358, 29.967032896169435 ] ] ] } },
{ "type": "Feature", "properties": { "OBJECTID": 22, "TRACT": "Chelford City", "SERVICE_CO": "CC", "AREA_AC": 945, "SHAPE_LENG": 34690.260689900002, "INSIDE_X": -95.64304859000001, "INSIDE_Y": 29.73013367, "SHAPE_LE_1": 34690.2609639, "LAT": 29.73012849, "LONG_": -95.64304151, "GLOBALID": "{B0F55F90-F97C-49A2-A405-191DB16A0B3B}", "SHAPESTLen": 34690.260963869747, "nmonths": 0, "mean_Janua": -9999.0, "mean_Febru": -9999.0, "mean_March": -9999.0, "mean_April": -9999.0, "mean_May": -9999.0, "mean_June": -9999, "mean_July": -9999.0, "mean_Augus": -9999.0, "mean_Septe": -9999.0, "mean_Octob": -9999.0, "mean_Novem": -9999.0, "mean_Decem": -9999.0 }, "geometry": { "type": "Polygon", "coordinates": [ [ [ -95.644473561544729, 29.744233326699295 ], [ -95.644293254370652, 29.744223578543227 ], [ -95.644284684777816, 29.742664241761368 ], [ -95.644378319992313, 29.742664618319321 ], [ -95.64414671412564, 29.7354864875158 ], [ -95.631388273138583, 29.735724316779685 ], [ -95.631393491432121, 29.735595314970151 ], [ -95.631388767930588, 29.735261503414115 ], [ -95.631382614910578, 29.734868768592733 ], [ -95.631379596724258, 29.734762195351134 ], [ -95.631374533111185, 29.734583431234864 ], [ -95.63136461643056, 29.734233311490836 ], [ -95.631314739468849, 29.732680423877188 ], [ -95.631307348786336, 29.732156112721437 ], [ -95.631288190899113, 29.731382808756859 ], [ -95.631276150073518, 29.730458421026579 ], [ -95.631258878832014, 29.729305266932307 ], [ -95.63123077887164, 29.728314938780027 ], [ -95.631206473966699, 29.726986700440012 ], [ -95.631189934796339, 29.726082802413305 ], [ -95.631173668089829, 29.72519377886826 ], [ -95.631149384931135, 29.724705785409181 ], [ -95.631127679322461, 29.724288739003843 ], [ -95.631117194003863, 29.723465442566248 ], [ -95.631094962556759, 29.722209675852099 ], [ -95.631296609601421, 29.722212578970627 ], [ -95.631598502789615, 29.722209127189629 ], [ -95.631585546535206, 29.720211180819437 ], [ -95.63362586134275, 29.720186263351863 ], [ -95.634149223300128, 29.720179866244205 ], [ -95.634155700393549, 29.72049835409651 ], [ -95.634190055163046, 29.722187626119641 ], [ -95.635036655846108, 29.722176353636002 ], [ -95.635001683000496, 29.720226269755219 ], [ -95.643975253457256, 29.72013582941063 ], [ -95.643975103336274, 29.721945302340291 ], [ -95.643948552750089, 29.722510946727809 ], [ -95.643923455319964, 29.722908681172214 ], [ -95.643906821032289, 29.723171943496297 ], [ -95.643866512913306, 29.72353737321518 ], [ -95.643840882394386, 29.723785958387982 ], [ -95.643832435380446, 29.723867887119269 ], [ -95.643830263724723, 29.723888956529393 ], [ -95.643829758590755, 29.723895103295121 ], [ -95.643824163466562, 29.723962540740313 ], [ -95.643784874227393, 29.724442938957441 ], [ -95.643731853840393, 29.725388586166169 ], [ -95.644244253334577, 29.725365509070691 ], [ -95.651821567095396, 29.725303436235595 ], [ -95.652399240116779, 29.725298615293816 ], [ -95.652401467231257, 29.726503810337146 ], [ -95.652413736011482, 29.727152375177983 ], [ -95.652419086259954, 29.728089917698899 ], [ -95.653036954306728, 29.72809154347016 ], [ -95.654229913884393, 29.728084944761264 ], [ -95.654448054082934, 29.728069685070569 ], [ -95.655695700022747, 29.728038179458533 ], [ -95.655869860623483, 29.728032890917774 ], [ -95.655876861534779, 29.728032678463261 ], [ -95.655883574330531, 29.728032484991747 ], [ -95.655895057743734, 29.728032351938953 ], [ -95.655950338555002, 29.728031709153171 ], [ -95.656151664704424, 29.728029370227723 ], [ -95.656582309122498, 29.728028485135898 ], [ -95.657074862630409, 29.728029593961182 ], [ -95.658487221892145, 29.728028046700736 ], [ -95.659080339600592, 29.728000102300015 ], [ -95.658964483644382, 29.731538196948204 ], [ -95.648470686185647, 29.738357987872362 ], [ -95.648629636288732, 29.741239015347681 ], [ -95.646374046912598, 29.744280921718982 ], [ -95.644473561544729, 29.744233326699295 ] ] ] } },
{ "type": "Feature", "properties": { "OBJECTID": 23, "TRACT": "White Oak", "SERVICE_CO": "WO", "AREA_AC": 1147, "SHAPE_LENG": 51047.237393199997, "INSIDE_X": -95.48957816, "INSIDE_Y": 29.89011396, "SHAPE_LE_1": 75284.850741000002, "LAT": 29.89010874, "LONG_": -95.48957112, "GLOBALID": "{FCDD9101-533C-4031-9770-9C02A0A6A55B}", "SHAPESTLen": 75284.850741044298, "nmonths": 0, "mean_Janua": -9999.0, "mean_Febru": -9999.0, "mean_March": -9999.0, "mean_April": -9999.0, "mean_May": -9999.0, "mean_June": -9999, "mean_July": -9999.0, "mean_Augus": -9999.0, "mean_Septe": -9999.0, "mean_Octob": -9999.0, "mean_Novem": -9999.0, "mean_Decem": -9999.0 }, "geometry": { "type": "Polygon", "coordinates": [ [ [ -95.485781945493471, 29.89356262310881 ], [ -95.485367240877792, 29.893505147820836 ], [ -95.485329240978146, 29.895960728259102 ], [ -95.484857689074246, 29.897137440937694 ], [ -95.480287183817907, 29.897131414967181 ], [ -95.468813531222537, 29.897140736505964 ], [ -95.468427598781005, 29.896611651085053 ], [ -95.468403342372739, 29.8954720348829 ], [ -95.468269094757872, 29.894746222846205 ], [ -95.468074434443253, 29.894375469608221 ], [ -95.466922556081855, 29.894453241758889 ], [ -95.465547693971089, 29.894559266148786 ], [ -95.464983912424671, 29.894624064499386 ], [ -95.464583414004025, 29.894687473796875 ], [ -95.463970218461995, 29.894859063895925 ], [ -95.461797530247907, 29.895564160304861 ], [ -95.461622323640327, 29.895626745506863 ], [ -95.460086337796071, 29.893886183688963 ], [ -95.457807322813125, 29.891499091645652 ], [ -95.457866774363495, 29.891267749195521 ], [ -95.461079760876018, 29.89129674746021 ], [ -95.461047254424912, 29.890118874016803 ], [ -95.463503384031199, 29.890088685706854 ], [ -95.46351971512405, 29.892546261099255 ], [ -95.46710998217192, 29.892544597218254 ], [ -95.467307369288719, 29.891892892603771 ], [ -95.467369833214264, 29.891668575028362 ], [ -95.46738943043789, 29.89146852995453 ], [ -95.467374830165753, 29.891312446758111 ], [ -95.467326595546481, 29.891145137718286 ], [ -95.467147964464331, 29.890789600911337 ], [ -95.466974904294332, 29.890445147379584 ], [ -95.466994430338914, 29.890186208878301 ], [ -95.466936004126509, 29.889897338854812 ], [ -95.46691556619912, 29.889506691000751 ], [ -95.466841673658678, 29.888347697731604 ], [ -95.466647175691406, 29.887611599494704 ], [ -95.466601486572941, 29.887365576404793 ], [ -95.466595897223471, 29.887083413758013 ], [ -95.466677367065373, 29.886857717503997 ], [ -95.466753180254827, 29.88670022856703 ], [ -95.466902208467218, 29.886492973445332 ], [ -95.467138947158233, 29.88618953335142 ], [ -95.467311461888812, 29.885892807780774 ], [ -95.467410771177242, 29.88566387468169 ], [ -95.467476096996407, 29.885524756185077 ], [ -95.467607451805947, 29.885243848734806 ], [ -95.467690517875596, 29.884893855000307 ], [ -95.468267011689619, 29.88488660297574 ], [ -95.468648449411646, 29.884881802734164 ], [ -95.468900665617326, 29.88487862797572 ], [ -95.469152474550185, 29.884875458272294 ], [ -95.469382297539468, 29.884872564292131 ], [ -95.472621823434693, 29.884831735549579 ], [ -95.473922627800732, 29.884828952348283 ], [ -95.474084635043766, 29.884828605006021 ], [ -95.474096749388366, 29.884850818824276 ], [ -95.474440539962146, 29.884845402663263 ], [ -95.477485332489195, 29.884797394135607 ], [ -95.480567052142661, 29.884776598960599 ], [ -95.480645011157151, 29.884776072463058 ], [ -95.480486079292561, 29.874363673353404 ], [ -95.480516049667173, 29.870894371436489 ], [ -95.481056777747483, 29.87241088177327 ], [ -95.481841124710613, 29.873118630452076 ], [ -95.483819376727055, 29.873173410191196 ], [ -95.485127232552941, 29.873781520859989 ], [ -95.486383861929212, 29.873810629489558 ], [ -95.486383818943992, 29.873794306512899 ], [ -95.486387688957322, 29.873810623219036 ], [ -95.486631795088513, 29.873810140536371 ], [ -95.487000321975998, 29.873927222805595 ], [ -95.487319955739224, 29.874270928476811 ], [ -95.487724179895238, 29.874780629671193 ], [ -95.487883690425591, 29.874981761853014 ], [ -95.488185216893598, 29.875219826623166 ], [ -95.48864525700121, 29.875402113036703 ], [ -95.489644366008008, 29.875461574011243 ], [ -95.490132630872353, 29.875589631379963 ], [ -95.490580024180019, 29.875817163521877 ], [ -95.491007265087077, 29.876129553482624 ], [ -95.491580571457277, 29.876548737583658 ], [ -95.491998152090844, 29.876651703568548 ], [ -95.494582968458658, 29.876663745103766 ], [ -95.49459655986216, 29.876663807802608 ], [ -95.494643160552442, 29.876663735643948 ], [ -95.49676665236133, 29.876564449608203 ], [ -95.498615736864693, 29.876563726421811 ], [ -95.499789207958557, 29.876136772131684 ], [ -95.500836909293099, 29.873618486431152 ], [ -95.502323681840238, 29.873772000177254 ], [ -95.507214791063589, 29.874487556191422 ], [ -95.507246623332378, 29.890113797171349 ], [ -95.495642353725415, 29.890269258749235 ], [ -95.509517688165488, 29.914665323173587 ], [ -95.495828269090154, 29.914735956658998 ], [ -95.495690029489907, 29.897632208217829 ], [ -95.49554268553841, 29.891289617737254 ], [ -95.492796333197305, 29.891311692223837 ], [ -95.492762598871892, 29.890281090614941 ], [ -95.490713896876542, 29.890300904458986 ], [ -95.490856384766445, 29.894265794493844 ], [ -95.485781945493471, 29.89356262310881 ] ] ] } },
{ "type": "Feature", "properties": { "OBJECTID": 24, "TRACT": "West District", "SERVICE_CO": "WD", "AREA_AC": 11501, "SHAPE_LENG": 141750.32443400001, "INSIDE_X": -95.56446074, "INSIDE_Y": 29.79400802, "SHAPE_LE_1": 141750.324678, "LAT": 29.79400282, "LONG_": -95.56445368, "GLOBALID": "{B42CB781-1DC6-4EB1-8533-4B09E99FBA34}", "SHAPESTLen": 141750.32467814424, "nmonths": 0, "mean_Janua": -9999.0, "mean_Febru": -9999.0, "mean_March": -9999.0, "mean_April": -9999.0, "mean_May": -9999.0, "mean_June": -9999, "mean_July": -9999.0, "mean_Augus": -9999.0, "mean_Septe": -9999.0, "mean_Octob": -9999.0, "mean_Novem": -9999.0, "mean_Decem": -9999.0 }, "geometry": { "type": "Polygon", "coordinates": [ [ [ -95.544898071087289, 29.844258528285355 ], [ -95.538965859665339, 29.844208862246955 ], [ -95.539001881492865, 29.83245908154101 ], [ -95.539009763861202, 29.83190790482486 ], [ -95.536964341233613, 29.831991605717086 ], [ -95.530421451618565, 29.832259136803231 ], [ -95.530430175539152, 29.832002891563569 ], [ -95.529974356129387, 29.831820115012253 ], [ -95.529975628129591, 29.831696411927595 ], [ -95.529208949426675, 29.831696975773202 ], [ -95.529133933271098, 29.829757224854212 ], [ -95.52916656979626, 29.827684059779415 ], [ -95.529135676626964, 29.824820789185026 ], [ -95.526458276579035, 29.824937985666338 ], [ -95.526373661184536, 29.821832921056959 ], [ -95.526135984101956, 29.808153792022264 ], [ -95.52545515807104, 29.807375337891543 ], [ -95.525375142343549, 29.806515895301573 ], [ -95.529847068344964, 29.806431859578947 ], [ -95.529749109408385, 29.801288540075852 ], [ -95.531225261438891, 29.801278915262138 ], [ -95.531128976465524, 29.80070145028516 ], [ -95.53311495175538, 29.800506210128535 ], [ -95.535944930618996, 29.800505897087501 ], [ -95.535933463870606, 29.799950816615343 ], [ -95.53464938870188, 29.799254830537048 ], [ -95.534486446931609, 29.798787607384309 ], [ -95.533300864225026, 29.79881352991951 ], [ -95.533549746325122, 29.795268709988481 ], [ -95.533327842731126, 29.793963749654722 ], [ -95.531926647102225, 29.791802154727311 ], [ -95.531456288748387, 29.790124441506705 ], [ -95.53244819583341, 29.789964367293408 ], [ -95.533756582826555, 29.78937210092921 ], [ -95.533695632411167, 29.788260727389076 ], [ -95.531908835320309, 29.788461315754095 ], [ -95.530653612153415, 29.788602048555955 ], [ -95.52834328190815, 29.788791785774233 ], [ -95.527252916474453, 29.787600921951984 ], [ -95.5271856358804, 29.784958495735061 ], [ -95.528676065595064, 29.784841790566521 ], [ -95.528716192538027, 29.783733025078536 ], [ -95.531667525626034, 29.783753551638938 ], [ -95.531471003704411, 29.773295488661553 ], [ -95.53249984947702, 29.773268978823211 ], [ -95.533054796547972, 29.773271148516727 ], [ -95.534918188309121, 29.773214689831342 ], [ -95.537571757564905, 29.773201959207224 ], [ -95.537588862202981, 29.77575162899204 ], [ -95.539924756498849, 29.77574717079818 ], [ -95.539876617918338, 29.770169681318766 ], [ -95.539879621739942, 29.768206108380664 ], [ -95.539856463433196, 29.765784017951223 ], [ -95.539854089826363, 29.765354152122093 ], [ -95.540470736496232, 29.765136781071519 ], [ -95.540554608797805, 29.765230127566035 ], [ -95.542179395933019, 29.76522871539072 ], [ -95.543991378027968, 29.765209158425176 ], [ -95.546386458335718, 29.765158911015209 ], [ -95.546422555268421, 29.762965528366003 ], [ -95.546983967747281, 29.762614548587841 ], [ -95.547296993900474, 29.762613390188186 ], [ -95.547316158844154, 29.763296586021326 ], [ -95.548170494623491, 29.763318600476239 ], [ -95.548203921470432, 29.76397633108672 ], [ -95.548772160047264, 29.764011847833601 ], [ -95.549442693409389, 29.764053754679974 ], [ -95.549451612291904, 29.764456839314132 ], [ -95.550159440581226, 29.764454771125397 ], [ -95.550185805911809, 29.763800426530103 ], [ -95.55314014829041, 29.763801430375242 ], [ -95.553215949800006, 29.759556488402957 ], [ -95.554126995995418, 29.759276091521727 ], [ -95.554505512467898, 29.759255689542282 ], [ -95.554725332410342, 29.759551030071687 ], [ -95.55442709487636, 29.761000385398546 ], [ -95.554522687587166, 29.761125871612609 ], [ -95.555627477344487, 29.761349863867807 ], [ -95.555812514435175, 29.761485626355629 ], [ -95.555904873116589, 29.762299245120069 ], [ -95.556938151864486, 29.762491251465736 ], [ -95.557552671251088, 29.762350205797361 ], [ -95.564566250808269, 29.762051395230397 ], [ -95.569378925786879, 29.762042204092882 ], [ -95.570642879140522, 29.762720801788898 ], [ -95.573110479635758, 29.764045436201894 ], [ -95.57776161075779, 29.766526448921589 ], [ -95.579810552616465, 29.766753688622128 ], [ -95.582095162427606, 29.766631975824453 ], [ -95.584073189993688, 29.766243220538502 ], [ -95.585637061691045, 29.765262064384412 ], [ -95.587870314054726, 29.761880741880802 ], [ -95.588956352889667, 29.760236296450742 ], [ -95.590165954410395, 29.759519814159056 ], [ -95.591538051450556, 29.759433709440561 ], [ -95.594039322592593, 29.759276706546547 ], [ -95.595381840523743, 29.759192418474228 ], [ -95.601953875141021, 29.761658287443083 ], [ -95.607816175303455, 29.761692449924738 ], [ -95.610748594773156, 29.760674360119577 ], [ -95.612983735914497, 29.760825959425507 ], [ -95.616821489523375, 29.762802764195378 ], [ -95.619205348954836, 29.765394161297134 ], [ -95.618327108319136, 29.770516146273643 ], [ -95.616473514589273, 29.770588993573103 ], [ -95.616462246697765, 29.771452590952563 ], [ -95.612953246065956, 29.77143143756653 ], [ -95.612944413202413, 29.772707657505467 ], [ -95.61295489065958, 29.773594970657165 ], [ -95.612950069367969, 29.77429340748817 ], [ -95.612943517019545, 29.77578655586511 ], [ -95.610957663016038, 29.775777130522229 ], [ -95.606235866829664, 29.775749124275595 ], [ -95.606285266562196, 29.780383999994818 ], [ -95.603727123929119, 29.780440165605555 ], [ -95.603730123904313, 29.781153566221882 ], [ -95.602507921790277, 29.781156980431273 ], [ -95.602534495800725, 29.781937146975352 ], [ -95.602909108277331, 29.781946925491791 ], [ -95.602876409730882, 29.782324096594028 ], [ -95.602548546034626, 29.782304323317423 ], [ -95.60254755885947, 29.782728433961417 ], [ -95.604229324719483, 29.782736662767309 ], [ -95.604245451877858, 29.783436321055277 ], [ -95.604469969242999, 29.783797365727956 ], [ -95.604864416814891, 29.784185640552295 ], [ -95.60650356754094, 29.784192445779023 ], [ -95.62393804509729, 29.784394183752291 ], [ -95.623665364265563, 29.79062741359591 ], [ -95.588062007599007, 29.790529541027709 ], [ -95.585144345910038, 29.792063544954164 ], [ -95.575873586982652, 29.808265052051901 ], [ -95.574512537257363, 29.820351351436404 ], [ -95.574431541181823, 29.831806079908567 ], [ -95.574438631352621, 29.831930752958105 ], [ -95.546723693018464, 29.832063853048567 ], [ -95.546597585856276, 29.843925459166304 ], [ -95.546777434073292, 29.844359787392051 ], [ -95.546611119642733, 29.844375213291187 ], [ -95.545191551932007, 29.844160947264868 ], [ -95.544898071087289, 29.844258528285355 ] ] ] } },
{ "type": "Feature", "properties": { "OBJECTID": 25, "TRACT": "Westway", "SERVICE_CO": "WW", "AREA_AC": 859, "SHAPE_LENG": 31382.2526602, "INSIDE_X": -95.55968885, "INSIDE_Y": 29.83809659, "SHAPE_LE_1": 31382.2528585, "LAT": 29.83809138, "LONG_": -95.55968179, "GLOBALID": "{5AFA5674-9DED-4B43-8B30-E67094793FA4}", "SHAPESTLen": 31382.252858542477, "nmonths": 0, "mean_Janua": -9999.0, "mean_Febru": -9999.0, "mean_March": -9999.0, "mean_April": -9999.0, "mean_May": -9999.0, "mean_June": -9999, "mean_July": -9999.0, "mean_Augus": -9999.0, "mean_Septe": -9999.0, "mean_Octob": -9999.0, "mean_Novem": -9999.0, "mean_Decem": -9999.0 }, "geometry": { "type": "Polygon", "coordinates": [ [ [ -95.574438631352621, 29.831930752958105 ], [ -95.574571890821858, 29.834217730880994 ], [ -95.575048923936961, 29.834102323774232 ], [ -95.574982037795223, 29.842426795535133 ], [ -95.570212710881066, 29.842442656064101 ], [ -95.570258558503326, 29.837244497547605 ], [ -95.566112130037411, 29.837288714087581 ], [ -95.566184089290999, 29.845106042290482 ], [ -95.563199713337482, 29.845107052818157 ], [ -95.556166140221137, 29.845118820966807 ], [ -95.553003445103101, 29.845215251327431 ], [ -95.548862222366267, 29.845213608985496 ], [ -95.548861543434953, 29.844131377666443 ], [ -95.546778626663311, 29.844324587733766 ], [ -95.546598778503352, 29.843890259505002 ], [ -95.546723693018464, 29.832063853048567 ], [ -95.574438631352621, 29.831930752958105 ] ] ] } },
{ "type": "Feature", "properties": { "OBJECTID": 26, "TRACT": "Metro Central", "SERVICE_CO": "MC", "AREA_AC": 6907, "SHAPE_LENG": 101448.304643, "INSIDE_X": -95.17039589, "INSIDE_Y": 29.59719856, "SHAPE_LE_1": 101448.305158, "LAT": 29.59719339, "LONG_": -95.17038894, "GLOBALID": "{2B3A2494-C036-432A-8941-A237AF01ACBC}", "SHAPESTLen": 101448.30515790227, "nmonths": 0, "mean_Janua": -9999.0, "mean_Febru": -9999.0, "mean_March": -9999.0, "mean_April": -9999.0, "mean_May": -9999.0, "mean_June": -9999, "mean_July": -9999.0, "mean_Augus": -9999.0, "mean_Septe": -9999.0, "mean_Octob": -9999.0, "mean_Novem": -9999.0, "mean_Decem": -9999.0 }, "geometry": { "type": "Polygon", "coordinates": [ [ [ -95.187296915943989, 29.588889659610803 ], [ -95.200142192033255, 29.601012485145951 ], [ -95.206546489778034, 29.607218946732743 ], [ -95.213125794284906, 29.612769987782531 ], [ -95.212329584003172, 29.613340422913698 ], [ -95.211024977106064, 29.614274753915826 ], [ -95.190572429515314, 29.614711115212966 ], [ -95.190758077629155, 29.630220531409137 ], [ -95.170365935186084, 29.630379622124185 ], [ -95.167158400371648, 29.630444104289168 ], [ -95.154027218621366, 29.630754499568901 ], [ -95.153365077547704, 29.589943493732417 ], [ -95.155198417117035, 29.588594025301894 ], [ -95.157708828452073, 29.588198771772245 ], [ -95.161897759165825, 29.585826279083083 ], [ -95.133572047354491, 29.555252937043637 ], [ -95.139164682033183, 29.544721974289352 ], [ -95.13943508216029, 29.54495739471982 ], [ -95.144649455936232, 29.550236489942044 ], [ -95.14999417649986, 29.555674130410775 ], [ -95.155294068166441, 29.562295515396258 ], [ -95.154982871847437, 29.55480722404366 ], [ -95.154074477152037, 29.554188658620991 ], [ -95.15405394065084, 29.553463031267018 ], [ -95.17507790850523, 29.57657558011655 ], [ -95.179554765474123, 29.582686148529973 ], [ -95.187023612634789, 29.588881868828963 ], [ -95.187296915943989, 29.588889659610803 ] ] ] } },
{ "type": "Feature", "properties": { "OBJECTID": 27, "TRACT": "Southeast", "SERVICE_CO": "SE", "AREA_AC": 5712, "SHAPE_LENG": 121607.189556, "INSIDE_X": -95.26544205, "INSIDE_Y": 29.60878738, "SHAPE_LE_1": 103708.71094800001, "LAT": 29.60878221, "LONG_": -95.26543508, "GLOBALID": "{E6F0E557-65D7-4A1E-AB5E-CF9268F25640}", "SHAPESTLen": 103708.71094758992, "nmonths": 0, "mean_Janua": -9999.0, "mean_Febru": -9999.0, "mean_March": -9999.0, "mean_April": -9999.0, "mean_May": -9999.0, "mean_June": -9999, "mean_July": -9999.0, "mean_Augus": -9999.0, "mean_Septe": -9999.0, "mean_Octob": -9999.0, "mean_Novem": -9999.0, "mean_Decem": -9999.0 }, "geometry": { "type": "Polygon", "coordinates": [ [ [ -95.288524094212633, 29.623748586449253 ], [ -95.288524424083448, 29.623730580053177 ], [ -95.287133735487103, 29.623435823204282 ], [ -95.285582146310489, 29.623086771254325 ], [ -95.28543870368766, 29.622154023844615 ], [ -95.281126594771948, 29.622246728478896 ], [ -95.28112545984969, 29.622288087562836 ], [ -95.28110992323144, 29.622854399745105 ], [ -95.281043094589293, 29.62529033292957 ], [ -95.278406114672507, 29.625703286393708 ], [ -95.278433935877672, 29.624836684094401 ], [ -95.278458748282731, 29.624063791507947 ], [ -95.278428124699843, 29.622843486864443 ], [ -95.278423208141447, 29.622345253104694 ], [ -95.277819257711158, 29.622353950722189 ], [ -95.266877336874188, 29.62251105194564 ], [ -95.266873336364483, 29.622511109138838 ], [ -95.266867230446749, 29.621901859281859 ], [ -95.266841965161674, 29.619380401844662 ], [ -95.266825407819184, 29.619380544692604 ], [ -95.266856171247511, 29.617746983129944 ], [ -95.266809607461141, 29.61263579358517 ], [ -95.260886819926796, 29.612470394342495 ], [ -95.260824420527371, 29.614175088282444 ], [ -95.263318378898319, 29.614213165485452 ], [ -95.263334049911222, 29.615762035948276 ], [ -95.262719871248464, 29.615744881228796 ], [ -95.262695616171541, 29.616407818467398 ], [ -95.263237541665461, 29.616422955216347 ], [ -95.263187882791897, 29.617780396316739 ], [ -95.24914906369024, 29.617956377346946 ], [ -95.249076126923143, 29.618092821187751 ], [ -95.244418918201163, 29.617908657628799 ], [ -95.235785724645282, 29.617799377310462 ], [ -95.235812550703287, 29.620318034446694 ], [ -95.238079405066685, 29.620268729191327 ], [ -95.238098515112384, 29.620753937515339 ], [ -95.234458264654847, 29.620861697461638 ], [ -95.234764121778255, 29.624898817885335 ], [ -95.234874034808229, 29.626569416475249 ], [ -95.236090496122372, 29.626575391139763 ], [ -95.236051316502227, 29.627634442972177 ], [ -95.23852675258955, 29.627586498103078 ], [ -95.238544459523581, 29.628370254602384 ], [ -95.236341720496497, 29.628430382584479 ], [ -95.236334559980037, 29.627992776859546 ], [ -95.236032157601812, 29.627984270803545 ], [ -95.236021639417558, 29.62797929969312 ], [ -95.23496575879112, 29.627964464823307 ], [ -95.2349347214994, 29.627964029335857 ], [ -95.234548489063698, 29.627967976732069 ], [ -95.234323882697424, 29.628423794486746 ], [ -95.233711648749122, 29.628414729664698 ], [ -95.233692803541501, 29.627976718765247 ], [ -95.232172966947189, 29.627992231616435 ], [ -95.230976094418025, 29.628004436425705 ], [ -95.230952181785753, 29.628006649806721 ], [ -95.229803336780577, 29.628112944501236 ], [ -95.229052850744068, 29.627427730841656 ], [ -95.228398455741498, 29.626870581752883 ], [ -95.226662604997784, 29.62526645108268 ], [ -95.226018138554295, 29.624701283114121 ], [ -95.224499597698184, 29.623310525645792 ], [ -95.222049374636669, 29.621094749232046 ], [ -95.221495310698444, 29.620593680217162 ], [ -95.22089649631674, 29.62005507010873 ], [ -95.220056115206106, 29.619254278498481 ], [ -95.220505882256376, 29.618857950076471 ], [ -95.221091973626343, 29.61937840375704 ], [ -95.221831417449835, 29.62002329854058 ], [ -95.228813864866879, 29.619785804957754 ], [ -95.229480142787324, 29.618457994744169 ], [ -95.229752914457407, 29.618283794139678 ], [ -95.227023433304907, 29.615915041244531 ], [ -95.229664206257894, 29.613340263420412 ], [ -95.231052900392513, 29.612069756023715 ], [ -95.231082866275727, 29.611962626784813 ], [ -95.230850239989707, 29.611745805554339 ], [ -95.229220333656357, 29.610392866439557 ], [ -95.228711383033783, 29.60996360059233 ], [ -95.228714614587432, 29.60996267430394 ], [ -95.228178338443499, 29.60952529221796 ], [ -95.228233973925541, 29.609022656441528 ], [ -95.228451702667257, 29.607233131177516 ], [ -95.227879824201125, 29.607190625118786 ], [ -95.228073067987168, 29.605371929696343 ], [ -95.225774516227162, 29.605398888348819 ], [ -95.225221411465839, 29.60571529522635 ], [ -95.225128177261084, 29.605626678686367 ], [ -95.225096949534276, 29.605596997481971 ], [ -95.223742720903573, 29.604309812358593 ], [ -95.224152204451357, 29.603845435281201 ], [ -95.223686753693954, 29.603383234370458 ], [ -95.224861101087924, 29.602335458634432 ], [ -95.226000043664683, 29.601319242273309 ], [ -95.230192044522383, 29.601238345795505 ], [ -95.232806958480126, 29.601187817824385 ], [ -95.233316079050113, 29.601179833157421 ], [ -95.234940596036907, 29.60256057366654 ], [ -95.237169976930019, 29.600502860270563 ], [ -95.237895268470666, 29.599868867563721 ], [ -95.240388699229612, 29.599825196219548 ], [ -95.243673637838683, 29.599779715413572 ], [ -95.246266809918737, 29.601984758783111 ], [ -95.249149698845841, 29.599400969663119 ], [ -95.248101102319978, 29.598577300880237 ], [ -95.249367167888977, 29.597392122429387 ], [ -95.244731981842122, 29.593647678645631 ], [ -95.254074203201739, 29.585035332248214 ], [ -95.259440190001115, 29.589282823894823 ], [ -95.260393320072851, 29.590055178072983 ], [ -95.260402019431041, 29.590237912209492 ], [ -95.261060034103267, 29.590747726616641 ], [ -95.26088928559524, 29.591672856750403 ], [ -95.261057488304374, 29.592143775229065 ], [ -95.261236689903356, 29.592645481560545 ], [ -95.261470599422026, 29.593039489719715 ], [ -95.262006904736424, 29.593367352813637 ], [ -95.263505585508625, 29.593854075483176 ], [ -95.264783509032327, 29.593962045441515 ], [ -95.265493111924215, 29.594162336016243 ], [ -95.266015863980769, 29.594562641704549 ], [ -95.266537369225688, 29.594647863154503 ], [ -95.266869587388129, 29.594586492115358 ], [ -95.267136793479423, 29.594337089155061 ], [ -95.268483687193523, 29.593828332131629 ], [ -95.269850246669719, 29.594680813613412 ], [ -95.270185462263598, 29.594866786232707 ], [ -95.270178450560536, 29.594806303785642 ], [ -95.271797518877221, 29.594211579990329 ], [ -95.273097622554474, 29.595062175990378 ], [ -95.273727818542525, 29.594207198388599 ], [ -95.274957211325557, 29.595172143275665 ], [ -95.276956135318926, 29.595111455687654 ], [ -95.277520666883277, 29.596057869278887 ], [ -95.278875869705843, 29.59539754934568 ], [ -95.280068455685935, 29.59554705678574 ], [ -95.282327942643732, 29.597471275220574 ], [ -95.283454066414691, 29.597618905378081 ], [ -95.285176504045083, 29.597841255191305 ], [ -95.286253043489893, 29.597522134748413 ], [ -95.28796281778142, 29.598093109876409 ], [ -95.290647806794937, 29.597469565889394 ], [ -95.292430422978001, 29.597867997817797 ], [ -95.293879447660345, 29.596453935093418 ], [ -95.294602416831893, 29.596706638457796 ], [ -95.296019794005005, 29.596164206594036 ], [ -95.297266812106827, 29.59655080917182 ], [ -95.305570217326149, 29.625349901931578 ], [ -95.288530015569378, 29.623749918814354 ], [ -95.288524094212633, 29.623748586449253 ] ] ] } },
{ "type": "Feature", "properties": { "OBJECTID": 28, "TRACT": "Turkey Creek", "SERVICE_CO": "TC", "AREA_AC": 6444, "SHAPE_LENG": 112220.308773, "INSIDE_X": -95.61607571, "INSIDE_Y": 29.75779626, "SHAPE_LE_1": 112220.309943, "LAT": 29.75779107, "LONG_": -95.61606864, "GLOBALID": "{35524C38-3558-4D33-B9D9-3C52A9014F4B}", "SHAPESTLen": 112220.30994267054, "nmonths": 0, "mean_Janua": -9999.0, "mean_Febru": -9999.0, "mean_March": -9999.0, "mean_April": -9999.0, "mean_May": -9999.0, "mean_June": -9999, "mean_July": -9999.0, "mean_Augus": -9999.0, "mean_Septe": -9999.0, "mean_Octob": -9999.0, "mean_Novem": -9999.0, "mean_Decem": -9999.0 }, "geometry": { "type": "Polygon", "coordinates": [ [ [ -95.644378319992313, 29.742664618319321 ], [ -95.644284684777816, 29.742664241761368 ], [ -95.644416424402522, 29.766637687550418 ], [ -95.64357514085917, 29.770180718686074 ], [ -95.646377011517743, 29.771113149433397 ], [ -95.64641579730278, 29.779966234516188 ], [ -95.647124212034157, 29.781220201913762 ], [ -95.647825167700574, 29.781849767511087 ], [ -95.648614863633696, 29.782219248021342 ], [ -95.649591143975783, 29.782401034578637 ], [ -95.657145167325325, 29.782502212756544 ], [ -95.660303903808895, 29.782546201956126 ], [ -95.660321027327484, 29.784644843045815 ], [ -95.657068646665479, 29.784658147556772 ], [ -95.606476612410944, 29.784133777272476 ], [ -95.604814784711465, 29.784136785367465 ], [ -95.604469969242999, 29.783797365727956 ], [ -95.604245451877858, 29.783436321055277 ], [ -95.604229324719483, 29.782736662767309 ], [ -95.60254755885947, 29.782728433961417 ], [ -95.602548546034626, 29.782304323317423 ], [ -95.602876409730882, 29.782324096594028 ], [ -95.602909108277331, 29.781946925491791 ], [ -95.602534495800725, 29.781937146975352 ], [ -95.602507921790277, 29.781156980431273 ], [ -95.603730123904313, 29.781153566221882 ], [ -95.603727123929119, 29.780440165605555 ], [ -95.606285266562196, 29.780383999994818 ], [ -95.606240673298814, 29.775753243631861 ], [ -95.610833741102496, 29.775776397846357 ], [ -95.612943517019545, 29.77578655586511 ], [ -95.612952833142046, 29.773663691856587 ], [ -95.612943204570996, 29.772882265107047 ], [ -95.612953246065956, 29.77143143756653 ], [ -95.616462246697765, 29.771452590952563 ], [ -95.616473514589273, 29.770588993573103 ], [ -95.618327108319136, 29.770516146273643 ], [ -95.619205348954836, 29.765394161297134 ], [ -95.616821489523375, 29.762802764195378 ], [ -95.612983735914497, 29.760825959425507 ], [ -95.610748594773156, 29.760674360119577 ], [ -95.607816175303455, 29.761692449924738 ], [ -95.601953875141021, 29.761658287443083 ], [ -95.595381840523743, 29.759192418474228 ], [ -95.590165954410395, 29.759519814159056 ], [ -95.588956352889667, 29.760236296450742 ], [ -95.585637061691045, 29.765262064384412 ], [ -95.584073189993688, 29.766243220538502 ], [ -95.582115293637656, 29.766630903360003 ], [ -95.579810552616465, 29.766753688622128 ], [ -95.57776161075779, 29.766526448921589 ], [ -95.573074405311829, 29.76402619237231 ], [ -95.573729191632452, 29.76323169856169 ], [ -95.574973980571286, 29.763969595006543 ], [ -95.575825234637108, 29.762048180716572 ], [ -95.575490256260196, 29.760833775891321 ], [ -95.576471928034522, 29.760110784665645 ], [ -95.576345316297534, 29.750852876583043 ], [ -95.576295435268861, 29.747205663282287 ], [ -95.576262667413971, 29.744809649413082 ], [ -95.576105192001847, 29.736469254072766 ], [ -95.606482360233443, 29.736239893242093 ], [ -95.606521216412062, 29.73978428925389 ], [ -95.606084896497777, 29.739791358973807 ], [ -95.606169206297295, 29.742638760094859 ], [ -95.604058330184202, 29.742709981039859 ], [ -95.604092362543966, 29.743225797731711 ], [ -95.606109702388082, 29.743194701798426 ], [ -95.606200235847652, 29.747452861884636 ], [ -95.617040672613726, 29.747337105871789 ], [ -95.617109213660484, 29.735883232505405 ], [ -95.622271402627362, 29.736046470801369 ], [ -95.623464958560817, 29.736029960887105 ], [ -95.624006435852337, 29.736018242353616 ], [ -95.624515252744629, 29.736008556425574 ], [ -95.625001644553947, 29.735999294714926 ], [ -95.625115612761462, 29.735997124615778 ], [ -95.625186014412236, 29.735996653269929 ], [ -95.626682022745626, 29.735984585821512 ], [ -95.628775789011542, 29.735953415085113 ], [ -95.628974772691194, 29.735953077683423 ], [ -95.629300171913883, 29.735948642839624 ], [ -95.629762594584534, 29.735938675064535 ], [ -95.631381025741661, 29.735915066663644 ], [ -95.631388273138583, 29.735724316779685 ], [ -95.64414671412564, 29.7354864875158 ], [ -95.644326659903044, 29.741063609614486 ], [ -95.644358241586758, 29.742042355570106 ], [ -95.644378319992313, 29.742664618319321 ] ] ] } },
{ "type": "Feature", "properties": { "OBJECTID": 29, "TRACT": "Upper Brays", "SERVICE_CO": "UB", "AREA_AC": 8309, "SHAPE_LENG": 188926.11043599999, "INSIDE_X": -95.56315099, "INSIDE_Y": 29.73739968, "SHAPE_LE_1": 188926.10882699999, "LAT": 29.7373945, "LONG_": -95.56314394, "GLOBALID": "{2151551C-1BD7-494B-BF4E-C022FB05F141}", "SHAPESTLen": 188926.10882684338, "nmonths": 0, "mean_Janua": -9999.0, "mean_Febru": -9999.0, "mean_March": -9999.0, "mean_April": -9999.0, "mean_May": -9999.0, "mean_June": -9999, "mean_July": -9999.0, "mean_Augus": -9999.0, "mean_Septe": -9999.0, "mean_Octob": -9999.0, "mean_Novem": -9999.0, "mean_Decem": -9999.0 }, "geometry": { "type": "MultiPolygon", "coordinates": [ [ [ [ -95.506185253423567, 29.750764092944248 ], [ -95.505812478381813, 29.750591243408675 ], [ -95.506896776641739, 29.750802130179355 ], [ -95.50737138844508, 29.751241783811082 ], [ -95.507202792445156, 29.751813289395344 ], [ -95.506639660426913, 29.752030384938323 ], [ -95.50525536984901, 29.751884798616366 ], [ -95.504929781592665, 29.752025667259925 ], [ -95.504756201598354, 29.752299854434529 ], [ -95.504677401718851, 29.752974358624829 ], [ -95.504505832509338, 29.753668336962949 ], [ -95.504710632214113, 29.754263154421807 ], [ -95.505515272368498, 29.754603444736485 ], [ -95.506686362719421, 29.754928725127868 ], [ -95.506785408193409, 29.755324289957084 ], [ -95.506862213662259, 29.755547344686654 ], [ -95.506663212066059, 29.756426365714411 ], [ -95.505887056042084, 29.75689735168304 ], [ -95.504793588256021, 29.75677058245077 ], [ -95.504480313784128, 29.757012342963037 ], [ -95.504635307430675, 29.757282241732717 ], [ -95.505298509942591, 29.75764340368206 ], [ -95.505229647842711, 29.758010027839269 ], [ -95.503799521668, 29.75784990590881 ], [ -95.503305066592688, 29.757493141817825 ], [ -95.502936088338402, 29.757581755642832 ], [ -95.502560880393176, 29.757967707091925 ], [ -95.502797017027433, 29.759174616045232 ], [ -95.502441849455479, 29.759681133321777 ], [ -95.501463724569035, 29.760294190413909 ], [ -95.500880681251488, 29.760057910980137 ], [ -95.500514218176377, 29.760072900162434 ], [ -95.500469422986669, 29.758917344249415 ], [ -95.500487612115521, 29.757566941747132 ], [ -95.500873935520502, 29.756152470324519 ], [ -95.501014716115151, 29.754510531292343 ], [ -95.501050075618437, 29.753479874195399 ], [ -95.500990964780897, 29.752741486895729 ], [ -95.501016220914678, 29.752005303431808 ], [ -95.501040339743696, 29.750897700179365 ], [ -95.500944696231898, 29.749884665053564 ], [ -95.499550682229867, 29.749879612392338 ], [ -95.499538045617513, 29.750288909156215 ], [ -95.498419622189815, 29.750160652485572 ], [ -95.495786622695107, 29.749761511578622 ], [ -95.495796496840455, 29.737799507216153 ], [ -95.495793939294302, 29.737550877010513 ], [ -95.49535733667669, 29.736950908292453 ], [ -95.495234085874856, 29.735880317832972 ], [ -95.493645366586165, 29.735878645218797 ], [ -95.493627427531152, 29.735070169103317 ], [ -95.493611084666313, 29.733922173581998 ], [ -95.491916544047527, 29.733952833386759 ], [ -95.491954551023014, 29.735880812608002 ], [ -95.49027097672176, 29.735878526848751 ], [ -95.490275231630278, 29.735037850638729 ], [ -95.489841526044671, 29.735046166251593 ], [ -95.489775334212325, 29.736519345958502 ], [ -95.487361444309386, 29.736563077724728 ], [ -95.487362966778548, 29.735413569021233 ], [ -95.489672554148967, 29.735405508673363 ], [ -95.489678065707906, 29.734248507240292 ], [ -95.488683877115449, 29.734242401305565 ], [ -95.488665874646472, 29.733104734053608 ], [ -95.489250324442011, 29.733060200173146 ], [ -95.491205449437118, 29.733041598696072 ], [ -95.496316794870609, 29.732975877509848 ], [ -95.4963084164809, 29.731888341321199 ], [ -95.497074880126775, 29.731868485306581 ], [ -95.497088401086998, 29.732807563506189 ], [ -95.49785418582502, 29.732806597284135 ], [ -95.497874078517924, 29.733226083582093 ], [ -95.496344972575443, 29.735151248520165 ], [ -95.50084009700538, 29.735059257791004 ], [ -95.500953468726905, 29.734752981988404 ], [ -95.501100899194711, 29.734786758746072 ], [ -95.501288111344991, 29.733993618886899 ], [ -95.501252851642846, 29.731688386158595 ], [ -95.501173140864807, 29.729012902006442 ], [ -95.501007722318775, 29.728170648670893 ], [ -95.501270357650597, 29.728177508395216 ], [ -95.501129613703455, 29.724992557529756 ], [ -95.503608898075598, 29.724923841472251 ], [ -95.503561379850979, 29.722773581336639 ], [ -95.508587710814098, 29.722361622509052 ], [ -95.508668239823095, 29.724827034264635 ], [ -95.511104284999135, 29.724785960791639 ], [ -95.511113966693173, 29.725388970040658 ], [ -95.513894062049062, 29.725343277100443 ], [ -95.513925621083075, 29.726399538361282 ], [ -95.512339637612499, 29.726433281404912 ], [ -95.512335475319901, 29.729296882197751 ], [ -95.51139858215457, 29.729306923655383 ], [ -95.511425244353305, 29.730670586169339 ], [ -95.519703340689077, 29.73050954475562 ], [ -95.519715310649659, 29.730757722939945 ], [ -95.520337606806436, 29.730756671434115 ], [ -95.520318085699401, 29.729820663685292 ], [ -95.522438357309213, 29.72978470729754 ], [ -95.522435067039197, 29.72924029775222 ], [ -95.524790013809621, 29.729203632855409 ], [ -95.52479515762677, 29.729466395002643 ], [ -95.525663872855191, 29.729471712191373 ], [ -95.526798335682329, 29.729184999414134 ], [ -95.526786850450861, 29.729522366426828 ], [ -95.528225836061821, 29.729522773622119 ], [ -95.528227465110618, 29.737158097877973 ], [ -95.53577256758841, 29.737116049587943 ], [ -95.535749259945035, 29.736017578651616 ], [ -95.539063230896744, 29.736009765179883 ], [ -95.539245867985727, 29.734801602137807 ], [ -95.543528395404621, 29.734722754273189 ], [ -95.543046320204965, 29.732810418382673 ], [ -95.543257558923358, 29.732087649630373 ], [ -95.544530533470166, 29.732475383679319 ], [ -95.545572915493111, 29.730557480380913 ], [ -95.547478068655096, 29.730984863191626 ], [ -95.547448102521457, 29.728934124917274 ], [ -95.549127116159383, 29.728879604977934 ], [ -95.549206432996897, 29.729847279211302 ], [ -95.550698481570379, 29.729820519729003 ], [ -95.550676658421935, 29.728652591668087 ], [ -95.552003199469183, 29.728288812172984 ], [ -95.552001823571018, 29.729038524042803 ], [ -95.555082230997272, 29.729002823232236 ], [ -95.555758085513133, 29.729295319702615 ], [ -95.556857863700969, 29.729946743363922 ], [ -95.557461959942628, 29.729871359308994 ], [ -95.558273239960172, 29.729879139281813 ], [ -95.558258721576379, 29.730786353946467 ], [ -95.558667856987284, 29.73135610300065 ], [ -95.559851002400379, 29.731368351486296 ], [ -95.560972876849064, 29.731405927612791 ], [ -95.560962081358966, 29.731969286960197 ], [ -95.56091874109643, 29.734230853025799 ], [ -95.561207016883657, 29.734615434048873 ], [ -95.562186081786848, 29.735906560553229 ], [ -95.562427252989963, 29.73622459582824 ], [ -95.562428297630717, 29.73623395850478 ], [ -95.562451779893436, 29.736712335968907 ], [ -95.567917979823775, 29.736585098074542 ], [ -95.576114705132056, 29.736469283274616 ], [ -95.576167927345651, 29.736835464143923 ], [ -95.576156744179229, 29.737063680261567 ], [ -95.576471928034522, 29.760110784665645 ], [ -95.575490256260196, 29.760833775891321 ], [ -95.575810896303651, 29.762054220216161 ], [ -95.574973980571286, 29.763969595006543 ], [ -95.573729191632452, 29.76323169856169 ], [ -95.573074405311829, 29.76402619237231 ], [ -95.569378925786879, 29.762042204092882 ], [ -95.564606374238508, 29.762049684388458 ], [ -95.557552671251088, 29.762350205797361 ], [ -95.556938151864486, 29.762491251465736 ], [ -95.555904873116589, 29.762299245120069 ], [ -95.555812514435175, 29.761485626355629 ], [ -95.555627477344487, 29.761349863867807 ], [ -95.554522687587166, 29.761125871612609 ], [ -95.55442459321452, 29.760983117992879 ], [ -95.554725332410342, 29.759551030071687 ], [ -95.554505512467898, 29.759255689542282 ], [ -95.554126995995418, 29.759276091521727 ], [ -95.553215949800006, 29.759556488402957 ], [ -95.55314014829041, 29.763801430375242 ], [ -95.550185805911809, 29.763800426530103 ], [ -95.550159440581226, 29.764454771125397 ], [ -95.549451612291904, 29.764456839314132 ], [ -95.549442693409389, 29.764053754679974 ], [ -95.548203921470432, 29.76397633108672 ], [ -95.548170494623491, 29.763318600476239 ], [ -95.547316158844154, 29.763296586021326 ], [ -95.547296993900474, 29.762613390188186 ], [ -95.546983967747281, 29.762614548587841 ], [ -95.546422555268421, 29.762965528366003 ], [ -95.546412111066829, 29.761137602652262 ], [ -95.546415763595348, 29.759866954180442 ], [ -95.546416628545686, 29.759018887488558 ], [ -95.54536965205132, 29.759030464772859 ], [ -95.544638972186164, 29.759027406166879 ], [ -95.543187768121797, 29.759027964775736 ], [ -95.542181555381404, 29.759011255059704 ], [ -95.54126217745808, 29.75901720011737 ], [ -95.540628570999345, 29.759001656928483 ], [ -95.540049948419309, 29.758999152655733 ], [ -95.539561930258586, 29.758973304138173 ], [ -95.539072712541227, 29.758975926895438 ], [ -95.538625385164522, 29.75898779689803 ], [ -95.538133540544735, 29.758989051300365 ], [ -95.537743142768093, 29.758991665888956 ], [ -95.537352408805546, 29.758950361470944 ], [ -95.535824529754365, 29.759008764564349 ], [ -95.5339637650534, 29.75903210698322 ], [ -95.533261522362338, 29.759030702140382 ], [ -95.532283216342336, 29.759039887448747 ], [ -95.531911270190704, 29.759043376857811 ], [ -95.531441650956936, 29.759047782395267 ], [ -95.531207237146688, 29.759049980802551 ], [ -95.530580552079343, 29.759055855030134 ], [ -95.530017115450434, 29.759061134671384 ], [ -95.529696111988784, 29.758769158252449 ], [ -95.529575087669741, 29.754117379107413 ], [ -95.526506474693591, 29.754061591104005 ], [ -95.525943948936614, 29.754063965570356 ], [ -95.525905950910726, 29.747134952842998 ], [ -95.52621345589948, 29.746742864401163 ], [ -95.527075588080692, 29.74649608028886 ], [ -95.52791097214795, 29.746457486615533 ], [ -95.528590384016312, 29.745878495321506 ], [ -95.528272673271573, 29.745577785996904 ], [ -95.528221032863584, 29.745413965888229 ], [ -95.528543555564909, 29.745392393198291 ], [ -95.528558813734364, 29.744863023437926 ], [ -95.527872190090477, 29.744180174212023 ], [ -95.527273581236898, 29.743845115155889 ], [ -95.527044933658047, 29.743358621960766 ], [ -95.526665963751284, 29.742905880198631 ], [ -95.523041949481055, 29.742966851041853 ], [ -95.523043218477824, 29.742681498891653 ], [ -95.522987764140765, 29.742173648288389 ], [ -95.521304981596913, 29.742204085287636 ], [ -95.520688813073008, 29.742169508249084 ], [ -95.520359686653308, 29.742591144107401 ], [ -95.519777796592734, 29.743246777759953 ], [ -95.519033111554194, 29.743278301881475 ], [ -95.518559140447692, 29.74264559894867 ], [ -95.518185930585418, 29.742635897918365 ], [ -95.517606528361185, 29.743711327210999 ], [ -95.517295108105202, 29.7437702712682 ], [ -95.517215092529753, 29.743528294202029 ], [ -95.516430180368744, 29.743292765848061 ], [ -95.515505830896558, 29.744299860835728 ], [ -95.514874269728494, 29.744749269344226 ], [ -95.514291117089684, 29.744994183894338 ], [ -95.513932888192457, 29.744819376176395 ], [ -95.513009929435754, 29.743707990293114 ], [ -95.512204589231473, 29.743968718484279 ], [ -95.512433189362937, 29.744806839757466 ], [ -95.512222952056334, 29.745307555776556 ], [ -95.511101112878791, 29.745671976106514 ], [ -95.510140694675357, 29.745747211372809 ], [ -95.508998092235387, 29.74634725486213 ], [ -95.508146877010105, 29.746048518996052 ], [ -95.507662251423625, 29.746248262276165 ], [ -95.50694692853007, 29.74697753433475 ], [ -95.506697193204161, 29.747304363762044 ], [ -95.50700096168228, 29.747785339229619 ], [ -95.507910378043078, 29.747931116153207 ], [ -95.508395291297248, 29.748073147434138 ], [ -95.508394576550643, 29.74835760830091 ], [ -95.507925748500156, 29.748729699493794 ], [ -95.50754779790968, 29.748733554204946 ], [ -95.506997232006, 29.748465395254978 ], [ -95.506384568038186, 29.748376289356404 ], [ -95.50581109150815, 29.748934653291553 ], [ -95.505824709849236, 29.749441889685947 ], [ -95.505312937414416, 29.750204738974457 ], [ -95.505168474893068, 29.750292626543317 ], [ -95.505812478381813, 29.750591243408675 ], [ -95.505641296411639, 29.750557949037457 ], [ -95.506185253423567, 29.750764092944248 ] ] ], [ [ [ -95.606482360233443, 29.736239893242093 ], [ -95.585018787213698, 29.73641495595534 ], [ -95.582273582065312, 29.736487756985515 ], [ -95.582242258969416, 29.735478581320255 ], [ -95.582221722643823, 29.726049331165544 ], [ -95.573183552910663, 29.726240224362179 ], [ -95.573063629474646, 29.716849583504739 ], [ -95.572378726140784, 29.716877505316521 ], [ -95.572390170748818, 29.716634915005393 ], [ -95.574864133547592, 29.716459877834922 ], [ -95.587651980504077, 29.715578269543911 ], [ -95.58697510825246, 29.714254078271654 ], [ -95.586831143591738, 29.71178000231513 ], [ -95.587780687402287, 29.711747395644544 ], [ -95.587802638843925, 29.711926893499744 ], [ -95.588940027708489, 29.711907063019954 ], [ -95.588905768171784, 29.710972616896232 ], [ -95.59036094905764, 29.710963052946205 ], [ -95.590357880610625, 29.71137706660641 ], [ -95.591602539777611, 29.71137737863215 ], [ -95.591630264902179, 29.711760175848006 ], [ -95.596394970032293, 29.711737936377578 ], [ -95.596502148137446, 29.714544978297216 ], [ -95.614626400570685, 29.713091781385227 ], [ -95.614661629363965, 29.712296595371718 ], [ -95.614831915668134, 29.712248803571949 ], [ -95.614848062638401, 29.711761946156127 ], [ -95.620012049983728, 29.711794257400221 ], [ -95.619985159583607, 29.713103339622975 ], [ -95.628572467154513, 29.712370176362715 ], [ -95.628755865004962, 29.722233313437826 ], [ -95.622174769703136, 29.722261458848713 ], [ -95.622224998941775, 29.730511341802728 ], [ -95.622227562206191, 29.730806868364578 ], [ -95.622239397822099, 29.73080816868567 ], [ -95.622239418615891, 29.730815382907206 ], [ -95.622239437147527, 29.730821915597566 ], [ -95.622242061540618, 29.731042702663597 ], [ -95.622241797821601, 29.731273508128695 ], [ -95.622267869736064, 29.735815974288037 ], [ -95.622267986301637, 29.735823544738778 ], [ -95.622268601030314, 29.735863151574581 ], [ -95.622269267545519, 29.735906099385524 ], [ -95.622270660461169, 29.735926852191632 ], [ -95.622271402627362, 29.736046470801369 ], [ -95.617094840110923, 29.735872242178715 ], [ -95.617040672613726, 29.747337105871789 ], [ -95.606268831671443, 29.747507460939854 ], [ -95.606109702388082, 29.743194701798426 ], [ -95.604092362543966, 29.743225797731711 ], [ -95.604058330184202, 29.742709981039859 ], [ -95.606169206297295, 29.742638760094859 ], [ -95.606084896497777, 29.739791358973807 ], [ -95.606521216412062, 29.73978428925389 ], [ -95.606482360233443, 29.736239893242093 ] ] ] ] } },
{ "type": "Feature", "properties": { "OBJECTID": 30, "TRACT": "WCID #47", "SERVICE_CO": "WC", "AREA_AC": 3842, "SHAPE_LENG": 57040.221030599998, "INSIDE_X": -95.21619862, "INSIDE_Y": 29.63456541, "SHAPE_LE_1": 57040.221260799997, "LAT": 29.63456023, "LONG_": -95.21619166000001, "GLOBALID": "{72B6EF8E-1226-4F25-9D29-910412B6CEC3}", "SHAPESTLen": 57040.221260821061, "nmonths": 0, "mean_Janua": -9999.0, "mean_Febru": -9999.0, "mean_March": -9999.0, "mean_April": -9999.0, "mean_May": -9999.0, "mean_June": -9999, "mean_July": -9999.0, "mean_Augus": -9999.0, "mean_Septe": -9999.0, "mean_Octob": -9999.0, "mean_Novem": -9999.0, "mean_Decem": -9999.0 }, "geometry": { "type": "Polygon", "coordinates": [ [ [ -95.246747627920143, 29.652304332195676 ], [ -95.216553133711955, 29.652771973035193 ], [ -95.216571150552383, 29.651002659841609 ], [ -95.208057603993822, 29.651083701393603 ], [ -95.208014299845942, 29.643777361265212 ], [ -95.199828123650065, 29.643959712097423 ], [ -95.192713974112053, 29.634407495761803 ], [ -95.192891543703368, 29.631298311838489 ], [ -95.190821624012173, 29.631344418378703 ], [ -95.190753313161181, 29.630136254899867 ], [ -95.190572429515314, 29.614711115212966 ], [ -95.211024977106064, 29.614274753915826 ], [ -95.212329584003172, 29.613340422913698 ], [ -95.213125794284906, 29.612769987782531 ], [ -95.218281163499938, 29.617686815709895 ], [ -95.229680499849408, 29.627995233665697 ], [ -95.244305963707816, 29.642007632212795 ], [ -95.249523339645563, 29.649303515688196 ], [ -95.247088973778503, 29.649397639194568 ], [ -95.246747627920143, 29.652304332195676 ] ] ] } },
{ "type": "Feature", "properties": { "OBJECTID": 31, "TRACT": "WCID #76", "SERVICE_CO": "WA", "AREA_AC": 313, "SHAPE_LENG": 19613.511958, "INSIDE_X": -95.29205531, "INSIDE_Y": 29.90503739, "SHAPE_LE_1": 19613.512126099999, "LAT": 29.90503216, "LONG_": -95.29204832000001, "GLOBALID": "{82230AB6-3D0E-4B07-9539-4D347BBE73B2}", "SHAPESTLen": 19613.512126010173, "nmonths": 0, "mean_Janua": -9999.0, "mean_Febru": -9999.0, "mean_March": -9999.0, "mean_April": -9999.0, "mean_May": -9999.0, "mean_June": -9999, "mean_July": -9999.0, "mean_Augus": -9999.0, "mean_Septe": -9999.0, "mean_Octob": -9999.0, "mean_Novem": -9999.0, "mean_Decem": -9999.0 }, "geometry": { "type": "Polygon", "coordinates": [ [ [ -95.287994939197674, 29.913645003584335 ], [ -95.287365391766443, 29.913574303668007 ], [ -95.287340193765203, 29.911740948748573 ], [ -95.287292870921263, 29.909792307629726 ], [ -95.287252258802837, 29.908074647468407 ], [ -95.287213808175153, 29.904547216360147 ], [ -95.287217018015099, 29.904489200896009 ], [ -95.287178948782852, 29.901653288266125 ], [ -95.287151257351468, 29.899495741319207 ], [ -95.290187148805828, 29.899456928760742 ], [ -95.290187230664984, 29.899456928316049 ], [ -95.293797069232397, 29.899426455560921 ], [ -95.29809909431215, 29.899390222114992 ], [ -95.300850536805328, 29.899377577762767 ], [ -95.300845734372601, 29.90074005526181 ], [ -95.299787912922881, 29.900576998578224 ], [ -95.299770128885996, 29.903568406946601 ], [ -95.295904020928035, 29.903540657804445 ], [ -95.295979022048556, 29.907883683418333 ], [ -95.291521268327841, 29.90790626888494 ], [ -95.29153823099081, 29.91104462969221 ], [ -95.291658246114437, 29.914729653726649 ], [ -95.289949508317918, 29.914372318039739 ], [ -95.289482570957119, 29.914368910566729 ], [ -95.289014602632804, 29.91439490545449 ], [ -95.288580652471751, 29.914402279237223 ], [ -95.288304070951654, 29.913889319088245 ], [ -95.287994939197674, 29.913645003584335 ] ] ] } },
{ "type": "Feature", "properties": { "OBJECTID": 32, "TRACT": "WCID #111", "SERVICE_CO": "WJ", "AREA_AC": 1837, "SHAPE_LENG": 51885.250309199997, "INSIDE_X": -95.60342927000001, "INSIDE_Y": 29.67471407, "SHAPE_LE_1": 51885.250848399999, "LAT": 29.6747089, "LONG_": -95.60342221000001, "GLOBALID": "{6C97FBED-E8A1-4AC1-B417-FF242D9DF112}", "SHAPESTLen": 51885.250848164418, "nmonths": 0, "mean_Janua": -9999.0, "mean_Febru": -9999.0, "mean_March": -9999.0, "mean_April": -9999.0, "mean_May": -9999.0, "mean_June": -9999, "mean_July": -9999.0, "mean_Augus": -9999.0, "mean_Septe": -9999.0, "mean_Octob": -9999.0, "mean_Novem": -9999.0, "mean_Decem": -9999.0 }, "geometry": { "type": "Polygon", "coordinates": [ [ [ -95.596271472743624, 29.660232510737409 ], [ -95.59628967545882, 29.660240880658264 ], [ -95.596509297072558, 29.660255786951556 ], [ -95.619290803906026, 29.661800044524355 ], [ -95.619305239165982, 29.661587494490195 ], [ -95.619306338382472, 29.661571304664733 ], [ -95.619307255958134, 29.661557791971028 ], [ -95.619309027148205, 29.661545154723523 ], [ -95.619321258685133, 29.661457892082947 ], [ -95.619324579274092, 29.661449369344759 ], [ -95.619332813996195, 29.661363864287868 ], [ -95.619349619963373, 29.66118677712273 ], [ -95.619355367758359, 29.661108649651396 ], [ -95.619356821603873, 29.661086929327773 ], [ -95.619362749054886, 29.660998410780273 ], [ -95.619374488567175, 29.660823110137148 ], [ -95.622987870524042, 29.660776939581968 ], [ -95.6229875461338, 29.659992347236649 ], [ -95.624056675512549, 29.659971808493744 ], [ -95.624054049304107, 29.661209232053437 ], [ -95.624234408227665, 29.661209825787644 ], [ -95.624672179951503, 29.66121121145104 ], [ -95.624673741409524, 29.66116897250561 ], [ -95.624831258470238, 29.661168590553803 ], [ -95.624831342231658, 29.661168589055045 ], [ -95.62483138356626, 29.661168589194549 ], [ -95.624831484852379, 29.661168589040297 ], [ -95.624986678436841, 29.661168213315211 ], [ -95.62498254411922, 29.661042329322395 ], [ -95.625774041036223, 29.661044423804256 ], [ -95.625774504374945, 29.661093207310298 ], [ -95.625774760032385, 29.661120157270865 ], [ -95.625775075158145, 29.661153345906005 ], [ -95.625775323480028, 29.66117945442975 ], [ -95.625775605194377, 29.661209087663888 ], [ -95.625775918189319, 29.66124202802121 ], [ -95.62577648206458, 29.661301374833716 ], [ -95.625776988444031, 29.661354767349145 ], [ -95.625777347831473, 29.661392528017789 ], [ -95.625777773090647, 29.661437334473263 ], [ -95.625778128383146, 29.661474718641021 ], [ -95.625778234499876, 29.661485894976046 ], [ -95.625778485577911, 29.661512420582262 ], [ -95.6257787174534, 29.66153677487851 ], [ -95.625779076930201, 29.661574626713296 ], [ -95.625779519641881, 29.661621188319749 ], [ -95.625779829524674, 29.661653910158581 ], [ -95.625780104232163, 29.661682785905811 ], [ -95.62578054578394, 29.661729288810736 ], [ -95.62578081906409, 29.661758020100571 ], [ -95.625781442898514, 29.66182374730419 ], [ -95.625781578016387, 29.661837986993469 ], [ -95.625781884640631, 29.661870213204434 ], [ -95.625782003508661, 29.661882723947201 ], [ -95.625782254510924, 29.661909126791073 ], [ -95.625782341065488, 29.661918330384839 ], [ -95.625782542177589, 29.661939424505569 ], [ -95.625782693228444, 29.661955371469706 ], [ -95.625782730319045, 29.661959315995816 ], [ -95.625782742881682, 29.66196059353415 ], [ -95.625782883760422, 29.661975440838273 ], [ -95.625782931361314, 29.66198044351183 ], [ -95.625783825347426, 29.66207455892091 ], [ -95.62578495890719, 29.662193859233611 ], [ -95.625785625499816, 29.662264078995037 ], [ -95.625786650316357, 29.662372032306145 ], [ -95.62578672598687, 29.662379970137138 ], [ -95.625786797721176, 29.662387495366936 ], [ -95.625786875493276, 29.662395682376765 ], [ -95.625786977179416, 29.662406429848172 ], [ -95.625787053355296, 29.662414446220623 ], [ -95.625787151532819, 29.662424736872744 ], [ -95.62578728521413, 29.662438863694899 ], [ -95.625787357365738, 29.662446376298277 ], [ -95.625787382370746, 29.662449028855686 ], [ -95.625787483323649, 29.662459673408662 ], [ -95.62578767747631, 29.66248013370469 ], [ -95.625787820141909, 29.662495114641164 ], [ -95.625788624505333, 29.662579869310669 ], [ -95.625788627222391, 29.662580131141862 ], [ -95.6252434790145, 29.662588720844301 ], [ -95.625243430421094, 29.662588721424612 ], [ -95.624850844376894, 29.662594905525701 ], [ -95.624838891124966, 29.662131801236733 ], [ -95.62483442971515, 29.661958970433869 ], [ -95.624576982724122, 29.661962001302491 ], [ -95.624341010659705, 29.661964778866682 ], [ -95.623982904037547, 29.661968993713753 ], [ -95.623982533816189, 29.661828261558668 ], [ -95.623981874693712, 29.661578193681887 ], [ -95.623972962100979, 29.661390463640252 ], [ -95.622994845242985, 29.661423713442126 ], [ -95.623007566754737, 29.662088129658848 ], [ -95.622904252824839, 29.662406272410223 ], [ -95.62290721234092, 29.66249135141318 ], [ -95.622967851543962, 29.664041674119243 ], [ -95.622986838182669, 29.664527083060694 ], [ -95.622989926015023, 29.664596503713145 ], [ -95.623002996777643, 29.664890279397 ], [ -95.623003004386291, 29.664890455601846 ], [ -95.623003088423815, 29.664892758525923 ], [ -95.62300412788241, 29.664930613072713 ], [ -95.623005468271742, 29.664979400645109 ], [ -95.623007322329627, 29.665046908183101 ], [ -95.623016763746278, 29.665390616939668 ], [ -95.623016960652436, 29.665397788788972 ], [ -95.623018420823215, 29.665450955326982 ], [ -95.623021996128713, 29.665581111787738 ], [ -95.623024235963015, 29.665662644181324 ], [ -95.623030315991002, 29.665883981597904 ], [ -95.623045446349124, 29.666426607302128 ], [ -95.623064458505738, 29.667086691649779 ], [ -95.623079686041507, 29.667615388443952 ], [ -95.623080093531087, 29.667629569102974 ], [ -95.623080392285047, 29.667639943338482 ], [ -95.623080397709344, 29.667640123098547 ], [ -95.623088398952575, 29.667917946664748 ], [ -95.623088572035286, 29.667923932755787 ], [ -95.623088610676632, 29.667925295798259 ], [ -95.623088660722104, 29.667927032817005 ], [ -95.623088671242726, 29.667927402257792 ], [ -95.623088674366855, 29.667927495307431 ], [ -95.623088675556104, 29.667927553105713 ], [ -95.623088696489177, 29.667928264003088 ], [ -95.623088697659767, 29.667928291111494 ], [ -95.623088698849003, 29.667928348909808 ], [ -95.623088709209284, 29.667928754451722 ], [ -95.623095868477634, 29.668186972409089 ], [ -95.62309625620901, 29.668200969333771 ], [ -95.623104766463285, 29.668508502200485 ], [ -95.623104895839603, 29.668513184694046 ], [ -95.623105330819726, 29.668528909539081 ], [ -95.623105507017343, 29.668535270298843 ], [ -95.623168941614423, 29.670499791538084 ], [ -95.62051795643859, 29.670548136752085 ], [ -95.62053078839439, 29.670863239113498 ], [ -95.620542927437953, 29.67116636411841 ], [ -95.620542945984383, 29.671166865545779 ], [ -95.620543190263888, 29.671173413066182 ], [ -95.620543623219305, 29.671185065204408 ], [ -95.620546390379673, 29.671259415121867 ], [ -95.620548052215469, 29.671304078546079 ], [ -95.620575011425714, 29.672028479870587 ], [ -95.620021889211969, 29.67202342352256 ], [ -95.619824147674436, 29.67202161400369 ], [ -95.619639866627153, 29.672019928317376 ], [ -95.619616988815338, 29.672019718965721 ], [ -95.619614680476886, 29.672019697691855 ], [ -95.619613852276501, 29.672019706567895 ], [ -95.619613545138279, 29.672019711450002 ], [ -95.619613403475412, 29.672019713288986 ], [ -95.619613270074353, 29.672019715336617 ], [ -95.619611729249513, 29.672019738714745 ], [ -95.619605437879713, 29.672019860585536 ], [ -95.619596392349052, 29.672019971588618 ], [ -95.61956487701346, 29.672020817753417 ], [ -95.619519519683649, 29.672021355935279 ], [ -95.61945396219744, 29.67202213324099 ], [ -95.61913091627224, 29.672027036234699 ], [ -95.619063418816225, 29.672028060423823 ], [ -95.618828656009867, 29.672031621223709 ], [ -95.618689051457139, 29.672033632277444 ], [ -95.618414122602815, 29.672037555354244 ], [ -95.618410087612162, 29.672037613206591 ], [ -95.618403622545102, 29.672037705360243 ], [ -95.618403167547484, 29.672037711920787 ], [ -95.618403109654963, 29.672037712263837 ], [ -95.618226757578299, 29.672040072808006 ], [ -95.618226719337486, 29.67204007274475 ], [ -95.618226532264444, 29.672040072532656 ], [ -95.618226449586473, 29.672040072249608 ], [ -95.61822614469277, 29.672040071769381 ], [ -95.618225458423851, 29.672040070682478 ], [ -95.618224625388137, 29.672040069498905 ], [ -95.618223036860812, 29.672040066382522 ], [ -95.618217316231863, 29.672040057280988 ], [ -95.618073958556934, 29.672039824636268 ], [ -95.617900336800304, 29.672022943761657 ], [ -95.617644686927932, 29.672003262884292 ], [ -95.617635720438813, 29.672004981530069 ], [ -95.617400622932436, 29.67204999998885 ], [ -95.617138399067031, 29.67204374475596 ], [ -95.617054640373851, 29.671982551287005 ], [ -95.616805338798756, 29.671800413197378 ], [ -95.616582985771089, 29.671680381415612 ], [ -95.616579252038548, 29.671678366263311 ], [ -95.616575044122754, 29.671676094515032 ], [ -95.616574489197831, 29.671675935167979 ], [ -95.616259761934444, 29.671586905233461 ], [ -95.615951908264989, 29.671499817434508 ], [ -95.615800740254343, 29.671457053368744 ], [ -95.615576512705573, 29.671373987539368 ], [ -95.615521135008152, 29.6713534762597 ], [ -95.615466489340193, 29.671498413945692 ], [ -95.615444843784019, 29.67155582645568 ], [ -95.615376003177175, 29.671738414120142 ], [ -95.615086397392673, 29.672541910895887 ], [ -95.615077963099054, 29.672565829477822 ], [ -95.615079246176251, 29.672565973842843 ], [ -95.615014488266539, 29.672734958991416 ], [ -95.614694073124738, 29.673571067821864 ], [ -95.614467806097466, 29.674161491249667 ], [ -95.614457846468682, 29.674187481568666 ], [ -95.614428983748894, 29.674262922870941 ], [ -95.614416524715011, 29.674296335495665 ], [ -95.614405898978092, 29.674324832720306 ], [ -95.614393056469993, 29.674359273670358 ], [ -95.614378860494242, 29.674399775854116 ], [ -95.614311680013671, 29.674608054048637 ], [ -95.614173551876206, 29.675202092131421 ], [ -95.614146383453104, 29.675273024249723 ], [ -95.613310462882154, 29.675271704324658 ], [ -95.612459757213259, 29.675273467594181 ], [ -95.61161139363135, 29.675281550792597 ], [ -95.610766053069312, 29.675289883864782 ], [ -95.609936310979762, 29.67529347510035 ], [ -95.609809866218939, 29.675294413848704 ], [ -95.609796694958746, 29.675325661586871 ], [ -95.609524280650632, 29.675971937846505 ], [ -95.609480267444908, 29.676088014553081 ], [ -95.609296620249111, 29.676572498568913 ], [ -95.609260223817401, 29.676668518473228 ], [ -95.609106462944155, 29.677104961049821 ], [ -95.608710915133628, 29.678166786904278 ], [ -95.608613099022378, 29.678430750492918 ], [ -95.608225628942535, 29.679476346131789 ], [ -95.608227511442038, 29.679483123828895 ], [ -95.608311952444097, 29.679798260641878 ], [ -95.60831075554043, 29.679871071666799 ], [ -95.608313953510518, 29.680145561227071 ], [ -95.608316155188703, 29.680328499757781 ], [ -95.608314875544067, 29.680419982285084 ], [ -95.608318205168004, 29.680506825608798 ], [ -95.608320163083178, 29.680690536917062 ], [ -95.608322119740109, 29.680883465840306 ], [ -95.608333535172093, 29.681044109889186 ], [ -95.60833632809836, 29.681236510275358 ], [ -95.608336703335766, 29.681319095055237 ], [ -95.608338794001298, 29.681427273121574 ], [ -95.608338654560285, 29.681447993967105 ], [ -95.608339821678982, 29.681569877633212 ], [ -95.608340573069583, 29.681607345867675 ], [ -95.60834115191382, 29.681685699756081 ], [ -95.608342571618024, 29.681791360532372 ], [ -95.608343283597065, 29.681809166688399 ], [ -95.608344198833805, 29.681969439116653 ], [ -95.608346737308437, 29.682049263373944 ], [ -95.608349606562712, 29.682158431467528 ], [ -95.608350162875709, 29.682180923741686 ], [ -95.608354047562017, 29.682334424022713 ], [ -95.608354118869201, 29.682340554683059 ], [ -95.608355162469806, 29.682437031588524 ], [ -95.608356039243759, 29.682521633786216 ], [ -95.608356496760848, 29.682560636258369 ], [ -95.608357923461995, 29.682703272497768 ], [ -95.608358010486114, 29.68271303754155 ], [ -95.608358704393567, 29.682801837743465 ], [ -95.608359243223234, 29.682878751802548 ], [ -95.608359859258954, 29.68292446482225 ], [ -95.608361433221575, 29.683062077132892 ], [ -95.608361293664601, 29.683066464889571 ], [ -95.608363623900516, 29.683241212466537 ], [ -95.608365936488653, 29.683285238114458 ], [ -95.608367936287166, 29.683423163578883 ], [ -95.608369084458062, 29.683503735168461 ], [ -95.60837152086728, 29.683673980392328 ], [ -95.608374616724106, 29.683837350738401 ], [ -95.608378092228421, 29.683995298671661 ], [ -95.608378875572598, 29.684005729437025 ], [ -95.608382357918771, 29.684216402806349 ], [ -95.60838514774683, 29.68439536551405 ], [ -95.608391895540876, 29.684597920285363 ], [ -95.608396046996972, 29.684787924119853 ], [ -95.608406298863244, 29.684911106496603 ], [ -95.608409761524825, 29.68495272054486 ], [ -95.608410968395063, 29.685017274633939 ], [ -95.608415400119981, 29.685265902258319 ], [ -95.608403309385963, 29.685266065383228 ], [ -95.6084033128095, 29.6852662423852 ], [ -95.608026956285627, 29.685257402451846 ], [ -95.607898672020184, 29.685263272014968 ], [ -95.607894200998999, 29.685284526686779 ], [ -95.607727600651756, 29.685287218511625 ], [ -95.607685627360624, 29.685287896335531 ], [ -95.60762740753367, 29.685288836813299 ], [ -95.606913935223872, 29.685301871269381 ], [ -95.606653721582376, 29.685305986041023 ], [ -95.606100092827432, 29.685317077845387 ], [ -95.605543188759938, 29.6853280220536 ], [ -95.604689035533553, 29.685346176969382 ], [ -95.604367579800581, 29.685352575098602 ], [ -95.604146014337971, 29.685356985391316 ], [ -95.604180921199941, 29.686543776081944 ], [ -95.604233393789201, 29.686541978258919 ], [ -95.604236334549626, 29.68662586919849 ], [ -95.604236401556562, 29.688124626278171 ], [ -95.604264263068373, 29.688124605299159 ], [ -95.604250478282012, 29.688908579832866 ], [ -95.603723759092162, 29.688943099982858 ], [ -95.60265399799701, 29.689009291905244 ], [ -95.602647109016161, 29.689086984241243 ], [ -95.602640863197408, 29.689154420070334 ], [ -95.602190249747679, 29.689165097714213 ], [ -95.602193256820172, 29.689581536124685 ], [ -95.60219609315574, 29.689974280656717 ], [ -95.602198867267731, 29.690358427833264 ], [ -95.602203710448762, 29.690687707916389 ], [ -95.602208280119541, 29.690976316697824 ], [ -95.602166666033426, 29.690975260795636 ], [ -95.60213711329817, 29.690974510926367 ], [ -95.602095865123928, 29.690972897435866 ], [ -95.602087932059348, 29.691964137268208 ], [ -95.6018543221751, 29.691968037231 ], [ -95.601857324262923, 29.692279952663633 ], [ -95.60179674824515, 29.692282451137611 ], [ -95.60179722487787, 29.692688678599151 ], [ -95.601703529442844, 29.692688760600312 ], [ -95.601753727383482, 29.696005865239435 ], [ -95.601734937247571, 29.696027825948526 ], [ -95.601734243408899, 29.69599860562499 ], [ -95.600227472873357, 29.69599541976941 ], [ -95.600201670096368, 29.69613561531747 ], [ -95.599603124674772, 29.696141309932649 ], [ -95.596158783979064, 29.696158165558185 ], [ -95.59604096236481, 29.696158471704614 ], [ -95.596038599922863, 29.696092683109722 ], [ -95.595965315935501, 29.692164131769445 ], [ -95.595965128507473, 29.69209462990943 ], [ -95.595966282735731, 29.692081127923029 ], [ -95.595327500723371, 29.691883510517876 ], [ -95.595255514573481, 29.691861120160908 ], [ -95.59526693665579, 29.691737976784907 ], [ -95.592882484426752, 29.691776971798856 ], [ -95.592908469356786, 29.692707889535221 ], [ -95.59291007688141, 29.692765475841693 ], [ -95.592452158879155, 29.692766125516016 ], [ -95.59202533327479, 29.69276387494882 ], [ -95.591970821791065, 29.690983098700897 ], [ -95.592394307636312, 29.690974800446636 ], [ -95.592380107281855, 29.688952089052872 ], [ -95.592272403748524, 29.68895488406552 ], [ -95.591949327228704, 29.688963268549607 ], [ -95.591923399058999, 29.689339032226428 ], [ -95.591738731727574, 29.689334332168936 ], [ -95.591506025463701, 29.689328409086155 ], [ -95.591479020896216, 29.688752129682072 ], [ -95.591922565470071, 29.68877314580735 ], [ -95.591850884086043, 29.684572879243635 ], [ -95.591849886209246, 29.684514393031222 ], [ -95.591841774716144, 29.684514295790979 ], [ -95.591841428525058, 29.68449571260301 ], [ -95.587528591737041, 29.684487369217749 ], [ -95.587481730310927, 29.675554697745888 ], [ -95.591157381582434, 29.675533097542974 ], [ -95.592051265867312, 29.673142078686968 ], [ -95.593472106328093, 29.669489518424395 ], [ -95.593683291143037, 29.668937604358899 ], [ -95.594237788403788, 29.667496693716128 ], [ -95.594709272072919, 29.666317755253495 ], [ -95.595269633466728, 29.665037264125409 ], [ -95.596570589309252, 29.661844490733298 ], [ -95.596375219280858, 29.660791622565402 ], [ -95.596366935537617, 29.660772315760322 ], [ -95.596295512932201, 29.660536399966432 ], [ -95.596271472743624, 29.660232510737409 ] ] ] } },
{ "type": "Feature", "properties": { "OBJECTID": 33, "TRACT": "Beltway", "SERVICE_CO": "BW", "AREA_AC": 5597, "SHAPE_LENG": 112089.65337099999, "INSIDE_X": -95.57949963, "INSIDE_Y": 29.70722353, "SHAPE_LE_1": 112089.652166, "LAT": 29.70721835, "LONG_": -95.57949258, "GLOBALID": "{C0E8302D-16F9-4A73-B19E-CCF58D39F31D}", "SHAPESTLen": 112089.65216601592, "nmonths": 10, "mean_Janua": 0.002535286120639, "mean_Febru": 0.0017829604598100001, "mean_March": 0.00015522041044599999, "mean_April": 0.01356617807242, "mean_May": 0.0, "mean_June": 0, "mean_July": 0.0022288976441990002, "mean_Augus": 0.0, "mean_Septe": null, "mean_Octob": null, "mean_Novem": 0.0, "mean_Decem": 0.0017679710825339999 }, "geometry": { "type": "Polygon", "coordinates": [ [ [ -95.560918658118595, 29.734235156431026 ], [ -95.560972876849064, 29.731405927612791 ], [ -95.558667856987284, 29.73135610300065 ], [ -95.558258721576379, 29.730786353946467 ], [ -95.558273239960172, 29.729879139281813 ], [ -95.557512885708277, 29.729862436663399 ], [ -95.556897553022097, 29.72997025158099 ], [ -95.555272543995741, 29.729007717121636 ], [ -95.554936369890711, 29.729035072757043 ], [ -95.554821053326918, 29.722367659637563 ], [ -95.554662807849354, 29.719255367648383 ], [ -95.554693487062252, 29.718346558887841 ], [ -95.550931945739151, 29.718310031008812 ], [ -95.549747060042804, 29.718445792563646 ], [ -95.550164548791145, 29.71505929410738 ], [ -95.550165043008974, 29.71179265544896 ], [ -95.550351245211488, 29.711807907448385 ], [ -95.55031761352727, 29.704739958295963 ], [ -95.550099921905542, 29.699508584777501 ], [ -95.549984908263795, 29.694513671063195 ], [ -95.549992148557621, 29.690454946827902 ], [ -95.55221566807937, 29.689799956411829 ], [ -95.55459768085052, 29.68922773698749 ], [ -95.554778784093273, 29.689323095690337 ], [ -95.556277604293868, 29.689222864088059 ], [ -95.557175283090501, 29.689317194895175 ], [ -95.557340683150173, 29.689334575292406 ], [ -95.558000157776206, 29.688065367996824 ], [ -95.558090006708426, 29.687418194809222 ], [ -95.558115106203076, 29.68739517455656 ], [ -95.558291881078503, 29.686549361084534 ], [ -95.558682555278438, 29.684864867611534 ], [ -95.558792658271003, 29.684879383735439 ], [ -95.558904550855502, 29.684422797325293 ], [ -95.55887927382328, 29.68441930712406 ], [ -95.558707530868077, 29.684395591329476 ], [ -95.558921269726298, 29.683136003902497 ], [ -95.559674483073223, 29.679292320109628 ], [ -95.560216608698482, 29.677384359826092 ], [ -95.564093235984288, 29.677411538188132 ], [ -95.564364960447506, 29.684284888906998 ], [ -95.564503322240824, 29.689232519390924 ], [ -95.564459460607878, 29.690165527636811 ], [ -95.564359958926232, 29.69213199185231 ], [ -95.566723920028736, 29.692134834902195 ], [ -95.566734968278666, 29.691827802840557 ], [ -95.57459013719739, 29.691923044237871 ], [ -95.574957906551461, 29.694081389492688 ], [ -95.57520721860152, 29.694083461083686 ], [ -95.575281720677197, 29.694840804450159 ], [ -95.581704042262828, 29.694960477858938 ], [ -95.581794160926776, 29.696098198640851 ], [ -95.58257818762587, 29.696222705223754 ], [ -95.586584491870497, 29.696232215479643 ], [ -95.586819918254747, 29.696073983192697 ], [ -95.587248757508746, 29.696182030093496 ], [ -95.587684465411741, 29.696176600350149 ], [ -95.587631789956561, 29.691768749298216 ], [ -95.587528591737041, 29.684487369217749 ], [ -95.591215010883218, 29.684494509840913 ], [ -95.591841428525058, 29.68449571260301 ], [ -95.591841774716144, 29.684514295790979 ], [ -95.591849886209246, 29.684514393031222 ], [ -95.591850012638588, 29.684521846579759 ], [ -95.591922566502944, 29.688773145833643 ], [ -95.591479020896216, 29.688752129682072 ], [ -95.591506025493814, 29.689328408184291 ], [ -95.591674939073229, 29.689330973633965 ], [ -95.591923399089097, 29.689339031324575 ], [ -95.591949327228704, 29.688963268549607 ], [ -95.592380107281855, 29.688952089052872 ], [ -95.592384790271353, 29.689619122923354 ], [ -95.592394307636312, 29.690974800446636 ], [ -95.591970821791065, 29.690983098700897 ], [ -95.592002594703516, 29.692021043054378 ], [ -95.59202533327479, 29.69276387494882 ], [ -95.59220184767797, 29.692764806094011 ], [ -95.592452158879155, 29.692766125516016 ], [ -95.59291007688141, 29.692765475841693 ], [ -95.592882484426752, 29.691776971798856 ], [ -95.59526693665579, 29.691737976784907 ], [ -95.595255514573481, 29.691861120160908 ], [ -95.595327500723371, 29.691883510517876 ], [ -95.595966282735731, 29.692081127923029 ], [ -95.595969547421006, 29.692390953808353 ], [ -95.595977086267965, 29.692795113847986 ], [ -95.596003933229213, 29.694234338875198 ], [ -95.596034385544556, 29.695866765265926 ], [ -95.59604096236481, 29.696158471704614 ], [ -95.598928537940566, 29.696144618482737 ], [ -95.599226625294676, 29.696143156881458 ], [ -95.600201670096368, 29.69613561531747 ], [ -95.600227472873357, 29.69599541976941 ], [ -95.601729251374067, 29.695998594484568 ], [ -95.601734243438926, 29.695998604723115 ], [ -95.601734937247571, 29.696027825948526 ], [ -95.601753727383482, 29.696005865239435 ], [ -95.601753502376553, 29.695990977905378 ], [ -95.601703529442844, 29.692688760600312 ], [ -95.60179722487787, 29.692688678599151 ], [ -95.601796746740618, 29.692281191932473 ], [ -95.601857652004469, 29.692281101000319 ], [ -95.6018543221751, 29.691968037231 ], [ -95.602087932059348, 29.691964137268208 ], [ -95.60209624910992, 29.690973474030216 ], [ -95.602208280119541, 29.690976316697824 ], [ -95.602199177402085, 29.690401416187836 ], [ -95.602190249747679, 29.689165097714213 ], [ -95.602641817248696, 29.689155013834341 ], [ -95.60265399799701, 29.689009291905244 ], [ -95.603378362679038, 29.688965736394071 ], [ -95.604250478282012, 29.688908579832866 ], [ -95.604257241110446, 29.688523969645519 ], [ -95.604264554953843, 29.688125340220068 ], [ -95.604236401556562, 29.688124626278171 ], [ -95.604240183203487, 29.687247057023288 ], [ -95.604238447971781, 29.68696707878766 ], [ -95.604236339819238, 29.686744528090806 ], [ -95.60423633466749, 29.686635997606146 ], [ -95.604236212834508, 29.686626109821809 ], [ -95.604233402485875, 29.686542214065785 ], [ -95.604180921199941, 29.686543776081944 ], [ -95.604174097178401, 29.686311779793904 ], [ -95.604146015370802, 29.685356985417524 ], [ -95.606246174120301, 29.685313443756876 ], [ -95.607314087780864, 29.685293899214333 ], [ -95.607894200998999, 29.685284526686779 ], [ -95.607898672020184, 29.685263272014968 ], [ -95.608026956285627, 29.685257402451846 ], [ -95.608298143793292, 29.685263771711629 ], [ -95.6084033128095, 29.6852662423852 ], [ -95.608403535286456, 29.685277562472063 ], [ -95.608403716828832, 29.685286816307407 ], [ -95.608403752261424, 29.68528861253349 ], [ -95.608403763833138, 29.685289197730018 ], [ -95.608403780263458, 29.685290041201458 ], [ -95.608403791865115, 29.685290625496126 ], [ -95.608403796320061, 29.685290864805605 ], [ -95.608403797411313, 29.685290925309371 ], [ -95.608403798368485, 29.685290958730889 ], [ -95.608403798292855, 29.68529099212623 ], [ -95.608403799190114, 29.685291027351475 ], [ -95.608403800147315, 29.685291060773007 ], [ -95.608404853584204, 29.685364870136056 ], [ -95.608406046773979, 29.685467488628372 ], [ -95.608407321427208, 29.685577488171045 ], [ -95.60840857646896, 29.685688295969037 ], [ -95.608409884378773, 29.685797481273909 ], [ -95.608411165417237, 29.685907475552934 ], [ -95.608412440081423, 29.686017475083009 ], [ -95.608413960099483, 29.686148095055827 ], [ -95.608415640480843, 29.686292465216006 ], [ -95.608416915154706, 29.686402464735153 ], [ -95.608418196238219, 29.68651245809502 ], [ -95.608419477114765, 29.686622457764919 ], [ -95.608420751976624, 29.686732451863435 ], [ -95.608422033891571, 29.686842451553147 ], [ -95.608423315165922, 29.686952439489325 ], [ -95.608424583479191, 29.687062444243935 ], [ -95.608425870746558, 29.687172438643845 ], [ -95.60842714547239, 29.687282437236057 ], [ -95.608428427401094, 29.687392436910159 ], [ -95.608429681455149, 29.687503244629937 ], [ -95.608430983213509, 29.687612429726482 ], [ -95.608432264297392, 29.687722423953797 ], [ -95.608433545204264, 29.687832423589143 ], [ -95.608434794314618, 29.687943224852418 ], [ -95.608436313147308, 29.688073851046962 ], [ -95.60844414767503, 29.688745016228186 ], [ -95.608444668637716, 29.688830623826554 ], [ -95.608445186381971, 29.688936212815833 ], [ -95.60844530646628, 29.688960573271586 ], [ -95.608463310375839, 29.691391196187116 ], [ -95.608463649053434, 29.69143645437568 ], [ -95.608465425529019, 29.691674060945154 ], [ -95.608465506975989, 29.69168492793245 ], [ -95.608465539104031, 29.691689219836171 ], [ -95.608465541135445, 29.69168940763409 ], [ -95.608465541223879, 29.691689467209734 ], [ -95.608465541327973, 29.691689495193849 ], [ -95.608469082141625, 29.692287773969021 ], [ -95.609867415712543, 29.692287507790137 ], [ -95.610278914652881, 29.692286059614254 ], [ -95.610524491622556, 29.692286334558723 ], [ -95.610524901022387, 29.692286334089527 ], [ -95.610527117631648, 29.692286329718197 ], [ -95.610549098560654, 29.69228628943987 ], [ -95.610865535757767, 29.692283993073449 ], [ -95.610884490729475, 29.692238737607237 ], [ -95.611494582283029, 29.692236655750246 ], [ -95.612496184158545, 29.692233236858048 ], [ -95.613803632461185, 29.692228761175336 ], [ -95.613803822699921, 29.69222876057011 ], [ -95.613803894031989, 29.692228760568572 ], [ -95.613804015004561, 29.692228760017056 ], [ -95.614106571475986, 29.692227724314861 ], [ -95.614312309158606, 29.692227017498737 ], [ -95.614441377929566, 29.69222657356589 ], [ -95.614519607545745, 29.692229967547306 ], [ -95.614761504533135, 29.692241506652728 ], [ -95.614795006016777, 29.692242933031352 ], [ -95.614800441126093, 29.692243200404207 ], [ -95.614808268191368, 29.692243568861375 ], [ -95.614808633579869, 29.692243586221689 ], [ -95.614808999536564, 29.692243586446466 ], [ -95.614810069547431, 29.692243585513914 ], [ -95.614813597962154, 29.692243583543547 ], [ -95.614875348759796, 29.692243551393396 ], [ -95.61523092015733, 29.69224333246504 ], [ -95.617201277850228, 29.69224211222766 ], [ -95.617623968650477, 29.692241850306484 ], [ -95.617849663619978, 29.692241704417835 ], [ -95.617849920026117, 29.692241703672678 ], [ -95.617850169171859, 29.692241703646818 ], [ -95.618211730443718, 29.69224147464173 ], [ -95.618211828661856, 29.692241474414207 ], [ -95.619785847130856, 29.692240474838133 ], [ -95.619875589333574, 29.696301014628322 ], [ -95.619873248242996, 29.696487025973362 ], [ -95.619874833135924, 29.696653257923941 ], [ -95.619875348698358, 29.696803701266102 ], [ -95.619875608521085, 29.696941916625981 ], [ -95.619875872319412, 29.697078856674338 ], [ -95.619876177387781, 29.697216080280565 ], [ -95.619876395752257, 29.697352519118986 ], [ -95.619876662656651, 29.697492581405083 ], [ -95.619876920419685, 29.69762895443392 ], [ -95.619877212533837, 29.697766944020511 ], [ -95.619877329624373, 29.697827103204641 ], [ -95.619877472730565, 29.697903056242868 ], [ -95.619877742126917, 29.698042481319661 ], [ -95.619878006895291, 29.698178299392406 ], [ -95.619878985101352, 29.698316831602451 ], [ -95.619879947357148, 29.698452879386089 ], [ -95.619880914780524, 29.698594204029643 ], [ -95.619881870149413, 29.698729679366409 ], [ -95.619882845915498, 29.698867754767427 ], [ -95.619883807845923, 29.699003219428484 ], [ -95.619884790242367, 29.699142406115556 ], [ -95.619885782594579, 29.699277139507444 ], [ -95.61988676614763, 29.69941647875687 ], [ -95.619888440698247, 29.699651974700032 ], [ -95.619889300775796, 29.699777526866782 ], [ -95.619890092214646, 29.69988966522558 ], [ -95.619893796104691, 29.700394062127163 ], [ -95.619911852662113, 29.700559019921208 ], [ -95.619906339366224, 29.700710848113001 ], [ -95.619906190908353, 29.700832357217006 ], [ -95.619906988665335, 29.700972032007829 ], [ -95.619907127155884, 29.701108230402607 ], [ -95.619908503653875, 29.701247974849803 ], [ -95.619909267641802, 29.701387139693924 ], [ -95.619909999331341, 29.701526561867734 ], [ -95.619909882899393, 29.701573229017768 ], [ -95.619909621362027, 29.701661777791518 ], [ -95.619911293563192, 29.70178260078913 ], [ -95.619911468163735, 29.701795031596848 ], [ -95.619911549452297, 29.701801069483729 ], [ -95.619911722399507, 29.701827507142276 ], [ -95.619912327481927, 29.701917392000261 ], [ -95.619912658714398, 29.701941703464374 ], [ -95.619913452266402, 29.702086969852552 ], [ -95.619912634740473, 29.70222849753117 ], [ -95.619924986401969, 29.70501621567362 ], [ -95.619940395517531, 29.70645249279772 ], [ -95.619943011593179, 29.706669772794612 ], [ -95.619943760348818, 29.706725220751231 ], [ -95.619943862639602, 29.706732841454926 ], [ -95.619943898509177, 29.706735505092407 ], [ -95.619943899321001, 29.70673554302299 ], [ -95.619943892906818, 29.706735643052077 ], [ -95.619943853699453, 29.706736202590299 ], [ -95.61994335659206, 29.706743439897586 ], [ -95.619941645889199, 29.707118110833221 ], [ -95.619947201729715, 29.707596758397713 ], [ -95.619946259390531, 29.707642045282675 ], [ -95.619946757139843, 29.707670227739598 ], [ -95.619947598607268, 29.707761094156051 ], [ -95.619959236670866, 29.708422544948096 ], [ -95.619959479118535, 29.70868715251148 ], [ -95.61995950262353, 29.708712108760032 ], [ -95.619959513130624, 29.708723375535946 ], [ -95.619960165704896, 29.708729803318857 ], [ -95.619975528918744, 29.708881065868606 ], [ -95.619978822147047, 29.709287008693003 ], [ -95.619985028762855, 29.711320395960882 ], [ -95.619985011712387, 29.711349043786843 ], [ -95.619985037621944, 29.711804820575981 ], [ -95.614848062638401, 29.711761946156127 ], [ -95.614831915668134, 29.712248803571949 ], [ -95.614767064480688, 29.712254221217606 ], [ -95.614659226706593, 29.712350829101386 ], [ -95.614626400570685, 29.713091781385227 ], [ -95.59649506054123, 29.714529143982887 ], [ -95.596424099447489, 29.711712801039852 ], [ -95.591657460653792, 29.711758271946337 ], [ -95.591610927245569, 29.711431049220256 ], [ -95.591604966147685, 29.711389126681748 ], [ -95.5903576981963, 29.711393670294726 ], [ -95.590364612478808, 29.711393579132199 ], [ -95.590357701969623, 29.711393371621291 ], [ -95.590362157626288, 29.710985994186871 ], [ -95.58890555128113, 29.710986222990165 ], [ -95.588940027708489, 29.711907063019954 ], [ -95.587802638843925, 29.711926893499744 ], [ -95.587780687402287, 29.711747395644544 ], [ -95.586831143591738, 29.71178000231513 ], [ -95.58697648321828, 29.714277711583115 ], [ -95.587605933838006, 29.715598305468152 ], [ -95.584950457276705, 29.71574577234647 ], [ -95.572390170748818, 29.716634915005393 ], [ -95.572377940316599, 29.71689416128828 ], [ -95.573063629474646, 29.716849583504739 ], [ -95.57319452926356, 29.726214265780413 ], [ -95.582221722643823, 29.726049331165544 ], [ -95.582230214871842, 29.729948616126297 ], [ -95.582222767048961, 29.732042304931269 ], [ -95.582273582065312, 29.736487756985515 ], [ -95.576090849348091, 29.736469211563374 ], [ -95.574386522959927, 29.736497285791753 ], [ -95.568256058892516, 29.736582798808126 ], [ -95.562451779893436, 29.736712335968907 ], [ -95.562427878823385, 29.736225421542954 ], [ -95.560918658118595, 29.734235156431026 ] ] ] } },
{ "type": "Feature", "properties": { "OBJECTID": 34, "TRACT": "Keegans Bayou", "SERVICE_CO": "KB", "AREA_AC": 8729, "SHAPE_LENG": 146864.46372299999, "INSIDE_X": -95.55285269, "INSIDE_Y": 29.68646708, "SHAPE_LE_1": 146864.46204099999, "LAT": 29.6864619, "LONG_": -95.55284565, "GLOBALID": "{51F996D7-93EC-4395-9A40-FFA48996B128}", "SHAPESTLen": 146864.46204111053, "nmonths": 0, "mean_Janua": -9999.0, "mean_Febru": -9999.0, "mean_March": -9999.0, "mean_April": -9999.0, "mean_May": -9999.0, "mean_June": -9999, "mean_July": -9999.0, "mean_Augus": -9999.0, "mean_Septe": -9999.0, "mean_Octob": -9999.0, "mean_Novem": -9999.0, "mean_Decem": -9999.0 }, "geometry": { "type": "Polygon", "coordinates": [ [ [ -95.596276517524032, 29.660296281251277 ], [ -95.596295512932201, 29.660536399966432 ], [ -95.596366935537617, 29.660772315760322 ], [ -95.596375219280858, 29.660791622565402 ], [ -95.596570589309252, 29.661844490733298 ], [ -95.59600937429164, 29.663221836720073 ], [ -95.595269633466728, 29.665037264125409 ], [ -95.594709272072919, 29.666317755253495 ], [ -95.594237788403788, 29.667496693716128 ], [ -95.593683291143037, 29.668937604358899 ], [ -95.593472106328093, 29.669489518424395 ], [ -95.592051265867312, 29.673142078686968 ], [ -95.591157381582434, 29.675533097542974 ], [ -95.587481730310927, 29.675554697745888 ], [ -95.587528591737041, 29.684487369217749 ], [ -95.587684465411741, 29.696176600350149 ], [ -95.587248757508746, 29.696182030093496 ], [ -95.586819918254747, 29.696073983192697 ], [ -95.586584491870497, 29.696232215479643 ], [ -95.58257818762587, 29.696222705223754 ], [ -95.581794160926776, 29.696098198640851 ], [ -95.581704042262828, 29.694960477858938 ], [ -95.575281720677197, 29.694840804450159 ], [ -95.57520721860152, 29.694083461083686 ], [ -95.574957906551461, 29.694081389492688 ], [ -95.57459013719739, 29.691923044237871 ], [ -95.566734968278666, 29.691827802840557 ], [ -95.566723920028736, 29.692134834902195 ], [ -95.564359958926232, 29.69213199185231 ], [ -95.564459460607878, 29.690165527636811 ], [ -95.564503322240824, 29.689232519390924 ], [ -95.564364960447506, 29.684284888906998 ], [ -95.564093235984288, 29.677411538188132 ], [ -95.560216608698482, 29.677384359826092 ], [ -95.559884219847333, 29.678554179842365 ], [ -95.55967955523974, 29.679274468917779 ], [ -95.55921713380242, 29.681626231831888 ], [ -95.558694774213535, 29.684341289194748 ], [ -95.558879317875821, 29.684419073569689 ], [ -95.558792658271003, 29.684879383735439 ], [ -95.558677516318781, 29.684886596445175 ], [ -95.558326737181034, 29.686399071102485 ], [ -95.557978076413093, 29.688107867146716 ], [ -95.557294307633342, 29.689329702042357 ], [ -95.55621911247836, 29.689216717553933 ], [ -95.554816132103497, 29.689320598573687 ], [ -95.554611626397516, 29.689196129701969 ], [ -95.55440071786029, 29.689273302641162 ], [ -95.55247308992584, 29.689719222036075 ], [ -95.55184112790694, 29.689934924522227 ], [ -95.549969254108689, 29.69041576004874 ], [ -95.549963052427785, 29.691159576761233 ], [ -95.549977879558398, 29.692995060503179 ], [ -95.549985021167586, 29.694450616441728 ], [ -95.550036361764256, 29.696781958316251 ], [ -95.550107449030378, 29.699709837862603 ], [ -95.550253397688905, 29.702740003180285 ], [ -95.550297727325429, 29.704262096109893 ], [ -95.550322579572182, 29.705783763420389 ], [ -95.550298783128099, 29.710362764656256 ], [ -95.550382652544499, 29.711807991540503 ], [ -95.550165043008974, 29.71179265544896 ], [ -95.550157487840707, 29.713996312517331 ], [ -95.550164564188506, 29.714955833564705 ], [ -95.550057579148799, 29.715976820476904 ], [ -95.549778698004545, 29.717904815620436 ], [ -95.5497779673873, 29.718442251522365 ], [ -95.550931945739151, 29.718310031008812 ], [ -95.551696639807673, 29.718317466039121 ], [ -95.553381892278864, 29.718333834267497 ], [ -95.554685142474568, 29.718343268981855 ], [ -95.554661740431754, 29.719286987410101 ], [ -95.554701411462815, 29.720014626413718 ], [ -95.554824165835512, 29.722547608117328 ], [ -95.554896401443429, 29.727889998320016 ], [ -95.554916374339058, 29.728981664380871 ], [ -95.552001823571018, 29.729038524042803 ], [ -95.551985728615719, 29.72826149295841 ], [ -95.550677052781523, 29.72867369361682 ], [ -95.550720334862959, 29.729832582836504 ], [ -95.549206432996897, 29.729847279211302 ], [ -95.549085570742889, 29.728880954710611 ], [ -95.547448102521457, 29.728934124917274 ], [ -95.547478068655096, 29.730984863191626 ], [ -95.545599307514379, 29.730563401614088 ], [ -95.544530533470166, 29.732475383679319 ], [ -95.543257558923358, 29.732087649630373 ], [ -95.543046320204965, 29.732810418382673 ], [ -95.543489276496544, 29.734723475327129 ], [ -95.539245867985727, 29.734801602137807 ], [ -95.539063230896744, 29.736009765179883 ], [ -95.535736716580445, 29.735976355082443 ], [ -95.53577256758841, 29.737116049587943 ], [ -95.528227465110618, 29.737158097877973 ], [ -95.528227001846247, 29.73498799138974 ], [ -95.528226378254232, 29.732061827062193 ], [ -95.528226117402951, 29.730838996462253 ], [ -95.528208050086008, 29.729522769411417 ], [ -95.526806423478618, 29.729522372026761 ], [ -95.526818226708457, 29.729181949708437 ], [ -95.525707639180183, 29.729460650841137 ], [ -95.524794715813826, 29.729443867248854 ], [ -95.524809859483824, 29.729195995065588 ], [ -95.522435067039197, 29.72924029775222 ], [ -95.522438220699897, 29.729762221747357 ], [ -95.520337848317624, 29.729820328540015 ], [ -95.520360337847194, 29.72924299388163 ], [ -95.519642255922832, 29.729242786133351 ], [ -95.51966774840362, 29.72834116160702 ], [ -95.520760795972578, 29.728369562140657 ], [ -95.520762475128166, 29.727900578404274 ], [ -95.524249247598306, 29.727858830744946 ], [ -95.524282518785455, 29.728224436465414 ], [ -95.525294693927762, 29.728227717817646 ], [ -95.525333224696126, 29.728846490532426 ], [ -95.526777411814621, 29.728847406796618 ], [ -95.526706014192683, 29.72425847058846 ], [ -95.533936184700778, 29.724290760854441 ], [ -95.533800558671331, 29.719880208406238 ], [ -95.53165196165078, 29.720052976436715 ], [ -95.531652400430957, 29.718478251199016 ], [ -95.531615496955197, 29.717746802798867 ], [ -95.531271422936783, 29.717753266673416 ], [ -95.53124638326463, 29.715629443186774 ], [ -95.526746497509052, 29.715705883250447 ], [ -95.526688046604676, 29.714084152971896 ], [ -95.534037413910724, 29.714059606188968 ], [ -95.534211412289679, 29.71060875783256 ], [ -95.533201459146866, 29.707321864641781 ], [ -95.533199544606916, 29.706604982754747 ], [ -95.533638221324281, 29.706295395973271 ], [ -95.533649181390061, 29.704857324498221 ], [ -95.527396634338757, 29.704930240141579 ], [ -95.5214293070362, 29.705003410720117 ], [ -95.521296199760144, 29.703983618308648 ], [ -95.520366240388782, 29.702371518715939 ], [ -95.518144890713771, 29.700472123141708 ], [ -95.519528914816561, 29.698725662612876 ], [ -95.516981977514988, 29.696588305605307 ], [ -95.516216032170817, 29.697333105741102 ], [ -95.513488493594011, 29.694893494491957 ], [ -95.511902791697864, 29.692727759252445 ], [ -95.511958926212913, 29.691724207959997 ], [ -95.513775702177952, 29.691290552670466 ], [ -95.513774938532123, 29.689544514568961 ], [ -95.513772589506317, 29.688419768078429 ], [ -95.513734806142693, 29.687427217038184 ], [ -95.512254136733233, 29.687537456190494 ], [ -95.51226603362845, 29.688797739493324 ], [ -95.509164309589394, 29.688746514291324 ], [ -95.508929959404512, 29.687847623273207 ], [ -95.509052180485881, 29.684212919996217 ], [ -95.510513670779289, 29.684168978532306 ], [ -95.510573882609464, 29.685733552710758 ], [ -95.513061021742246, 29.684458137239087 ], [ -95.512957838812866, 29.680793788749405 ], [ -95.513962144103374, 29.680770339527204 ], [ -95.5139443025449, 29.680127713254976 ], [ -95.515263705992112, 29.68025241676602 ], [ -95.51650840467002, 29.680634975502461 ], [ -95.517739791714263, 29.680651024050917 ], [ -95.518352375381568, 29.680574699872793 ], [ -95.518538448118491, 29.681665743500137 ], [ -95.52127670709018, 29.68029091986638 ], [ -95.521031436238815, 29.679551388603787 ], [ -95.520987595217846, 29.6788330847547 ], [ -95.521108923566899, 29.678269763616775 ], [ -95.521686924517667, 29.677807579906627 ], [ -95.523547162545299, 29.67773834680845 ], [ -95.524884179125038, 29.677009157381736 ], [ -95.525556528537223, 29.677059210233455 ], [ -95.526126313620097, 29.67641834177655 ], [ -95.526684055441464, 29.676355999840577 ], [ -95.527795555986074, 29.677040429078332 ], [ -95.528760071090559, 29.676659504682089 ], [ -95.528769787922499, 29.67637375222337 ], [ -95.530452242254938, 29.676337968701329 ], [ -95.530595284882139, 29.673165552815714 ], [ -95.531433479242338, 29.673089867523828 ], [ -95.536497370828144, 29.671028535115187 ], [ -95.536450119750313, 29.670864320566288 ], [ -95.53752442706525, 29.670109143370205 ], [ -95.538097030151249, 29.669195231276671 ], [ -95.53838858902121, 29.668971308514475 ], [ -95.539523940152264, 29.668967514312204 ], [ -95.54021725845729, 29.668638320731901 ], [ -95.541438315608971, 29.668917837795551 ], [ -95.542205505591056, 29.668548247062532 ], [ -95.543343537079082, 29.668355943899257 ], [ -95.543402625919299, 29.668314283248293 ], [ -95.543431568380697, 29.668293876960945 ], [ -95.543449802722861, 29.668281021057215 ], [ -95.543463487209678, 29.668271373034703 ], [ -95.543467708812116, 29.668268396780373 ], [ -95.543475265782419, 29.668263068588509 ], [ -95.543478669983585, 29.668260667879967 ], [ -95.543479130582185, 29.668260343084299 ], [ -95.543479413265558, 29.668260144579087 ], [ -95.543479996706694, 29.668259732690228 ], [ -95.543480302719402, 29.668259516734317 ], [ -95.543480600587515, 29.668259327647633 ], [ -95.543480733639981, 29.668259213738629 ], [ -95.543759397161153, 29.668018896695607 ], [ -95.544310267737828, 29.667655629817961 ], [ -95.544739100302891, 29.667187784204149 ], [ -95.54632604769732, 29.66545641970346 ], [ -95.546522626581719, 29.665315873953041 ], [ -95.547214582064782, 29.664919452051922 ], [ -95.547674805029089, 29.664277559626367 ], [ -95.548106394751898, 29.664088441855156 ], [ -95.548114888917496, 29.663837221191034 ], [ -95.549652971519194, 29.663047166337407 ], [ -95.550078037367285, 29.66198202734207 ], [ -95.552873983068892, 29.660778791836801 ], [ -95.556444657039023, 29.658434012986998 ], [ -95.556918642016868, 29.657934814924982 ], [ -95.557352847010264, 29.657668838987423 ], [ -95.557566888154739, 29.657690950297916 ], [ -95.55780926383477, 29.656976924107646 ], [ -95.556589916144219, 29.656945564001234 ], [ -95.556465224216012, 29.652540220568387 ], [ -95.557304486366903, 29.652543971066148 ], [ -95.557137418931077, 29.648275088884791 ], [ -95.560252849394203, 29.648219637236018 ], [ -95.560252954858214, 29.648219635432977 ], [ -95.560253019995102, 29.648219634398945 ], [ -95.560253404682229, 29.648219626231754 ], [ -95.560253586670726, 29.648219622784673 ], [ -95.560253898963282, 29.648219616367708 ], [ -95.560254247422748, 29.648219609977495 ], [ -95.560254703441572, 29.648219600935427 ], [ -95.560257476784301, 29.648219545834589 ], [ -95.560259417711237, 29.648219507253341 ], [ -95.560261805364732, 29.648219459391221 ], [ -95.560270366323365, 29.648219289447798 ], [ -95.560279025549121, 29.648219116613156 ], [ -95.560363531906575, 29.64821743573064 ], [ -95.560466966700432, 29.648215378261412 ], [ -95.56048898800185, 29.648214940387909 ], [ -95.560501945414856, 29.648213742455628 ], [ -95.560816371387489, 29.648185887268511 ], [ -95.561078188198536, 29.648181244383537 ], [ -95.563779435606293, 29.64813330693849 ], [ -95.563779619659456, 29.648133303539662 ], [ -95.563779996055871, 29.648133296052173 ], [ -95.563780305189866, 29.648133291351126 ], [ -95.563781490162881, 29.648133269418054 ], [ -95.563782037129613, 29.648133259990864 ], [ -95.563782764019606, 29.648133247058862 ], [ -95.563784727536557, 29.648133212617108 ], [ -95.563786847199538, 29.648133174962712 ], [ -95.563787496532754, 29.648133163650229 ], [ -95.563788449867872, 29.648133146602259 ], [ -95.563789839543503, 29.648133121800381 ], [ -95.563796201629955, 29.648133008916332 ], [ -95.563803664907454, 29.64813287646114 ], [ -95.563810691844438, 29.648132751759569 ], [ -95.563816243319593, 29.64813265236549 ], [ -95.56382291973263, 29.648132534009719 ], [ -95.56383507106618, 29.648132318806727 ], [ -95.563916777328217, 29.648130867994478 ], [ -95.5639821063819, 29.648129707107856 ], [ -95.564217740415728, 29.648125523302493 ], [ -95.564499957416274, 29.648120510074875 ], [ -95.565217501163659, 29.648108653811811 ], [ -95.56524827789751, 29.648114858554287 ], [ -95.565937531583828, 29.648205481135058 ], [ -95.56672256985081, 29.648446675033465 ], [ -95.567857465233146, 29.648792561999421 ], [ -95.569014407116569, 29.649154217420087 ], [ -95.57093381635724, 29.64972302789176 ], [ -95.574477914156972, 29.650789404072331 ], [ -95.577154334746183, 29.651594509505813 ], [ -95.577909070926097, 29.651821530250004 ], [ -95.578227921154365, 29.651917437252877 ], [ -95.57846944581398, 29.651990085358907 ], [ -95.578628611497635, 29.652079003067559 ], [ -95.578927221325941, 29.65224344591924 ], [ -95.579254493031613, 29.652386429959279 ], [ -95.580142653134956, 29.652774385604587 ], [ -95.581779363898903, 29.653522581465268 ], [ -95.582535571650865, 29.653869577677753 ], [ -95.584897761726708, 29.654971096645358 ], [ -95.585134644448075, 29.655072919079231 ], [ -95.585243982015768, 29.655131339851003 ], [ -95.585455081146492, 29.655229212033053 ], [ -95.585544608716475, 29.65526851477912 ], [ -95.587130936541627, 29.65601119188015 ], [ -95.587699673942893, 29.656280198300603 ], [ -95.588135336951211, 29.656478765136242 ], [ -95.588321542659145, 29.656564822561293 ], [ -95.588620549469553, 29.656705534318668 ], [ -95.588737672339164, 29.656760650079832 ], [ -95.588937327817007, 29.656854704643845 ], [ -95.58913060140695, 29.656940580847532 ], [ -95.589819120466743, 29.657257899992373 ], [ -95.596276517524032, 29.660296281251277 ] ] ] } },
{ "type": "Feature", "properties": { "OBJECTID": 35, "TRACT": "Chocolate Bayou", "SERVICE_CO": "CH", "AREA_AC": 9877, "SHAPE_LENG": 126288.294952, "INSIDE_X": -95.33651622, "INSIDE_Y": 29.63002891, "SHAPE_LE_1": 141471.18819, "LAT": 29.63002374, "LONG_": -95.33650923, "GLOBALID": "{5000F119-7FED-4F16-ADB2-AFCB63E887B9}", "SHAPESTLen": 141471.18818986544, "nmonths": 0, "mean_Janua": -9999.0, "mean_Febru": -9999.0, "mean_March": -9999.0, "mean_April": -9999.0, "mean_May": -9999.0, "mean_June": -9999, "mean_July": -9999.0, "mean_Augus": -9999.0, "mean_Septe": -9999.0, "mean_Octob": -9999.0, "mean_Novem": -9999.0, "mean_Decem": -9999.0 }, "geometry": { "type": "Polygon", "coordinates": [ [ [ -95.355313838713457, 29.612120611923189 ], [ -95.357054750558788, 29.61213134954259 ], [ -95.357041517509955, 29.611456202632727 ], [ -95.358017233659439, 29.611434787433069 ], [ -95.357994897427673, 29.609988034045593 ], [ -95.359687094093516, 29.609969501561707 ], [ -95.359669254397701, 29.61178918969361 ], [ -95.360559781021152, 29.611772504259999 ], [ -95.360551816620287, 29.609961041315081 ], [ -95.362187430235537, 29.609989532297131 ], [ -95.362167400879144, 29.612093923895237 ], [ -95.367937249087561, 29.612202706887146 ], [ -95.368375522869442, 29.612119450478616 ], [ -95.368378273836214, 29.612313341413628 ], [ -95.368379661361232, 29.61241115424901 ], [ -95.367945880352124, 29.61242626588583 ], [ -95.368018367082655, 29.614400521661466 ], [ -95.368133408420618, 29.614450577777589 ], [ -95.374609593789543, 29.61447002017934 ], [ -95.374609171303106, 29.616424304210035 ], [ -95.374167475665544, 29.616760350775408 ], [ -95.374155013928814, 29.618891401800763 ], [ -95.361369695294499, 29.618840159686201 ], [ -95.361389808898323, 29.616652780751718 ], [ -95.359258262336894, 29.616630027349586 ], [ -95.359262008923309, 29.618835942610065 ], [ -95.357970082993418, 29.61881923625381 ], [ -95.358002551854611, 29.62104807804981 ], [ -95.359460358520536, 29.621072987926215 ], [ -95.359476321777507, 29.62159049412498 ], [ -95.359565231658962, 29.624472667454043 ], [ -95.359565823825733, 29.62449185421935 ], [ -95.358796082956289, 29.624482340749402 ], [ -95.358818225911563, 29.625196878530378 ], [ -95.358818328299719, 29.625200179784986 ], [ -95.359729786190968, 29.625206475853403 ], [ -95.360060637976716, 29.625208760286711 ], [ -95.360086714535768, 29.625938997736394 ], [ -95.359727567924594, 29.625920725948255 ], [ -95.35781180146931, 29.625922687830009 ], [ -95.357811588044925, 29.625941857190867 ], [ -95.357793293503775, 29.627586645736383 ], [ -95.357792823785061, 29.627586634756401 ], [ -95.356142978746192, 29.627549082294848 ], [ -95.356143969364865, 29.627568290761108 ], [ -95.356405507190715, 29.632642497322919 ], [ -95.357246574267293, 29.632650639856461 ], [ -95.357229194305987, 29.63625649470427 ], [ -95.357228603189839, 29.63625649666746 ], [ -95.357228510573535, 29.63627566475833 ], [ -95.356008671724084, 29.636278700922304 ], [ -95.356097867872577, 29.639863380636235 ], [ -95.356709149386703, 29.639880028919205 ], [ -95.356725732873514, 29.640441450292776 ], [ -95.356724483394274, 29.64044145509342 ], [ -95.356114471321533, 29.640443871316641 ], [ -95.356114958276791, 29.640463037119751 ], [ -95.356154002249127, 29.641999916940652 ], [ -95.356766218316096, 29.641990755749397 ], [ -95.356764865496061, 29.642009936449632 ], [ -95.356587998991159, 29.644518877133731 ], [ -95.355887620801539, 29.644590837413986 ], [ -95.355888247738207, 29.644609873411465 ], [ -95.356010923160838, 29.64833768168856 ], [ -95.356478532810399, 29.648237073460674 ], [ -95.356710750149304, 29.648187110980203 ], [ -95.357252066950494, 29.648039218385048 ], [ -95.357506141832204, 29.647974230104161 ], [ -95.358020240974113, 29.64799528248609 ], [ -95.358583334353497, 29.648018339326651 ], [ -95.358775978478405, 29.648026227287374 ], [ -95.359293546388002, 29.648047416980376 ], [ -95.359328217984086, 29.648021488682271 ], [ -95.360321598081754, 29.647278631474382 ], [ -95.362999508544206, 29.646710386675217 ], [ -95.363337970681528, 29.646376506616601 ], [ -95.363726166556788, 29.645948484507173 ], [ -95.363749693252686, 29.645970355106055 ], [ -95.364568479573947, 29.646731496721696 ], [ -95.36460475968633, 29.647882309147576 ], [ -95.368280146042011, 29.647767807857917 ], [ -95.368850822291449, 29.658074238589602 ], [ -95.368929625747867, 29.658077843231116 ], [ -95.370066244402253, 29.65812982844923 ], [ -95.370621814045876, 29.658155235037388 ], [ -95.37100841721815, 29.658172913428288 ], [ -95.371992144081375, 29.658217890772001 ], [ -95.372036195903021, 29.658862267770726 ], [ -95.370966094324118, 29.658833259323821 ], [ -95.370987924080126, 29.664182882858778 ], [ -95.370994835752896, 29.665876632977284 ], [ -95.368666637944941, 29.6658514921841 ], [ -95.368755605020098, 29.669290426974204 ], [ -95.36659150759678, 29.669579832227292 ], [ -95.366155372633088, 29.669861389597123 ], [ -95.365905328608051, 29.670514594846576 ], [ -95.367397866723948, 29.670987525291153 ], [ -95.367251028027269, 29.671669981962204 ], [ -95.365644242188125, 29.671161347999508 ], [ -95.365377310516223, 29.671804434078581 ], [ -95.366871930714098, 29.672277562618223 ], [ -95.366631158595254, 29.672938082218344 ], [ -95.36367971735379, 29.672013613532268 ], [ -95.36115916136248, 29.67122404446005 ], [ -95.357668334530771, 29.680026979112895 ], [ -95.355735334763338, 29.68020871188881 ], [ -95.355800423893996, 29.682469718907253 ], [ -95.354855176695693, 29.682842560089334 ], [ -95.354351559600261, 29.683000391057451 ], [ -95.354094817953239, 29.68299660436011 ], [ -95.353808355525231, 29.682992378770052 ], [ -95.352951884373965, 29.682841765602436 ], [ -95.352332186911582, 29.682491209756826 ], [ -95.351183840217971, 29.68184158922131 ], [ -95.349446084843422, 29.681284118185435 ], [ -95.349637482939016, 29.680797263154968 ], [ -95.350958007956976, 29.679897099410685 ], [ -95.351246114614909, 29.679502682191082 ], [ -95.351668190996833, 29.679695640830282 ], [ -95.351749017612562, 29.679560824029551 ], [ -95.351654723069075, 29.679481220675981 ], [ -95.351908469655527, 29.679199074850128 ], [ -95.352848439423852, 29.676688014682142 ], [ -95.351267672604578, 29.67623677571202 ], [ -95.351390926300539, 29.675944006147191 ], [ -95.350935599447908, 29.675854090926261 ], [ -95.350777571562389, 29.676235446569166 ], [ -95.347865435449592, 29.675315162937714 ], [ -95.347982641275607, 29.675032340466519 ], [ -95.347663009847125, 29.674931326732636 ], [ -95.349124965149969, 29.671178583958358 ], [ -95.347596006987743, 29.670741358792505 ], [ -95.348006567573933, 29.669646403821133 ], [ -95.348248418982465, 29.66900138048258 ], [ -95.348296587512152, 29.66887291421947 ], [ -95.348584384953796, 29.668090867183338 ], [ -95.348986147900106, 29.666999115567982 ], [ -95.348329679720692, 29.666672223471263 ], [ -95.34595524050404, 29.666163700091445 ], [ -95.345242969754892, 29.666011147497581 ], [ -95.340829430812022, 29.666086608197045 ], [ -95.340798295718869, 29.663929224769845 ], [ -95.335162466940233, 29.66401181217616 ], [ -95.335068208043481, 29.66249793261596 ], [ -95.333937138688086, 29.662551645504543 ], [ -95.333917839760446, 29.661348787377943 ], [ -95.336445887928519, 29.661297462639336 ], [ -95.336270941185191, 29.656065557281188 ], [ -95.33600774972993, 29.656050272815691 ], [ -95.336023243800597, 29.655726621523272 ], [ -95.328535632363213, 29.655616110666262 ], [ -95.328583006843218, 29.658464825262627 ], [ -95.328618505200268, 29.660599380213949 ], [ -95.324268536374419, 29.660569859666818 ], [ -95.324192016152082, 29.656834095568168 ], [ -95.324106009601749, 29.65263491560961 ], [ -95.316193725368805, 29.652399957718686 ], [ -95.313667040896675, 29.652324827596036 ], [ -95.312855017486228, 29.649828005262076 ], [ -95.311795247196969, 29.646602191407894 ], [ -95.311018744701443, 29.644238471928507 ], [ -95.309885855195645, 29.640311323422804 ], [ -95.308488042217334, 29.635465387205429 ], [ -95.30734101788758, 29.631488523601448 ], [ -95.306308095865859, 29.62790698809944 ], [ -95.305036302167494, 29.623496833796917 ], [ -95.304066715831695, 29.62013436635231 ], [ -95.302789564631283, 29.615704929511121 ], [ -95.301556346726699, 29.611427479042046 ], [ -95.299139861429865, 29.603044750498853 ], [ -95.297261588387514, 29.596528073062281 ], [ -95.297334352991911, 29.596521742440707 ], [ -95.297551898509056, 29.596512794975357 ], [ -95.298600868288034, 29.597033531470416 ], [ -95.299196837645908, 29.596852669692044 ], [ -95.299725072965629, 29.596111318773147 ], [ -95.300329551076373, 29.596118007533853 ], [ -95.300787447950825, 29.595969998488986 ], [ -95.301148734492315, 29.595853215492401 ], [ -95.301334582193675, 29.595793141786345 ], [ -95.301673493605122, 29.59565704427731 ], [ -95.301813226985828, 29.595600930739369 ], [ -95.301859955007387, 29.59558216505155 ], [ -95.301981468429489, 29.595533368799206 ], [ -95.302066559443318, 29.595500387755642 ], [ -95.302495207364402, 29.595424875258573 ], [ -95.303159175928229, 29.595307904451076 ], [ -95.303658713479223, 29.595219899364359 ], [ -95.303951915733549, 29.595168243710951 ], [ -95.304403972664375, 29.595184499787521 ], [ -95.30575232224939, 29.59523428587508 ], [ -95.307994278681647, 29.594984792602915 ], [ -95.308662370088626, 29.594910437436429 ], [ -95.309754213201956, 29.59503283630238 ], [ -95.311325785893047, 29.595893410181116 ], [ -95.311988646748929, 29.596256374827806 ], [ -95.312192548810941, 29.596368024185821 ], [ -95.312555624243046, 29.596603541242285 ], [ -95.313052644620925, 29.596925940912378 ], [ -95.313166729107323, 29.597002383261653 ], [ -95.313273790381544, 29.597074119258448 ], [ -95.313392307679109, 29.597153531648434 ], [ -95.313744950464525, 29.5973797576682 ], [ -95.313976794600407, 29.597531069544672 ], [ -95.314192092310449, 29.597671579943174 ], [ -95.314698538269312, 29.598002102729268 ], [ -95.31631840650779, 29.598237608147485 ], [ -95.317685598743154, 29.597911737948881 ], [ -95.317778512717652, 29.597889590946469 ], [ -95.317787354020879, 29.597887483643664 ], [ -95.317935642192992, 29.597878421871759 ], [ -95.317955574107032, 29.597879978839241 ], [ -95.317994839340855, 29.597884225446872 ], [ -95.318051790355298, 29.597893398396799 ], [ -95.318091155895019, 29.597901884184761 ], [ -95.318118377724119, 29.597907752747524 ], [ -95.318149299279725, 29.597917696892793 ], [ -95.318185524354462, 29.59792934689639 ], [ -95.318194261802702, 29.597932156512464 ], [ -95.318215001096021, 29.597938826080231 ], [ -95.318247381781859, 29.597949240055314 ], [ -95.318270847388717, 29.597956786262824 ], [ -95.318284254244659, 29.597961098322767 ], [ -95.318320351212719, 29.597975845593488 ], [ -95.318358640838085, 29.597991488213655 ], [ -95.318403810614029, 29.59801398583447 ], [ -95.318421956653722, 29.598023024039971 ], [ -95.318440234601084, 29.598032128160625 ], [ -95.318463988228828, 29.598046846216217 ], [ -95.318489915202051, 29.598062909548457 ], [ -95.318516084639697, 29.598079123982892 ], [ -95.318550220070847, 29.598103104350141 ], [ -95.318581202641795, 29.598126436450215 ], [ -95.318605918271842, 29.598146334560752 ], [ -95.31863131052198, 29.598159637988203 ], [ -95.318662371841739, 29.598175912092131 ], [ -95.31870619834379, 29.598196907530721 ], [ -95.318753709410529, 29.598218874569135 ], [ -95.318802728301065, 29.598240275555622 ], [ -95.318827811890529, 29.598250765711203 ], [ -95.318848458687114, 29.598259173971336 ], [ -95.318891420734076, 29.598275954247434 ], [ -95.318894411304981, 29.598277122509927 ], [ -95.318904674916865, 29.598282355440311 ], [ -95.318915129348483, 29.59828742391025 ], [ -95.318931847180366, 29.598295079500481 ], [ -95.318941577455476, 29.598299261433581 ], [ -95.318959736600604, 29.598306591081911 ], [ -95.318972126048848, 29.598311219911373 ], [ -95.318985336606502, 29.598315850572 ], [ -95.318988426298063, 29.598316933996443 ], [ -95.318995097166322, 29.598319077358109 ], [ -95.319000730573293, 29.598320887955904 ], [ -95.319013123980326, 29.598324604244429 ], [ -95.319018607419281, 29.598326248225899 ], [ -95.319028476584293, 29.598328897551596 ], [ -95.319038436742986, 29.598331458206097 ], [ -95.319044293899807, 29.598332964424671 ], [ -95.319063365239046, 29.598337165972239 ], [ -95.31907475883051, 29.598339676698689 ], [ -95.319092603016912, 29.598342646570533 ], [ -95.319102094440424, 29.598344226610578 ], [ -95.319120664519687, 29.59834668746112 ], [ -95.319137488649062, 29.598348526139574 ], [ -95.319147203266738, 29.598349587839806 ], [ -95.319160835975936, 29.598350414318148 ], [ -95.319176808338952, 29.598351381903967 ], [ -95.319201042408608, 29.598351794161125 ], [ -95.31921847024995, 29.598351669784769 ], [ -95.319234856711418, 29.598351149346531 ], [ -95.319247435498326, 29.598350494346622 ], [ -95.319263229144099, 29.598349312151406 ], [ -95.319280110479639, 29.598347670610281 ], [ -95.319300609580324, 29.59834509861134 ], [ -95.319317636935182, 29.598342471706545 ], [ -95.31932947693285, 29.598340389939743 ], [ -95.319338221284966, 29.598338852188803 ], [ -95.319346198191752, 29.598337055906974 ], [ -95.319353684589544, 29.598335370703257 ], [ -95.319359475685729, 29.598334065838145 ], [ -95.319367650439744, 29.598332225349385 ], [ -95.319375364654505, 29.598330208796966 ], [ -95.319381220691596, 29.598328678233294 ], [ -95.319386877556241, 29.598327199963105 ], [ -95.319393277472301, 29.598325309736335 ], [ -95.31939835044318, 29.598323810886576 ], [ -95.319401662097675, 29.598322833188941 ], [ -95.319408574654204, 29.598320790966667 ], [ -95.319425010558064, 29.598315256375791 ], [ -95.319443576406329, 29.598308544568166 ], [ -95.319453802127413, 29.598304565099362 ], [ -95.319459734729961, 29.59830225669236 ], [ -95.319466406041983, 29.598299370109217 ], [ -95.319492492758656, 29.598288266787911 ], [ -95.319499009482286, 29.598285599823424 ], [ -95.319508865241644, 29.598281567743875 ], [ -95.319517991820774, 29.59827805000916 ], [ -95.319533949325134, 29.59827203192777 ], [ -95.319542958814239, 29.598268753800461 ], [ -95.319550626499662, 29.598265964135816 ], [ -95.319558742923675, 29.598263219314752 ], [ -95.319572117935991, 29.598258697291168 ], [ -95.319582631476351, 29.598255358535443 ], [ -95.31959853569856, 29.598250446613022 ], [ -95.319605727392357, 29.598248225198432 ], [ -95.319615786302222, 29.598245406534367 ], [ -95.319630099339392, 29.598241396876624 ], [ -95.319633923613921, 29.598240324951004 ], [ -95.319641133253853, 29.59823852288854 ], [ -95.319652462088499, 29.598235691316706 ], [ -95.319663000848536, 29.59823305736705 ], [ -95.319673676707481, 29.598230603218088 ], [ -95.319679618876563, 29.598228545117042 ], [ -95.319688502282062, 29.598225469330558 ], [ -95.319696404140174, 29.598222429729045 ], [ -95.319706615608311, 29.598218501304022 ], [ -95.319716140981171, 29.598214837455185 ], [ -95.319721332065086, 29.598212840835629 ], [ -95.319725931927607, 29.598210855031681 ], [ -95.319737042303245, 29.598206230967811 ], [ -95.319762749768088, 29.598194901412 ], [ -95.319778407661275, 29.598187565218488 ], [ -95.319787352348882, 29.598183189395208 ], [ -95.319808744173855, 29.598172722353155 ], [ -95.319834959011203, 29.598158146132565 ], [ -95.319856049915984, 29.598145881621612 ], [ -95.319870012452611, 29.598137378506323 ], [ -95.319880919701902, 29.598130736688894 ], [ -95.319888997753665, 29.598125816150045 ], [ -95.319902077608049, 29.59811661171134 ], [ -95.319918984343389, 29.598104714131743 ], [ -95.319952643261814, 29.598079732156783 ], [ -95.319975848480908, 29.598060787018934 ], [ -95.319987666608057, 29.598051138028861 ], [ -95.32002444451534, 29.598025564803084 ], [ -95.320079517066702, 29.597987270055448 ], [ -95.320111647099594, 29.597964928854839 ], [ -95.320139822179428, 29.59794533775143 ], [ -95.3201724882599, 29.59792262401773 ], [ -95.320304068931293, 29.597831129813795 ], [ -95.320349024338611, 29.597800966359912 ], [ -95.320385695884752, 29.597776362337633 ], [ -95.320408292028262, 29.597759955962168 ], [ -95.320517326347883, 29.597684507311975 ], [ -95.320698435110955, 29.597559184482702 ], [ -95.320792101515849, 29.597494371191978 ], [ -95.321018086895094, 29.59736344596514 ], [ -95.321074840548434, 29.597330565507399 ], [ -95.321164327239245, 29.597280298923291 ], [ -95.321201004080336, 29.597259696569736 ], [ -95.321250521468897, 29.597231881672005 ], [ -95.321315471740789, 29.59719539811141 ], [ -95.321333036328141, 29.597185531506632 ], [ -95.321378896514759, 29.597159770771444 ], [ -95.321726711202686, 29.596952408094186 ], [ -95.322048141021824, 29.596763262580733 ], [ -95.322117465257818, 29.596722469279431 ], [ -95.322128483319574, 29.596721119342529 ], [ -95.322171001586341, 29.596719004270412 ], [ -95.322219636054697, 29.596718973807388 ], [ -95.322255984738447, 29.596720618604525 ], [ -95.322286140988879, 29.596723013911866 ], [ -95.322342644065571, 29.59673013078741 ], [ -95.322398587196346, 29.596740608400882 ], [ -95.322441579833111, 29.596750395048225 ], [ -95.322491451506437, 29.59676339940853 ], [ -95.322523124116458, 29.596772594980333 ], [ -95.322570906580665, 29.596787799566521 ], [ -95.32259649202723, 29.596795940408452 ], [ -95.3226192587572, 29.596804939872818 ], [ -95.322661411093492, 29.596821601899322 ], [ -95.322692062413296, 29.596833718525946 ], [ -95.322712562339007, 29.596843309225111 ], [ -95.322759662665277, 29.59686412342084 ], [ -95.322810784208954, 29.596886714552358 ], [ -95.322863908016842, 29.596912162732163 ], [ -95.322933979995184, 29.596947249258868 ], [ -95.322936287236516, 29.596948404966646 ], [ -95.322940355546251, 29.596948815596257 ], [ -95.322943553183251, 29.596949138199708 ], [ -95.322945474602221, 29.596949419403117 ], [ -95.322949991502497, 29.596950079777546 ], [ -95.322952536329637, 29.596950574909155 ], [ -95.32295592997086, 29.596951277526934 ], [ -95.322958971154165, 29.596951986705193 ], [ -95.32296051887991, 29.596952347907784 ], [ -95.322963172384618, 29.596953095175984 ], [ -95.32296638210839, 29.59695400036254 ], [ -95.322969264930876, 29.596954976904822 ], [ -95.322971628331985, 29.596955777583119 ], [ -95.322975346500684, 29.596957192336362 ], [ -95.322977730869951, 29.596958099208596 ], [ -95.322981559857382, 29.596959850109801 ], [ -95.32298467143184, 29.596961272562066 ], [ -95.322987667622016, 29.596962858844883 ], [ -95.322990513935522, 29.596964419342676 ], [ -95.322993544877832, 29.596966188026453 ], [ -95.322995091704726, 29.596967090833175 ], [ -95.322996804709476, 29.596968226594687 ], [ -95.323000285142854, 29.596970535722321 ], [ -95.323003125495504, 29.596972634977085 ], [ -95.323005234359897, 29.596974194160712 ], [ -95.323006810498924, 29.596975516632956 ], [ -95.323008420748508, 29.596976867124248 ], [ -95.323009945754265, 29.596978146665975 ], [ -95.323011669847688, 29.596979720549065 ], [ -95.323015169095569, 29.596983085467681 ], [ -95.323018691964492, 29.596986798580922 ], [ -95.323020617071336, 29.596988986419444 ], [ -95.323024567458916, 29.596990923004878 ], [ -95.323037095565269, 29.596997066415565 ], [ -95.323044486524964, 29.597000783845427 ], [ -95.323048964446286, 29.597003101433117 ], [ -95.323051995372538, 29.597004669712206 ], [ -95.323055415780118, 29.597006494235657 ], [ -95.32305744471968, 29.597007576393256 ], [ -95.323058604104475, 29.597008195026667 ], [ -95.323065929412607, 29.597012186881614 ], [ -95.32306739529335, 29.597012985455596 ], [ -95.323071827253372, 29.597015489543917 ], [ -95.323074961387476, 29.597017261062149 ], [ -95.323075604206608, 29.597017624471452 ], [ -95.323079245548186, 29.597019681648678 ], [ -95.323082454614337, 29.597021494945903 ], [ -95.323121610264749, 29.597043907798081 ], [ -95.323133742854196, 29.597050852771599 ], [ -95.323149078640355, 29.597059630737881 ], [ -95.323163291949896, 29.597067998708898 ], [ -95.32317668816917, 29.597076052642389 ], [ -95.323186408253022, 29.597081896787856 ], [ -95.32319035938508, 29.59708427210828 ], [ -95.323192488634149, 29.597085552007318 ], [ -95.323207923097897, 29.597095348233555 ], [ -95.323217102605071, 29.597101173907408 ], [ -95.323249600607895, 29.59712208215165 ], [ -95.323250634383456, 29.597122746980165 ], [ -95.323266378645116, 29.597139204725888 ], [ -95.32327877162372, 29.597152605840396 ], [ -95.323286486656571, 29.597161239323761 ], [ -95.323289425713909, 29.597164528355524 ], [ -95.323299224806263, 29.597175927265454 ], [ -95.323307080157278, 29.597185368923469 ], [ -95.323314756408521, 29.597194821907259 ], [ -95.323318645437823, 29.597199612085372 ], [ -95.323328325833003, 29.597212156886965 ], [ -95.323334088210046, 29.597219626358132 ], [ -95.323407188839141, 29.597325015375219 ], [ -95.323433418145669, 29.597390905091114 ], [ -95.323458349896157, 29.597426834129951 ], [ -95.32348676086788, 29.597467776778576 ], [ -95.323531794789389, 29.59750736362902 ], [ -95.323577404962435, 29.597535960397686 ], [ -95.323653623721327, 29.597566273995369 ], [ -95.323704002069036, 29.597576952876114 ], [ -95.32377773123379, 29.597581783844042 ], [ -95.323844705584477, 29.59758617186635 ], [ -95.32393590768649, 29.597592147323233 ], [ -95.324025970759863, 29.597608680264049 ], [ -95.324226615624653, 29.597645513520689 ], [ -95.324371931901553, 29.597684688917589 ], [ -95.324511543509502, 29.597730295423172 ], [ -95.324594244073438, 29.597757311115817 ], [ -95.324789622467449, 29.597828719931329 ], [ -95.324946450223294, 29.597886038670261 ], [ -95.325235314872401, 29.597979892005487 ], [ -95.32543211133644, 29.598043831836438 ], [ -95.325512484008968, 29.598054108057482 ], [ -95.32558786974127, 29.598054274960585 ], [ -95.325831780940462, 29.598028316124125 ], [ -95.326014651552867, 29.598008852655777 ], [ -95.3262249567005, 29.597981509730353 ], [ -95.32641506214128, 29.597968497514028 ], [ -95.326550549718647, 29.597964713036937 ], [ -95.326718519686011, 29.597966179591346 ], [ -95.326762308907192, 29.597966561456658 ], [ -95.326948643539978, 29.597992409696619 ], [ -95.327659104562883, 29.598062604836375 ], [ -95.328249470761477, 29.598118032666669 ], [ -95.328337077613071, 29.598126257989335 ], [ -95.328386175358759, 29.598138013884363 ], [ -95.328545659610072, 29.598176201426586 ], [ -95.328584044211937, 29.598185391986483 ], [ -95.328892891236237, 29.598315330985926 ], [ -95.329015787595011, 29.598367035808234 ], [ -95.329432254579217, 29.598619118411587 ], [ -95.329629952897562, 29.598749748402849 ], [ -95.329681416674973, 29.59878375381092 ], [ -95.329692226277174, 29.598801321109157 ], [ -95.329722134284168, 29.598818065562707 ], [ -95.329741710257636, 29.598849897031034 ], [ -95.329774137370904, 29.598875705224042 ], [ -95.329809028807873, 29.598903475815888 ], [ -95.329863047590791, 29.59894646915372 ], [ -95.329914729562944, 29.598975584135204 ], [ -95.330001791591584, 29.599011192547415 ], [ -95.330062937718608, 29.599027586100593 ], [ -95.330118238993506, 29.599042413753224 ], [ -95.330204536049933, 29.599059954001305 ], [ -95.330273220128944, 29.599073914714182 ], [ -95.330356042916904, 29.599081664414804 ], [ -95.330592748499654, 29.599090184151347 ], [ -95.330865285295332, 29.599106356411742 ], [ -95.330931991171269, 29.599110314626863 ], [ -95.331119591628664, 29.599105337858791 ], [ -95.331418856684863, 29.599089086306421 ], [ -95.331650001496712, 29.599093709022487 ], [ -95.33173470892126, 29.599095403598529 ], [ -95.331798254371165, 29.599078350736484 ], [ -95.33184620178038, 29.599070440691769 ], [ -95.33188819314492, 29.599063513756288 ], [ -95.331958810169041, 29.599051864282163 ], [ -95.332005807813786, 29.599044111388821 ], [ -95.332082292444895, 29.599019986566269 ], [ -95.332160899825908, 29.598987830695286 ], [ -95.332192734211716, 29.598974808093026 ], [ -95.332255831999447, 29.598934455463425 ], [ -95.33232708055364, 29.59888083794581 ], [ -95.332407487707215, 29.598799690509313 ], [ -95.332487220984817, 29.598709026208262 ], [ -95.3326452322123, 29.598541180207658 ], [ -95.332760825449512, 29.5984281718559 ], [ -95.332868557559152, 29.598338800283997 ], [ -95.332932863714845, 29.59829998710061 ], [ -95.333029205758478, 29.598257232489861 ], [ -95.333097813468967, 29.598236937137624 ], [ -95.333195910658134, 29.598212592599417 ], [ -95.33333596258808, 29.598177836942739 ], [ -95.333432727719696, 29.598153823125788 ], [ -95.333471040348016, 29.598148306916823 ], [ -95.333507944039155, 29.598142993103902 ], [ -95.333587808528179, 29.598114747122803 ], [ -95.333647259428858, 29.598084169579138 ], [ -95.333712051945355, 29.598050845215965 ], [ -95.333761367603643, 29.598013508366236 ], [ -95.333810385944545, 29.59797639625042 ], [ -95.333840364675709, 29.597944461134645 ], [ -95.333906077078581, 29.597868626979864 ], [ -95.333948285108605, 29.597819918788431 ], [ -95.333990821804306, 29.597756752720432 ], [ -95.334047466024757, 29.597665315744305 ], [ -95.334095977121081, 29.597595725376241 ], [ -95.334304095002267, 29.5974254764003 ], [ -95.334441928453131, 29.597211133679661 ], [ -95.334626115827774, 29.596993947305627 ], [ -95.334755358621805, 29.596822557359889 ], [ -95.334786255923063, 29.596781583073263 ], [ -95.334862081527987, 29.596658772176124 ], [ -95.33495306601742, 29.596440846109562 ], [ -95.335020321479504, 29.596354021657874 ], [ -95.335066796549214, 29.596302282278348 ], [ -95.335096793647097, 29.59627176826589 ], [ -95.335120094959365, 29.596250253192682 ], [ -95.33516806637877, 29.596213897278339 ], [ -95.335240805183474, 29.596165256936075 ], [ -95.33529578989679, 29.596132961240158 ], [ -95.335338793142583, 29.596110135323599 ], [ -95.335389373388551, 29.596085734111366 ], [ -95.335451056787306, 29.596059329717793 ], [ -95.335521163353292, 29.596032466372037 ], [ -95.335630084475497, 29.595990729779945 ], [ -95.335728929932202, 29.595951720424566 ], [ -95.335817329430498, 29.595922106451585 ], [ -95.335908687520842, 29.5958915010395 ], [ -95.33601332280989, 29.595856447782328 ], [ -95.336139755599532, 29.59581498823394 ], [ -95.33617608509303, 29.595803076305966 ], [ -95.336206866730762, 29.59578794319415 ], [ -95.336237686417675, 29.59577019325161 ], [ -95.336318545186359, 29.595706424115527 ], [ -95.336362150337351, 29.595677314334608 ], [ -95.33640025761369, 29.595655169143697 ], [ -95.336443778211134, 29.595632449127681 ], [ -95.336525470266693, 29.595593598597326 ], [ -95.336659231900285, 29.595529985419461 ], [ -95.336765870581431, 29.595475709934046 ], [ -95.336859685728925, 29.595422474279516 ], [ -95.336917269451106, 29.595387725125953 ], [ -95.336999277806328, 29.595334278896416 ], [ -95.337072075379737, 29.595281824337196 ], [ -95.337115429005351, 29.595250586057414 ], [ -95.337146078309559, 29.595225132916287 ], [ -95.337186374804361, 29.595191668766279 ], [ -95.337228775977167, 29.595156455907397 ], [ -95.337259557078937, 29.595126777143065 ], [ -95.337295381340354, 29.595085267398566 ], [ -95.337326319607328, 29.595041320138979 ], [ -95.337349739358885, 29.595000488086633 ], [ -95.337358593580092, 29.594979531228454 ], [ -95.337364676942116, 29.594953752039771 ], [ -95.337365950682013, 29.594933922731794 ], [ -95.337366751478797, 29.594921466466189 ], [ -95.337363477314895, 29.594879367293842 ], [ -95.337352691216537, 29.594794531145276 ], [ -95.337342012853981, 29.594740805411156 ], [ -95.337337528224964, 29.594718240285101 ], [ -95.337315327431114, 29.594639609164037 ], [ -95.337281979199119, 29.594532902660614 ], [ -95.33725964265841, 29.594461431733521 ], [ -95.337252191524001, 29.594419247968691 ], [ -95.337247647692507, 29.594393523527796 ], [ -95.337240717273914, 29.594332002572745 ], [ -95.337239874533495, 29.594278840425009 ], [ -95.337239581885967, 29.594260380968848 ], [ -95.337244605111579, 29.594206203207943 ], [ -95.337246259216997, 29.594188354933841 ], [ -95.337258076619278, 29.59412792686981 ], [ -95.337266646623434, 29.594097205715951 ], [ -95.337278043246144, 29.594056352281047 ], [ -95.337291727914575, 29.594024078588149 ], [ -95.337309567849118, 29.59398200779108 ], [ -95.337326344450545, 29.593953233718125 ], [ -95.3373530879431, 29.593918418075752 ], [ -95.337383105788476, 29.593888842058483 ], [ -95.337404730282032, 29.593871777101796 ], [ -95.337427288058038, 29.593853974903631 ], [ -95.337702792805302, 29.593681068632716 ], [ -95.337872837534988, 29.593580609588436 ], [ -95.337923551082639, 29.593550649493231 ], [ -95.337981514864353, 29.593520328185324 ], [ -95.33800793849295, 29.59350932714511 ], [ -95.338042370689166, 29.593494991365738 ], [ -95.338051604960128, 29.593491146753323 ], [ -95.33810761791311, 29.593474332532164 ], [ -95.33812037788023, 29.593470502286888 ], [ -95.33815638304003, 29.593462941066218 ], [ -95.338195931788803, 29.593454635514206 ], [ -95.338272070053875, 29.59344675835451 ], [ -95.338295204300977, 29.593444364847276 ], [ -95.338386538993078, 29.593446522014808 ], [ -95.338491830426392, 29.593449007897028 ], [ -95.338687322802016, 29.593456725857994 ], [ -95.338741124221883, 29.593458850227314 ], [ -95.338879588293125, 29.59347255003447 ], [ -95.339031276839847, 29.593487558581767 ], [ -95.339153909892943, 29.593484690650701 ], [ -95.339234595588351, 29.59349674019488 ], [ -95.339296389988164, 29.593504238475241 ], [ -95.339362116460606, 29.593510354858406 ], [ -95.33945478997758, 29.59351570742561 ], [ -95.339543796188565, 29.593518107905123 ], [ -95.339578297207296, 29.593517874884775 ], [ -95.339606884277174, 29.593520085250223 ], [ -95.339708427556232, 29.593528739648811 ], [ -95.339822582914366, 29.593538469367736 ], [ -95.339871386743553, 29.593542629359682 ], [ -95.339955874705268, 29.593547408250863 ], [ -95.340094261760854, 29.593556142478342 ], [ -95.340108050463087, 29.593560384258399 ], [ -95.340125515560828, 29.593565047088333 ], [ -95.340143360619905, 29.5935690504996 ], [ -95.340163226316307, 29.593572611799566 ], [ -95.340188223157867, 29.593575773663947 ], [ -95.340207390966427, 29.593577249555437 ], [ -95.340222454119498, 29.593578409128327 ], [ -95.340246052098294, 29.593577716945898 ], [ -95.34026164414837, 29.593577259784482 ], [ -95.340283492962655, 29.593574995961319 ], [ -95.340305232188612, 29.593571956415008 ], [ -95.340314229152199, 29.593570697744653 ], [ -95.340324521425615, 29.593568340706103 ], [ -95.340352292717597, 29.593563596668073 ], [ -95.34038129238472, 29.59355864249893 ], [ -95.340433157175084, 29.593549781361268 ], [ -95.340437272533208, 29.593549077899105 ], [ -95.340442836099257, 29.593549034220274 ], [ -95.340450877984509, 29.59354817007522 ], [ -95.340457070176257, 29.593547099156364 ], [ -95.340465469672068, 29.593545045992627 ], [ -95.340474559638295, 29.593541997972945 ], [ -95.340483335386111, 29.593538148775323 ], [ -95.340490686949863, 29.593534151386287 ], [ -95.340500508042581, 29.593527473703048 ], [ -95.340505298492246, 29.593523551583253 ], [ -95.340512930924305, 29.593516124350327 ], [ -95.340519183249583, 29.593508587143443 ], [ -95.340524254741013, 29.593501028463979 ], [ -95.340528343047495, 29.593494274284279 ], [ -95.340534664429072, 29.593485299140575 ], [ -95.340538377657182, 29.593480654266742 ], [ -95.340545654419401, 29.593472602555007 ], [ -95.340552086622296, 29.593466416211026 ], [ -95.340557835756528, 29.593461479489839 ], [ -95.340568979966648, 29.593453243809801 ], [ -95.34057734474878, 29.593448035614522 ], [ -95.34058162833044, 29.593445634235689 ], [ -95.340588459181603, 29.593442188596462 ], [ -95.340609621471415, 29.593436828595017 ], [ -95.340607518450781, 29.593385093518389 ], [ -95.340606892082306, 29.593369677021556 ], [ -95.34060569079783, 29.593340147145739 ], [ -95.340600001359903, 29.593200172264293 ], [ -95.340597400005009, 29.593136194513463 ], [ -95.340589260257801, 29.59293595614847 ], [ -95.340582340229631, 29.592765713957178 ], [ -95.340581010842001, 29.592733012955737 ], [ -95.340599606979197, 29.592704332505889 ], [ -95.34066757953947, 29.592600134212429 ], [ -95.340720863901382, 29.592518453926466 ], [ -95.340743449946217, 29.592483830825962 ], [ -95.340747948172151, 29.592476934392391 ], [ -95.340760464301752, 29.592458448922695 ], [ -95.340786081222134, 29.59241971653401 ], [ -95.340824768087657, 29.592419279955937 ], [ -95.340915781295607, 29.592416890499273 ], [ -95.341062162280153, 29.592413047403035 ], [ -95.341114079643631, 29.592387787887429 ], [ -95.341202530742308, 29.592345032899939 ], [ -95.341316824934054, 29.592289786169903 ], [ -95.341497357034001, 29.592202520987868 ], [ -95.34161299943176, 29.5921466212144 ], [ -95.341676331185766, 29.592116008249132 ], [ -95.341739899236899, 29.592053321144103 ], [ -95.341779574486495, 29.592014195820159 ], [ -95.341825007725461, 29.591969391021905 ], [ -95.341870869496788, 29.591923837845066 ], [ -95.341886372182174, 29.591894971521469 ], [ -95.341957702867717, 29.591762150081006 ], [ -95.342079138837718, 29.591536027817536 ], [ -95.342091905871129, 29.591512254685387 ], [ -95.342189588994103, 29.591330359280057 ], [ -95.342206816707872, 29.591298280400064 ], [ -95.342210498404185, 29.591291424780799 ], [ -95.342221608059674, 29.591268996490825 ], [ -95.342260791474729, 29.591189556008977 ], [ -95.342274174441656, 29.591162423560363 ], [ -95.342289208995666, 29.591131942076537 ], [ -95.342301322359347, 29.591107383745168 ], [ -95.342320250276657, 29.591069008889249 ], [ -95.342346749928737, 29.591049562420022 ], [ -95.342379432478324, 29.591025577371393 ], [ -95.342409713064797, 29.591003137975974 ], [ -95.342462342317958, 29.59096413558132 ], [ -95.342502710681785, 29.590934567961305 ], [ -95.34256704744034, 29.590887131151781 ], [ -95.342570064787751, 29.590884436010988 ], [ -95.34258359165878, 29.590872352966493 ], [ -95.342625051487033, 29.59083485504155 ], [ -95.342723797917287, 29.590745816906072 ], [ -95.342761224395673, 29.590712070462111 ], [ -95.342830870004065, 29.590649272801862 ], [ -95.34291513493929, 29.590589343725597 ], [ -95.343018969074095, 29.590521821600838 ], [ -95.343120763262192, 29.590455625679777 ], [ -95.343195252976884, 29.590407186106102 ], [ -95.343295193251265, 29.590342195045665 ], [ -95.343342237027215, 29.590309289096542 ], [ -95.343342427822876, 29.59030915258667 ], [ -95.34334267688584, 29.590308975242223 ], [ -95.343342981056068, 29.590308758782196 ], [ -95.343343555538922, 29.590308348407159 ], [ -95.34334375178419, 29.590308203921829 ], [ -95.3433448847248, 29.590307369192946 ], [ -95.343345568938986, 29.590306865227479 ], [ -95.34334749753377, 29.590305442919238 ], [ -95.343352082404039, 29.590302063027803 ], [ -95.34342657083441, 29.590244215232296 ], [ -95.343496280292698, 29.590183768743245 ], [ -95.343569418839877, 29.590112551819896 ], [ -95.343629343152358, 29.590047138261301 ], [ -95.343700712702443, 29.589958937136956 ], [ -95.343827961170376, 29.589818352529548 ], [ -95.343880385052927, 29.58976043488077 ], [ -95.343934749883999, 29.58970037216147 ], [ -95.343986957505052, 29.589642693196492 ], [ -95.34399954785556, 29.589621904842943 ], [ -95.34400629260378, 29.589611848832725 ], [ -95.34401136895616, 29.589604574513817 ], [ -95.344020047668394, 29.589592714485146 ], [ -95.34402725272794, 29.589582869652013 ], [ -95.344037717112414, 29.589570405768615 ], [ -95.344048970118166, 29.589557002051237 ], [ -95.344062321120475, 29.589542780948378 ], [ -95.344069611858686, 29.589535015594684 ], [ -95.344083480323548, 29.58952165989043 ], [ -95.344097081651654, 29.589509159875824 ], [ -95.344103212697192, 29.589503525721049 ], [ -95.344111437749802, 29.589496752706186 ], [ -95.344165116497365, 29.589423237891122 ], [ -95.34421669693198, 29.589352596811175 ], [ -95.344253624423317, 29.589302024224317 ], [ -95.344261891342143, 29.589290702677392 ], [ -95.344287642075841, 29.589259255481828 ], [ -95.344307285425387, 29.589234253727422 ], [ -95.344313077852419, 29.589226882518421 ], [ -95.344341691114039, 29.589189038395521 ], [ -95.344363205183669, 29.589159582325976 ], [ -95.344384979452016, 29.589128626738379 ], [ -95.344400530479746, 29.589106518255171 ], [ -95.344407508374644, 29.589095053145332 ], [ -95.344415419890169, 29.589080991173009 ], [ -95.344422091855535, 29.589067684293838 ], [ -95.344433559709316, 29.589039899899223 ], [ -95.344438004790561, 29.589026509591431 ], [ -95.344444697040302, 29.589000510234708 ], [ -95.344447134198802, 29.588987585012884 ], [ -95.344449292730445, 29.588971795093279 ], [ -95.344450508684048, 29.588962894185915 ], [ -95.344450688749006, 29.588945360319105 ], [ -95.344450261075536, 29.588935518099237 ], [ -95.344449781353063, 29.588924474752872 ], [ -95.34445004070659, 29.588902328389956 ], [ -95.344450778782615, 29.588889694346843 ], [ -95.344453131888912, 29.588868523263063 ], [ -95.344455375623127, 29.588854999672861 ], [ -95.344457789050779, 29.588843343917514 ], [ -95.344460547450083, 29.588832063188324 ], [ -95.344464254797273, 29.588819056229646 ], [ -95.344466186974529, 29.58881227821453 ], [ -95.344470785432819, 29.588801702239021 ], [ -95.344488581680196, 29.588760772180006 ], [ -95.344503713160762, 29.588726311245466 ], [ -95.344510077884081, 29.588718618054468 ], [ -95.344519459432078, 29.588705989135157 ], [ -95.344526627388049, 29.588694984180165 ], [ -95.344530460342853, 29.588688454901742 ], [ -95.34453192965978, 29.588685953922877 ], [ -95.344533246198907, 29.588683710555159 ], [ -95.34453717075553, 29.588675717775896 ], [ -95.344540977325622, 29.588667962796134 ], [ -95.34454496538406, 29.588657646366379 ], [ -95.34454721466183, 29.588651444821856 ], [ -95.344550095333446, 29.588642491012585 ], [ -95.344550373353698, 29.588632236582185 ], [ -95.344551047105782, 29.588607455694817 ], [ -95.34455132189845, 29.588597349220848 ], [ -95.344551564044664, 29.588560612757156 ], [ -95.344551634030893, 29.588550110714429 ], [ -95.344551421634733, 29.588535838451349 ], [ -95.344551307580872, 29.588528113536938 ], [ -95.344551125775425, 29.588515902098322 ], [ -95.344551025857541, 29.588509138958383 ], [ -95.344550933344337, 29.588502948340114 ], [ -95.344550662271985, 29.588494733475486 ], [ -95.344550283762189, 29.588483314658362 ], [ -95.344549787923398, 29.588468333241774 ], [ -95.344549409291034, 29.588458217034457 ], [ -95.344549017546285, 29.588450777009573 ], [ -95.344548437278391, 29.58843974355273 ], [ -95.34454812498511, 29.588433806909009 ], [ -95.344547305654842, 29.588418225375232 ], [ -95.344547047478798, 29.588413316593897 ], [ -95.344545507693283, 29.588392699000586 ], [ -95.344544185657867, 29.588375002214807 ], [ -95.3445434893749, 29.588365681642493 ], [ -95.344541226298844, 29.588341608560473 ], [ -95.344540451319517, 29.588333361869992 ], [ -95.344539258096475, 29.588320667822845 ], [ -95.344537453843259, 29.588305133393881 ], [ -95.344535998506345, 29.5882926064067 ], [ -95.344535543751974, 29.588288688846852 ], [ -95.344534630485597, 29.588280121525035 ], [ -95.344532341636224, 29.588263149372761 ], [ -95.344530012649756, 29.588245884547472 ], [ -95.344528694360221, 29.588236109160555 ], [ -95.344528144232129, 29.588232028311396 ], [ -95.344527530302798, 29.588227479016521 ], [ -95.344526530374836, 29.588220063894731 ], [ -95.344523218528664, 29.588206079744918 ], [ -95.344512109947146, 29.588158520087124 ], [ -95.34450274071763, 29.588118406590436 ], [ -95.344498707649265, 29.588101140327908 ], [ -95.344496167665696, 29.588093411400401 ], [ -95.344490728267289, 29.588076856856848 ], [ -95.344477118156945, 29.588042377731366 ], [ -95.344451531787172, 29.58798751032656 ], [ -95.344436031340877, 29.587959160402161 ], [ -95.344420553118269, 29.587930853510443 ], [ -95.344397854995464, 29.587899415480919 ], [ -95.344388402190802, 29.587886323275939 ], [ -95.344371783574474, 29.587863304892281 ], [ -95.344364594978785, 29.587855718823604 ], [ -95.344354811932419, 29.587844496133989 ], [ -95.344343958452797, 29.587832044483651 ], [ -95.344332980937054, 29.587819451327345 ], [ -95.344321341508149, 29.587804632045607 ], [ -95.344307381626621, 29.587786860663915 ], [ -95.344294916902697, 29.587767309374474 ], [ -95.344285942417898, 29.587753232737221 ], [ -95.344270657532988, 29.587726538839263 ], [ -95.344253959213191, 29.587693018815568 ], [ -95.344240949691951, 29.587662108246612 ], [ -95.344237890377968, 29.587654837236958 ], [ -95.344232005774259, 29.587625064735416 ], [ -95.344226916276014, 29.587599309368802 ], [ -95.344220611140997, 29.58756740580424 ], [ -95.344217697019388, 29.587538207370208 ], [ -95.344209207556915, 29.587453156502523 ], [ -95.344210000377302, 29.587431920202423 ], [ -95.344210607002879, 29.587415657270956 ], [ -95.344216446850595, 29.587385191470339 ], [ -95.344222274281861, 29.587361625662059 ], [ -95.344233069750373, 29.587329652369768 ], [ -95.34424474920803, 29.587303108678132 ], [ -95.344252339791296, 29.587285860394328 ], [ -95.344262914022508, 29.58727066518102 ], [ -95.344275214639737, 29.587255453961458 ], [ -95.344296206636912, 29.58722949427921 ], [ -95.344349251651465, 29.587163898713669 ], [ -95.344358668247892, 29.587154501569458 ], [ -95.344372992241261, 29.587141249461695 ], [ -95.34438921782052, 29.587128395965301 ], [ -95.344407920244365, 29.587115883681918 ], [ -95.344422956193426, 29.58710732707625 ], [ -95.344433683345372, 29.587101222730393 ], [ -95.344459982816176, 29.587090940143813 ], [ -95.34447738960101, 29.587085225972576 ], [ -95.344491836757896, 29.587080482572876 ], [ -95.344691914238282, 29.587012811851768 ], [ -95.34474371737987, 29.586995290437272 ], [ -95.344762135073793, 29.586989061325738 ], [ -95.344778343879312, 29.586981554089355 ], [ -95.344789614229455, 29.586975825644906 ], [ -95.344809240302467, 29.586964399234962 ], [ -95.34482689839794, 29.586952322350019 ], [ -95.344843378780467, 29.58693915710607 ], [ -95.34485171395086, 29.586930251241036 ], [ -95.344957121185814, 29.58681165009347 ], [ -95.344995897702574, 29.586768020041998 ], [ -95.345006307982899, 29.586756306566752 ], [ -95.345012869409558, 29.586749548521393 ], [ -95.345026804287244, 29.586731347877969 ], [ -95.345040007063659, 29.586711583590176 ], [ -95.345052387978114, 29.586689906564008 ], [ -95.34506035354805, 29.586673719240654 ], [ -95.345065863250895, 29.586662523607725 ], [ -95.345068642107861, 29.586656875443904 ], [ -95.345072523497976, 29.586648988891746 ], [ -95.345082129603355, 29.586635271983187 ], [ -95.345087959082079, 29.586626945782179 ], [ -95.345103802063633, 29.586606535074178 ], [ -95.345112705060316, 29.58659506385559 ], [ -95.345122405733733, 29.586585228482466 ], [ -95.345134674147275, 29.586572788536309 ], [ -95.345150348252957, 29.586556896698998 ], [ -95.345174145778103, 29.586537266632934 ], [ -95.345198707573914, 29.586518935686556 ], [ -95.345210230364813, 29.586511922324924 ], [ -95.345221639547063, 29.586505919603745 ], [ -95.345238842950835, 29.586498408798441 ], [ -95.345255991709848, 29.586492570126101 ], [ -95.345271725732701, 29.586488516273747 ], [ -95.345285466836032, 29.586485924521444 ], [ -95.345308246404485, 29.586483464186305 ], [ -95.345312957908803, 29.58648320746445 ], [ -95.345336102835347, 29.586479974456122 ], [ -95.345383025848562, 29.58647342011027 ], [ -95.345432379817467, 29.586466525948499 ], [ -95.345478084242231, 29.586460141384492 ], [ -95.345601535557421, 29.586442896389389 ], [ -95.345629371715688, 29.586439684080172 ], [ -95.345648673821344, 29.586436791063942 ], [ -95.345658328343035, 29.586435002070328 ], [ -95.34567334852963, 29.586431789855801 ], [ -95.345687585816975, 29.586428232176409 ], [ -95.345699888597139, 29.586424734482005 ], [ -95.345717364521576, 29.586419074399846 ], [ -95.345735801629246, 29.586412182195019 ], [ -95.345749439589994, 29.586406438015423 ], [ -95.345761649521947, 29.58640080015677 ], [ -95.345776743927743, 29.586393144101841 ], [ -95.345791723099509, 29.58638472481347 ], [ -95.345807131920395, 29.586375150054909 ], [ -95.345818820423432, 29.586367197835472 ], [ -95.345823628351411, 29.586363926866522 ], [ -95.345829247139108, 29.586360103925202 ], [ -95.345845621739926, 29.586350236890123 ], [ -95.345854382492533, 29.586344559857597 ], [ -95.345860839319386, 29.586340089095049 ], [ -95.345879391144379, 29.586325800474636 ], [ -95.345895698669466, 29.586311108410865 ], [ -95.345901921772324, 29.586304884513417 ], [ -95.345908421849586, 29.586297933374926 ], [ -95.345912879685272, 29.586292870885082 ], [ -95.345918833431384, 29.586285717056558 ], [ -95.345927145026465, 29.586274838057459 ], [ -95.345933411059292, 29.586265796161829 ], [ -95.345939314903717, 29.586256456406119 ], [ -95.345944713849164, 29.586247083899792 ], [ -95.345954312418812, 29.586227710332256 ], [ -95.345970568574415, 29.586204345404798 ], [ -95.346004402687896, 29.58615571353138 ], [ -95.346041730515978, 29.586102061423578 ], [ -95.346055306164317, 29.586082548250772 ], [ -95.346058578977022, 29.58607784335501 ], [ -95.346061938624331, 29.586072414148155 ], [ -95.346067710925453, 29.586063084334121 ], [ -95.346074042042545, 29.586051961653546 ], [ -95.346076617495399, 29.586047436303392 ], [ -95.346084558344913, 29.586031818761239 ], [ -95.346088784414832, 29.586022897159491 ], [ -95.346093942714049, 29.586011242336333 ], [ -95.346098973396863, 29.585998852830027 ], [ -95.346099287998001, 29.585998055302461 ], [ -95.346101906698479, 29.585991049577917 ], [ -95.346102113509247, 29.585990493740695 ], [ -95.346105701811737, 29.585980113987493 ], [ -95.346105716128008, 29.585980060215871 ], [ -95.346105736828434, 29.585980001202344 ], [ -95.346106236798875, 29.585978554272476 ], [ -95.346107096203312, 29.585973178629033 ], [ -95.346107252006561, 29.585972345168457 ], [ -95.346107990555595, 29.585968587494335 ], [ -95.346108358362457, 29.58596682190749 ], [ -95.346109082850575, 29.585963659639116 ], [ -95.346109875049279, 29.585960510053006 ], [ -95.346110585412191, 29.585957887220612 ], [ -95.346110722351597, 29.585957379123769 ], [ -95.34611163778375, 29.585954249152959 ], [ -95.346112609351167, 29.585951137867173 ], [ -95.346113649499841, 29.585948043800975 ], [ -95.346113980771023, 29.58594712666806 ], [ -95.346114743720236, 29.585944968363403 ], [ -95.346115906683039, 29.585941905636304 ], [ -95.346117125652157, 29.585938865201545 ], [ -95.34611810537308, 29.585936565676544 ], [ -95.346118193623752, 29.585936350533782 ], [ -95.346118404883654, 29.585935843564528 ], [ -95.346119746441161, 29.585932840781634 ], [ -95.346121150195657, 29.585929860460229 ], [ -95.346122607860579, 29.585926903276597 ], [ -95.346122943386547, 29.585926242630112 ], [ -95.346124122692615, 29.585923964806156 ], [ -95.346124798290404, 29.58592271856249 ], [ -95.34612747614338, 29.585917928805937 ], [ -95.34612850338776, 29.585916206509435 ], [ -95.346128533083984, 29.58591615586608 ], [ -95.34612856713305, 29.585916099022619 ], [ -95.346129028021124, 29.585915311810261 ], [ -95.346129066326313, 29.585915251472233 ], [ -95.346130775648248, 29.585912477192075 ], [ -95.346130812921714, 29.585912416825892 ], [ -95.346132583344314, 29.58590966678269 ], [ -95.346132622649066, 29.585909607374692 ], [ -95.346134440468944, 29.585906889318423 ], [ -95.346134481837282, 29.585906829966799 ], [ -95.346134729918091, 29.585906477464441 ], [ -95.346134771286373, 29.585906418112817 ], [ -95.3461363585008, 29.58590414150208 ], [ -95.346136399869096, 29.585904082150456 ], [ -95.34613832512288, 29.585901421191732 ], [ -95.346138368522503, 29.585901362798314 ], [ -95.346140351749426, 29.585898726893763 ], [ -95.346141338072414, 29.58589797570016 ], [ -95.346141395465509, 29.58589793032694 ], [ -95.346142305049526, 29.585897216756305 ], [ -95.346142363538888, 29.585897169607648 ], [ -95.346143275025341, 29.585896431715703 ], [ -95.346143331451145, 29.585896384510686 ], [ -95.346144214402415, 29.585895635909385 ], [ -95.346144270892736, 29.58589558690074 ], [ -95.346145147008443, 29.58589482728015 ], [ -95.346145201467408, 29.585894777313261 ], [ -95.346146049402634, 29.585893997063224 ], [ -95.346146103861656, 29.585893947096302 ], [ -95.346146945638424, 29.58589316577531 ], [ -95.346147000129662, 29.585893114906593 ], [ -95.346147824882038, 29.585892318677121 ], [ -95.346147877374236, 29.585892265948377 ], [ -95.346148683877018, 29.585891460193213 ], [ -95.346148734305615, 29.585891407408084 ], [ -95.346149526331303, 29.585890573273396 ], [ -95.346149576792143, 29.585890519586457 ], [ -95.346150350213492, 29.585889685846251 ], [ -95.346150400706591, 29.58588963125742 ], [ -95.346151072142334, 29.585888876877949 ], [ -95.346151118314808, 29.585888827587457 ], [ -95.346151163391028, 29.585888780072388 ], [ -95.346151209692508, 29.585888727174513 ], [ -95.346153878863333, 29.585885479915159 ], [ -95.346154214323448, 29.585885052166521 ], [ -95.346154256691236, 29.585884993744916 ], [ -95.346154922291575, 29.58588408484226 ], [ -95.346154964659391, 29.585884026420679 ], [ -95.346155616814301, 29.585883118053466 ], [ -95.346155658150323, 29.585883059603667 ], [ -95.346156289218229, 29.585882134411587 ], [ -95.346156328522923, 29.585882075003617 ], [ -95.346156948402466, 29.5858811449923 ], [ -95.346156986707626, 29.585881084654314 ], [ -95.3461575824048, 29.585880137733593 ], [ -95.346157620709988, 29.585880077395608 ], [ -95.346158093592067, 29.585879301343301 ], [ -95.346158129833682, 29.585879240948895 ], [ -95.346158199060341, 29.585879124584739 ], [ -95.346158235301957, 29.585879064190362 ], [ -95.346158793274626, 29.585878103601132 ], [ -95.346159367143471, 29.585877073937311 ], [ -95.346159921827663, 29.585876032014159 ], [ -95.346160457101419, 29.585874984144485 ], [ -95.346160968837708, 29.585873930215584 ], [ -95.346161456198132, 29.58587286478825 ], [ -95.346161930338923, 29.585871793583436 ], [ -95.346162381167844, 29.585870710006617 ], [ -95.346162805976562, 29.585869632037948 ], [ -95.346163108388865, 29.585868828760972 ], [ -95.346163212793556, 29.585868537328935 ], [ -95.346163595041304, 29.585867436532507 ], [ -95.346163958749187, 29.585866334326926 ], [ -95.346164302433976, 29.585865243309591 ], [ -95.346164628578506, 29.58586415181307 ], [ -95.346164936150927, 29.585863059809256 ], [ -95.346165218122252, 29.585861961689751 ], [ -95.346165481747235, 29.585860856750127 ], [ -95.346165720577204, 29.585859752035894 ], [ -95.346165934837899, 29.585858641234175 ], [ -95.346166053850425, 29.58585794127265 ], [ -95.346166055204804, 29.585857903395709 ], [ -95.346166062943354, 29.585857860276967 ], [ -95.346166124561492, 29.585857523443174 ], [ -95.346166295487293, 29.585856411457659 ], [ -95.346166448034523, 29.585855293553816 ], [ -95.346166562438015, 29.585854173705286 ], [ -95.346166670812096, 29.585853049178461 ], [ -95.346166755261677, 29.585851929414353 ], [ -95.346166807951775, 29.585850802463654 ], [ -95.346166841844052, 29.585849681318447 ], [ -95.346166850973546, 29.585848559496807 ], [ -95.346166840724905, 29.585847430826767 ], [ -95.346166818995542, 29.585846825416098 ], [ -95.346166806519591, 29.585846307821292 ], [ -95.346166711634979, 29.585844600006237 ], [ -95.346168598404105, 29.585838191740823 ], [ -95.34616997269255, 29.585833522542409 ], [ -95.346181674581914, 29.585793768113145 ], [ -95.346182644308584, 29.58579047713685 ], [ -95.346186929837046, 29.585776339480613 ], [ -95.346188445898676, 29.585771258004616 ], [ -95.346189961121766, 29.585766199976263 ], [ -95.346190013581577, 29.585766148149307 ], [ -95.346191483649804, 29.585764721400682 ], [ -95.346191536141873, 29.585764668671921 ], [ -95.346192978287561, 29.585763214079133 ], [ -95.346193029747894, 29.585763161322181 ], [ -95.346194441488279, 29.585761690552719 ], [ -95.346194491981279, 29.585761635963877 ], [ -95.346195881087112, 29.585760133883834 ], [ -95.346195930548333, 29.585760079266858 ], [ -95.346197284154442, 29.585758559065553 ], [ -95.346197331584335, 29.585758503490354 ], [ -95.346198656784239, 29.585756968972323 ], [ -95.346198703214611, 29.585756912467122 ], [ -95.346199998267224, 29.585755354557765 ], [ -95.34620004469754, 29.58575529805254 ], [ -95.346200763659041, 29.585754398731773 ], [ -95.346203452429023, 29.585751036459733 ], [ -95.34621022092027, 29.585740534148666 ], [ -95.346210520428926, 29.585740014243907 ], [ -95.346211518973902, 29.585738227972868 ], [ -95.346212475635028, 29.585736428822486 ], [ -95.346213393668918, 29.585734612368082 ], [ -95.346214275783893, 29.585732789516161 ], [ -95.346215046014521, 29.585731120679792 ], [ -95.346215127751563, 29.5857309432729 ], [ -95.346215935513882, 29.585729091308515 ], [ -95.346216706519044, 29.585727227507491 ], [ -95.346217440799222, 29.585725350967977 ], [ -95.346218130874064, 29.585723468707322 ], [ -95.346218791639927, 29.585721568494499 ], [ -95.346219330719279, 29.585719894246388 ], [ -95.346219408200398, 29.585719662560521 ], [ -95.346219987842517, 29.5857177492991 ], [ -95.346220523311473, 29.585715829414656 ], [ -95.346221029020029, 29.585713904203701 ], [ -95.346221490974699, 29.585711960645988 ], [ -95.346221909594519, 29.58571001590451 ], [ -95.346222237416626, 29.585708357550512 ], [ -95.346222297647913, 29.585708059495481 ], [ -95.346222641979494, 29.585706112724612 ], [ -95.34622282277104, 29.585704955872913 ], [ -95.346223806485852, 29.585684694291736 ], [ -95.346223790881112, 29.585684437495246 ], [ -95.346223648567005, 29.585682467500749 ], [ -95.346223476363548, 29.585680495787066 ], [ -95.346223259406528, 29.58567853368335 ], [ -95.346223000146608, 29.585676570424074 ], [ -95.346222450639374, 29.585673106150299 ], [ -95.346223005011993, 29.585668577944393 ], [ -95.346223370722214, 29.585666206580147 ], [ -95.346223778896615, 29.585663831862352 ], [ -95.346224238498749, 29.585661463062952 ], [ -95.346224283027269, 29.585661257558286 ], [ -95.346224745981871, 29.585659112723103 ], [ -95.346225304054443, 29.585656762862424 ], [ -95.346225905236025, 29.585654420498408 ], [ -95.346226555394836, 29.585652094818396 ], [ -95.346227255046799, 29.585649771393101 ], [ -95.346227312601442, 29.58564957707684 ], [ -95.346227998678316, 29.58564746000172 ], [ -95.346228785289824, 29.585645159714279 ], [ -95.34622962823002, 29.585642872700838 ], [ -95.346230506895495, 29.585640597495839 ], [ -95.346231441921873, 29.585638334662992 ], [ -95.346231516242895, 29.585638162469841 ], [ -95.346232413511871, 29.585636089077813 ], [ -95.34623343420806, 29.58563385656926 ], [ -95.346234504913227, 29.585631640772974 ], [ -95.346234705047678, 29.585631242727775 ], [ -95.346235612375452, 29.585629436813289 ], [ -95.346236768556906, 29.585627256752225 ], [ -95.346236849326417, 29.58562710640027 ], [ -95.346237968750088, 29.58562508782332 ], [ -95.346239210633598, 29.585622937184745 ], [ -95.346240498140901, 29.585620810360282 ], [ -95.346240536413717, 29.585620750924075 ], [ -95.346241826338954, 29.585618700896212 ], [ -95.346241865643535, 29.585618641488193 ], [ -95.346243198548791, 29.585616602564166 ], [ -95.346243237853315, 29.585616543156139 ], [ -95.346243282445784, 29.585616480281736 ], [ -95.346243323846139, 29.585616420028252 ], [ -95.346244611900602, 29.585614537853694 ], [ -95.346244653268741, 29.585614478502038 ], [ -95.3462460690385, 29.585612490588094 ], [ -95.34624611140616, 29.585612432166457 ], [ -95.346247568737141, 29.585610466150197 ], [ -95.346247612104335, 29.58561040865855 ], [ -95.346249104967171, 29.585608459861749 ], [ -95.346249150365651, 29.585608403328312 ], [ -95.346250684628487, 29.585606480938349 ], [ -95.346250729930205, 29.585606427110424 ], [ -95.346250775199735, 29.585606374184323 ], [ -95.346250820565956, 29.585606318552724 ], [ -95.346252298757548, 29.585604520108003 ], [ -95.346252346187342, 29.585604464532778 ], [ -95.346253957317472, 29.585602587572712 ], [ -95.346254005779073, 29.585602532025668 ], [ -95.3462556532793, 29.585600677724237 ], [ -95.346255703772187, 29.585600623135392 ], [ -95.346257383160648, 29.585598801299923 ], [ -95.346257434653111, 29.58559874764109 ], [ -95.346259164018306, 29.585596943419642 ], [ -95.346259211093383, 29.58559689776455 ], [ -95.346259256137174, 29.585596851151266 ], [ -95.346259306501068, 29.585596800169775 ], [ -95.346260962512744, 29.585595112199769 ], [ -95.346261016004249, 29.585595060400951 ], [ -95.346262815723577, 29.585593310458627 ], [ -95.346262869215067, 29.585593258659845 ], [ -95.346264698952595, 29.585591535716091 ], [ -95.34626475337916, 29.585591486651015 ], [ -95.346266618326055, 29.585589789945015 ], [ -95.346266673784328, 29.585589740908073 ], [ -95.346268574875594, 29.585588073173472 ], [ -95.346268617468851, 29.58558803732582 ], [ -95.346268657128007, 29.585587996884406 ], [ -95.346268709394195, 29.585587950468401 ], [ -95.346270561443319, 29.585586383400589 ], [ -95.34627061893292, 29.585586335321885 ], [ -95.346272578190451, 29.585584716117157 ], [ -95.346272635583318, 29.585584670743962 ], [ -95.346274636692229, 29.585583094207202 ], [ -95.346274695116847, 29.585583048862137 ], [ -95.346276716828939, 29.585581502677684 ], [ -95.346276775285801, 29.585581456430798 ], [ -95.346278839494175, 29.585579934877686 ], [ -95.346278876606064, 29.585579907907423 ], [ -95.346278911686653, 29.58557987997894 ], [ -95.34627893499848, 29.585579863464208 ], [ -95.346278976398679, 29.585579832097491 ], [ -95.346280996981776, 29.585578404137397 ], [ -95.346283176233342, 29.585576900170246 ], [ -95.346285386309148, 29.585575429542725 ], [ -95.346287624952168, 29.58557399760943 ], [ -95.346289891582089, 29.585572591716488 ], [ -95.346289923309371, 29.585572570918096 ], [ -95.346289954037076, 29.585572549189674 ], [ -95.346289983668569, 29.585572529236757 ], [ -95.346290016395372, 29.585572509368358 ], [ -95.346292194033893, 29.585571223813314 ], [ -95.346294516863153, 29.585569892575187 ], [ -95.346296869484917, 29.585568594648532 ], [ -95.346299245676207, 29.585567330765965 ], [ -95.346306072099196, 29.585563699671553 ], [ -95.346311862450534, 29.585561402467341 ], [ -95.346314019871031, 29.585560509039425 ], [ -95.346316543573437, 29.585559510069842 ], [ -95.346319090039302, 29.585558538803422 ], [ -95.346321666910228, 29.585557612600439 ], [ -95.346324266351175, 29.585556719511505 ], [ -95.346326890232277, 29.585555865004107 ], [ -95.346329506181405, 29.585555059026387 ], [ -95.346332145925814, 29.58555428078003 ], [ -95.346334808852916, 29.585553547399723 ], [ -95.346337476229337, 29.58555286288739 ], [ -95.346340167594548, 29.585552200695354 ], [ -95.346342864408726, 29.58555158830131 ], [ -95.346350791249478, 29.585549734011888 ], [ -95.346353605299385, 29.585549135652602 ], [ -95.346355552493165, 29.585548720335048 ], [ -95.34636032979364, 29.585547777508204 ], [ -95.346365123150903, 29.585546905531348 ], [ -95.346367167686338, 29.585546569603199 ], [ -95.346369938530003, 29.585546110886433 ], [ -95.346374765000462, 29.585545381539546 ], [ -95.346379606270304, 29.585544729327289 ], [ -95.346380865653657, 29.585544573256438 ], [ -95.346384458405808, 29.585544148725905 ], [ -95.346389320439812, 29.58554363790358 ], [ -95.34639419105028, 29.585543204948596 ], [ -95.346394647644786, 29.585543173188011 ], [ -95.346399072590941, 29.585542841800795 ], [ -95.34640395774268, 29.585542550968466 ], [ -95.346408496667905, 29.585542353587616 ], [ -95.346408852599438, 29.585542335326121 ], [ -95.346413744876571, 29.585542191830122 ], [ -95.346418640668091, 29.585542123355026 ], [ -95.34642236803424, 29.585542122261678 ], [ -95.346423533912258, 29.585542126124409 ], [ -95.346428430606309, 29.585542205718369 ], [ -95.346433324785352, 29.585542355655022 ], [ -95.3464382100329, 29.58554258207803 ], [ -95.346439000246576, 29.585542636160838 ], [ -95.34644309276544, 29.585542878843729 ], [ -95.346447966598774, 29.585543251193933 ], [ -95.346452825503505, 29.585543694450429 ], [ -95.346457688051657, 29.585544209120528 ], [ -95.346462529319354, 29.585544799036985 ], [ -95.346466542842364, 29.585545344677985 ], [ -95.346467361043011, 29.585545453687846 ], [ -95.346472178289503, 29.585546195506094 ], [ -95.346476974610241, 29.585547002650596 ], [ -95.346480151296078, 29.58554758501171 ], [ -95.3464878724198, 29.585549000134179 ], [ -95.346492576847595, 29.585550153214886 ], [ -95.346493615494225, 29.585550393723029 ], [ -95.346495982620652, 29.585550943137942 ], [ -95.346500678600933, 29.585552101403838 ], [ -95.346505347110167, 29.585553334747022 ], [ -95.346506896229457, 29.585553769741136 ], [ -95.346510000690927, 29.58555463899652 ], [ -95.346514620803347, 29.585556012743233 ], [ -95.346519199999378, 29.585557462102635 ], [ -95.346519829158851, 29.585557658927797 ], [ -95.34651989648242, 29.585557682431848 ], [ -95.346519964837782, 29.585557705964078 ], [ -95.346523765911343, 29.585558965261729 ], [ -95.346528290939162, 29.585560543131745 ], [ -95.346532788657171, 29.585562191569892 ], [ -95.346679477507564, 29.585592925778172 ], [ -95.346877776681609, 29.58563357478193 ], [ -95.34700437550697, 29.585659525300208 ], [ -95.347126934758023, 29.585674595119304 ], [ -95.347194328245848, 29.585682397156663 ], [ -95.34719457593782, 29.585682431002486 ], [ -95.347340982208195, 29.585701837654224 ], [ -95.347486966361728, 29.58572343342836 ], [ -95.347503602819629, 29.585726083126143 ], [ -95.347505443003499, 29.585726378914739 ], [ -95.347508599612155, 29.585726829809616 ], [ -95.347508934425477, 29.585726882282707 ], [ -95.347521034651493, 29.585728613718441 ], [ -95.34752397413466, 29.585729042435005 ], [ -95.34752647427176, 29.585729367077469 ], [ -95.347526672825254, 29.585729388748288 ], [ -95.347542564914079, 29.585731424130028 ], [ -95.347560624452868, 29.585733469950423 ], [ -95.347561202347634, 29.585733540796497 ], [ -95.347577526201619, 29.585735141122068 ], [ -95.347579874891963, 29.585735368648646 ], [ -95.347584039034317, 29.58573571706399 ], [ -95.347584281116127, 29.585735734507061 ], [ -95.347595045953668, 29.585736627862616 ], [ -95.347598600861119, 29.585736915408269 ], [ -95.347601573262892, 29.585737116635951 ], [ -95.347612884846626, 29.585737883194227 ], [ -95.347617343981412, 29.585738184598416 ], [ -95.347618681041297, 29.585738253606745 ], [ -95.347618743979936, 29.585738255325403 ], [ -95.347618799696122, 29.585738256846835 ], [ -95.347618861409586, 29.585738263948301 ], [ -95.347620043670062, 29.585738329632314 ], [ -95.347634945690928, 29.585739112084998 ], [ -95.347636102382495, 29.585739170751687 ], [ -95.347652331626804, 29.585739777307108 ], [ -95.347654896699893, 29.585739874431585 ], [ -95.347658820112628, 29.585739965317259 ], [ -95.347659293700204, 29.585739978249254 ], [ -95.34766960209771, 29.585740205571739 ], [ -95.347673693690808, 29.585740301049327 ], [ -95.347676872898518, 29.585740321963822 ], [ -95.34768418929049, 29.585740376410669 ], [ -95.347692508251299, 29.585740438373783 ], [ -95.34769464036215, 29.585740426182074 ], [ -95.347709568297532, 29.585740310233192 ], [ -95.347711314135324, 29.58574029832614 ], [ -95.347727695815152, 29.585739934106247 ], [ -95.347727777325858, 29.585739936331979 ], [ -95.347727864188911, 29.585739933287577 ], [ -95.347730122918094, 29.585739874903577 ], [ -95.347733731183723, 29.585739738725447 ], [ -95.347745078964408, 29.585739319195049 ], [ -95.34774542848011, 29.585739307073776 ], [ -95.347748924088123, 29.585739173235321 ], [ -95.347750441546694, 29.585739078361172 ], [ -95.347784149711927, 29.585737083927771 ], [ -95.347785193260833, 29.585737014026844 ], [ -95.34778733862936, 29.585737497784351 ], [ -95.348094786070078, 29.58580668644413 ], [ -95.348151541125588, 29.58581945402095 ], [ -95.348173883137903, 29.585823768745254 ], [ -95.34819538252637, 29.585827155040445 ], [ -95.348213607362638, 29.585832552539227 ], [ -95.348235767675632, 29.585843974756461 ], [ -95.348237981479144, 29.585845115743624 ], [ -95.348262931342902, 29.585863994686136 ], [ -95.348322920330602, 29.585911870271296 ], [ -95.348388285619649, 29.585978602203657 ], [ -95.348414996142353, 29.586005871139797 ], [ -95.348539269208786, 29.586146496722627 ], [ -95.348607413832795, 29.586221009053045 ], [ -95.348715061549868, 29.586348713245982 ], [ -95.348836505715923, 29.586501648298725 ], [ -95.348950945120976, 29.586520250036802 ], [ -95.349119102321097, 29.586522260095048 ], [ -95.349246993519714, 29.586494795091259 ], [ -95.349369991346819, 29.586470363120796 ], [ -95.349481582366778, 29.586454764181298 ], [ -95.349564785439227, 29.586438977151321 ], [ -95.349689819602574, 29.58640885471014 ], [ -95.349802691102155, 29.586388718219972 ], [ -95.349918235237894, 29.586376393511895 ], [ -95.350063356823227, 29.586362295877734 ], [ -95.350127416959637, 29.58635419808461 ], [ -95.350239791428791, 29.586339992018249 ], [ -95.350306863157897, 29.586329118334337 ], [ -95.35038372751049, 29.586316865273272 ], [ -95.350452740406496, 29.586285212623736 ], [ -95.350524424919769, 29.586261372677598 ], [ -95.35061070767712, 29.586222501861844 ], [ -95.350610763069284, 29.586222454626789 ], [ -95.350692446496595, 29.586159124796072 ], [ -95.350692506950963, 29.586159080407228 ], [ -95.35077845941646, 29.586099724284303 ], [ -95.350872879869314, 29.586052132168557 ], [ -95.351004099682683, 29.585963092146287 ], [ -95.351004151108413, 29.58596304028929 ], [ -95.351113957395526, 29.585854172884613 ], [ -95.35111401385123, 29.585854124775675 ], [ -95.351254825560645, 29.585742239499318 ], [ -95.3514129290309, 29.585642354292563 ], [ -95.35153808815511, 29.58559946021148 ], [ -95.351654972978892, 29.585540903064377 ], [ -95.351780132754627, 29.585481032401383 ], [ -95.351784346543937, 29.585619885851841 ], [ -95.351783163134229, 29.58568913481594 ], [ -95.351787967829338, 29.585855928828835 ], [ -95.351828513559454, 29.587263131845788 ], [ -95.351850706841191, 29.58803342767866 ], [ -95.351864729682106, 29.588520169616416 ], [ -95.351871567906102, 29.589006837407702 ], [ -95.351892216410334, 29.590095360078546 ], [ -95.351892247417837, 29.590104443087363 ], [ -95.351892875964282, 29.590274528041139 ], [ -95.351901564711213, 29.590729042835399 ], [ -95.351910338667949, 29.591188000332025 ], [ -95.351911275989053, 29.591237367096852 ], [ -95.351912215062399, 29.591286308732659 ], [ -95.351912531937998, 29.59130309332873 ], [ -95.351921269455886, 29.591760123385992 ], [ -95.351921789214217, 29.591787281131147 ], [ -95.351928284435928, 29.592126918529289 ], [ -95.351929079426625, 29.592168556014595 ], [ -95.351931834716538, 29.592312748703328 ], [ -95.351961684120113, 29.593874529233407 ], [ -95.351970749649354, 29.594112356828074 ], [ -95.351977587895306, 29.594241971919008 ], [ -95.351986224424621, 29.594360795416598 ], [ -95.352006655828148, 29.59458360856004 ], [ -95.352050960947139, 29.59493583512802 ], [ -95.352059457099742, 29.594995845101963 ], [ -95.352063982876032, 29.595027821504289 ], [ -95.352065690275737, 29.595038061453501 ], [ -95.352076313599284, 29.595101790820859 ], [ -95.35210085397641, 29.595249013906603 ], [ -95.352117976942154, 29.595338211703329 ], [ -95.35213283983812, 29.595415638828896 ], [ -95.352142861481383, 29.595467842240453 ], [ -95.352164100639158, 29.595566122489352 ], [ -95.352181930886374, 29.595648473554697 ], [ -95.352186872366417, 29.595671296082418 ], [ -95.352187935775106, 29.595675822375448 ], [ -95.352192369848467, 29.595694283621505 ], [ -95.352212932745104, 29.595779886731762 ], [ -95.352235617846446, 29.595874325645042 ], [ -95.352278508432548, 29.596036724389723 ], [ -95.352284257150941, 29.596058491089462 ], [ -95.352287078793026, 29.596069173051696 ], [ -95.352288429075003, 29.596074285802125 ], [ -95.352288712097177, 29.596075356007724 ], [ -95.35228874309243, 29.596075471496881 ], [ -95.352288923772562, 29.59607611012515 ], [ -95.352289552411037, 29.596078319946287 ], [ -95.352290981176253, 29.596083346371419 ], [ -95.352298561158293, 29.596110004232106 ], [ -95.352321637783518, 29.596191165928023 ], [ -95.35236960184703, 29.596351723331587 ], [ -95.352669010185252, 29.597324830055062 ], [ -95.352874454038727, 29.598004108906515 ], [ -95.352987171931431, 29.598384681786634 ], [ -95.352991230676366, 29.598398386317346 ], [ -95.353081516736168, 29.598703221456077 ], [ -95.353123378789178, 29.598844558625945 ], [ -95.353434964130429, 29.600014034702365 ], [ -95.354128570328257, 29.60201258374579 ], [ -95.354911626883265, 29.604549304647943 ], [ -95.354975389427111, 29.604765527627926 ], [ -95.355033806863744, 29.604982900309579 ], [ -95.355116680898291, 29.605333247068174 ], [ -95.355165482011785, 29.605575805825765 ], [ -95.355166586284014, 29.605582175614057 ], [ -95.355250526213055, 29.605859672214759 ], [ -95.35525290699276, 29.606145527369197 ], [ -95.355272153893083, 29.60630860012407 ], [ -95.355294400630271, 29.606554111129256 ], [ -95.355309968571447, 29.606800014281323 ], [ -95.355318848110713, 29.607046172110884 ], [ -95.355321034930753, 29.607292443680883 ], [ -95.355320230637929, 29.607481861708624 ], [ -95.3553202296752, 29.607481917650091 ], [ -95.355320187363077, 29.60748191649737 ], [ -95.355320141954877, 29.607481915260298 ], [ -95.355319323589001, 29.607676128969526 ], [ -95.355343327321719, 29.60784813622276 ], [ -95.355330083909763, 29.609329821309764 ], [ -95.355327105711396, 29.609662872587755 ], [ -95.355324311933288, 29.609975552108818 ], [ -95.355313838713457, 29.612120611923189 ] ] ] } },
{ "type": "Feature", "properties": { "OBJECTID": 36, "TRACT": "Tidwell Timbers", "SERVICE_CO": "TT", "AREA_AC": 569, "SHAPE_LENG": 23314.391276099999, "INSIDE_X": -95.2385896, "INSIDE_Y": 29.85188445, "SHAPE_LE_1": 23314.391348500001, "LAT": 29.85187923, "LONG_": -95.23858262, "GLOBALID": "{68C10291-4D28-4DF2-8167-03CC02D27CFA}", "SHAPESTLen": 23314.391348496323, "nmonths": 0, "mean_Janua": -9999.0, "mean_Febru": -9999.0, "mean_March": -9999.0, "mean_April": -9999.0, "mean_May": -9999.0, "mean_June": -9999, "mean_July": -9999.0, "mean_Augus": -9999.0, "mean_Septe": -9999.0, "mean_Octob": -9999.0, "mean_Novem": -9999.0, "mean_Decem": -9999.0 }, "geometry": { "type": "Polygon", "coordinates": [ [ [ -95.247744101952719, 29.857513100032644 ], [ -95.247734794528213, 29.857513232299119 ], [ -95.246877969453479, 29.85752537837298 ], [ -95.241549789633126, 29.857600785434386 ], [ -95.241549407499818, 29.857538790068489 ], [ -95.240968178188425, 29.857549829227452 ], [ -95.239978423018314, 29.857568622323075 ], [ -95.238269780029228, 29.857599373873384 ], [ -95.23563816718314, 29.857646694852733 ], [ -95.23473361667368, 29.857662948267073 ], [ -95.23269211963418, 29.857656494156096 ], [ -95.23200518149396, 29.857654315954367 ], [ -95.231887307537519, 29.857658130003252 ], [ -95.231872581095331, 29.857656463346121 ], [ -95.231857617750549, 29.85765697450266 ], [ -95.229837876458049, 29.857724008047963 ], [ -95.229305546150258, 29.857561559341779 ], [ -95.22900684469495, 29.857415315455832 ], [ -95.228982979641245, 29.857406896783679 ], [ -95.228969812638013, 29.857401933755419 ], [ -95.228956753624345, 29.857396767049654 ], [ -95.228943795392155, 29.857391395561077 ], [ -95.228930949721487, 29.857385836771797 ], [ -95.228918218247571, 29.857380074479586 ], [ -95.228905600403124, 29.857374124014093 ], [ -95.2288931087691, 29.857367981215624 ], [ -95.2288807359038, 29.857361651291054 ], [ -95.228868494421462, 29.85735512917913 ], [ -95.228856385823946, 29.857348430267457 ], [ -95.228844414616276, 29.857341544753396 ], [ -95.228832581632744, 29.857334478076449 ], [ -95.228820886873478, 29.857327230236706 ], [ -95.228809348792566, 29.857319806266482 ], [ -95.228797953474398, 29.857312218411884 ], [ -95.228786715435348, 29.857304438195637 ], [ -95.228775633440733, 29.85729649898197 ], [ -95.228764713897746, 29.857288395535004 ], [ -95.22875395700666, 29.857280122444461 ], [ -95.228743368807685, 29.857271684393485 ], [ -95.228732948833482, 29.857263094006541 ], [ -95.228722702690519, 29.857254339706426 ], [ -95.228712631880413, 29.857245436880937 ], [ -95.228702741909416, 29.857236376658186 ], [ -95.22869303845053, 29.857227173640535 ], [ -95.228683520803031, 29.857217818781567 ], [ -95.228674184461724, 29.85720832188407 ], [ -95.228665046846302, 29.857198687951271 ], [ -95.228656102083391, 29.857188907791336 ], [ -95.228647355612495, 29.857179002318709 ], [ -95.228638801660381, 29.857168959636404 ], [ -95.22863045838082, 29.857158792892335 ], [ -95.228622313559995, 29.857148496327081 ], [ -95.228614380512866, 29.857138073925707 ], [ -95.228606657570865, 29.857127542792259 ], [ -95.228599145101015, 29.857116893007611 ], [ -95.228591849143356, 29.857106129254994 ], [ -95.228584763290712, 29.857095256770393 ], [ -95.228577900991482, 29.857084275931982 ], [ -95.228571259942967, 29.857073192993784 ], [ -95.228564836040519, 29.857062006937667 ], [ -95.22855864750457, 29.857050729108245 ], [ -95.228552679818691, 29.857039359999881 ], [ -95.228546941292237, 29.857027898943738 ], [ -95.228541436663747, 29.857016357807726 ], [ -95.228536160994267, 29.857004730134339 ], [ -95.228531118421728, 29.856993016040015 ], [ -95.228526309980495, 29.856981243536723 ], [ -95.228521736504817, 29.856969390081069 ], [ -95.228517408739961, 29.856957473126137 ], [ -95.228513314505534, 29.856945486010613 ], [ -95.228497318625287, 29.856912592245447 ], [ -95.22848852734019, 29.856893238102689 ], [ -95.22848012282671, 29.856873758531602 ], [ -95.228472110457403, 29.856854148267335 ], [ -95.228464490866074, 29.856834418159877 ], [ -95.228457267756639, 29.856814580048116 ], [ -95.22845044326462, 29.856794632186986 ], [ -95.228444015888087, 29.856774587171689 ], [ -95.228437999075268, 29.856754445380453 ], [ -95.228432378209476, 29.856734210013038 ], [ -95.228427167105906, 29.856713899511483 ], [ -95.228422359757701, 29.856693508290903 ], [ -95.228417972149103, 29.856673052146274 ], [ -95.228413981721275, 29.85665252502724 ], [ -95.228410406460696, 29.856631944590429 ], [ -95.228407244097951, 29.856611316188161 ], [ -95.228404496735124, 29.856590638976925 ], [ -95.22840216290362, 29.856569924650174 ], [ -95.228400249878021, 29.856549172509894 ], [ -95.228398743542144, 29.856528400212571 ], [ -95.228397657410937, 29.856507606333011 ], [ -95.228396989181519, 29.856486797125129 ], [ -95.228396735383001, 29.85646598242079 ], [ -95.228396898851656, 29.85644516952118 ], [ -95.228397481489353, 29.856424362993195 ], [ -95.228398476054352, 29.856403562633108 ], [ -95.228399889220526, 29.856382783974148 ], [ -95.228401726093253, 29.856362028965137 ], [ -95.228403967684372, 29.856341307001632 ], [ -95.228406614827918, 29.856320623523061 ], [ -95.228409697490392, 29.856299980274798 ], [ -95.228413185137413, 29.856279390840967 ], [ -95.22841708307466, 29.856258851760018 ], [ -95.228412378721373, 29.856241050499357 ], [ -95.228408710750557, 29.856225829343657 ], [ -95.228405345052025, 29.856210555306248 ], [ -95.228402286731324, 29.856195230336127 ], [ -95.228399530215455, 29.856179865108665 ], [ -95.228397088118285, 29.856164454562538 ], [ -95.228394946424089, 29.85614901364913 ], [ -95.228393131995958, 29.856133544026584 ], [ -95.228391611930419, 29.856118039353525 ], [ -95.22839041108827, 29.856102527409348 ], [ -95.228389516655142, 29.85608699068294 ], [ -95.228388936239369, 29.856071447441721 ], [ -95.228388655424652, 29.85605589547492 ], [ -95.228388662710856, 29.856053180432319 ], [ -95.228388699839442, 29.856040341822037 ], [ -95.228389050662614, 29.856024791369826 ], [ -95.228389712832794, 29.856009250575905 ], [ -95.228390693658042, 29.855993717840413 ], [ -95.228391974083507, 29.855978204362266 ], [ -95.22839356031605, 29.855962710316078 ], [ -95.22839547674937, 29.855947248122529 ], [ -95.228397691380849, 29.85593181507635 ], [ -95.228400211184919, 29.855916418595044 ], [ -95.228403042401638, 29.855901057951392 ], [ -95.228406178223253, 29.855885749202084 ], [ -95.228409623988938, 29.855870487983953 ], [ -95.228413381400387, 29.855855284274153 ], [ -95.228417428933525, 29.855840132051377 ], [ -95.228421781504835, 29.855825047983245 ], [ -95.228426436811461, 29.855810038323625 ], [ -95.228431397356275, 29.85579509140819 ], [ -95.228436652994404, 29.855780229518487 ], [ -95.228442200855781, 29.855765446254974 ], [ -95.228448050851441, 29.855750753631199 ], [ -95.228544479011646, 29.855445961693139 ], [ -95.228569571732962, 29.855096754175943 ], [ -95.228590348761387, 29.854535347018629 ], [ -95.228589955667218, 29.853888520890894 ], [ -95.228582530888673, 29.853795789620236 ], [ -95.228575756935115, 29.853731054187193 ], [ -95.228567692780857, 29.853666428703669 ], [ -95.228558335291453, 29.8536019419669 ], [ -95.228547684102267, 29.853537603895706 ], [ -95.22853575269697, 29.853473441949209 ], [ -95.228523433437772, 29.853413800526745 ], [ -95.228522538575163, 29.853409467791479 ], [ -95.228514273293726, 29.853401259311838 ], [ -95.22850969942472, 29.853396499958311 ], [ -95.228505227701021, 29.853391666749651 ], [ -95.228500852716664, 29.85338676585258 ], [ -95.22849657450503, 29.853381796365376 ], [ -95.228492397804573, 29.853376770156039 ], [ -95.228488324083557, 29.853371675531168 ], [ -95.228484352073963, 29.8533665187738 ], [ -95.228480482409722, 29.853361310733877 ], [ -95.22847671469043, 29.853356034249302 ], [ -95.22847305552331, 29.853350706656773 ], [ -95.228469498734881, 29.853345326879939 ], [ -95.228466068484806, 29.853339885668888 ], [ -95.228462727966303, 29.853334398236651 ], [ -95.228459507212094, 29.853328864525128 ], [ -95.22845638900337, 29.853323274120722 ], [ -95.228453397566511, 29.853317643952849 ], [ -95.228450507273564, 29.853311966982158 ], [ -95.228447737745896, 29.853306244662992 ], [ -95.228445082576499, 29.853300482231351 ], [ -95.228442540530693, 29.853294685068569 ], [ -95.228440112876484, 29.853288846891491 ], [ -95.228437805787252, 29.853282968776533 ], [ -95.228433550266899, 29.853271118824928 ], [ -95.228431596663498, 29.853265146842869 ], [ -95.22842976218999, 29.853259145714656 ], [ -95.228428054087686, 29.853253115643906 ], [ -95.228426465749266, 29.853247067276953 ], [ -95.228424996574148, 29.853240988862133 ], [ -95.228423647129532, 29.853234893052818 ], [ -95.228422423889086, 29.853228772809704 ], [ -95.228421319177812, 29.853222639651726 ], [ -95.22842034043704, 29.85321648837208 ], [ -95.228419487466596, 29.853210324381251 ], [ -95.228418753025267, 29.853204147475552 ], [ -95.228418145221696, 29.853197962396429 ], [ -95.228417662120563, 29.853191765478723 ], [ -95.228417297381554, 29.853185560154902 ], [ -95.228417065019826, 29.853179359456494 ], [ -95.228416951020236, 29.853173150351921 ], [ -95.228416961355791, 29.853166939327888 ], [ -95.228417098062096, 29.853160727344324 ], [ -95.228417358736451, 29.853154523360434 ], [ -95.228417744580184, 29.853148322896633 ], [ -95.228418255359571, 29.853142132265084 ], [ -95.228418890307225, 29.85313594422275 ], [ -95.228419643783567, 29.853129771248476 ], [ -95.228421530448443, 29.85311746215606 ], [ -95.228422657630418, 29.853111320452854 ], [ -95.228423908746834, 29.853105215634031 ], [ -95.228425278625437, 29.853099119571123 ], [ -95.228426771837761, 29.853093048640858 ], [ -95.228428383211508, 29.853087002697777 ], [ -95.228430118119235, 29.853080976476988 ], [ -95.2284319781959, 29.853074981759104 ], [ -95.228433949025927, 29.853069016333553 ], [ -95.228436049162724, 29.853063082527253 ], [ -95.228438262088289, 29.853057178973152 ], [ -95.228438310641195, 29.853057126178008 ], [ -95.22844386689826, 29.853051065702314 ], [ -95.228443914416715, 29.853051012878076 ], [ -95.228443960900734, 29.853050960024746 ], [ -95.228446993840663, 29.853047494190051 ], [ -95.228447040391416, 29.853047439533224 ], [ -95.228447085907732, 29.853047384847354 ], [ -95.228450046335553, 29.853043863715477 ], [ -95.228450091851869, 29.853043809029582 ], [ -95.228450137368128, 29.853043754343677 ], [ -95.228453028787598, 29.853040195163981 ], [ -95.228453072268351, 29.853040139518196 ], [ -95.228453115715723, 29.853040084774108 ], [ -95.228455934489617, 29.853036473904194 ], [ -95.228455978003723, 29.853036417356641 ], [ -95.228456020483421, 29.853036360780013 ], [ -95.228458762774167, 29.853032717970894 ], [ -95.228458804219343, 29.853032661365123 ], [ -95.228458845664576, 29.853032604759388 ], [ -95.228461522350685, 29.85302891587413 ], [ -95.228461563795932, 29.853028859268381 ], [ -95.228461603172178, 29.85302880260447 ], [ -95.228464197368709, 29.853025076194967 ], [ -95.228464236778322, 29.853025018629289 ], [ -95.22846427515357, 29.853024961034549 ], [ -95.228466798372921, 29.853021193813888 ], [ -95.228466835747028, 29.853021135288298 ], [ -95.228466873121135, 29.853021076762751 ], [ -95.228469325463507, 29.853017266025706 ], [ -95.228469362837657, 29.853017207500116 ], [ -95.228469400211765, 29.853017148974519 ], [ -95.228471767728621, 29.853013307869055 ], [ -95.228471804068263, 29.853013249314355 ], [ -95.228471840407934, 29.85301319075969 ], [ -95.228474173187209, 29.853009252993541 ], [ -95.228476454610856, 29.853005219904873 ], [ -95.228478660686008, 29.853001152200804 ], [ -95.22848078190232, 29.852997055030002 ], [ -95.2284828215967, 29.852992922167612 ], [ -95.228484776198627, 29.852988766150634 ], [ -95.22848664327222, 29.852984568857096 ], [ -95.228488437499948, 29.85298035326678 ], [ -95.22849013859323, 29.852976107976982 ], [ -95.228491752558583, 29.852971838572749 ], [ -95.228493286670499, 29.852967544355987 ], [ -95.228494733621105, 29.852963226926452 ], [ -95.22849609431141, 29.852958889920249 ], [ -95.228497361867269, 29.852954523214631 ], [ -95.228498548702106, 29.852950155141603 ], [ -95.22849921833722, 29.852947422615994 ], [ -95.228499642235676, 29.852945761877873 ], [ -95.22850064947562, 29.852941349939201 ], [ -95.228501576461753, 29.852936924008844 ], [ -95.228502402438224, 29.852932485308433 ], [ -95.228503142755102, 29.85292803878303 ], [ -95.228503800916172, 29.852923573699076 ], [ -95.228504367244241, 29.852919099713873 ], [ -95.228504838368991, 29.852914623954014 ], [ -95.228505223867543, 29.852910139467419 ], [ -95.228505526576214, 29.852905653555311 ], [ -95.228505725005178, 29.852901159294579 ], [ -95.228505840711023, 29.852896661804852 ], [ -95.228505864116755, 29.85289216803816 ], [ -95.228505798592735, 29.852887670867929 ], [ -95.228505639934411, 29.852883171981226 ], [ -95.228505400188155, 29.852878681646303 ], [ -95.228505059932871, 29.852874192998257 ], [ -95.228504638556316, 29.852869713803685 ], [ -95.2285041228442, 29.852865237372257 ], [ -95.228503519837403, 29.852860769318042 ], [ -95.22850282209464, 29.852856314847806 ], [ -95.228502042229493, 29.85285186890026 ], [ -95.228501168662831, 29.852847436565792 ], [ -95.228500213808047, 29.852843018193436 ], [ -95.22849916418393, 29.852838614306854 ], [ -95.228498026898151, 29.852834228716599 ], [ -95.228496800849513, 29.852829863197048 ], [ -95.228495492511783, 29.852825510708815 ], [ -95.228489237880609, 29.852820922534136 ], [ -95.228483243164902, 29.852816362430094 ], [ -95.228477347056938, 29.852811712123149 ], [ -95.228471541014073, 29.852806978594522 ], [ -95.228465825536858, 29.852802148318183 ], [ -95.228460207199049, 29.852797239532467 ], [ -95.228454698847969, 29.85279224086392 ], [ -95.228449286601858, 29.852787163656952 ], [ -95.228443976900977, 29.852782001774038 ], [ -95.228438770546262, 29.85277676155631 ], [ -95.228433667771242, 29.852771436691675 ], [ -95.228428674148631, 29.852766044487762 ], [ -95.228423795284471, 29.852760573367362 ], [ -95.228419018765308, 29.852755022981508 ], [ -95.228414357405043, 29.852749410841255 ], [ -95.228409805597536, 29.852743720540911 ], [ -95.228405368982223, 29.852737967584545 ], [ -95.228401053098452, 29.852732142198466 ], [ -95.228396852206615, 29.852726259566865 ], [ -95.228392765639313, 29.852720309741471 ], [ -95.228388800470853, 29.852714297434623 ], [ -95.228384962874628, 29.852708223722662 ], [ -95.228381239002204, 29.852702099048194 ], [ -95.22837764376969, 29.852695912096028 ], [ -95.228374167433273, 29.852689674326857 ], [ -95.228370825743269, 29.852683379864917 ], [ -95.228367603583251, 29.852677045435936 ], [ -95.228364508594794, 29.852670660422746 ], [ -95.228364150110252, 29.852669882163493 ], [ -95.228363808844136, 29.852669142300886 ], [ -95.228361540777939, 29.8526642248253 ], [ -95.228358705972269, 29.852657748737396 ], [ -95.228356003310168, 29.852651227621141 ], [ -95.228353427252159, 29.852644671250225 ], [ -95.228350983337762, 29.852638069850979 ], [ -95.228348679241719, 29.852631439887528 ], [ -95.228346494675506, 29.852624769957092 ], [ -95.228344455099887, 29.852618071607875 ], [ -95.228342542128317, 29.852611338003989 ], [ -95.228340766705912, 29.852604581188164 ], [ -95.228339130067297, 29.852597795778898 ], [ -95.228337625805551, 29.85259098701226 ], [ -95.22833626016066, 29.85258415416094 ], [ -95.228335031831236, 29.852577304409852 ], [ -95.22833394295283, 29.8525704360136 ], [ -95.228332991222956, 29.852563555226272 ], [ -95.22833217166955, 29.85255665649186 ], [ -95.228331489064317, 29.852549750776813 ], [ -95.228330951883123, 29.852542832903342 ], [ -95.228330545476808, 29.852535906972925 ], [ -95.228330289232801, 29.852528980752155 ], [ -95.228330164764671, 29.852522047405198 ], [ -95.228330184318864, 29.852515111789966 ], [ -95.228330334180541, 29.852508180742003 ], [ -95.228330627830942, 29.852501253737913 ], [ -95.228331058896401, 29.85249433511175 ], [ -95.228331633917335, 29.852487416020701 ], [ -95.228332339912981, 29.852480511445169 ], [ -95.228333188495895, 29.85247361539308 ], [ -95.228334174427033, 29.852466729522394 ], [ -95.228335290932321, 29.852459868988095 ], [ -95.228336550825574, 29.852453023318446 ], [ -95.228337946665434, 29.852446197720241 ], [ -95.2283394803205, 29.85243939766201 ], [ -95.228354338822001, 29.852332103670456 ], [ -95.228389265564658, 29.852080271523636 ], [ -95.228447672497083, 29.851816829599059 ], [ -95.228412394808814, 29.851455316583785 ], [ -95.228400247449144, 29.851126265245075 ], [ -95.228319498084403, 29.851007353101714 ], [ -95.228361051026155, 29.85087067575672 ], [ -95.228479427659536, 29.850630125075217 ], [ -95.228513919684914, 29.850355403119448 ], [ -95.228576765075232, 29.850045944619971 ], [ -95.228579962850816, 29.84976025241604 ], [ -95.22857996124921, 29.849760211750517 ], [ -95.228579959747734, 29.849760168379806 ], [ -95.228579958012716, 29.849760103338255 ], [ -95.228579956144245, 29.849760041903661 ], [ -95.22857995397537, 29.849759988584715 ], [ -95.228579931386548, 29.849759283861392 ], [ -95.228535470490854, 29.848372288490147 ], [ -95.228473827428573, 29.847362573597913 ], [ -95.22952344767215, 29.847320054196132 ], [ -95.234411824675703, 29.847294923687652 ], [ -95.234619371020997, 29.84728269779594 ], [ -95.238069592012621, 29.847226073612212 ], [ -95.238245772927286, 29.847221989006606 ], [ -95.241291574830697, 29.847181017387914 ], [ -95.241509797714627, 29.847160053363581 ], [ -95.241662332849387, 29.847178639313512 ], [ -95.241942911344694, 29.847174025581975 ], [ -95.241942165600634, 29.847124440634321 ], [ -95.241897698147667, 29.844166656208433 ], [ -95.241886228653371, 29.843403712170087 ], [ -95.244150900318914, 29.844305570715132 ], [ -95.244157596537889, 29.844305260886664 ], [ -95.245014343459815, 29.844265576215154 ], [ -95.245525981629072, 29.844231941744223 ], [ -95.247623805533365, 29.844094015982268 ], [ -95.247659567067643, 29.844091664119055 ], [ -95.247659941735762, 29.844159333620649 ], [ -95.247665380609632, 29.845143018343716 ], [ -95.247665530747454, 29.845170016998491 ], [ -95.247712146232004, 29.84700004813233 ], [ -95.247718164988157, 29.84699991865682 ], [ -95.247769885029911, 29.847001365788024 ], [ -95.247768923038208, 29.847048193921434 ], [ -95.247757691101882, 29.847595103475289 ], [ -95.247751975697142, 29.847873381125307 ], [ -95.247733689837673, 29.848763770432303 ], [ -95.24773046737964, 29.848920646901799 ], [ -95.247727018492697, 29.849088594625282 ], [ -95.247717635675073, 29.849545446315378 ], [ -95.246399497036492, 29.849066248332718 ], [ -95.246368464394379, 29.849065379740029 ], [ -95.246368440637951, 29.849989337700947 ], [ -95.246368421216744, 29.850753378991545 ], [ -95.246367066264852, 29.850921372620242 ], [ -95.24678320603239, 29.850920902842692 ], [ -95.247734497605876, 29.850906705421718 ], [ -95.247727907366126, 29.850953904992807 ], [ -95.24772797773926, 29.851020813007199 ], [ -95.247729909533774, 29.852861060786484 ], [ -95.247730831690902, 29.853738907357137 ], [ -95.247732317478409, 29.855154279269435 ], [ -95.247733809927112, 29.856575292436546 ], [ -95.247775630051095, 29.856575969592026 ], [ -95.247746531565028, 29.857418036502484 ], [ -95.247744101952719, 29.857513100032644 ] ] ] } },
{ "type": "Feature", "properties": { "OBJECTID": 37, "TRACT": "FWSD #23", "SERVICE_CO": "FB", "AREA_AC": 9671, "SHAPE_LENG": 118518.98240199999, "INSIDE_X": -95.27666622, "INSIDE_Y": 29.85515571, "SHAPE_LE_1": 118518.98278000001, "LAT": 29.85515049, "LONG_": -95.27665923000001, "GLOBALID": "{EE2E8759-D2ED-460F-86BF-2CB05C65872F}", "SHAPESTLen": 118518.98278022233, "nmonths": 0, "mean_Janua": -9999.0, "mean_Febru": -9999.0, "mean_March": -9999.0, "mean_April": -9999.0, "mean_May": -9999.0, "mean_June": -9999, "mean_July": -9999.0, "mean_Augus": -9999.0, "mean_Septe": -9999.0, "mean_Octob": -9999.0, "mean_Novem": -9999.0, "mean_Decem": -9999.0 }, "geometry": { "type": "Polygon", "coordinates": [ [ [ -95.316727509948151, 29.866589078232789 ], [ -95.316645432117113, 29.866741976460101 ], [ -95.316587952989906, 29.866885213880291 ], [ -95.315544935890628, 29.869485307721042 ], [ -95.315335174217893, 29.870000192569194 ], [ -95.315151012867588, 29.870458079332387 ], [ -95.314064740510801, 29.87318218537639 ], [ -95.313815270653308, 29.873815191260672 ], [ -95.312650897078015, 29.876718740006506 ], [ -95.312555694968864, 29.876962425243676 ], [ -95.312474948790339, 29.877130550810858 ], [ -95.312366494894164, 29.877390934399916 ], [ -95.312246513129836, 29.877701576385135 ], [ -95.312160317144873, 29.877874640169178 ], [ -95.312009410838172, 29.878187443938419 ], [ -95.311888166294125, 29.878499064539923 ], [ -95.311819857105732, 29.878674493740185 ], [ -95.311693538288537, 29.878988600448558 ], [ -95.311506684457768, 29.879489224001233 ], [ -95.311432495291839, 29.879660034944511 ], [ -95.311366395562629, 29.87982883692376 ], [ -95.311052521251852, 29.88063039244755 ], [ -95.310123243579511, 29.882921257612573 ], [ -95.310038988466061, 29.883130968481645 ], [ -95.309868440756745, 29.883551706029401 ], [ -95.309329389164361, 29.884879799390859 ], [ -95.309192184277691, 29.885119324362378 ], [ -95.308892122812765, 29.885946372362358 ], [ -95.308454318415841, 29.8870206213515 ], [ -95.307959333712688, 29.888245340652144 ], [ -95.307908214011036, 29.888370660930761 ], [ -95.307385378360138, 29.889652720272899 ], [ -95.306952925553404, 29.890741454310266 ], [ -95.306923599736038, 29.890817195081507 ], [ -95.306594609387375, 29.890817579747619 ], [ -95.306220018263389, 29.890818010698823 ], [ -95.305837849207791, 29.89081845039567 ], [ -95.305755189634652, 29.890818544783453 ], [ -95.305600320552045, 29.890819591628034 ], [ -95.305436810315896, 29.890819573520343 ], [ -95.305423895703314, 29.890819833496941 ], [ -95.30526097520486, 29.890823747996887 ], [ -95.305223731956161, 29.890824225287968 ], [ -95.305115359608223, 29.890825626799415 ], [ -95.304954480200237, 29.89082910158514 ], [ -95.304808387084236, 29.890832264006793 ], [ -95.30466755572435, 29.890832558158156 ], [ -95.304652799158305, 29.890832593117793 ], [ -95.304496699363639, 29.890828756678399 ], [ -95.304189332601567, 29.890854509595783 ], [ -95.304042086609414, 29.890852556624729 ], [ -95.304032428445495, 29.890854055242865 ], [ -95.303267626934314, 29.890972760601187 ], [ -95.303253764181505, 29.890975397091246 ], [ -95.303039378086467, 29.891002681150443 ], [ -95.302963409807788, 29.891012348434167 ], [ -95.302804925696918, 29.891056104086815 ], [ -95.3021881272782, 29.891045932645259 ], [ -95.302157106435658, 29.891045100242454 ], [ -95.301922269011243, 29.891038800936734 ], [ -95.30190542844278, 29.891037487368489 ], [ -95.301511735501137, 29.891037906743801 ], [ -95.301170567781938, 29.891034217227105 ], [ -95.300749094170982, 29.891030382464194 ], [ -95.299291899688598, 29.891047450297624 ], [ -95.299219106807712, 29.891046515709199 ], [ -95.299033065409105, 29.891054815372829 ], [ -95.297226488201176, 29.891091412622867 ], [ -95.297192569408523, 29.891092247523886 ], [ -95.296645309779663, 29.891103920065422 ], [ -95.296452535967632, 29.891098219809667 ], [ -95.296062926338507, 29.891103294298979 ], [ -95.295885970738738, 29.891104744718316 ], [ -95.295137102119696, 29.891115347358355 ], [ -95.29438482982458, 29.891125136017077 ], [ -95.293832191300638, 29.891132326657669 ], [ -95.293475861102152, 29.891136958051394 ], [ -95.29301831358363, 29.891142907146136 ], [ -95.292535522706046, 29.891149179837981 ], [ -95.292219971147858, 29.891153282880609 ], [ -95.292029379576832, 29.891155759517353 ], [ -95.291783249813051, 29.891158956620295 ], [ -95.291199481897749, 29.891166538862262 ], [ -95.290628336121245, 29.891173954829551 ], [ -95.290284355328794, 29.891178416407854 ], [ -95.290089596989048, 29.891194949394905 ], [ -95.290089549188394, 29.891194953489059 ], [ -95.290089549484776, 29.891195002240362 ], [ -95.290090286740153, 29.891254260834753 ], [ -95.290090287907177, 29.891254314123376 ], [ -95.290090238200946, 29.891254313651583 ], [ -95.289674005826697, 29.891249504064803 ], [ -95.289523924944717, 29.891247772705167 ], [ -95.289522130267429, 29.891193209325486 ], [ -95.288760967411477, 29.891182759412647 ], [ -95.288026618535923, 29.891195489631404 ], [ -95.287887210711403, 29.891197906042716 ], [ -95.287698644970845, 29.891224516204137 ], [ -95.287684884507058, 29.89032580848172 ], [ -95.287682369761214, 29.890161636075891 ], [ -95.287670183220087, 29.889362984427652 ], [ -95.287664131169038, 29.888967020686874 ], [ -95.287657332734028, 29.888521867921067 ], [ -95.287656954653528, 29.88846942154019 ], [ -95.287656308578164, 29.888378392936531 ], [ -95.28765380235113, 29.88802714524418 ], [ -95.287652912523299, 29.887952982244677 ], [ -95.287645218485324, 29.887454437075949 ], [ -95.287639976800506, 29.887269219557133 ], [ -95.287637738558985, 29.886814199467743 ], [ -95.287635217510783, 29.886301816979561 ], [ -95.287631097191039, 29.885383028773827 ], [ -95.287620197141962, 29.885245188224086 ], [ -95.286988998910587, 29.885245290792003 ], [ -95.283909734380146, 29.885259969997545 ], [ -95.282049955338849, 29.885273904468942 ], [ -95.282020776824567, 29.883160445937499 ], [ -95.282018986709375, 29.883076920662681 ], [ -95.280637743323126, 29.883085172349915 ], [ -95.280505008796339, 29.883085965006863 ], [ -95.280502955002873, 29.883000617125841 ], [ -95.280436320903647, 29.88023174809635 ], [ -95.280390423954103, 29.876019960174879 ], [ -95.28037315807002, 29.875306071106262 ], [ -95.280364208064768, 29.874670747748748 ], [ -95.2802795022168, 29.874671600686654 ], [ -95.280245410740747, 29.874671945254722 ], [ -95.279700650636244, 29.874677449598263 ], [ -95.279541099356592, 29.874679035402412 ], [ -95.276450580885964, 29.874709720318023 ], [ -95.273803707508307, 29.874724735282427 ], [ -95.273475086410741, 29.874728480375037 ], [ -95.273149360169413, 29.874732196770175 ], [ -95.269871279180549, 29.87478142255355 ], [ -95.269713881443849, 29.8747843112622 ], [ -95.269713730115129, 29.874784314275388 ], [ -95.269422446121382, 29.874789662706803 ], [ -95.269422343522123, 29.874789664366872 ], [ -95.269319986765055, 29.874791545916704 ], [ -95.266298528312333, 29.874798706494584 ], [ -95.265429369442202, 29.874800320074137 ], [ -95.265011662814302, 29.874805814030928 ], [ -95.26269996166296, 29.874809476715281 ], [ -95.262455311181114, 29.874814483551592 ], [ -95.26240808942822, 29.874814796253045 ], [ -95.261790197499025, 29.87481811898331 ], [ -95.261374527105843, 29.874823990549444 ], [ -95.257402573438839, 29.874864632250262 ], [ -95.247804776386616, 29.87500874839942 ], [ -95.247784243492575, 29.872262820545629 ], [ -95.247773906932537, 29.871449978484065 ], [ -95.247774700966815, 29.868603994023356 ], [ -95.247774730415486, 29.868603700577705 ], [ -95.247783684445409, 29.864698579768383 ], [ -95.247784093011617, 29.864514970447892 ], [ -95.247787830493877, 29.864381215632378 ], [ -95.247814174046013, 29.863438316670152 ], [ -95.247804451415504, 29.862372403777965 ], [ -95.247803124176031, 29.862207329910895 ], [ -95.247798817401389, 29.861141658381232 ], [ -95.247798897542481, 29.861118079295707 ], [ -95.247798897233196, 29.861118031445578 ], [ -95.247799380272554, 29.860977762955681 ], [ -95.247799111538541, 29.860958652250499 ], [ -95.247799067256082, 29.860955439314825 ], [ -95.247793905969317, 29.860588411345237 ], [ -95.247781505656533, 29.859768672630892 ], [ -95.247780363347644, 29.859637755400353 ], [ -95.24775921898015, 29.857744850227231 ], [ -95.247758190858988, 29.857652766266742 ], [ -95.247744101952719, 29.857513100032644 ], [ -95.247746531565028, 29.857418036502484 ], [ -95.247775630051095, 29.856575969592026 ], [ -95.247733809927112, 29.856575292436546 ], [ -95.247732317478409, 29.855154279269435 ], [ -95.247730831690902, 29.853738907357137 ], [ -95.247729909533774, 29.852861060786484 ], [ -95.24772797773926, 29.851020813007199 ], [ -95.247727907366126, 29.850953904992807 ], [ -95.247734497605876, 29.850906705421718 ], [ -95.24678320603239, 29.850920902842692 ], [ -95.246367066264852, 29.850921372620242 ], [ -95.246368421216744, 29.850753378991545 ], [ -95.246368440637951, 29.849989337700947 ], [ -95.246368464394379, 29.849065379740029 ], [ -95.246399497036492, 29.849066248332718 ], [ -95.247717635675073, 29.849545446315378 ], [ -95.247727018492697, 29.849088594625282 ], [ -95.24773046737964, 29.848920646901799 ], [ -95.247733689837673, 29.848763770432303 ], [ -95.247751975697142, 29.847873381125307 ], [ -95.247757691101882, 29.847595103475289 ], [ -95.247768923038208, 29.847048193921434 ], [ -95.247769885029911, 29.847001365788024 ], [ -95.247718164988157, 29.84699991865682 ], [ -95.247712146232004, 29.84700004813233 ], [ -95.247665530747454, 29.845170016998491 ], [ -95.247665380609632, 29.845143018343716 ], [ -95.247659941735762, 29.844159333620649 ], [ -95.247659567067643, 29.844091664119055 ], [ -95.247623805533365, 29.844094015982268 ], [ -95.245525981629072, 29.844231941744223 ], [ -95.245014343459815, 29.844265576215154 ], [ -95.244157596537889, 29.844305260886664 ], [ -95.244150900318914, 29.844305570715132 ], [ -95.241886228653371, 29.843403712170087 ], [ -95.241897698147667, 29.844166656208433 ], [ -95.241942165600634, 29.847124440634321 ], [ -95.241942911344694, 29.847174025581975 ], [ -95.241662332849387, 29.847178639313512 ], [ -95.241509797714627, 29.847160053363581 ], [ -95.241291574830697, 29.847181017387914 ], [ -95.238245772927286, 29.847221989006606 ], [ -95.238069592012621, 29.847226073612212 ], [ -95.234619371020997, 29.84728269779594 ], [ -95.234411824675703, 29.847294923687652 ], [ -95.22952344767215, 29.847320054196132 ], [ -95.22864213532219, 29.847355756280816 ], [ -95.228473827428573, 29.847362573597913 ], [ -95.22844167252866, 29.847363280556806 ], [ -95.227748397151359, 29.847378514318837 ], [ -95.225962742334147, 29.847417741469059 ], [ -95.224253964634599, 29.847455254966832 ], [ -95.224210472406767, 29.847456207687223 ], [ -95.224210509747863, 29.847456150064446 ], [ -95.227081784577095, 29.843006218671078 ], [ -95.227081821948317, 29.843006160145684 ], [ -95.227081859352978, 29.843006100718586 ], [ -95.227124849785852, 29.84293334020813 ], [ -95.227166426240217, 29.842859923372011 ], [ -95.227206544273216, 29.842785932007551 ], [ -95.227245181398217, 29.842711386244954 ], [ -95.227288919732558, 29.842622638607896 ], [ -95.227323717982401, 29.84254664975666 ], [ -95.22737276128359, 29.842415870937117 ], [ -95.227390421530188, 29.842353407695011 ], [ -95.227406680184288, 29.842290682056991 ], [ -95.227421521999887, 29.842227714356103 ], [ -95.227434948413901, 29.842164521784088 ], [ -95.227446956759437, 29.842101120514513 ], [ -95.227457541099625, 29.842037531142228 ], [ -95.227466693295511, 29.841973777810892 ], [ -95.227474421123773, 29.841909874279725 ], [ -95.227480715644774, 29.841845838350906 ], [ -95.227487025254376, 29.841757617351835 ], [ -95.227493612116632, 29.841322869952815 ], [ -95.227493614219398, 29.841322813143147 ], [ -95.22749366069786, 29.841322816256085 ], [ -95.227532148611076, 29.841325319841495 ], [ -95.227712160176296, 29.84133702491398 ], [ -95.227880891590644, 29.841345215143438 ], [ -95.228039963340962, 29.841354336717956 ], [ -95.22820514698887, 29.841363826799697 ], [ -95.228276326022339, 29.841367926695412 ], [ -95.228376846396969, 29.841373712070524 ], [ -95.228535849769543, 29.841382836547318 ], [ -95.228730523167755, 29.841394032780087 ], [ -95.228936217864756, 29.841414091557134 ], [ -95.228996905900829, 29.841419988450774 ], [ -95.229104521979039, 29.841430449206424 ], [ -95.229104560349484, 29.841430391611265 ], [ -95.229144493470955, 29.841367361140996 ], [ -95.229144530840401, 29.841367302614987 ], [ -95.229144568209847, 29.841367244088996 ], [ -95.229227953063727, 29.841235770296628 ], [ -95.22922799340266, 29.841235715464851 ], [ -95.229411753682186, 29.841174217991572 ], [ -95.229577656319961, 29.841124214770669 ], [ -95.229735371732133, 29.841066963727346 ], [ -95.229889481857484, 29.841011022930136 ], [ -95.230037757827972, 29.840957222478643 ], [ -95.230196605124647, 29.8409004278883 ], [ -95.230294760066712, 29.840865234115984 ], [ -95.230295361378197, 29.840865017226228 ], [ -95.230361119469549, 29.840873239620851 ], [ -95.230524339970898, 29.840893546251447 ], [ -95.230551163297847, 29.840896877409666 ], [ -95.230746856491606, 29.840921212622039 ], [ -95.230857934472624, 29.840935036086925 ], [ -95.231484494104464, 29.841012319229737 ], [ -95.23148453547644, 29.841012264426325 ], [ -95.231567901432697, 29.840793923946983 ], [ -95.231843681043969, 29.840071668373163 ], [ -95.231843735561526, 29.840071622063153 ], [ -95.232291466104982, 29.839701889469687 ], [ -95.232291519687834, 29.839701840425235 ], [ -95.232729744645482, 29.839682608609422 ], [ -95.233361917971891, 29.839420827790025 ], [ -95.233897887203597, 29.839078809265434 ], [ -95.233897921134755, 29.839078787651417 ], [ -95.233897934679391, 29.839078757340761 ], [ -95.234036244790772, 29.838771059677978 ], [ -95.234102429105548, 29.838200684154042 ], [ -95.234117407256264, 29.838071603781934 ], [ -95.234071489518797, 29.838010619145095 ], [ -95.233605810458982, 29.837392127428263 ], [ -95.233327897005566, 29.837180425614719 ], [ -95.23296594533943, 29.836904698458387 ], [ -95.232929846517678, 29.836863509665054 ], [ -95.232792044704567, 29.836703321229361 ], [ -95.232613229026171, 29.836502247060633 ], [ -95.231930352272997, 29.835885247670916 ], [ -95.231740177369403, 29.835723080762264 ], [ -95.230338572670448, 29.834521503005075 ], [ -95.230328788792107, 29.834512821278757 ], [ -95.230318551699682, 29.834503740462754 ], [ -95.230310467455809, 29.834492382227111 ], [ -95.230268535220077, 29.834434792112866 ], [ -95.230219025712103, 29.834369214161836 ], [ -95.230212974989612, 29.834362500514956 ], [ -95.23020922394339, 29.834358161482609 ], [ -95.230201980483884, 29.834349376951153 ], [ -95.230198490139188, 29.83434493151017 ], [ -95.230195080867475, 29.834340449533141 ], [ -95.23019176711513, 29.834335932328926 ], [ -95.230188542276338, 29.834331390543927 ], [ -95.230185411956029, 29.834326812600949 ], [ -95.230182370715994, 29.83432220556854 ], [ -95.230179417588644, 29.834317567614107 ], [ -95.230176565585936, 29.834312910838328 ], [ -95.230173801662602, 29.83430822404231 ], [ -95.23017113886381, 29.834303518424967 ], [ -95.230168570183238, 29.83429878747058 ], [ -95.23016610282734, 29.834294032284451 ], [ -95.230163729122609, 29.834289264385621 ], [ -95.230161450370218, 29.834284476589339 ], [ -95.230159278747848, 29.834279675556704 ], [ -95.230157201010115, 29.834274855499263 ], [ -95.230155230435713, 29.834270021303677 ], [ -95.230153353312389, 29.834265179805925 ], [ -95.230151583352338, 29.834260324170142 ], [ -95.230149914083228, 29.834255461435738 ], [ -95.230148350542905, 29.834250595355087 ], [ -95.230146886859274, 29.834245716736298 ], [ -95.230145523733086, 29.834240834625941 ], [ -95.230144273342091, 29.834235955685084 ], [ -95.230143123641867, 29.834231069645632 ], [ -95.230142073264687, 29.834226185495975 ], [ -95.230141134788468, 29.834221299076312 ], [ -95.230140302641644, 29.834216421062134 ], [ -95.230139570818665, 29.834211545868644 ], [ -95.230138951497352, 29.834206680156854 ], [ -95.230138431498943, 29.834201816334819 ], [ -95.230138023001231, 29.834196961063778 ], [ -95.230137715428015, 29.834192120365053 ], [ -95.230137515215119, 29.834187036252814 ], [ -95.230137428211037, 29.834182474365061 ], [ -95.230137453267986, 29.834177402002428 ], [ -95.230137580353954, 29.83417262226892 ], [ -95.230137796657274, 29.834168117653444 ], [ -95.230138134800498, 29.834163370031579 ], [ -95.230138576770813, 29.834158642479782 ], [ -95.230139127772901, 29.834153934241659 ], [ -95.230139781167594, 29.834149256865448 ], [ -95.230140541558896, 29.834144597842975 ], [ -95.230141406611324, 29.834139964330102 ], [ -95.230143457272661, 29.834130792071512 ], [ -95.230144637876904, 29.834126248671648 ], [ -95.230145923976451, 29.834121736220919 ], [ -95.230147314403652, 29.834117258297162 ], [ -95.230149618348477, 29.834112407071963 ], [ -95.230148880450542, 29.834112398963509 ], [ -95.230145346104521, 29.834099849818763 ], [ -95.230143081349851, 29.834090960632821 ], [ -95.230141003630735, 29.834082081218693 ], [ -95.230139087691185, 29.834073222601265 ], [ -95.230137353148891, 29.834064386234655 ], [ -95.230135785390658, 29.834055575318921 ], [ -95.230134397995258, 29.834046786624931 ], [ -95.230133178184659, 29.834038029723036 ], [ -95.230132138369967, 29.834029304962147 ], [ -95.230131273379783, 29.834020612196881 ], [ -95.230130580912103, 29.83401195768127 ], [ -95.230130068039955, 29.834003346127645 ], [ -95.230129719813107, 29.83399450992199 ], [ -95.230129567166145, 29.833985984321302 ], [ -95.230129580635818, 29.833977502206309 ], [ -95.23012976986756, 29.833969334652515 ], [ -95.230130152600537, 29.833960694117966 ], [ -95.23013066916117, 29.833952634159282 ], [ -95.230131386799883, 29.833944372237259 ], [ -95.230132312889864, 29.833935904948479 ], [ -95.230133388484873, 29.833927762314858 ], [ -95.230134595735663, 29.83391995105594 ], [ -95.230136011104065, 29.833911943447752 ], [ -95.230137604199413, 29.833904001315954 ], [ -95.230139370317673, 29.833896139873939 ], [ -95.230141313962761, 29.833888349318769 ], [ -95.230143423590931, 29.833880633839328 ], [ -95.230145706208532, 29.83387299995135 ], [ -95.230148153374728, 29.833865451930979 ], [ -95.230150785941419, 29.833857985850955 ], [ -95.230153576851094, 29.833850605464004 ], [ -95.230178950288803, 29.833719753973597 ], [ -95.230202155909154, 29.833610170979579 ], [ -95.230208224167626, 29.833594798321084 ], [ -95.230213981911746, 29.833579339301682 ], [ -95.230219418899054, 29.83356379092541 ], [ -95.230224539800844, 29.833548166863856 ], [ -95.230229338311517, 29.833532469647807 ], [ -95.230233814297904, 29.833516702884314 ], [ -95.23023796859421, 29.83350087201288 ], [ -95.230241792859871, 29.833484978604442 ], [ -95.230245301241112, 29.833469032083524 ], [ -95.23024847388713, 29.833453037308157 ], [ -95.230251333149482, 29.833436865823383 ], [ -95.230253835228226, 29.833420918090845 ], [ -95.230256333833154, 29.833402376857595 ], [ -95.230258141354369, 29.833386285027725 ], [ -95.230260066932658, 29.833364453659303 ], [ -95.230246546486313, 29.833252367643915 ], [ -95.230235410106829, 29.833141214321152 ], [ -95.230228416780236, 29.833098151178607 ], [ -95.230225051704082, 29.833073075769175 ], [ -95.230222205957872, 29.833047955383229 ], [ -95.230219868798486, 29.833022800551095 ], [ -95.230218050568098, 29.832997611563506 ], [ -95.230216745728157, 29.832972398194268 ], [ -95.230215951305539, 29.832946904901068 ], [ -95.23021568112307, 29.832921933653473 ], [ -95.230215912781432, 29.832896578432457 ], [ -95.230216653023945, 29.832871160782116 ], [ -95.230217923539243, 29.832845906079921 ], [ -95.230219727296344, 29.832820818019989 ], [ -95.230222060525051, 29.832795914550029 ], [ -95.230222563438431, 29.832776577909456 ], [ -95.230237450045635, 29.832203949004235 ], [ -95.23023748841203, 29.8322038914086 ], [ -95.230496672989048, 29.831786163174765 ], [ -95.230496709319937, 29.831786104619152 ], [ -95.230496745650882, 29.831786046063538 ], [ -95.230999470758832, 29.830987529317071 ], [ -95.230999508090065, 29.830987471692136 ], [ -95.230999548523997, 29.8309874141544 ], [ -95.231168539127353, 29.830748701140966 ], [ -95.231168578460213, 29.830748645377611 ], [ -95.231250289029845, 29.830633222488888 ], [ -95.231250329463492, 29.830633164951045 ], [ -95.231250369897154, 29.830633107413266 ], [ -95.231453163936223, 29.830346651732004 ], [ -95.231453206404737, 29.830346595153983 ], [ -95.231453252910171, 29.830346541397525 ], [ -95.23147210507274, 29.830325333784547 ], [ -95.231472151611513, 29.830325279126296 ], [ -95.231472197116076, 29.830325224439019 ], [ -95.231490314023759, 29.830303545720124 ], [ -95.23149035952828, 29.830303491032794 ], [ -95.23149040296434, 29.83030343628732 ], [ -95.231512167580334, 29.830275503403946 ], [ -95.231512214085726, 29.830275449647445 ], [ -95.231512263627096, 29.830275397781634 ], [ -95.231517439688702, 29.830270173206348 ], [ -95.231517489263382, 29.83027012043879 ], [ -95.231517538838091, 29.830270067671218 ], [ -95.231524772204295, 29.830262206413199 ], [ -95.231524823747435, 29.830262156409006 ], [ -95.231524878326567, 29.830262108295539 ], [ -95.231532235204867, 29.830255750765534 ], [ -95.231532288749776, 29.83025570262296 ], [ -95.231532342328038, 29.830255653578636 ], [ -95.231539460928758, 29.830249132284663 ], [ -95.231539513472796, 29.830249083211282 ], [ -95.231539565015893, 29.830249033207089 ], [ -95.231546455581409, 29.830242351145106 ], [ -95.231546507157844, 29.830242300239131 ], [ -95.231546556665862, 29.830242249275063 ], [ -95.231549919106797, 29.830238782699528 ], [ -95.231549969682362, 29.830238730862753 ], [ -95.231550019190379, 29.830238679898684 ], [ -95.231552742163913, 29.830235875972413 ], [ -95.231552792739478, 29.830235824135688 ], [ -95.231552842247481, 29.830235773171566 ], [ -95.231553199579182, 29.830235404991008 ], [ -95.231553249153819, 29.83023535222345 ], [ -95.231553298728514, 29.830235299455854 ], [ -95.231559706233654, 29.830228297807363 ], [ -95.231559753739859, 29.830228244981647 ], [ -95.231559800278532, 29.830228190323389 ], [ -95.231565961966552, 29.830221032823228 ], [ -95.231566007471002, 29.830220978135923 ], [ -95.231566052975467, 29.830220923448568 ], [ -95.231571975151795, 29.830213607566034 ], [ -95.231572018621108, 29.83021355191881 ], [ -95.231572061089551, 29.830213495340775 ], [ -95.23157773604791, 29.830206033496829 ], [ -95.23157777748213, 29.830205976889737 ], [ -95.231577818916307, 29.830205920282651 ], [ -95.231583247957701, 29.830198305292381 ], [ -95.231583287356727, 29.830198247725384 ], [ -95.231583325688277, 29.830198191031084 ], [ -95.23158850257397, 29.830190423621911 ], [ -95.231588539937917, 29.830190365095049 ], [ -95.231588577301864, 29.830190306568184 ], [ -95.23159713432814, 29.830176213383957 ], [ -95.231618563636957, 29.830120523526588 ], [ -95.23160541617402, 29.830109383215198 ], [ -95.231605379975363, 29.830109354214699 ], [ -95.23160534871451, 29.830109331671753 ], [ -95.231431746578181, 29.829977355721123 ], [ -95.231236464030303, 29.829621389756898 ], [ -95.231213222895889, 29.829579019040999 ], [ -95.231192302430671, 29.829549429631872 ], [ -95.231134038050428, 29.82944588721584 ], [ -95.230859438659607, 29.828957886237067 ], [ -95.23085172969256, 29.828945460751171 ], [ -95.230480477950579, 29.828347044536009 ], [ -95.230455648872166, 29.828227334113194 ], [ -95.230453323966287, 29.828216126939285 ], [ -95.230435947726846, 29.82813233977182 ], [ -95.230407458031991, 29.827994879870239 ], [ -95.23038942496261, 29.827319156283721 ], [ -95.230455491828067, 29.826308189081658 ], [ -95.230486480668475, 29.825829594781542 ], [ -95.23046256714953, 29.825786681393719 ], [ -95.230305551585829, 29.825484213417276 ], [ -95.230164657652423, 29.825213999138093 ], [ -95.230065348082888, 29.825009712470525 ], [ -95.229914867164666, 29.824700165552713 ], [ -95.229891745274642, 29.824652600198618 ], [ -95.229882808819724, 29.824633208404155 ], [ -95.229875081604931, 29.824616417844823 ], [ -95.229873964978196, 29.824613999749896 ], [ -95.229873858890684, 29.824613817132722 ], [ -95.2354403759376, 29.822273901017486 ], [ -95.240617830574578, 29.820084483690319 ], [ -95.240655453408507, 29.822856281674692 ], [ -95.247346161181184, 29.822868133419224 ], [ -95.247346072646963, 29.823152539146847 ], [ -95.248830151498836, 29.823154112029886 ], [ -95.257283709547096, 29.823064456618731 ], [ -95.257329380534088, 29.825809137075826 ], [ -95.25693821841584, 29.825814175024782 ], [ -95.256941856617885, 29.825898802323323 ], [ -95.25696002297363, 29.82721380936265 ], [ -95.25882483803386, 29.827225692018182 ], [ -95.258836654410288, 29.82850237244141 ], [ -95.258962937515193, 29.828502140832381 ], [ -95.258974984108605, 29.830052852155372 ], [ -95.260541591345415, 29.830033296688043 ], [ -95.261747166666723, 29.8300182360184 ], [ -95.261762303844094, 29.830701558099893 ], [ -95.261766769772066, 29.830842349008261 ], [ -95.261761557742901, 29.831507646776494 ], [ -95.261756000113706, 29.83216748894743 ], [ -95.261767685307476, 29.832330694954425 ], [ -95.261780596308867, 29.833045258289264 ], [ -95.262285115240402, 29.833020950160321 ], [ -95.26471159686163, 29.83300735427213 ], [ -95.264699852019049, 29.832916359942285 ], [ -95.270020033024849, 29.832881028669611 ], [ -95.27011434945976, 29.832887306298922 ], [ -95.274893117723224, 29.8328676160816 ], [ -95.27706420266577, 29.832870657384728 ], [ -95.280373879009787, 29.832864450751458 ], [ -95.280745307500354, 29.832750092498447 ], [ -95.280903534724715, 29.832750051839387 ], [ -95.281970606349873, 29.832749646762391 ], [ -95.282998995497678, 29.832749264860563 ], [ -95.283409074668043, 29.832749108451363 ], [ -95.283619000421183, 29.832748688593362 ], [ -95.283823755484548, 29.832746659170901 ], [ -95.28420262178777, 29.832742021000037 ], [ -95.28445531685901, 29.832763111311689 ], [ -95.284519993145324, 29.832761822659268 ], [ -95.285310880842033, 29.832764209696549 ], [ -95.286861494065676, 29.832769039298714 ], [ -95.286847539218783, 29.831930694147228 ], [ -95.287031882603401, 29.831931474215885 ], [ -95.287764175142087, 29.831931543795932 ], [ -95.28776324643438, 29.832769525331805 ], [ -95.288171457469346, 29.832764222432278 ], [ -95.288805073176789, 29.832755986896672 ], [ -95.291556313882566, 29.832719039570083 ], [ -95.291561951247644, 29.834049743930734 ], [ -95.291646435315513, 29.834050720114028 ], [ -95.291928651546868, 29.834003028848823 ], [ -95.292159511376866, 29.83398718644424 ], [ -95.292162164472927, 29.834015289378296 ], [ -95.292159623834294, 29.834450058365846 ], [ -95.292346608553856, 29.834448190626595 ], [ -95.301402972492738, 29.834448869375297 ], [ -95.301417591561972, 29.837758367202859 ], [ -95.302038641055248, 29.838441320579552 ], [ -95.302045386544378, 29.838662765267973 ], [ -95.299713706319011, 29.84093457009708 ], [ -95.299801943736838, 29.841003604145808 ], [ -95.30063388397771, 29.84167257760307 ], [ -95.300816860723813, 29.841638364827549 ], [ -95.3008855650464, 29.845040858657612 ], [ -95.300931409797784, 29.848483745928963 ], [ -95.302159665483913, 29.848485568745854 ], [ -95.303449091844982, 29.84845887609141 ], [ -95.304689095207735, 29.848417138488315 ], [ -95.304666210967454, 29.84706748274256 ], [ -95.30475256726271, 29.847063436230137 ], [ -95.305274354628338, 29.847054357117731 ], [ -95.305247810035056, 29.84560450349807 ], [ -95.305241817092053, 29.845249335173524 ], [ -95.305276577714309, 29.844988818659584 ], [ -95.305858705134099, 29.844990515935514 ], [ -95.305917136383158, 29.848412283768809 ], [ -95.306765968604395, 29.848404651550521 ], [ -95.307276742393086, 29.848389415552482 ], [ -95.308751573093645, 29.848363502920467 ], [ -95.309964546911388, 29.848359855543201 ], [ -95.31094107923515, 29.848350299114436 ], [ -95.311872030506422, 29.848342505071045 ], [ -95.312854768273866, 29.848310631938382 ], [ -95.313850933079763, 29.848287746464184 ], [ -95.31383999969735, 29.847860612276115 ], [ -95.313922896251512, 29.847863475689525 ], [ -95.314347188977763, 29.847855431094288 ], [ -95.31434944914821, 29.847824285674989 ], [ -95.314738857476172, 29.847817233577114 ], [ -95.314924755642465, 29.847819676308909 ], [ -95.315334488561618, 29.847815036826013 ], [ -95.315340824964693, 29.848128287211576 ], [ -95.315337989113331, 29.848234476268519 ], [ -95.316236036216267, 29.848212930224499 ], [ -95.31915296224652, 29.848173658875581 ], [ -95.319158273862456, 29.848796742139253 ], [ -95.319272238989356, 29.848799986458104 ], [ -95.323540075294275, 29.848780842621952 ], [ -95.320738995150521, 29.855704039872926 ], [ -95.320134582471667, 29.857177333567634 ], [ -95.319440282609492, 29.858831120784028 ], [ -95.318976918936002, 29.859963121570591 ], [ -95.316228172407591, 29.866584947399886 ], [ -95.316391533735498, 29.866591634384065 ], [ -95.316413773099598, 29.866591465228804 ], [ -95.316435045925417, 29.866591303827796 ], [ -95.316492401298163, 29.866590866880067 ], [ -95.316727509948151, 29.866589078232789 ] ] ] } },
{ "type": "Feature", "properties": { "OBJECTID": 38, "TRACT": "Homestead", "SERVICE_CO": "HS", "AREA_AC": 4088, "SHAPE_LENG": 67009.490833400007, "INSIDE_X": -95.28216361, "INSIDE_Y": 29.81810574, "SHAPE_LE_1": 67009.492004, "LAT": 29.81810053, "LONG_": -95.28215663, "GLOBALID": "{9C3A631A-11E6-4A3F-A05E-7B43CABBB9B3}", "SHAPESTLen": 67009.492003768202, "nmonths": 39, "mean_Janua": 0.00036653684077100001, "mean_Febru": 0.0042409723666939998, "mean_March": 0.0016944917344559999, "mean_April": 0.0, "mean_May": 0.010124604157087999, "mean_June": 0, "mean_July": 3.0240087062e-05, "mean_Augus": 0.0, "mean_Septe": 0.00070259489175700002, "mean_Octob": 0.0031166559393080002, "mean_Novem": 0.00018626089370399999, "mean_Decem": 0.00065797471616799998 }, "geometry": { "type": "Polygon", "coordinates": [ [ [ -95.240617830574578, 29.820084483690319 ], [ -95.245992500816413, 29.817775035701743 ], [ -95.253503726844613, 29.814561485198144 ], [ -95.261966169623037, 29.810899805836804 ], [ -95.266443031562474, 29.808970737859216 ], [ -95.267650551670712, 29.80845015551111 ], [ -95.269079250602971, 29.807860062331514 ], [ -95.269263802248361, 29.807962999265229 ], [ -95.270520474836886, 29.807428382466195 ], [ -95.27052139639747, 29.807403189083658 ], [ -95.280456242020719, 29.803283537160244 ], [ -95.280223303740428, 29.803110799402457 ], [ -95.279569802851668, 29.802649576102535 ], [ -95.296070380290388, 29.796426978375553 ], [ -95.296872800517505, 29.797827552176681 ], [ -95.300781435281337, 29.796186213717764 ], [ -95.300415648793432, 29.800600136018296 ], [ -95.300295412256233, 29.804953064426801 ], [ -95.299370363204901, 29.806150302635931 ], [ -95.31047883510486, 29.812412359688 ], [ -95.310467783991115, 29.814987039964823 ], [ -95.310454264283223, 29.81705186185496 ], [ -95.310442285099285, 29.817051532184507 ], [ -95.310468075639719, 29.819000496174557 ], [ -95.310457874015711, 29.825246903893415 ], [ -95.310454474741846, 29.827327869495598 ], [ -95.309123169307313, 29.827605522665689 ], [ -95.309128079997762, 29.828073729244252 ], [ -95.308636043428891, 29.82808355398641 ], [ -95.308447583292391, 29.827599836574489 ], [ -95.306761179885157, 29.827618349372806 ], [ -95.303739032962767, 29.827619383251282 ], [ -95.303739012297214, 29.827619953165485 ], [ -95.303734783371866, 29.827619836585065 ], [ -95.301835091603294, 29.827637574357851 ], [ -95.301322183371454, 29.827640959925304 ], [ -95.301183791294022, 29.827638827528791 ], [ -95.301184174651596, 29.827792455444381 ], [ -95.301185240271849, 29.828219604231691 ], [ -95.301183844832082, 29.828865787983972 ], [ -95.301089542892925, 29.828859496436021 ], [ -95.301125645221461, 29.831133865365786 ], [ -95.30123837039379, 29.831261121941012 ], [ -95.301165071842775, 29.83361749226091 ], [ -95.301877791878638, 29.833611936568669 ], [ -95.301884515759639, 29.833990392049319 ], [ -95.301515614317964, 29.834341623940471 ], [ -95.301402972492738, 29.834448869375297 ], [ -95.301222464158556, 29.83444971520105 ], [ -95.292346608553856, 29.834448190626595 ], [ -95.292159623834294, 29.834450058365846 ], [ -95.292162164472927, 29.834015289378296 ], [ -95.292159511376866, 29.83398718644424 ], [ -95.291928651546868, 29.834003028848823 ], [ -95.291646435315513, 29.834050720114028 ], [ -95.291561951247644, 29.834049743930734 ], [ -95.291556313882566, 29.832719039570083 ], [ -95.288805073176789, 29.832755986896672 ], [ -95.288171457469346, 29.832764222432278 ], [ -95.28776324643438, 29.832769525331805 ], [ -95.287764175142087, 29.831931543795932 ], [ -95.287031882603401, 29.831931474215885 ], [ -95.286847539218783, 29.831930694147228 ], [ -95.286861494065676, 29.832769039298714 ], [ -95.285310880842033, 29.832764209696549 ], [ -95.284519993145324, 29.832761822659268 ], [ -95.28445531685901, 29.832763111311689 ], [ -95.28420262178777, 29.832742021000037 ], [ -95.283823755484548, 29.832746659170901 ], [ -95.283619000421183, 29.832748688593362 ], [ -95.283409074668043, 29.832749108451363 ], [ -95.282998995497678, 29.832749264860563 ], [ -95.281970606349873, 29.832749646762391 ], [ -95.280903534724715, 29.832750051839387 ], [ -95.280745307500354, 29.832750092498447 ], [ -95.280373879009787, 29.832864450751458 ], [ -95.27706420266577, 29.832870657384728 ], [ -95.274893117723224, 29.8328676160816 ], [ -95.27011434945976, 29.832887306298922 ], [ -95.270020033024849, 29.832881028669611 ], [ -95.264699852019049, 29.832916359942285 ], [ -95.26471159686163, 29.83300735427213 ], [ -95.262285115240402, 29.833020950160321 ], [ -95.261780596308867, 29.833045258289264 ], [ -95.261767685307476, 29.832330694954425 ], [ -95.261756000113706, 29.83216748894743 ], [ -95.261761557742901, 29.831507646776494 ], [ -95.261766769772066, 29.830842349008261 ], [ -95.261762303844094, 29.830701558099893 ], [ -95.261747166666723, 29.8300182360184 ], [ -95.260541591345415, 29.830033296688043 ], [ -95.258974984108605, 29.830052852155372 ], [ -95.258962937515193, 29.828502140832381 ], [ -95.258836654410288, 29.82850237244141 ], [ -95.25882483803386, 29.827225692018182 ], [ -95.25696002297363, 29.82721380936265 ], [ -95.256941856617885, 29.825898802323323 ], [ -95.25693821841584, 29.825814175024782 ], [ -95.257329380534088, 29.825809137075826 ], [ -95.257283709547096, 29.823064456618731 ], [ -95.248830151498836, 29.823154112029886 ], [ -95.247346072646963, 29.823152539146847 ], [ -95.247346161181184, 29.822868133419224 ], [ -95.240655453408507, 29.822856281674692 ], [ -95.240617830574578, 29.820084483690319 ] ] ] } },
{ "type": "Feature", "properties": { "OBJECTID": 39, "TRACT": "Northeast", "SERVICE_CO": "NE", "AREA_AC": 9837, "SHAPE_LENG": 139175.33502900001, "INSIDE_X": -95.22808557, "INSIDE_Y": 29.7920123, "SHAPE_LE_1": 143309.52596500001, "LAT": 29.79200709, "LONG_": -95.22807861, "GLOBALID": "{E0F3851D-3C2D-4874-B9EA-08892C424F14}", "SHAPESTLen": 143309.52596492803, "nmonths": 0, "mean_Janua": -9999.0, "mean_Febru": -9999.0, "mean_March": -9999.0, "mean_April": -9999.0, "mean_May": -9999.0, "mean_June": -9999, "mean_July": -9999.0, "mean_Augus": -9999.0, "mean_Septe": -9999.0, "mean_Octob": -9999.0, "mean_Novem": -9999.0, "mean_Decem": -9999.0 }, "geometry": { "type": "Polygon", "coordinates": [ [ [ -95.256986436803473, 29.774501270040634 ], [ -95.255270352979679, 29.776457287931439 ], [ -95.254491517467713, 29.7773449824038 ], [ -95.254107419398323, 29.777782759872991 ], [ -95.253287600922732, 29.77880615976219 ], [ -95.251921537534699, 29.780345019736654 ], [ -95.251417100872189, 29.780945054183245 ], [ -95.251271002541287, 29.781086169735065 ], [ -95.250949342968326, 29.781396856719688 ], [ -95.251467498101718, 29.781726974529249 ], [ -95.251512115903296, 29.783638889152229 ], [ -95.251554585480349, 29.78671773913738 ], [ -95.251648686552926, 29.786807161744164 ], [ -95.252378271318221, 29.78680158166873 ], [ -95.257248128178205, 29.786736796258346 ], [ -95.25921882126012, 29.787443896083644 ], [ -95.259353965185767, 29.787527327377806 ], [ -95.259531494996381, 29.787586865753294 ], [ -95.261343731035836, 29.787564337524742 ], [ -95.263186050910818, 29.787541410399164 ], [ -95.265529081197968, 29.787514995203146 ], [ -95.265650505447184, 29.787512726801832 ], [ -95.265929176218791, 29.787507520460135 ], [ -95.266066286138383, 29.787504959331059 ], [ -95.266107966957719, 29.786415682956722 ], [ -95.268531501855279, 29.785651766894489 ], [ -95.268696876345189, 29.785599637454194 ], [ -95.268689260107223, 29.786996332726506 ], [ -95.268687938750503, 29.787238539294748 ], [ -95.269091711263016, 29.787234310608458 ], [ -95.272925074362561, 29.787194099360246 ], [ -95.2733041316217, 29.787471858423519 ], [ -95.273305032523254, 29.787507267732146 ], [ -95.275806930684695, 29.787488597312631 ], [ -95.277745227159613, 29.787474101167806 ], [ -95.277949691979316, 29.794629410591494 ], [ -95.277959288300721, 29.79496520759481 ], [ -95.277982994687889, 29.795794750391938 ], [ -95.277996535742886, 29.79628784034465 ], [ -95.278007892806784, 29.796617399809005 ], [ -95.278019153489424, 29.797110818075758 ], [ -95.27801975206917, 29.797138593880916 ], [ -95.278026264858312, 29.797439142946867 ], [ -95.278040795520297, 29.797776607613411 ], [ -95.278046975938778, 29.798105091615277 ], [ -95.278056693866105, 29.798433548339101 ], [ -95.278066139807919, 29.798823556541226 ], [ -95.2780771034396, 29.799427795266698 ], [ -95.278089932193851, 29.799709199470616 ], [ -95.278098391272025, 29.800158403025055 ], [ -95.278157939389914, 29.801916070993101 ], [ -95.279312595346184, 29.802657374603772 ], [ -95.279397629770514, 29.802711966465449 ], [ -95.279569802851668, 29.802649576102535 ], [ -95.279998915811277, 29.80295243351318 ], [ -95.280168562822553, 29.803075257546382 ], [ -95.280456242020719, 29.803283537160244 ], [ -95.280250712742614, 29.803368774138956 ], [ -95.27052139639747, 29.807403189083658 ], [ -95.270520474836886, 29.807428382466195 ], [ -95.269263802248361, 29.807962999265229 ], [ -95.269079250602971, 29.807860062331514 ], [ -95.268342536278709, 29.808164349067397 ], [ -95.267650551670712, 29.80845015551111 ], [ -95.266443031562474, 29.808970737859216 ], [ -95.263557678800751, 29.810214054569805 ], [ -95.261966169623037, 29.810899805836804 ], [ -95.253503726844613, 29.814561485198144 ], [ -95.245992500816413, 29.817775035701743 ], [ -95.240617830574578, 29.820084483690319 ], [ -95.2354403759376, 29.822273901017486 ], [ -95.229873858890684, 29.824613817132722 ], [ -95.229825727435369, 29.82453031675367 ], [ -95.229740934473497, 29.824383125613203 ], [ -95.229703611018238, 29.824279168284352 ], [ -95.22964182157186, 29.824107063548571 ], [ -95.229641812264163, 29.824107035303662 ], [ -95.22964187011037, 29.824107010752542 ], [ -95.22965292951298, 29.824102254094107 ], [ -95.229652993664217, 29.824102227012265 ], [ -95.229652978051533, 29.824102201298071 ], [ -95.229417347234133, 29.823692994876023 ], [ -95.229389573154876, 29.823644765988508 ], [ -95.229206707125044, 29.823327211238031 ], [ -95.228961497754639, 29.822901439161299 ], [ -95.228449434609303, 29.822015561047586 ], [ -95.227496915068187, 29.822298081579362 ], [ -95.227488552367021, 29.82186570210326 ], [ -95.227488608678158, 29.821865663066969 ], [ -95.227807857913831, 29.821667714354728 ], [ -95.227807910455255, 29.821667665282707 ], [ -95.228421396712889, 29.82110522344685 ], [ -95.228421448252888, 29.821105173443726 ], [ -95.228757685516626, 29.821452486104704 ], [ -95.228963724833662, 29.821360726690259 ], [ -95.228963759960848, 29.821360672614549 ], [ -95.229121270523237, 29.821093242240533 ], [ -95.229121307751853, 29.821093187321196 ], [ -95.229753662587797, 29.820805623280634 ], [ -95.229753708089021, 29.820805568593745 ], [ -95.229886378116021, 29.820642152029805 ], [ -95.229886421582179, 29.820642096382979 ], [ -95.229886465014985, 29.820642041637878 ], [ -95.229896980454797, 29.820628666180511 ], [ -95.229897022820083, 29.820628612308095 ], [ -95.229968703403429, 29.820537443859301 ], [ -95.229968748904369, 29.82053738917233 ], [ -95.230022054549735, 29.820328484954015 ], [ -95.23003971994379, 29.82028720454845 ], [ -95.230037255226037, 29.819983429640139 ], [ -95.230037049700115, 29.819958111674339 ], [ -95.230042060121235, 29.81992790610683 ], [ -95.230078006618939, 29.819711290417072 ], [ -95.230106663009906, 29.819557969990651 ], [ -95.230143046956073, 29.819363305424364 ], [ -95.230147291055033, 29.819191236693698 ], [ -95.230298032899668, 29.818915977898222 ], [ -95.230401509205819, 29.818718385729984 ], [ -95.230401529253626, 29.818718347478224 ], [ -95.230401555639844, 29.81871833377717 ], [ -95.230419005885565, 29.818709651348307 ], [ -95.230704068643078, 29.818567817849608 ], [ -95.230886490543014, 29.818436897499868 ], [ -95.230903603779765, 29.818424896291578 ], [ -95.230941685217772, 29.818397618982079 ], [ -95.230941713938776, 29.818397598125106 ], [ -95.230941732685451, 29.818397567058142 ], [ -95.231024996548967, 29.818257565278522 ], [ -95.231104159281259, 29.818017057835185 ], [ -95.231145239302165, 29.817751415067693 ], [ -95.231023438492244, 29.81736043201813 ], [ -95.230973715390149, 29.817124418979109 ], [ -95.230825744512188, 29.816880942520537 ], [ -95.230528678850803, 29.816614199164952 ], [ -95.230145203881321, 29.816537803751803 ], [ -95.230074617978218, 29.816530112973993 ], [ -95.229825325932921, 29.816556848501353 ], [ -95.229385241796464, 29.816604044280435 ], [ -95.229013374251167, 29.816567879822877 ], [ -95.228792483179959, 29.816550747407284 ], [ -95.228709163998332, 29.816508772967978 ], [ -95.228529111143772, 29.816238778434919 ], [ -95.228816603720063, 29.815749692532737 ], [ -95.228816551148839, 29.815749742507009 ], [ -95.226277278281174, 29.817945164453437 ], [ -95.226277222705448, 29.817945211634097 ], [ -95.226277168130437, 29.817945259745635 ], [ -95.225214928248917, 29.818900830485781 ], [ -95.225214875707692, 29.818900879556857 ], [ -95.223183337915472, 29.818890577250023 ], [ -95.223183288244812, 29.818890576753404 ], [ -95.223183289376053, 29.818890630043807 ], [ -95.223275686656052, 29.822615449293526 ], [ -95.223293898349453, 29.822939831529769 ], [ -95.224263636428972, 29.824446509866178 ], [ -95.22426365897897, 29.824446543900574 ], [ -95.224263587854082, 29.824446563562013 ], [ -95.224217869810914, 29.824459213512799 ], [ -95.224217800787827, 29.824459232330721 ], [ -95.224217821269448, 29.824459266306885 ], [ -95.224774040694939, 29.825372573696853 ], [ -95.225046876214904, 29.825779722650086 ], [ -95.225050667944345, 29.82578538091806 ], [ -95.22505070327135, 29.825785433365709 ], [ -95.22505061936927, 29.82578543461414 ], [ -95.224812142882001, 29.825788670273873 ], [ -95.224801171019763, 29.82578892731911 ], [ -95.223087025089228, 29.825829055008473 ], [ -95.223078119183413, 29.825829211238648 ], [ -95.222134904520658, 29.825845576311341 ], [ -95.221792206099337, 29.8258515188875 ], [ -95.221778467485592, 29.825851817776531 ], [ -95.221328802616043, 29.825858214747832 ], [ -95.22113536359079, 29.82586276101468 ], [ -95.220552436894835, 29.825870356926693 ], [ -95.219952838838793, 29.825859593565728 ], [ -95.219745858327698, 29.825856885705758 ], [ -95.219390849531734, 29.825856762862507 ], [ -95.219390799857763, 29.825856762364502 ], [ -95.219390801020538, 29.825856814753095 ], [ -95.219401004421726, 29.826237921267595 ], [ -95.219401005584487, 29.826237973656127 ], [ -95.21940095587685, 29.826237974059886 ], [ -95.219159766028838, 29.826237926783509 ], [ -95.218968512287375, 29.826242117238543 ], [ -95.218655145378108, 29.826248976499006 ], [ -95.218590466448717, 29.82624832853822 ], [ -95.217615837417881, 29.826272274750192 ], [ -95.21708208029942, 29.826279793946647 ], [ -95.216534207005324, 29.826291195023984 ], [ -95.216520055477588, 29.826291487140573 ], [ -95.215986370038891, 29.826304289234972 ], [ -95.215958045545932, 29.826304976555274 ], [ -95.215902958627893, 29.826306494560637 ], [ -95.21480592244896, 29.826336729022902 ], [ -95.214642661146158, 29.826339763719055 ], [ -95.212769035805792, 29.826373654965295 ], [ -95.212772082894304, 29.825982203938608 ], [ -95.212752288230107, 29.822724348362584 ], [ -95.212594636486784, 29.822727070371098 ], [ -95.209920286729471, 29.822773090022974 ], [ -95.208355329895539, 29.822799990677225 ], [ -95.207879245617505, 29.822797172040463 ], [ -95.207642563157748, 29.822802610439549 ], [ -95.207335530404876, 29.822808243744223 ], [ -95.207148941149597, 29.822811666301842 ], [ -95.206959157112934, 29.822815145353964 ], [ -95.206769698187159, 29.822818622503945 ], [ -95.206580056870052, 29.822822104155684 ], [ -95.206391310818788, 29.822825563029102 ], [ -95.206201838410465, 29.822829038996506 ], [ -95.206012198055163, 29.822832520776291 ], [ -95.20582272582233, 29.822835990797714 ], [ -95.205636005962006, 29.822839412973462 ], [ -95.20544722141554, 29.822842873944055 ], [ -95.205257743570726, 29.822846353841875 ], [ -95.205068108523136, 29.822849829022687 ], [ -95.204878631055308, 29.822853297564023 ], [ -95.204689033211054, 29.8228567732627 ], [ -95.204499185565965, 29.822858949871865 ], [ -95.204313806091307, 29.822861067659755 ], [ -95.204124601842153, 29.822863229457536 ], [ -95.203933058828753, 29.822865423162295 ], [ -95.203712201191834, 29.822868753499467 ], [ -95.203517974975654, 29.822873889233321 ], [ -95.20318587997528, 29.822882676806774 ], [ -95.202654849144821, 29.822892879171814 ], [ -95.202627879257378, 29.821158096068419 ], [ -95.202632782598144, 29.820504535549645 ], [ -95.202637773028371, 29.819839464440633 ], [ -95.202560909390527, 29.817794793030338 ], [ -95.202562889974629, 29.817692491039672 ], [ -95.202565787523028, 29.817542923867148 ], [ -95.202565948187512, 29.81753458122132 ], [ -95.202564623673069, 29.817074311360638 ], [ -95.202556540180922, 29.816732296797664 ], [ -95.202554765492536, 29.816561539222466 ], [ -95.202547682995515, 29.816398770869121 ], [ -95.202543480300477, 29.816229306663455 ], [ -95.202540486506507, 29.816072352809751 ], [ -95.202533459343826, 29.815741695954028 ], [ -95.20253204112035, 29.815579016693594 ], [ -95.202527100654208, 29.815251562073371 ], [ -95.202521344786277, 29.815091588054944 ], [ -95.202520234622924, 29.815021098703806 ], [ -95.20251859843269, 29.8149175721306 ], [ -95.202515324893056, 29.814749844769825 ], [ -95.202497677375646, 29.814127896525516 ], [ -95.202000159801827, 29.814113799636001 ], [ -95.201993546606957, 29.813587861891467 ], [ -95.202493613334937, 29.813533455271834 ], [ -95.202479800487779, 29.813161299576542 ], [ -95.202456492455056, 29.811997737744356 ], [ -95.202455345819075, 29.811940512379977 ], [ -95.20245534466514, 29.811940459991042 ], [ -95.202455394365899, 29.81194045959359 ], [ -95.202531663219645, 29.811940044737597 ], [ -95.204914262914045, 29.811893466802005 ], [ -95.204927141933553, 29.811893215766432 ], [ -95.207734062828223, 29.811838292535587 ], [ -95.208108597799935, 29.811833191109784 ], [ -95.209147542088004, 29.811819216465711 ], [ -95.210570713604568, 29.81180007181257 ], [ -95.210616595042183, 29.811803336629389 ], [ -95.210616645585731, 29.811803285702002 ], [ -95.211176429551159, 29.811244620523233 ], [ -95.211176480094139, 29.811244569595619 ], [ -95.211176531671157, 29.811244518697205 ], [ -95.211762755496309, 29.810658828916889 ], [ -95.211762803003708, 29.810658776097881 ], [ -95.211762846509018, 29.810658719555029 ], [ -95.211762863890996, 29.810658697478903 ], [ -95.211762909598377, 29.810658637387494 ], [ -95.211762958508302, 29.810658574678495 ], [ -95.21176300304765, 29.810658518164846 ], [ -95.212106354534541, 29.810217995674559 ], [ -95.212106401040998, 29.810217941924471 ], [ -95.212106449548472, 29.810217890036306 ], [ -95.212563428663017, 29.809749766410256 ], [ -95.212563476203016, 29.809749712689204 ], [ -95.212563519673992, 29.809749657047806 ], [ -95.212689062648366, 29.80958414241903 ], [ -95.212689107119701, 29.80958408770854 ], [ -95.212755682731967, 29.809291835443084 ], [ -95.212844637707434, 29.809125895395884 ], [ -95.21288843003866, 29.809044202259578 ], [ -95.213068967551635, 29.808618337441764 ], [ -95.213076969123307, 29.808403082734717 ], [ -95.213262838387195, 29.807833725533101 ], [ -95.213262879822437, 29.807833668931288 ], [ -95.213436673672447, 29.80758730030621 ], [ -95.213436715107548, 29.807587243704326 ], [ -95.213436759611085, 29.807587188091812 ], [ -95.213609218324095, 29.80737669153968 ], [ -95.213609262727019, 29.807376638632324 ], [ -95.213820283140322, 29.807238950842017 ], [ -95.21382033367999, 29.807238899913301 ], [ -95.214033908861254, 29.807029554217618 ], [ -95.214033957399749, 29.807029501426964 ], [ -95.214033999868263, 29.807029444854088 ], [ -95.214163982964962, 29.806853664288031 ], [ -95.214164027434336, 29.806853609577033 ], [ -95.214252966203489, 29.806676556903231 ], [ -95.214181354424795, 29.80638723092363 ], [ -95.214067268313542, 29.806132608061734 ], [ -95.213949195070001, 29.805985622363902 ], [ -95.213711701922847, 29.805727522592001 ], [ -95.213391951607093, 29.805467095133913 ], [ -95.213136566360077, 29.805346568342937 ], [ -95.212987245278072, 29.805276097646153 ], [ -95.21245914109862, 29.805081604161661 ], [ -95.211887244959655, 29.804957701916127 ], [ -95.211599294218558, 29.804949564206648 ], [ -95.21139228085282, 29.804979627129942 ], [ -95.211106990443966, 29.804899732610668 ], [ -95.211067514086153, 29.804867579468393 ], [ -95.211058902252319, 29.804860566747621 ], [ -95.21105871939929, 29.804860418050801 ], [ -95.210787249374064, 29.804639298877436 ], [ -95.21062803928389, 29.804491147143256 ], [ -95.21047949515318, 29.80405598277564 ], [ -95.210324303216908, 29.803800207668971 ], [ -95.210086755457084, 29.803579150448439 ], [ -95.210086539364028, 29.803578949356741 ], [ -95.210080737799444, 29.803573552407322 ], [ -95.209966086567576, 29.803466860185988 ], [ -95.209797873040955, 29.803412611006763 ], [ -95.209789363582772, 29.803409866321154 ], [ -95.20978904754557, 29.803409764407412 ], [ -95.209721946454636, 29.803388125127203 ], [ -95.209234987397195, 29.80319478722777 ], [ -95.208994854428056, 29.803008423005021 ], [ -95.208716250512722, 29.802749152715169 ], [ -95.208428697872733, 29.802343654759369 ], [ -95.208214857453427, 29.801837130004863 ], [ -95.208103468811814, 29.801510757225206 ], [ -95.208096328985974, 29.801479121591104 ], [ -95.208096246345619, 29.801478755467137 ], [ -95.208091527783424, 29.801457852769921 ], [ -95.207997412738962, 29.801040880208305 ], [ -95.207924485249805, 29.800787427215731 ], [ -95.207770626916172, 29.800495764443074 ], [ -95.207612762156657, 29.800311730244641 ], [ -95.207539002585435, 29.800260140416555 ], [ -95.207532110737105, 29.800255320008731 ], [ -95.207531969510711, 29.80025522122985 ], [ -95.207291696359576, 29.800087166147474 ], [ -95.206856584369078, 29.799607978472636 ], [ -95.20442358002316, 29.7974920339975 ], [ -95.204065405147134, 29.797158661114302 ], [ -95.203794848247796, 29.796684116164865 ], [ -95.20368347313908, 29.796357739945883 ], [ -95.203821567406536, 29.79596660625047 ], [ -95.203948901060755, 29.795786118205552 ], [ -95.203948941395339, 29.795786063380607 ], [ -95.20395521642395, 29.795777165375032 ], [ -95.203955255758189, 29.795777109619067 ], [ -95.203995411512793, 29.795720191678992 ], [ -95.203995452847593, 29.795720137785086 ], [ -95.204083644637024, 29.795662592511341 ], [ -95.204083726326147, 29.795662538857528 ], [ -95.20408395331421, 29.795662390924647 ], [ -95.204084031834583, 29.795662338986528 ], [ -95.204206454986547, 29.795582461743841 ], [ -95.204539526502046, 29.79548415503773 ], [ -95.204864547148432, 29.795493358338192 ], [ -95.204864913069969, 29.79549337050463 ], [ -95.204868576058175, 29.79549347422148 ], [ -95.205554932262956, 29.795633550218632 ], [ -95.205555174712188, 29.795633598606383 ], [ -95.206094512482679, 29.795743667250644 ], [ -95.206383780887833, 29.795715940134897 ], [ -95.206633245228986, 29.795651169371066 ], [ -95.206698909210161, 29.795611049621638 ], [ -95.206698996067217, 29.795610996112607 ], [ -95.206699238592932, 29.795610847712393 ], [ -95.206699323315163, 29.795610795948299 ], [ -95.206801775628492, 29.795548201130572 ], [ -95.206850916256826, 29.795334117993907 ], [ -95.206816465008401, 29.795153578475524 ], [ -95.206810682990195, 29.795115790418574 ], [ -95.206810628938769, 29.795115435031544 ], [ -95.206807314457819, 29.795093777596929 ], [ -95.20678334758442, 29.794937159258282 ], [ -95.206716798452931, 29.794823006479085 ], [ -95.206707599028732, 29.794807226047368 ], [ -95.206707448273988, 29.794806966317477 ], [ -95.206357586523538, 29.794206839122307 ], [ -95.206247581564966, 29.793843768448578 ], [ -95.206392563408841, 29.793826677638002 ], [ -95.206392610200496, 29.79382667174082 ], [ -95.206396607092387, 29.793826199920222 ], [ -95.20639665281665, 29.793826194895523 ], [ -95.206518406067744, 29.793811840632404 ], [ -95.206518451825488, 29.793811834705881 ], [ -95.20651845356997, 29.793811787814995 ], [ -95.206562209258479, 29.792680470793169 ], [ -95.206556971276143, 29.79266729029138 ], [ -95.206520311561391, 29.792575084717789 ], [ -95.206515079189018, 29.792561920621022 ], [ -95.206478871997021, 29.792470822811811 ], [ -95.206397832046363, 29.792263109267939 ], [ -95.206325007989506, 29.792072104251716 ], [ -95.20626972236785, 29.791923981809006 ], [ -95.206254261323053, 29.791882878522156 ], [ -95.206196471352811, 29.791726356853303 ], [ -95.206161196940428, 29.791629341054094 ], [ -95.206156160547266, 29.791615473866191 ], [ -95.206151110682129, 29.791601607199375 ], [ -95.206146067457453, 29.791587728985146 ], [ -95.206141029833219, 29.791573867177753 ], [ -95.206140021561993, 29.791571092628629 ], [ -95.20605087263408, 29.79139808638319 ], [ -95.20555799416114, 29.790846119663602 ], [ -95.205242413665729, 29.790384746797542 ], [ -95.20511270760521, 29.790007145676135 ], [ -95.205112728675516, 29.790006885392664 ], [ -95.20517953522274, 29.789171756391635 ], [ -95.205180039418067, 29.789165438232132 ], [ -95.205189736703545, 29.789151802207694 ], [ -95.205189776034558, 29.78915174645126 ], [ -95.20532606298994, 29.78896016001697 ], [ -95.205326105422174, 29.788960104348313 ], [ -95.205550713111194, 29.788966126829393 ], [ -95.205554989534932, 29.788968622903329 ], [ -95.206345077045782, 29.789429752328637 ], [ -95.206872164274643, 29.789619933342923 ], [ -95.207690427265106, 29.789720667748046 ], [ -95.208712006236212, 29.789789539497299 ], [ -95.20953582651002, 29.789739173598093 ], [ -95.209542758497065, 29.789735686637687 ], [ -95.210286053184248, 29.78936155732341 ], [ -95.210308993277422, 29.789350010528995 ], [ -95.210352282852796, 29.789326729034943 ], [ -95.21035233835326, 29.789326683663969 ], [ -95.210477819946888, 29.78922896612114 ], [ -95.210477876447584, 29.789228921681101 ], [ -95.210477932981789, 29.789228876339273 ], [ -95.210512444575983, 29.789201221270439 ], [ -95.210512501076636, 29.789201176830328 ], [ -95.210512556576958, 29.789201131459304 ], [ -95.211211545296266, 29.788640996475703 ], [ -95.211211601796307, 29.788640952035301 ], [ -95.211211657296076, 29.788640906663982 ], [ -95.211892683580842, 29.788095160396164 ], [ -95.21189273711289, 29.788095112260848 ], [ -95.212284931039889, 29.787898473443185 ], [ -95.212850415333875, 29.787782390877176 ], [ -95.213145407281573, 29.787741042688054 ], [ -95.213146405982087, 29.787740902102104 ], [ -95.213616432365072, 29.78767502172148 ], [ -95.214113981518778, 29.787518437816253 ], [ -95.214114036049779, 29.787518390611019 ], [ -95.214476549446331, 29.787211298880585 ], [ -95.214476603943538, 29.787211252576906 ], [ -95.214476659508009, 29.787211205400698 ], [ -95.214488654157122, 29.787201044017579 ], [ -95.214488708654358, 29.787200997713914 ], [ -95.214488764218771, 29.787200950537681 ], [ -95.214520318140529, 29.787174222854521 ], [ -95.214520366602329, 29.787174171866909 ], [ -95.214520406994723, 29.787174115235118 ], [ -95.214818622499592, 29.786718122774168 ], [ -95.214818664959225, 29.786718066200724 ], [ -95.215054134135229, 29.786045630549783 ], [ -95.214968033316978, 29.785595619728106 ], [ -95.214701522355156, 29.78520489825431 ], [ -95.214547503915995, 29.784913930570568 ], [ -95.214394326479365, 29.784624556208325 ], [ -95.214384210096739, 29.784588337649833 ], [ -95.214018839476793, 29.783280475149283 ], [ -95.213838081678787, 29.783284238538833 ], [ -95.213828598145696, 29.783265963583588 ], [ -95.213818753148956, 29.783247836387794 ], [ -95.213808540251875, 29.783229863088511 ], [ -95.213797958286932, 29.783212047263465 ], [ -95.213787021693221, 29.783194390223112 ], [ -95.213775722598498, 29.783176908896341 ], [ -95.213764073441382, 29.783159602731647 ], [ -95.213752617591666, 29.783143249860721 ], [ -95.213752067119685, 29.783142467917568 ], [ -95.213743798079491, 29.783131116663128 ], [ -95.213743645482637, 29.783130906536666 ], [ -95.213739723605229, 29.783125523974967 ], [ -95.213727035662032, 29.783108770699243 ], [ -95.213714009425615, 29.78309221006905 ], [ -95.213700638291911, 29.783075852730125 ], [ -95.213686940935261, 29.783059697404546 ], [ -95.213672464249981, 29.783043684350456 ], [ -95.213656978749768, 29.783027779100312 ], [ -95.213641165558244, 29.783012087556529 ], [ -95.21362627168233, 29.782996552875414 ], [ -95.213611212378879, 29.782981237387897 ], [ -95.213595858894635, 29.78296615280215 ], [ -95.213580214297465, 29.782951300107381 ], [ -95.213564286489003, 29.782936689456488 ], [ -95.213536671956476, 29.782912503169712 ], [ -95.213512201397037, 29.782893162026312 ], [ -95.213488797177618, 29.782874003562597 ], [ -95.213465768336604, 29.782854490107503 ], [ -95.213443115840747, 29.782834623493805 ], [ -95.213420861494768, 29.782814429613449 ], [ -95.213398995363136, 29.782793897353439 ], [ -95.213377540953942, 29.782773034599781 ], [ -95.21335648656121, 29.78275185004896 ], [ -95.213335848490317, 29.782730350480726 ], [ -95.213315641012599, 29.782708541714669 ], [ -95.213295851522233, 29.782686428811061 ], [ -95.213276502359534, 29.782664023233657 ], [ -95.213257590222312, 29.782641330305538 ], [ -95.213239124414059, 29.782618350289844 ], [ -95.213221107433085, 29.782595099505794 ], [ -95.213203554785352, 29.782571578391831 ], [ -95.213186462934146, 29.782547798583231 ], [ -95.213169771784237, 29.782523789976572 ], [ -95.213153515448795, 29.782499553535867 ], [ -95.213137741416915, 29.782475064424986 ], [ -95.213122489434724, 29.782450339113073 ], [ -95.213104270673881, 29.782422909431276 ], [ -95.213089566852702, 29.782399725165575 ], [ -95.213075340227604, 29.782376314264233 ], [ -95.213061602567009, 29.782352694211248 ], [ -95.21304834723729, 29.782328848570742 ], [ -95.213035605312811, 29.782304804399175 ], [ -95.213023345580325, 29.78228056623092 ], [ -95.213011592782252, 29.782256136570659 ], [ -95.213000339347303, 29.782231524231602 ], [ -95.212989605748945, 29.782206735208579 ], [ -95.212979351834292, 29.782181791837232 ], [ -95.212969457379884, 29.78215675481211 ], [ -95.212960049275523, 29.782131578973122 ], [ -95.212951146328919, 29.782106259435746 ], [ -95.212942734498512, 29.782080812051802 ], [ -95.21293483385584, 29.782055253637203 ], [ -95.212927430095732, 29.78202957927434 ], [ -95.212920529717252, 29.782003809006294 ], [ -95.212914139056338, 29.781977939401404 ], [ -95.212908263946701, 29.7819519805543 ], [ -95.212902897750212, 29.781925944012563 ], [ -95.212898046300552, 29.781899839870825 ], [ -95.212893703394911, 29.781873667953867 ], [ -95.212889892339902, 29.781847441558128 ], [ -95.212886577887915, 29.781821162395715 ], [ -95.212883794481996, 29.781794850396711 ], [ -95.212881525448225, 29.781768508700733 ], [ -95.212879774921106, 29.781742137424615 ], [ -95.212878550500378, 29.781715754837236 ], [ -95.212878541604482, 29.781715492803063 ], [ -95.212877837579356, 29.781689364136589 ], [ -95.212877834852421, 29.781689103179417 ], [ -95.212877661733103, 29.781662973266982 ], [ -95.21287766524199, 29.781662711583387 ], [ -95.212877998850431, 29.781636590574131 ], [ -95.212878008561674, 29.781636329065766 ], [ -95.212878852831565, 29.781610222487124 ], [ -95.212888360741005, 29.781535651980963 ], [ -95.212896395029077, 29.781460915257529 ], [ -95.21289641817873, 29.781460654128889 ], [ -95.212902941519374, 29.78138605975942 ], [ -95.212902957432902, 29.781385798426307 ], [ -95.21290801158618, 29.781311085808202 ], [ -95.212908021297324, 29.781310824299801 ], [ -95.212911599026043, 29.781236021212283 ], [ -95.212911608703692, 29.781235760605654 ], [ -95.212913708006198, 29.781160893170476 ], [ -95.212913711514972, 29.781160631486816 ], [ -95.212914325321563, 29.781085722974417 ], [ -95.212914322627995, 29.78108546111547 ], [ -95.212913457407851, 29.781010532470582 ], [ -95.212913448478446, 29.781010271338097 ], [ -95.212911109633453, 29.780935344378094 ], [ -95.212907273827994, 29.780860183741492 ], [ -95.212906985353953, 29.78085610892829 ], [ -95.212906965656487, 29.78085583124291 ], [ -95.212905727949078, 29.780838333544697 ], [ -95.21290195742732, 29.780785073338169 ], [ -95.212895162866261, 29.78071003129066 ], [ -95.212895058734347, 29.780709129259222 ], [ -95.212881359531664, 29.780591297307883 ], [ -95.212865715001001, 29.780554274206416 ], [ -95.212849349774288, 29.780517487102593 ], [ -95.212832263416786, 29.780480947718949 ], [ -95.212814460796352, 29.780444664317027 ], [ -95.21279594968108, 29.780408650656558 ], [ -95.212776734670712, 29.780372922213129 ], [ -95.2127568217674, 29.780337484572311 ], [ -95.212736222174982, 29.780302342563797 ], [ -95.212714938124464, 29.78026751972061 ], [ -95.212692972516564, 29.780233021540528 ], [ -95.212670332252898, 29.780198857245285 ], [ -95.212647030504257, 29.780165034428329 ], [ -95.212623071836845, 29.780131569466942 ], [ -95.21259846331958, 29.780098467074161 ], [ -95.212573215720923, 29.780065743802446 ], [ -95.212547322805321, 29.780033400377889 ], [ -95.212520809612229, 29.780001459172681 ], [ -95.212493675108178, 29.779969920157182 ], [ -95.212465932363301, 29.779938793630155 ], [ -95.212437587111197, 29.779908092391022 ], [ -95.212408650588827, 29.779877820367837 ], [ -95.212379116991613, 29.779847994547463 ], [ -95.212349017129981, 29.779818621216474 ], [ -95.212318344567237, 29.779789706511512 ], [ -95.212287117541919, 29.779761260877404 ], [ -95.212255348090096, 29.779733294583611 ], [ -95.212223034876672, 29.779705815716333 ], [ -95.212190192072015, 29.779678832800073 ], [ -95.212124858762877, 29.779627808868756 ], [ -95.212054105437787, 29.779575749764525 ], [ -95.21204546521605, 29.779569612716283 ], [ -95.212033499899633, 29.779561115903636 ], [ -95.212033198457874, 29.779560901567518 ], [ -95.211982349371937, 29.779524779819088 ], [ -95.211920012621164, 29.779482040609174 ], [ -95.211909622073463, 29.779474914364702 ], [ -95.211865907748845, 29.77944598565815 ], [ -95.211865570429552, 29.779445762183169 ], [ -95.211858028073891, 29.779440769184813 ], [ -95.211835943181811, 29.7794261539551 ], [ -95.21176133433211, 29.779378528989447 ], [ -95.211685814795075, 29.779332049940692 ], [ -95.211609415212067, 29.779286727603292 ], [ -95.211532148349889, 29.77924258039074 ], [ -95.211454043648303, 29.77919962357716 ], [ -95.211375126082004, 29.779157853353691 ], [ -95.211244564322541, 29.77909235339418 ], [ -95.211244537915277, 29.779092340009797 ], [ -95.211244514762186, 29.779092406155023 ], [ -95.211243449887547, 29.779095444327563 ], [ -95.211243427801648, 29.779095509600285 ], [ -95.211243401360903, 29.779095497117638 ], [ -95.211242555491722, 29.779095091361086 ], [ -95.211245519485715, 29.779089538697708 ], [ -95.211239127494167, 29.779089625183126 ], [ -95.211191287054206, 29.779066566298944 ], [ -95.211141187533826, 29.779043623164075 ], [ -95.211107226353732, 29.779032801886611 ], [ -95.211072193485634, 29.77902222201309 ], [ -95.211036102965878, 29.77901189567465 ], [ -95.210998960164076, 29.779001817606044 ], [ -95.210960783284733, 29.778991999153465 ], [ -95.210921578764712, 29.778982434179181 ], [ -95.210881352538138, 29.778973130071702 ], [ -95.210840130313457, 29.778964091167744 ], [ -95.210797917393094, 29.778955314005561 ], [ -95.210754726880097, 29.778946807981754 ], [ -95.210749136385573, 29.77894576526052 ], [ -95.210731090485311, 29.778942402466221 ], [ -95.210729575723562, 29.778942119516792 ], [ -95.210710569010871, 29.778938576092845 ], [ -95.210665471795679, 29.778930616421889 ], [ -95.210619426763728, 29.778922934144614 ], [ -95.210572460958645, 29.778915525511202 ], [ -95.210524590517267, 29.778908401809474 ], [ -95.210475822842938, 29.778901558734233 ], [ -95.210426176206795, 29.778895005828247 ], [ -95.210375664415452, 29.778888733551277 ], [ -95.210324303605603, 29.778882753191102 ], [ -95.210236543265424, 29.778873428931323 ], [ -95.210231946336478, 29.778872938754859 ], [ -95.210230829877048, 29.778873075986972 ], [ -95.210230585583773, 29.778873106089211 ], [ -95.209967688006515, 29.778905375599717 ], [ -95.209817203790692, 29.778924376780498 ], [ -95.2097008735538, 29.778939065699621 ], [ -95.209611015728441, 29.778958111365807 ], [ -95.209521469122691, 29.778978527048199 ], [ -95.209432234503922, 29.779000292007179 ], [ -95.2093433749246, 29.779023408026838 ], [ -95.209254877177941, 29.779047868415624 ], [ -95.209161428798055, 29.779075284067641 ], [ -95.209150848062535, 29.779079850322994 ], [ -95.209141023164733, 29.779083903559435 ], [ -95.209131128269661, 29.779087807674809 ], [ -95.209121164377436, 29.779091563600204 ], [ -95.209111142925963, 29.779095169853683 ], [ -95.209101058880734, 29.779098622682039 ], [ -95.209090918511151, 29.779101920457169 ], [ -95.209080721549029, 29.779105070393122 ], [ -95.209070479633297, 29.779108065597505 ], [ -95.209060181728461, 29.779110896731119 ], [ -95.209049844670076, 29.77911358412965 ], [ -95.209039471497661, 29.77911610170068 ], [ -95.209029052902537, 29.779118477164658 ], [ -95.209018602361795, 29.779120682016359 ], [ -95.209008115070233, 29.779122734173875 ], [ -95.20899760803654, 29.779124621480566 ], [ -95.208987070688934, 29.779126349956204 ], [ -95.208976513364647, 29.779127919893277 ], [ -95.20896594346712, 29.779129326987633 ], [ -95.208955347625349, 29.779130569055685 ], [ -95.208944733874404, 29.779131652643592 ], [ -95.208934119988342, 29.779132572837955 ], [ -95.208923504933466, 29.779133329609571 ], [ -95.208912878406437, 29.779133921764281 ], [ -95.208902250274974, 29.779134362218944 ], [ -95.208891636050083, 29.779134623428693 ], [ -95.20888102045555, 29.779134726626179 ], [ -95.208870423366335, 29.779134666054805 ], [ -95.208863558777438, 29.779134521506609 ], [ -95.208859833344789, 29.77913444319633 ], [ -95.208849261828675, 29.77913405656896 ], [ -95.208838707750829, 29.779133507045223 ], [ -95.208828179347393, 29.779132795760802 ], [ -95.208817675651787, 29.779131920882953 ], [ -95.208807477031229, 29.77913071702471 ], [ -95.208804912472488, 29.77913036463579 ], [ -95.208799942874833, 29.779129683327366 ], [ -95.208799745208651, 29.779129656070541 ], [ -95.208797347439173, 29.779129326453994 ], [ -95.208787243220058, 29.779127782238454 ], [ -95.208777176113415, 29.779126074780475 ], [ -95.208767153086981, 29.779124211498811 ], [ -95.208757153299175, 29.779122196317385 ], [ -95.208747210264278, 29.779120018449138 ], [ -95.208737297871636, 29.779117684377105 ], [ -95.208727440796054, 29.779115198410068 ], [ -95.208717633801925, 29.779112562205352 ], [ -95.208707881292369, 29.77910976866599 ], [ -95.208698185267735, 29.779106819653929 ], [ -95.208688551595031, 29.77910372436212 ], [ -95.208678984744424, 29.779100473890168 ], [ -95.20866948024576, 29.779097077138513 ], [ -95.208660044435504, 29.779093530675695 ], [ -95.208650681280844, 29.779089839127405 ], [ -95.208641393916395, 29.779086001679705 ], [ -95.208632179375201, 29.779082014637812 ], [ -95.208623045591722, 29.77907788725329 ], [ -95.208613998902194, 29.779073616094557 ], [ -95.208605038306516, 29.779069200230623 ], [ -95.208596169604633, 29.779064650658068 ], [ -95.208587388030352, 29.779059956409611 ], [ -95.208578698349868, 29.779055128452512 ], [ -95.208570108000345, 29.779050161581072 ], [ -95.208561616579416, 29.779045066616199 ], [ -95.208553222422069, 29.779039832678542 ], [ -95.20854494059796, 29.779034471929464 ], [ -95.208536762904515, 29.779028982331589 ], [ -95.208528690509652, 29.779023360307182 ], [ -95.208520734616386, 29.779017610686644 ], [ -95.208512889653946, 29.779011744144842 ], [ -95.208505168429085, 29.779005750211727 ], [ -95.208497557268942, 29.778999634819417 ], [ -95.208490075679791, 29.778993402130528 ], [ -95.208482711190172, 29.778987053597735 ], [ -95.20847547520431, 29.77898058864092 ], [ -95.208468368554747, 29.778974012699923 ], [ -95.208461391409131, 29.77896732126597 ], [ -95.208454542364933, 29.778960524229152 ], [ -95.208447835894034, 29.778953621998884 ], [ -95.208441263927867, 29.77894660893072 ], [ -95.208434826030654, 29.778939496747519 ], [ -95.208428530505572, 29.778932284781419 ], [ -95.20842237528511, 29.778924972974004 ], [ -95.208396992153837, 29.778901643948146 ], [ -95.208383993897428, 29.778889071665606 ], [ -95.208371253476784, 29.778876299958164 ], [ -95.208358757286234, 29.778863332954426 ], [ -95.208346524099909, 29.778850166672154 ], [ -95.20833454854818, 29.778836806375686 ], [ -95.208322835397155, 29.778823263032368 ], [ -95.208311391916141, 29.778809535945317 ], [ -95.208300216635664, 29.778795636808017 ], [ -95.208289317394957, 29.778781549593774 ], [ -95.208278698356693, 29.778767301501478 ], [ -95.20826835478816, 29.778752880662147 ], [ -95.208258298423132, 29.778738305461836 ], [ -95.208248528496028, 29.778723568657465 ], [ -95.208239051806785, 29.778708682176497 ], [ -95.208229861085925, 29.778693646716029 ], [ -95.208220969637296, 29.778678466263361 ], [ -95.208212377226189, 29.778663147130835 ], [ -95.208204088786189, 29.778647695776996 ], [ -95.208196099215868, 29.778632110252168 ], [ -95.20818842045, 29.778616403531924 ], [ -95.208181046118668, 29.778600579949575 ], [ -95.208173981591401, 29.778584634240897 ], [ -95.208167233500504, 29.778568582842198 ], [ -95.208160795643664, 29.778552425578098 ], [ -95.208154679156664, 29.778536169082575 ], [ -95.208148879938136, 29.778519812336967 ], [ -95.20814339511584, 29.778503376924878 ], [ -95.208138238898883, 29.778486842486217 ], [ -95.208133404313827, 29.778470229585896 ], [ -95.208128897327896, 29.778453544711695 ], [ -95.208124716940887, 29.778436786932641 ], [ -95.208120864784036, 29.778419968030029 ], [ -95.208117338823456, 29.778403087043671 ], [ -95.20811413985794, 29.778386150315086 ], [ -95.20811127392183, 29.778369162528591 ], [ -95.208108740377924, 29.778352140817393 ], [ -95.208106540030798, 29.778335063539568 ], [ -95.208104678110061, 29.778317957021464 ], [ -95.208103036680001, 29.778309002719176 ], [ -95.208101730853798, 29.778300122907478 ], [ -95.208100765766318, 29.778291318634352 ], [ -95.208100140216061, 29.778282594379348 ], [ -95.208099850068265, 29.778273950025394 ], [ -95.208099853589289, 29.778273688341645 ], [ -95.208099907436704, 29.778265338072163 ], [ -95.208093264285296, 29.778203800708354 ], [ -95.208092508657344, 29.778180958133355 ], [ -95.208092502528558, 29.778180761171036 ], [ -95.208092119354163, 29.778169136172583 ], [ -95.208086343192832, 29.777994332503155 ], [ -95.208085293009105, 29.777962574636643 ], [ -95.208085281840894, 29.777962234904898 ], [ -95.208083210583382, 29.777899550480036 ], [ -95.208081545992485, 29.777707147619125 ], [ -95.208083515129474, 29.777514755491762 ], [ -95.208089117230557, 29.777322421919887 ], [ -95.2080983559961, 29.777130213808309 ], [ -95.208104697378275, 29.777063633941168 ], [ -95.208109774539665, 29.776996963235593 ], [ -95.20811359921629, 29.776930220077841 ], [ -95.208116157034013, 29.776863429336796 ], [ -95.208117455996586, 29.77679659846056 ], [ -95.208116895609081, 29.776689270320876 ], [ -95.20811689558694, 29.776689215255416 ], [ -95.208116895017497, 29.776689063585426 ], [ -95.20813330175983, 29.7766903844926 ], [ -95.208133349208353, 29.77669038854329 ], [ -95.20813733145549, 29.776690709748323 ], [ -95.20813712591449, 29.776669019230322 ], [ -95.208136508366977, 29.776647333302773 ], [ -95.208135483545661, 29.776625663834679 ], [ -95.208134040147527, 29.776604008700783 ], [ -95.208132202511607, 29.776582381227634 ], [ -95.208129951663153, 29.776560790807967 ], [ -95.208127292938471, 29.77653923307928 ], [ -95.208124226633927, 29.776517727909358 ], [ -95.208120752850348, 29.776496272592912 ], [ -95.208116876856877, 29.776474864570847 ], [ -95.208112592177883, 29.776453538865319 ], [ -95.208107911720575, 29.776432282300977 ], [ -95.208102827947769, 29.776411102788771 ], [ -95.208097347961242, 29.776390004140509 ], [ -95.208091465156912, 29.776368997001583 ], [ -95.208085191670889, 29.776348088936963 ], [ -95.208078520965998, 29.776327288788721 ], [ -95.208075953070008, 29.776319764322619 ], [ -95.208075815939367, 29.77631936144811 ], [ -95.208071458378512, 29.77630659219421 ], [ -95.208068037090456, 29.776297139781668 ], [ -95.208064011473908, 29.776286018324168 ], [ -95.208056172184271, 29.776265561534078 ], [ -95.20804794707486, 29.776245240063623 ], [ -95.208039341448355, 29.776225050452027 ], [ -95.208030357037075, 29.776205001775189 ], [ -95.208020991304394, 29.77618510659908 ], [ -95.208011251754485, 29.776165357914422 ], [ -95.208003596632537, 29.776150523845605 ], [ -95.208000376934976, 29.776145752228349 ], [ -95.207986744620172, 29.776126226484983 ], [ -95.207972750659195, 29.776106853895431 ], [ -95.207958401052977, 29.776087640045628 ], [ -95.20795712853409, 29.776085991811083 ], [ -95.207944934751268, 29.776070189793295 ], [ -95.207944701769023, 29.776069888016945 ], [ -95.207943706702721, 29.776068597881785 ], [ -95.207928651203829, 29.77604972332875 ], [ -95.207913258062703, 29.776031024273152 ], [ -95.207897527877165, 29.776012512467005 ], [ -95.207881464815586, 29.775994187125381 ], [ -95.207865076912668, 29.77597605479448 ], [ -95.207848355563797, 29.775958124257691 ], [ -95.207831321140745, 29.775940404215646 ], [ -95.20781397394525, 29.7759228865525 ], [ -95.207796317441506, 29.775905589420198 ], [ -95.207789995824328, 29.775899586293704 ], [ -95.207778359898882, 29.775888513052674 ], [ -95.207760106318119, 29.775871662104745 ], [ -95.207741557498196, 29.775855042917904 ], [ -95.207722718439769, 29.775838660146992 ], [ -95.207695858756082, 29.775816106101683 ], [ -95.207676348304318, 29.77580030371788 ], [ -95.207656579020693, 29.775784755789758 ], [ -95.207636543267114, 29.775769472933511 ], [ -95.207616254917113, 29.775754443806434 ], [ -95.207596424961636, 29.775740194042822 ], [ -95.20759571950201, 29.77573968661908 ], [ -95.207566402832512, 29.775719373027549 ], [ -95.207545304641783, 29.775705280542621 ], [ -95.207523978488851, 29.775691474980864 ], [ -95.207502434643317, 29.775677958438262 ], [ -95.207480680810093, 29.775664718494912 ], [ -95.207458715513738, 29.775651794827812 ], [ -95.207436552432327, 29.775639153521379 ], [ -95.207414195459776, 29.775626828988379 ], [ -95.207391653737261, 29.77561479801717 ], [ -95.207368931762161, 29.775603078788947 ], [ -95.207346035602299, 29.775591675086229 ], [ -95.207322977594373, 29.775580589063473 ], [ -95.207299757570524, 29.775569825229322 ], [ -95.20727638793467, 29.775559383934826 ], [ -95.207252869720193, 29.775549265209186 ], [ -95.207213633047843, 29.775532038754694 ], [ -95.207205336426085, 29.775529422606304 ], [ -95.207107299676025, 29.775484324629254 ], [ -95.206931301096574, 29.775455685958725 ], [ -95.206929452589321, 29.775455864728269 ], [ -95.20692922621096, 29.775455886304339 ], [ -95.206886821882833, 29.775459981288488 ], [ -95.206781949625025, 29.775470111902784 ], [ -95.206765226992644, 29.775471725594574 ], [ -95.206650516567819, 29.775481097385754 ], [ -95.206059318544192, 29.775529399716081 ], [ -95.206059266659707, 29.775529403663366 ], [ -95.206055327561572, 29.775530204773304 ], [ -95.20605527861035, 29.775530213317126 ], [ -95.20561919050003, 29.775618872336853 ], [ -95.205487829797534, 29.7755698606009 ], [ -95.205310506591402, 29.775507358915945 ], [ -95.205271288833387, 29.775494332694652 ], [ -95.205176919614217, 29.775462985099811 ], [ -95.205124022877541, 29.775446471587305 ], [ -95.205023089183442, 29.775414959648785 ], [ -95.204996764501772, 29.775406744280303 ], [ -95.20489476981416, 29.775376912817695 ], [ -95.2048945250842, 29.77537684360032 ], [ -95.20489433683656, 29.77537678591235 ], [ -95.204894092106557, 29.775376716694968 ], [ -95.204889920903611, 29.775375496364571 ], [ -95.204889857454106, 29.775375477416269 ], [ -95.204890052278031, 29.775376498474611 ], [ -95.204890063668756, 29.775376553862056 ], [ -95.204890072193379, 29.775376602849445 ], [ -95.20489008358409, 29.775376658236876 ], [ -95.204935265388485, 29.775613039541597 ], [ -95.204936757787792, 29.776008455704819 ], [ -95.205253462546821, 29.776627101578718 ], [ -95.205280985566901, 29.777027751964038 ], [ -95.205281032692795, 29.777028432130741 ], [ -95.205037721064912, 29.777389420365971 ], [ -95.204869938112978, 29.777884687427211 ], [ -95.204847324596784, 29.777951438252995 ], [ -95.204832988483787, 29.778001331726898 ], [ -95.204751072700802, 29.778286390711656 ], [ -95.204751038710015, 29.778286442105703 ], [ -95.204751026789253, 29.778286512178926 ], [ -95.204648550840147, 29.778474935886397 ], [ -95.204325674119417, 29.778860857021165 ], [ -95.204127866182986, 29.779096032894479 ], [ -95.204037310015124, 29.779206282157759 ], [ -95.204037261404395, 29.779206253699783 ], [ -95.203931172959415, 29.779391142473258 ], [ -95.2035691272863, 29.78002210835491 ], [ -95.203569182099571, 29.780022136988769 ], [ -95.203481960638385, 29.78017363815405 ], [ -95.203392763260396, 29.78032856410432 ], [ -95.203277052451071, 29.780523249404958 ], [ -95.203158038762325, 29.7807331481484 ], [ -95.203048857181528, 29.780924040032097 ], [ -95.202976975819354, 29.781021300645122 ], [ -95.202944872930757, 29.781064740814561 ], [ -95.202927201035692, 29.781088654587077 ], [ -95.202930417046176, 29.781097386370689 ], [ -95.203067775911208, 29.781470401962288 ], [ -95.203089701174846, 29.781490785100917 ], [ -95.203588533922016, 29.781954518523261 ], [ -95.203574382544673, 29.781962196817744 ], [ -95.203508922472238, 29.781997707952009 ], [ -95.203463963284136, 29.782022097206376 ], [ -95.203463879840328, 29.782022142685662 ], [ -95.203461559294198, 29.782021099320719 ], [ -95.203461529685299, 29.782021088552202 ], [ -95.203448774264203, 29.782015368764537 ], [ -95.203354935397471, 29.781973268603647 ], [ -95.203275831744818, 29.782023467317693 ], [ -95.203271437176923, 29.782026210700106 ], [ -95.20325583651497, 29.782035959321764 ], [ -95.203156770416982, 29.782055323927587 ], [ -95.203094408635991, 29.782133742295585 ], [ -95.20305491288174, 29.78218340297585 ], [ -95.202882257934391, 29.782299552636271 ], [ -95.20285520914706, 29.782317744788887 ], [ -95.202568642704165, 29.782592817882296 ], [ -95.20253681197309, 29.782623373280305 ], [ -95.202536248965131, 29.782625903848302 ], [ -95.202494430351734, 29.782813240887727 ], [ -95.202480301229969, 29.782876534244274 ], [ -95.202475282998478, 29.782899386563987 ], [ -95.202460307948897, 29.782967582892329 ], [ -95.202439846844911, 29.783060049964234 ], [ -95.202430081618317, 29.783103694195624 ], [ -95.202426807855957, 29.783118327198775 ], [ -95.202482424363509, 29.783235834416864 ], [ -95.202536052311928, 29.783396131078849 ], [ -95.202581302773865, 29.783531378678148 ], [ -95.202581946575876, 29.783533292593443 ], [ -95.202556532807677, 29.783554837614151 ], [ -95.202556476205956, 29.783554884756178 ], [ -95.202545250503121, 29.783564161483103 ], [ -95.202545192867646, 29.783564208595845 ], [ -95.20247679462959, 29.783620725807602 ], [ -95.202476740994712, 29.783620776644465 ], [ -95.202507014114261, 29.783719040454987 ], [ -95.202656650692148, 29.783743964041197 ], [ -95.202658205725868, 29.783758396258971 ], [ -95.202668587506324, 29.783854461615391 ], [ -95.202932210579149, 29.783898261115279 ], [ -95.202740024951538, 29.784035565425473 ], [ -95.202586588592126, 29.78419484782123 ], [ -95.202586537957473, 29.784194901451265 ], [ -95.202469055013538, 29.784218562375326 ], [ -95.202412061735004, 29.784286266736366 ], [ -95.202412014100759, 29.784286323159474 ], [ -95.202364310609653, 29.784342993433199 ], [ -95.202379636362139, 29.784494866675765 ], [ -95.202213363641093, 29.784522321834277 ], [ -95.20219290842202, 29.784579326391626 ], [ -95.202095098257928, 29.784730392963784 ], [ -95.201845588183559, 29.784620950222475 ], [ -95.201783544959497, 29.784689051024078 ], [ -95.20192927607151, 29.784896363803465 ], [ -95.201936061929786, 29.784942228280443 ], [ -95.2019620693532, 29.785117678618466 ], [ -95.201929307905957, 29.785171724671763 ], [ -95.201929304151832, 29.785171797684171 ], [ -95.201926801961164, 29.785221531502359 ], [ -95.201926516656002, 29.785228052654119 ], [ -95.201916040219018, 29.785438182602348 ], [ -95.201915492383819, 29.785449196278535 ], [ -95.201915488763959, 29.785449265683926 ], [ -95.201915442815562, 29.785449249035828 ], [ -95.201752254715501, 29.78539125744134 ], [ -95.201752210248799, 29.785391312148597 ], [ -95.201724037832122, 29.785428085938307 ], [ -95.201723995365754, 29.785428142507651 ], [ -95.201723952932994, 29.785428198175222 ], [ -95.201579476492341, 29.78561749364345 ], [ -95.201579433025671, 29.785617549281675 ], [ -95.201531601642031, 29.78564075612417 ], [ -95.201279007212463, 29.785763278765771 ], [ -95.201030453097843, 29.785871750285168 ], [ -95.201011411385579, 29.785880064216428 ], [ -95.2008589512387, 29.785829578298237 ], [ -95.200858900703153, 29.785829629222327 ], [ -95.200744592810949, 29.785938082762776 ], [ -95.200744540274911, 29.785938131824771 ], [ -95.200744487738902, 29.785938180886731 ], [ -95.200531011375645, 29.786134169808303 ], [ -95.200530957805668, 29.786134218840836 ], [ -95.20053090530304, 29.786134267001 ], [ -95.200501300822381, 29.786161435825857 ], [ -95.200501248286173, 29.786161484887682 ], [ -95.200208917962797, 29.786002437730076 ], [ -95.199984714135041, 29.786105723858519 ], [ -95.199969184347637, 29.786098909552106 ], [ -95.199796444271541, 29.786023122410146 ], [ -95.19969390007482, 29.786073129244929 ], [ -95.199509384522159, 29.786163116630743 ], [ -95.199509340230009, 29.786163138844969 ], [ -95.199509337053442, 29.786163168544068 ], [ -95.199490720826432, 29.786366318970781 ], [ -95.199490717246562, 29.786366359490774 ], [ -95.199490672290239, 29.7863663717565 ], [ -95.199450806753717, 29.786377213789855 ], [ -95.19927098970436, 29.786426108627126 ], [ -95.199130739880104, 29.786458612959819 ], [ -95.199126241014, 29.786335150164149 ], [ -95.19911832089025, 29.786066532508141 ], [ -95.199048726157628, 29.786051297162945 ], [ -95.198985338805286, 29.786037109841125 ], [ -95.198860981619802, 29.786070756991951 ], [ -95.198754637164313, 29.786097963222542 ], [ -95.198497686025533, 29.786163699993374 ], [ -95.198319678392167, 29.786202946256299 ], [ -95.198233939158087, 29.786160691428115 ], [ -95.198193164056406, 29.78614060690197 ], [ -95.19817618803026, 29.786152324448892 ], [ -95.198165116171054, 29.786159954144086 ], [ -95.198052300730595, 29.786237753237589 ], [ -95.198052242259493, 29.786237794908562 ], [ -95.198052184721249, 29.786237839314087 ], [ -95.197950701240828, 29.786320263875943 ], [ -95.197950646736601, 29.786320310172922 ], [ -95.197952469271002, 29.786337570984372 ], [ -95.197954962054538, 29.786361141739128 ], [ -95.197964063754299, 29.786443854534664 ], [ -95.197961675990015, 29.786448581948278 ], [ -95.197852343231119, 29.786664887335814 ], [ -95.197751738566808, 29.786838909460847 ], [ -95.197707405802774, 29.786915594594717 ], [ -95.197707369569869, 29.786915650436974 ], [ -95.19746319700289, 29.786922365391757 ], [ -95.197463146465111, 29.786922416314585 ], [ -95.19742458770547, 29.786959146407124 ], [ -95.19742453620114, 29.786959195497076 ], [ -95.197424483629362, 29.786959245459471 ], [ -95.197353957928996, 29.787026412148286 ], [ -95.197353936480027, 29.787026432301847 ], [ -95.197353907491973, 29.787026460365801 ], [ -95.197353886043004, 29.787026480519373 ], [ -95.197353389279186, 29.787026952980803 ], [ -95.197353337741106, 29.787027002972486 ], [ -95.197341564397135, 29.787024106152398 ], [ -95.197305572355845, 29.787015259407664 ], [ -95.197241272180236, 29.786999453911825 ], [ -95.197241238014627, 29.786999509812652 ], [ -95.197238293659183, 29.787008116579528 ], [ -95.197232170726394, 29.787026032990934 ], [ -95.197232159043523, 29.787026068767499 ], [ -95.197232123256143, 29.787026084903399 ], [ -95.197221627004822, 29.787030956853155 ], [ -95.197216790152169, 29.787033200938097 ], [ -95.197108796759366, 29.787084131762647 ], [ -95.197108747187826, 29.787084184518157 ], [ -95.19706377131466, 29.7871304518148 ], [ -95.197063721810323, 29.787130502766804 ], [ -95.197063671238624, 29.787130554591219 ], [ -95.196969822348848, 29.787226299595023 ], [ -95.19696977284444, 29.787226350547005 ], [ -95.196969722272627, 29.787226402371331 ], [ -95.19696903561541, 29.787227110464354 ], [ -95.196968986110988, 29.78722716141635 ], [ -95.196955094700328, 29.787289993370898 ], [ -95.196945719071465, 29.787331580193367 ], [ -95.196937572416005, 29.7873677125589 ], [ -95.196937519978334, 29.787367758914151 ], [ -95.196800600392521, 29.787476124540131 ], [ -95.19680054485336, 29.787476170807281 ], [ -95.196800494314971, 29.787476221729811 ], [ -95.196514974468315, 29.787806049182404 ], [ -95.196514927997484, 29.787806102025719 ], [ -95.196330142780155, 29.787817258095451 ], [ -95.196330093207862, 29.787817310850659 ], [ -95.196247150240723, 29.787901802176766 ], [ -95.196247099701836, 29.787901853099154 ], [ -95.196301714749495, 29.788044897134643 ], [ -95.196206549791867, 29.78820725977279 ], [ -95.196206513456815, 29.788207318319863 ], [ -95.19620647505414, 29.788207376808252 ], [ -95.196171127868553, 29.788258915352738 ], [ -95.196171087465544, 29.788258971978941 ], [ -95.195938202507463, 29.788264454671683 ], [ -95.195706042422032, 29.788277219773068 ], [ -95.195605389173522, 29.788279502648805 ], [ -95.195463883440397, 29.788282711013597 ], [ -95.195125965231639, 29.788290204416004 ], [ -95.195125996983819, 29.7882922102187 ], [ -95.19512201136132, 29.788291773901008 ], [ -95.195121962907749, 29.788291768914618 ], [ -95.195111818993652, 29.788290658570588 ], [ -95.195109803401678, 29.788290704256521 ], [ -95.195109377706274, 29.78829071383598 ], [ -95.195096666736916, 29.788291004725206 ], [ -95.195094065909345, 29.788291064488014 ], [ -95.194945249644235, 29.788294468269111 ], [ -95.194774939342523, 29.788298328617273 ], [ -95.19462449388466, 29.788301739045917 ], [ -95.194482747812984, 29.788304951288083 ], [ -95.19447849271063, 29.788310737750074 ], [ -95.194478452474868, 29.788310789867037 ], [ -95.19442784362073, 29.788379612867818 ], [ -95.1944248791592, 29.788377991390668 ], [ -95.194424849751385, 29.788377975209666 ], [ -95.194286795334804, 29.78830267573376 ], [ -95.193546199479087, 29.788408481632008 ], [ -95.193539287377263, 29.788408594945583 ], [ -95.189433537651709, 29.793397764250059 ], [ -95.18763127664603, 29.792825514211334 ], [ -95.187590475191143, 29.791917695119032 ], [ -95.185809190063623, 29.79189776098827 ], [ -95.185720338701159, 29.789164799768781 ], [ -95.183358259954218, 29.78916186291984 ], [ -95.182760875274695, 29.789179286117111 ], [ -95.182728640820471, 29.788637165676306 ], [ -95.182721995177474, 29.788410044453538 ], [ -95.182719011456768, 29.7883080630153 ], [ -95.182715555478723, 29.788147233408459 ], [ -95.182709768011904, 29.787973463004985 ], [ -95.182706721091677, 29.787801236642963 ], [ -95.182703550621099, 29.787626809568149 ], [ -95.182700647242655, 29.787464931377706 ], [ -95.182695712741932, 29.787266026831524 ], [ -95.182707655813161, 29.787098479131497 ], [ -95.182702297236204, 29.786895062498438 ], [ -95.18269908360412, 29.786773182444797 ], [ -95.182694456664237, 29.786597606212439 ], [ -95.182690106176054, 29.786432836009979 ], [ -95.182685791930311, 29.786268922596363 ], [ -95.182683586351985, 29.786185357690112 ], [ -95.182677061715651, 29.78593767700826 ], [ -95.182672789879177, 29.785775645113876 ], [ -95.182668568790604, 29.785615575334035 ], [ -95.18265996306296, 29.785288996604088 ], [ -95.182654502734053, 29.785119182898953 ], [ -95.182649136215744, 29.784952199132295 ], [ -95.182647058851131, 29.784799442713961 ], [ -95.182642381167057, 29.784621881683989 ], [ -95.182637013892688, 29.78445608041514 ], [ -95.182632080297822, 29.784303574812892 ], [ -95.182628398961356, 29.784123753775319 ], [ -95.182625166280587, 29.783966338040667 ], [ -95.182622075243245, 29.783795131174482 ], [ -95.182614895092811, 29.783631207308183 ], [ -95.182611921714312, 29.783466367856416 ], [ -95.182607523516367, 29.783299368256333 ], [ -95.182603350626223, 29.783141195411158 ], [ -95.182592982823493, 29.782794799672988 ], [ -95.182589110906179, 29.782646612090474 ], [ -95.182583976926267, 29.782475412860141 ], [ -95.182580122300251, 29.782302740737354 ], [ -95.18257633995691, 29.782141822101739 ], [ -95.182564828926473, 29.781652612537719 ], [ -95.18255941043131, 29.781489348069186 ], [ -95.182550331426256, 29.781321283438849 ], [ -95.182549955415013, 29.781314299316172 ], [ -95.182541009812297, 29.781148836466897 ], [ -95.182538411457699, 29.780994163931027 ], [ -95.182535853902593, 29.780839396863293 ], [ -95.182535698254995, 29.78083003677256 ], [ -95.18253278939865, 29.780656623299947 ], [ -95.182532371978141, 29.780631919659086 ], [ -95.182531164235314, 29.78049900855676 ], [ -95.182527973818324, 29.780334941802231 ], [ -95.182524594826887, 29.780161427349128 ], [ -95.182520419376843, 29.779999321182565 ], [ -95.182515395621891, 29.779823193461638 ], [ -95.182511760882093, 29.779684045893994 ], [ -95.182508103931127, 29.77950709410284 ], [ -95.182503803674962, 29.779348323463793 ], [ -95.182498580473734, 29.779179543482208 ], [ -95.182497804357112, 29.779148333728468 ], [ -95.182497760248822, 29.779146554138023 ], [ -95.182494150150376, 29.778990550080941 ], [ -95.182489571380501, 29.778836898862469 ], [ -95.182486858357422, 29.778671941111689 ], [ -95.182481219725659, 29.778515228393371 ], [ -95.182474863810484, 29.778342321418162 ], [ -95.182472769754085, 29.778202516272827 ], [ -95.182472764873239, 29.77820217671562 ], [ -95.182472355509617, 29.778177921931849 ], [ -95.182471713595135, 29.77816101307879 ], [ -95.182466400510933, 29.778021147819942 ], [ -95.182463694532601, 29.777844337673827 ], [ -95.18245954406288, 29.777685577539785 ], [ -95.182455384219779, 29.777526266479143 ], [ -95.182451075674976, 29.777361225297252 ], [ -95.182446825585643, 29.777198631208595 ], [ -95.182442478065411, 29.777032613975056 ], [ -95.182441732192373, 29.777010134250464 ], [ -95.182438522095879, 29.776913387129177 ], [ -95.182438163816798, 29.776867228673982 ], [ -95.182434128858517, 29.776712737982397 ], [ -95.182424127435112, 29.776449358734538 ], [ -95.182420939337547, 29.776312964369613 ], [ -95.182420699755809, 29.776291997559078 ], [ -95.182420197342964, 29.776251182633654 ], [ -95.182416320738014, 29.776139180589787 ], [ -95.182412154850482, 29.775982522341614 ], [ -95.182407920869892, 29.775825167963241 ], [ -95.182403477508998, 29.775657899483665 ], [ -95.182399158686025, 29.77549565270035 ], [ -95.182395649609816, 29.775322112622195 ], [ -95.182385753339503, 29.774990996092626 ], [ -95.18238144414704, 29.774826834905355 ], [ -95.182376965818833, 29.774659148327185 ], [ -95.182372364581582, 29.774491428449476 ], [ -95.182368417756265, 29.77433859662726 ], [ -95.182364150896518, 29.774176125581796 ], [ -95.182355148711522, 29.773837991471723 ], [ -95.182351016575353, 29.773682095058781 ], [ -95.182350286567512, 29.773654382758536 ], [ -95.182348329066372, 29.773582559814571 ], [ -95.182346431896406, 29.773511447214467 ], [ -95.182344248592145, 29.773430121334528 ], [ -95.182342158791116, 29.773348785478468 ], [ -95.182340020553568, 29.773272116149574 ], [ -95.182337977472812, 29.77319539265913 ], [ -95.182336668600939, 29.773145273967192 ], [ -95.182335415294361, 29.773094831882233 ], [ -95.182329735216129, 29.772889179135277 ], [ -95.182324597468565, 29.772683938115588 ], [ -95.182323881098924, 29.772660865218608 ], [ -95.182322218876124, 29.772599316275887 ], [ -95.182320014756783, 29.772515534410868 ], [ -95.182317582798248, 29.772425040727327 ], [ -95.182315233260908, 29.772335441266385 ], [ -95.182313237780448, 29.772261317107887 ], [ -95.182311311852615, 29.772187933345631 ], [ -95.182309201100409, 29.772109369985458 ], [ -95.182307159483216, 29.772031585825886 ], [ -95.182304248680779, 29.771923671539287 ], [ -95.182301452692599, 29.771816836549878 ], [ -95.182299752261258, 29.771743786885704 ], [ -95.182298167904662, 29.771669847747134 ], [ -95.182297484020424, 29.771495917647442 ], [ -95.182289777693413, 29.770963511910558 ], [ -95.182225365907684, 29.770941531902714 ], [ -95.182235289019374, 29.76719891880094 ], [ -95.182235336665016, 29.767198917450369 ], [ -95.182728027303753, 29.767187057294475 ], [ -95.188308473167638, 29.767052543041892 ], [ -95.189050831472912, 29.767076890273007 ], [ -95.189050896588057, 29.767076892124955 ], [ -95.18905088000534, 29.767076837490791 ], [ -95.188968202620714, 29.766788540284171 ], [ -95.18853487199037, 29.765391367447439 ], [ -95.188471923443984, 29.764922315346077 ], [ -95.188705669980735, 29.764217778850739 ], [ -95.189056133634921, 29.763463259311955 ], [ -95.189062839776227, 29.763451250825941 ], [ -95.189069723237395, 29.763439453200725 ], [ -95.189069760601299, 29.763439394684607 ], [ -95.189069797965175, 29.763439336168457 ], [ -95.189076901637435, 29.763427709099357 ], [ -95.189076937967812, 29.76342765055383 ], [ -95.18907697429816, 29.763427592008284 ], [ -95.189084315739763, 29.763416080929343 ], [ -95.189084354103471, 29.763416023344337 ], [ -95.189084392467208, 29.763415965759329 ], [ -95.189091982945854, 29.763404573699095 ], [ -95.189092021309563, 29.763404516114086 ], [ -95.189092060706827, 29.763404458558448 ], [ -95.189099882349154, 29.763393193132949 ], [ -95.189099922779945, 29.763393135606748 ], [ -95.189099963210708, 29.763393078080494 ], [ -95.189108025587998, 29.763381932340213 ], [ -95.189108068052164, 29.763381875774531 ], [ -95.189108110516344, 29.763381819208856 ], [ -95.189114309305324, 29.763373586769493 ], [ -95.189114350634839, 29.76337353287969 ], [ -95.189116447285372, 29.763370750780915 ], [ -95.189123497348675, 29.763361749070746 ], [ -95.189123540745285, 29.763361695239702 ], [ -95.189125056311596, 29.76335976140998 ], [ -95.189133855003348, 29.763348957072186 ], [ -95.189133899500845, 29.76334890146703 ], [ -95.189133944998233, 29.763348846793061 ], [ -95.189142920447651, 29.763338240661835 ], [ -95.189142966944786, 29.763338186918983 ], [ -95.189143014475562, 29.763338133205547 ], [ -95.189152214550234, 29.76332766254998 ], [ -95.189152262080938, 29.763327608836473 ], [ -95.189152309611643, 29.763327555123016 ], [ -95.189161732671664, 29.763317236145134 ], [ -95.189161781168536, 29.763317184264558 ], [ -95.189161830698893, 29.763317132413398 ], [ -95.189171468678055, 29.763306959467467 ], [ -95.189171519241967, 29.763306907645664 ], [ -95.189171569772171, 29.763306856725659 ], [ -95.189181420367518, 29.763296836065145 ], [ -95.189181470897736, 29.763296785145105 ], [ -95.189181522461496, 29.763296734254443 ], [ -95.189191589840831, 29.763286865095154 ], [ -95.189191642404424, 29.763286815135622 ], [ -95.189191694967974, 29.763286765176112 ], [ -95.189201966526724, 29.763277052575713 ], [ -95.189202019056651, 29.76327700351796 ], [ -95.189202071586536, 29.763276954460189 ], [ -95.189212548156092, 29.763267403858524 ], [ -95.18921260168581, 29.76326735573193 ], [ -95.189212655181848, 29.763267308507086 ], [ -95.18922333656009, 29.763257925314662 ], [ -95.189223391089627, 29.763257878119163 ], [ -95.189223446652704, 29.763257830953094 ], [ -95.189234325806993, 29.763248609553585 ], [ -95.189234381336405, 29.76324856328926 ], [ -95.189234436865789, 29.763248517024927 ], [ -95.189245513593974, 29.76323946282881 ], [ -95.189245570123205, 29.763239417495615 ], [ -95.189245626618742, 29.763239373064174 ], [ -95.18925689455115, 29.763230490403707 ], [ -95.189256951046673, 29.763230445972269 ], [ -95.189257008542043, 29.763230402472011 ], [ -95.189268519040297, 29.763221645867059 ], [ -95.189280280698654, 29.76321303451893 ], [ -95.189292224192059, 29.763204596245341 ], [ -95.189304346779736, 29.763196349022401 ], [ -95.189316644765455, 29.763188281009839 ], [ -95.189329115475815, 29.763180408380279 ], [ -95.189341748777636, 29.763172725429293 ], [ -95.189354554972567, 29.763165233352382 ], [ -95.189367517153556, 29.76315794159861 ], [ -95.189380639656946, 29.763150844874982 ], [ -95.189393917112881, 29.763143948444977 ], [ -95.189407337916819, 29.763137258297437 ], [ -95.18942090643867, 29.763130768237708 ], [ -95.189434611073864, 29.763124484254575 ], [ -95.189448456855402, 29.763118410102088 ], [ -95.189462433380513, 29.763112547289744 ], [ -95.189508801432851, 29.76308324602828 ], [ -95.189554528667628, 29.763053234148884 ], [ -95.189599600806417, 29.763022533813899 ], [ -95.189643999076878, 29.762991149003703 ], [ -95.189687723242898, 29.76295908603122 ], [ -95.189730692330571, 29.7629264075895 ], [ -95.189730748825681, 29.762926363157881 ], [ -95.189730805320849, 29.762926318726201 ], [ -95.189773003860608, 29.762893023473342 ], [ -95.189773060389427, 29.762892978139956 ], [ -95.189773116918232, 29.76289293280653 ], [ -95.189814597428821, 29.762858999668925 ], [ -95.189814652957764, 29.762858953404354 ], [ -95.189814708486708, 29.762858907139783 ], [ -95.18985545926239, 29.762824344812358 ], [ -95.189855513791414, 29.762824297616621 ], [ -95.189855567286926, 29.762824250391454 ], [ -95.189895568724268, 29.762789057414679 ], [ -95.189895622253431, 29.762789009287776 ], [ -95.189895675816274, 29.762788960259112 ], [ -95.189934921669774, 29.762753165342758 ], [ -95.189934974199048, 29.762753116284692 ], [ -95.189935026728335, 29.762753067226637 ], [ -95.189973504831542, 29.76271666370641 ], [ -95.189973556360954, 29.762716613717217 ], [ -95.189973607924017, 29.762716562826263 ], [ -95.190032180765655, 29.762658492432159 ], [ -95.190032228228233, 29.762658440521861 ], [ -95.190032272691255, 29.762658385818185 ], [ -95.190051243448892, 29.762633931921133 ], [ -95.19005128794555, 29.762633876315661 ], [ -95.190051332408558, 29.762633821611956 ], [ -95.190065105594428, 29.762616891149502 ], [ -95.190065151124656, 29.7626168355734 ], [ -95.190065196621148, 29.762616780899059 ], [ -95.190079320555228, 29.762600071642797 ], [ -95.190079367051581, 29.762600017899576 ], [ -95.190079414581461, 29.762599964185792 ], [ -95.19009389133069, 29.762583476194347 ], [ -95.190093938860599, 29.7625834224805 ], [ -95.190093986390465, 29.762583368766705 ], [ -95.190108814752875, 29.762567106519331 ], [ -95.190108863248881, 29.762567054638428 ], [ -95.190108912778427, 29.762567002786877 ], [ -95.190124078048768, 29.762550972184329 ], [ -95.190124127578272, 29.762550920332778 ], [ -95.190124178107695, 29.762550869412383 ], [ -95.190139682982263, 29.762535081363726 ], [ -95.190139733511657, 29.762535030443289 ], [ -95.190139785074521, 29.762534979552274 ], [ -95.190155622352364, 29.762519432949919 ], [ -95.190155674915047, 29.762519382990035 ], [ -95.190155726444274, 29.762519333000768 ], [ -95.190171896057905, 29.762504029648127 ], [ -95.190171948586894, 29.762503980589969 ], [ -95.19017200111594, 29.762503931531864 ], [ -95.190188491191293, 29.762488884631818 ], [ -95.190188544720158, 29.762488836504815 ], [ -95.190188598215329, 29.762488789279551 ], [ -95.190205406584369, 29.762474001478498 ], [ -95.190205461113024, 29.762473954282616 ], [ -95.190205516675277, 29.76247390711616 ], [ -95.190222639271141, 29.762459376492853 ], [ -95.19022269479963, 29.762459330228115 ], [ -95.190222750328175, 29.762459283963384 ], [ -95.190240184848136, 29.762445016771313 ], [ -95.190240241376429, 29.762444971437688 ], [ -95.190240297871114, 29.762444927005848 ], [ -95.190258026408358, 29.762430931762758 ], [ -95.190258082903014, 29.7624308873309 ], [ -95.190258140397503, 29.762430843830174 ], [ -95.190276231848983, 29.762417076456778 ], [ -95.190294672273694, 29.762403550097158 ], [ -95.190313394875432, 29.762390307987452 ], [ -95.190332406787903, 29.762377353038538 ], [ -95.190351694204793, 29.762364694787543 ], [ -95.190371245993134, 29.76235232659884 ], [ -95.190391067916366, 29.762340260371349 ], [ -95.190411152504126, 29.76232850221162 ], [ -95.190431481220386, 29.762317049787011 ], [ -95.1904520612662, 29.762305904204958 ], [ -95.190472879801618, 29.762295076835425 ], [ -95.190493929659354, 29.762284565669084 ], [ -95.190515210603891, 29.762274377018215 ], [ -95.190536711434873, 29.762264506050634 ], [ -95.190558213209073, 29.762254775929215 ], [ -95.190579752493633, 29.762245204845165 ], [ -95.190600787091327, 29.762235323320208 ], [ -95.190603014319507, 29.76223427901725 ], [ -95.190626060259376, 29.762223011239488 ], [ -95.190648874810137, 29.762211401071326 ], [ -95.190671445636767, 29.762199446356735 ], [ -95.190693779199194, 29.762187168041791 ], [ -95.190715863431706, 29.762174556756499 ], [ -95.190737684561682, 29.762161621136542 ], [ -95.190759242555359, 29.76214836208381 ], [ -95.19078053100931, 29.762134784832625 ], [ -95.190801538352716, 29.762120894470392 ], [ -95.190822264349748, 29.762106697309566 ], [ -95.190842700799521, 29.762092191311659 ], [ -95.190862843130077, 29.762077388082108 ], [ -95.190882629544845, 29.762062335513232 ], [ -95.190882686039018, 29.762062291081104 ], [ -95.190882742533205, 29.762062246648934 ], [ -95.190902156765233, 29.762046937056787 ], [ -95.190902213293072, 29.762046891722893 ], [ -95.19090226982091, 29.762046846388944 ], [ -95.19092137679047, 29.762031259051479 ], [ -95.190921432318461, 29.762031212786457 ], [ -95.190921487846438, 29.762031166521442 ], [ -95.190940270051016, 29.762015299135829 ], [ -95.190940324579145, 29.762015251939591 ], [ -95.190940378073734, 29.762015204714039 ], [ -95.190957338934865, 29.762000373313548 ], [ -95.19095739139587, 29.762000326058597 ], [ -95.190958888805838, 29.76199901546536 ], [ -95.190977081872973, 29.76198254998144 ], [ -95.190977135434878, 29.76198250095236 ], [ -95.190977188996769, 29.761982451923259 ], [ -95.190993290813779, 29.761967351462975 ], [ -95.190993341275089, 29.761967302345735 ], [ -95.190995026686878, 29.761965722672837 ], [ -95.191012535770696, 29.761948733125148 ], [ -95.191012587332878, 29.761948682233811 ], [ -95.191012638895032, 29.761948631342399 ], [ -95.191029749139602, 29.761931433663676 ], [ -95.191029799668215, 29.761931382742951 ], [ -95.191029849196994, 29.761931330891038 ], [ -95.191046603492296, 29.761913884775996 ], [ -95.191046653054741, 29.761913832022337 ], [ -95.191046702617129, 29.761913779268703 ], [ -95.191063104895278, 29.761896090245489 ], [ -95.191063153424153, 29.76189603746246 ], [ -95.191063200919501, 29.761895984650042 ], [ -95.191079241878896, 29.761878052454392 ], [ -95.191079289407909, 29.761877998740189 ], [ -95.191079335937076, 29.761877944094909 ], [ -95.191095005602548, 29.76185978649756 ], [ -95.191095051098159, 29.761859731822849 ], [ -95.191095096593799, 29.761859677148188 ], [ -95.1911104027389, 29.761841279926834 ], [ -95.191110448234539, 29.761841225252169 ], [ -95.19111049373015, 29.761841170577444 ], [ -95.191125415876272, 29.761822555717931 ], [ -95.191125459338494, 29.761822500082712 ], [ -95.191125502800745, 29.761822444447478 ], [ -95.191140049350807, 29.761803608577885 ], [ -95.191140092846695, 29.761803552040902 ], [ -95.191140134275543, 29.761803495445179 ], [ -95.191154297422642, 29.761784453689739 ], [ -95.191154338851504, 29.761784397094001 ], [ -95.19115438028031, 29.76178434049827 ], [ -95.191168148891521, 29.761765086221676 ], [ -95.19116818828698, 29.761765028665462 ], [ -95.191168227648774, 29.761764972010941 ], [ -95.191183417486172, 29.761742845089032 ], [ -95.19118345381473, 29.76174278654285 ], [ -95.19118348807622, 29.761742727937957 ], [ -95.191664108409896, 29.760824829052861 ], [ -95.191770499665537, 29.760614513753698 ], [ -95.191790889170619, 29.760577504430938 ], [ -95.191807779742874, 29.760548279023762 ], [ -95.191825173276712, 29.760519382052877 ], [ -95.191825210604293, 29.760519324437642 ], [ -95.191825247965525, 29.760519265920639 ], [ -95.191825907998577, 29.760518214066227 ], [ -95.191825948393003, 29.760518157440892 ], [ -95.192097631912347, 29.759812658654791 ], [ -95.19209764792987, 29.759812617585364 ], [ -95.192097679372523, 29.759812606743782 ], [ -95.192113888772724, 29.759806943435215 ], [ -95.192113967396182, 29.759806915880276 ], [ -95.192113937333716, 29.759806889750003 ], [ -95.192113659042249, 29.759806639914576 ], [ -95.192113363494272, 29.759806353480304 ], [ -95.192113068979822, 29.759806067075374 ], [ -95.192112779834844, 29.759805775406814 ], [ -95.192112497294843, 29.759805473093468 ], [ -95.192112221753717, 29.759805177297959 ], [ -95.192111951817694, 29.759804869926516 ], [ -95.192111688284641, 29.759804557320813 ], [ -95.192111431986163, 29.759804244920726 ], [ -95.192111175091767, 29.75980392076848 ], [ -95.192110931599231, 29.759803597899783 ], [ -95.192110680872204, 29.759803274825487 ], [ -95.192110456386629, 29.75980294166445 ], [ -95.192110225700034, 29.759802608327231 ], [ -95.192109994182005, 29.75980226955005 ], [ -95.192109788703405, 29.759801926096699 ], [ -95.192109577057494, 29.759801581565366 ], [ -95.192109377981936, 29.759801232877727 ], [ -95.192109178074816, 29.759800878750198 ], [ -95.192108991603234, 29.759800525004479 ], [ -95.19210879916632, 29.759800164770326 ], [ -95.192108631701686, 29.759799800732267 ], [ -95.192108470438114, 29.75979943687047 ], [ -95.19210830300716, 29.759799071930676 ], [ -95.192108141945525, 29.759798702658365 ], [ -95.192107993521574, 29.75979832742625 ], [ -95.192107851264964, 29.759797953272113 ], [ -95.192107721410366, 29.759797579470447 ], [ -95.192107591791441, 29.759797199356516 ], [ -95.192107469373298, 29.759796820349923 ], [ -95.192107358559369, 29.759796435354211 ], [ -95.192107247711746, 29.759796051260182 ], [ -95.192107156534306, 29.759795666822523 ], [ -95.192107058290659, 29.759795277670449 ], [ -95.192106972482705, 29.759794887969107 ], [ -95.19210690007661, 29.759794499551365 ], [ -95.192106826872688, 29.759794104792007 ], [ -95.192106766868577, 29.759793716726723 ], [ -95.192106713301129, 29.759793322525415 ], [ -95.192106665103182, 29.759792923060452 ], [ -95.19210662390411, 29.759792530113369 ], [ -95.192106589141645, 29.759792131030213 ], [ -95.192106565512063, 29.759791738582461 ], [ -95.192106549352644, 29.759791340028038 ], [ -95.192106543612553, 29.75979107807898 ], [ -95.192106541902334, 29.759791013035262 ], [ -95.192106539394231, 29.759790941649868 ], [ -95.192106536720956, 29.759790680690656 ], [ -95.192106536111595, 29.759790613872781 ], [ -95.192106535603173, 29.759790544349677 ], [ -95.19210654226508, 29.75979028275307 ], [ -95.192106543722645, 29.759790215993959 ], [ -95.192106545213917, 29.759790148333046 ], [ -95.192106553976515, 29.759789885893444 ], [ -95.192106556433941, 29.759789820065432 ], [ -95.192106558857716, 29.759789755139238 ], [ -95.192106568620133, 29.759789493630748 ], [ -95.192106571043894, 29.759789428704458 ], [ -95.192106573703313, 29.759789357465937 ], [ -95.19210658656624, 29.759789096045576 ], [ -95.192106591056984, 29.759789031178098 ], [ -95.19210659474993, 29.759788959968933 ], [ -95.192106616880665, 29.75978869971469 ], [ -95.192106622438615, 29.759788633974807 ], [ -95.192106627861904, 29.759788571841952 ], [ -95.192136086698156, 29.759708180503626 ], [ -95.192165016775618, 29.759626736917124 ], [ -95.192171807062948, 29.759599736655979 ], [ -95.192178095433107, 29.759572629150796 ], [ -95.192183875247892, 29.759545425948218 ], [ -95.192189141138186, 29.759518132312014 ], [ -95.192193897070055, 29.759490752868444 ], [ -95.192198137068488, 29.759463309112792 ], [ -95.192201868503091, 29.759435797643707 ], [ -95.192205085802826, 29.759408229135428 ], [ -95.19220511423525, 29.759407966352072 ], [ -95.192207775330644, 29.75938060861661 ], [ -95.192207795326752, 29.759380350107072 ], [ -95.192209952882337, 29.759352956395912 ], [ -95.192209972013217, 29.759352693348237 ], [ -95.19221161749212, 29.759325270640435 ], [ -95.192211631421898, 29.759325008347641 ], [ -95.192212764487905, 29.759297565660727 ], [ -95.192212772250357, 29.759297302289948 ], [ -95.192213380501968, 29.759269839271486 ], [ -95.192213384096746, 29.759269576685003 ], [ -95.192213485329361, 29.759242115505799 ], [ -95.19221348379034, 29.759241851870659 ], [ -95.19221307493757, 29.759214391540826 ], [ -95.192211173061807, 29.759185188073378 ], [ -95.192208494163495, 29.759155597827831 ], [ -95.192205229689492, 29.759125952123473 ], [ -95.192201393210439, 29.759096247735034 ], [ -95.192195209617367, 29.759055475311172 ], [ -95.192183883010401, 29.758992893480109 ], [ -95.192171364767219, 29.758930278682879 ], [ -95.192157648116719, 29.758867646072705 ], [ -95.192142752293577, 29.758805007028347 ], [ -95.192126662652726, 29.758742393630708 ], [ -95.192109397395143, 29.758679817229059 ], [ -95.192090961848677, 29.758617301444882 ], [ -95.192083696538262, 29.758594172432666 ], [ -95.192071350309448, 29.758554860558807 ], [ -95.192050579507253, 29.75849251761348 ], [ -95.192028655039067, 29.758430289016253 ], [ -95.192028385416492, 29.758429585363441 ], [ -95.191984651331282, 29.758314497038587 ], [ -95.191976510241574, 29.758301581669095 ], [ -95.191968147620997, 29.758288752981848 ], [ -95.191959562065918, 29.758276020866781 ], [ -95.191950755182091, 29.758263370023361 ], [ -95.191941726195367, 29.75825082119195 ], [ -95.191932486406742, 29.758238376499037 ], [ -95.191923037984253, 29.758226033298119 ], [ -95.191913378558027, 29.758213799646242 ], [ -95.191903515194142, 29.758201680257592 ], [ -95.19189344792629, 29.758189674230483 ], [ -95.191883182719806, 29.758177788053416 ], [ -95.191872719372739, 29.758166027136809 ], [ -95.191862063052497, 29.758154391627503 ], [ -95.191851215624055, 29.758142886994737 ], [ -95.191839827635249, 29.75813380702353 ], [ -95.19182821991302, 29.758125098138816 ], [ -95.191816438685123, 29.758116519728048 ], [ -95.191804477716857, 29.758108072516734 ], [ -95.191792349443872, 29.758099755955516 ], [ -95.19178005339468, 29.758091582668936 ], [ -95.191767590007046, 29.75808354093413 ], [ -95.191754971076662, 29.758075647335115 ], [ -95.191742197041293, 29.758067890149107 ], [ -95.191729268260985, 29.758060287440411 ], [ -95.191716190374521, 29.758052826731394 ], [ -95.191702975514275, 29.758045515588503 ], [ -95.191689610908156, 29.758038363578507 ], [ -95.191676115596479, 29.758031359507306 ], [ -95.191662489939304, 29.758024521439349 ], [ -95.191648739743783, 29.758017832388141 ], [ -95.191634865235258, 29.758011314025104 ], [ -95.191620864750746, 29.758004955470362 ], [ -95.191606752556936, 29.757998762545711 ], [ -95.191592528653857, 29.75799273525114 ], [ -95.191578198410824, 29.757986868322948 ], [ -95.191576476325295, 29.75798619018359 ], [ -95.191563766984999, 29.757981189891691 ], [ -95.191549242654389, 29.757975672208708 ], [ -95.191534623611091, 29.757970335984847 ], [ -95.191519911427179, 29.757965166821386 ], [ -95.191505117932124, 29.75796018040068 ], [ -95.191490248461506, 29.757955372360755 ], [ -95.191475296679727, 29.75795074613244 ], [ -95.191460277190174, 29.757946298519911 ], [ -95.19144519395833, 29.757942034149398 ], [ -95.19143004678206, 29.757937958431455 ], [ -95.191414844131273, 29.757934066190568 ], [ -95.191397343019617, 29.757929831479235 ], [ -95.191397344515835, 29.757929569735651 ], [ -95.191401647595669, 29.757453356823717 ], [ -95.191401647986524, 29.757453290936919 ], [ -95.191401657250282, 29.757452211558025 ], [ -95.191760421156502, 29.757565036788879 ], [ -95.192120916985758, 29.757673502319896 ], [ -95.19258259806206, 29.75780533925855 ], [ -95.19263156581107, 29.757818417274347 ], [ -95.192680468518873, 29.757831242470068 ], [ -95.192680665230696, 29.757831294098224 ], [ -95.192681079155705, 29.757831402450595 ], [ -95.199322788319094, 29.757848790047998 ], [ -95.200672031312237, 29.75901866980746 ], [ -95.203149451691615, 29.761165080557635 ], [ -95.203327442486042, 29.761306702907234 ], [ -95.203328642870702, 29.761307530400885 ], [ -95.203522285268946, 29.761440993179821 ], [ -95.203548396963157, 29.761457527703573 ], [ -95.20365383817736, 29.761521105860293 ], [ -95.203761911938159, 29.761581227127859 ], [ -95.203872467197542, 29.761637807782567 ], [ -95.203985352704919, 29.761690769511691 ], [ -95.204118827323896, 29.761747507307696 ], [ -95.204254973421769, 29.761799186051217 ], [ -95.204393539956484, 29.761845711963481 ], [ -95.204538823198078, 29.761888237628568 ], [ -95.204686124823652, 29.761925098048636 ], [ -95.204835156738511, 29.761956221868154 ], [ -95.204985623209353, 29.761981548348977 ], [ -95.205137229199707, 29.762001025801169 ], [ -95.205289676034738, 29.762014616876129 ], [ -95.205442664636493, 29.762022295047775 ], [ -95.205595892389738, 29.762024045426323 ], [ -95.20562590709693, 29.762023698420219 ], [ -95.205919366234738, 29.762019147639574 ], [ -95.20664901848518, 29.761989526169543 ], [ -95.211538744399292, 29.761932842846601 ], [ -95.211740380456831, 29.761914004753152 ], [ -95.212849684806557, 29.761901118488503 ], [ -95.212849733449346, 29.76190111805797 ], [ -95.212841531144122, 29.761642744355573 ], [ -95.212368700648227, 29.761648237382463 ], [ -95.211895965286203, 29.761653728724411 ], [ -95.211862374606312, 29.760595383119757 ], [ -95.211862111828935, 29.760587136702281 ], [ -95.211851904488057, 29.760265510411443 ], [ -95.211845207960053, 29.76005449973044 ], [ -95.211837394685261, 29.75980831605327 ], [ -95.211837393426649, 29.759808266368914 ], [ -95.212309738827912, 29.759796274000056 ], [ -95.212397969959824, 29.759794041654498 ], [ -95.2127907097979, 29.759784104924215 ], [ -95.21319311873259, 29.759773891477622 ], [ -95.213567301893946, 29.759764373141781 ], [ -95.213747822155725, 29.759759811083949 ], [ -95.213756490180316, 29.759759582111155 ], [ -95.215323351315604, 29.759720529839665 ], [ -95.217853703182882, 29.759639552873121 ], [ -95.218195968706709, 29.759622282683566 ], [ -95.218199716765866, 29.759622094193176 ], [ -95.223935228321821, 29.759479776611769 ], [ -95.223935276996798, 29.759479775275466 ], [ -95.223939251374119, 29.759479676954641 ], [ -95.223943111760789, 29.759679297375371 ], [ -95.223943113992021, 29.759679348892284 ], [ -95.22395058428495, 29.760065626156916 ], [ -95.223950587113137, 29.76006574539327 ], [ -95.22395756422047, 29.760426555227859 ], [ -95.223965068565136, 29.760734947347206 ], [ -95.223979758708978, 29.76113066440584 ], [ -95.223988956126433, 29.761378428175703 ], [ -95.223988963817831, 29.761378639624652 ], [ -95.224008081709201, 29.761893626259575 ], [ -95.224062572570716, 29.763361479305654 ], [ -95.224062581095666, 29.763361696194192 ], [ -95.224139646761145, 29.765437593980199 ], [ -95.224139648192704, 29.765437639155564 ], [ -95.224143510840619, 29.765541684953298 ], [ -95.224143513304469, 29.765541758141474 ], [ -95.224143461293536, 29.765541737719126 ], [ -95.223352750929948, 29.765227021852219 ], [ -95.223137999518158, 29.765141513980382 ], [ -95.222849002641794, 29.765026415671322 ], [ -95.222681238882785, 29.764959607673326 ], [ -95.222514233999632, 29.764898938457907 ], [ -95.222347641027184, 29.764838466597226 ], [ -95.222179933298406, 29.764777592985567 ], [ -95.222010627565155, 29.764714001201945 ], [ -95.221841452487382, 29.764648228344001 ], [ -95.221672401360081, 29.764583332575327 ], [ -95.22156040229585, 29.764540336336019 ], [ -95.221559838491189, 29.764541479506018 ], [ -95.221559803312829, 29.764541535384236 ], [ -95.221489016103618, 29.764685244286618 ], [ -95.221417797205191, 29.764829792225324 ], [ -95.221346536685488, 29.764974480676361 ], [ -95.221275588884339, 29.765118486439022 ], [ -95.221242893178385, 29.765184506014574 ], [ -95.22120338272785, 29.765262548752013 ], [ -95.221131420642962, 29.765408116393676 ], [ -95.221060255158392, 29.765552060838019 ], [ -95.220956693170621, 29.765761529480919 ], [ -95.220883259828113, 29.76590682620856 ], [ -95.220724326354159, 29.765907264228638 ], [ -95.220464153307148, 29.765907645729179 ], [ -95.220441542025355, 29.765907618161041 ], [ -95.220436062483444, 29.766014000423059 ], [ -95.220436059612069, 29.766014049990662 ], [ -95.220436047221924, 29.766014300592168 ], [ -95.220437928632933, 29.766014233601787 ], [ -95.220525067241681, 29.766011575882182 ], [ -95.220526162133112, 29.766011541770567 ], [ -95.220528035939211, 29.766011512477938 ], [ -95.220596312535477, 29.766010621863316 ], [ -95.220596818787556, 29.766010613575069 ], [ -95.220667507195998, 29.766010755036376 ], [ -95.220735792496512, 29.766011919144574 ], [ -95.220736650428165, 29.766011941536906 ], [ -95.220738094695918, 29.766011972342429 ], [ -95.220738754948044, 29.76601199638084 ], [ -95.220807222175608, 29.766014226257905 ], [ -95.220808675144198, 29.766014273556653 ], [ -95.220878050802071, 29.766017592401116 ], [ -95.220879184862468, 29.766017646050621 ], [ -95.220954017090094, 29.766022366284115 ], [ -95.220954620894631, 29.766022405880875 ], [ -95.221032532851311, 29.766028394564202 ], [ -95.221110295300988, 29.766035458616305 ], [ -95.221110979555121, 29.766035532978417 ], [ -95.221186597801335, 29.76604411624232 ], [ -95.221187820471684, 29.766044319528447 ], [ -95.22125608012739, 29.766055839338556 ], [ -95.221257252986092, 29.766056046635509 ], [ -95.221259047316451, 29.766056347285367 ], [ -95.221327492628362, 29.766067911110405 ], [ -95.221396972314963, 29.766077862958436 ], [ -95.221540992882396, 29.766100541541064 ], [ -95.2215422827678, 29.766100773800328 ], [ -95.221616168419288, 29.766114178937595 ], [ -95.221689959084401, 29.766128780142164 ], [ -95.221691075530572, 29.766129002093173 ], [ -95.221692896797322, 29.766129385642493 ], [ -95.221765825443867, 29.766145024976915 ], [ -95.221766456248176, 29.766145173655413 ], [ -95.221839792723529, 29.766162121629826 ], [ -95.22184034374439, 29.766162245490797 ], [ -95.221912892223273, 29.766180216533474 ], [ -95.221914624634053, 29.766180652639104 ], [ -95.221915806057126, 29.766180963982336 ], [ -95.221988630906594, 29.766200245373216 ], [ -95.222125110870863, 29.7662396932216 ], [ -95.22212551925918, 29.766239813059975 ], [ -95.222198348793597, 29.766262657426914 ], [ -95.222198627087025, 29.766262742002652 ], [ -95.222271299371542, 29.76628681588755 ], [ -95.222344452225002, 29.766314760521205 ], [ -95.222863620985223, 29.766522248340685 ], [ -95.223806925242926, 29.766899233163233 ], [ -95.223806996625484, 29.766899261353249 ], [ -95.224004945218908, 29.766978369162107 ], [ -95.223864964854599, 29.767303784557775 ], [ -95.223712534416421, 29.76765812530677 ], [ -95.223584471936363, 29.76834555750127 ], [ -95.223584579659814, 29.768345638169443 ], [ -95.223584612900424, 29.768345662576465 ], [ -95.223852700853399, 29.768545188661601 ], [ -95.223852906688734, 29.768545553736754 ], [ -95.223929153285994, 29.768701019658288 ], [ -95.224110025703069, 29.768677927037544 ], [ -95.224110116160404, 29.768677915143375 ], [ -95.224113626858241, 29.768677467034458 ], [ -95.224393359471946, 29.768550651113806 ], [ -95.224393479438589, 29.768550596721273 ], [ -95.224399415687358, 29.768547905134941 ], [ -95.224674821429844, 29.768563569812329 ], [ -95.224675185889794, 29.76856359091321 ], [ -95.224847273182078, 29.768573379771219 ], [ -95.225103088562832, 29.768694436071655 ], [ -95.225109159364166, 29.768718497038403 ], [ -95.225109182866944, 29.768718588873149 ], [ -95.225213966758531, 29.769133835182167 ], [ -95.225239952455766, 29.769339972844989 ], [ -95.225259169483934, 29.769492400577363 ], [ -95.225441484376674, 29.769509956501253 ], [ -95.22544202255223, 29.769510008671599 ], [ -95.225512300433252, 29.769516777103622 ], [ -95.225564158242534, 29.76953351511116 ], [ -95.225564852124378, 29.769533637563931 ], [ -95.225564882965799, 29.769533642946119 ], [ -95.225568123115124, 29.769534215352337 ], [ -95.226113550390053, 29.769218239228593 ], [ -95.226342368870448, 29.768990479914958 ], [ -95.226514473795035, 29.768922793851402 ], [ -95.226514556717461, 29.768922761883967 ], [ -95.226576004050685, 29.768925089861405 ], [ -95.22657954494133, 29.768925223876526 ], [ -95.226819826413106, 29.768943772988166 ], [ -95.226820238087015, 29.768943804439669 ], [ -95.226876382979214, 29.76894813861534 ], [ -95.226893274691861, 29.768961213223019 ], [ -95.226893397422216, 29.768961307851466 ], [ -95.227155364291775, 29.769164064205096 ], [ -95.227334169892671, 29.769546644189109 ], [ -95.227282706710383, 29.76971271449003 ], [ -95.227282548126595, 29.769713225466109 ], [ -95.227236771468938, 29.769860945108757 ], [ -95.227236744493624, 29.769861031008318 ], [ -95.22706960673915, 29.770400368093885 ], [ -95.227305710893276, 29.770913544194539 ], [ -95.227305898606716, 29.770913952082992 ], [ -95.227325180084037, 29.770955859288783 ], [ -95.227472627227996, 29.771162493824949 ], [ -95.227480265280462, 29.77135699842335 ], [ -95.228046219684174, 29.771512106660715 ], [ -95.228131872515192, 29.771531331295332 ], [ -95.228276363119861, 29.771615015396993 ], [ -95.228404051279, 29.771688963831767 ], [ -95.228714247213418, 29.77175788791028 ], [ -95.229206908349241, 29.77185177277758 ], [ -95.229738323703032, 29.771921967145719 ], [ -95.230529272462121, 29.77209550909522 ], [ -95.230853766521776, 29.772172327243805 ], [ -95.230872879057671, 29.772176852945687 ], [ -95.230873732412377, 29.772177056584987 ], [ -95.230924740306619, 29.77218913228436 ], [ -95.23124057605007, 29.772263357128089 ], [ -95.231340105428586, 29.772286337004704 ], [ -95.231401596267943, 29.772300172416173 ], [ -95.23140573991337, 29.772301106792703 ], [ -95.231409847380846, 29.772302012168101 ], [ -95.231410206755399, 29.77230208726905 ], [ -95.231412821107469, 29.772302657276491 ], [ -95.231568980143464, 29.772336846009022 ], [ -95.231725405954563, 29.772371910452822 ], [ -95.231882401787644, 29.772406280317007 ], [ -95.23203907432854, 29.772440581325544 ], [ -95.232197309549122, 29.772475214046338 ], [ -95.232351282496481, 29.772509408988999 ], [ -95.232504470142999, 29.772544417569957 ], [ -95.23253480951378, 29.772551351123592 ], [ -95.232655869490259, 29.772580165556171 ], [ -95.232927815379455, 29.772649502824333 ], [ -95.232949786831156, 29.772654397456595 ], [ -95.233343030416194, 29.772745460305821 ], [ -95.23373843608006, 29.772826046474339 ], [ -95.234398421225066, 29.772963428739487 ], [ -95.234623183023317, 29.773012050281721 ], [ -95.234800107422018, 29.773052387399638 ], [ -95.235062217775933, 29.77311620194024 ], [ -95.235261059602806, 29.77316120191157 ], [ -95.235445620188315, 29.773199338885426 ], [ -95.235460953340308, 29.773202348638755 ], [ -95.235460991319044, 29.773202356927222 ], [ -95.235663881960392, 29.773239993906152 ], [ -95.235664039243417, 29.773240021794535 ], [ -95.235867990018562, 29.773273721795373 ], [ -95.236072771698787, 29.773303443170665 ], [ -95.236319343557895, 29.773333817112345 ], [ -95.23656675981637, 29.773358416297302 ], [ -95.236650921945028, 29.773365457685976 ], [ -95.236772126045196, 29.773374407666033 ], [ -95.236772163190068, 29.773374410514588 ], [ -95.236977922452041, 29.773386425398058 ], [ -95.237183936380319, 29.77339445539646 ], [ -95.237528516504369, 29.77339479232193 ], [ -95.237724485251206, 29.773417664104684 ], [ -95.237990017289462, 29.773420679407685 ], [ -95.237990064870743, 29.773420679840807 ], [ -95.237990065799579, 29.773420626607844 ], [ -95.237991497627931, 29.773349325001696 ], [ -95.237991610983087, 29.773343250337483 ], [ -95.237991612242013, 29.773343160103295 ], [ -95.237991660493506, 29.773343198468432 ], [ -95.238020286533938, 29.773365459171206 ], [ -95.238024098665505, 29.773368426832317 ], [ -95.238168694829199, 29.773368595468018 ], [ -95.238345807858337, 29.773368800220982 ], [ -95.23852182065967, 29.77336803144312 ], [ -95.238688863241492, 29.773366454592903 ], [ -95.238856487561875, 29.773364871295207 ], [ -95.239035112724849, 29.773363184006737 ], [ -95.239217406198222, 29.773361462220723 ], [ -95.239394567724119, 29.773359339802198 ], [ -95.239567650426665, 29.773356542116289 ], [ -95.239763030351796, 29.773353378723304 ], [ -95.239937526595369, 29.773350548912298 ], [ -95.240081690129401, 29.773348220033011 ], [ -95.240081740639241, 29.773348169093946 ], [ -95.240110809931224, 29.773319151567996 ], [ -95.240110859440591, 29.773319099698131 ], [ -95.240370349835217, 29.773316376565717 ], [ -95.240560573307192, 29.773318891528415 ], [ -95.240880589091532, 29.773319439712008 ], [ -95.240895949900136, 29.773335431263124 ], [ -95.241266486460532, 29.773333354367011 ], [ -95.241323061275409, 29.773333033849465 ], [ -95.241609239318507, 29.773331427883782 ], [ -95.241795549084273, 29.773339148194335 ], [ -95.241913345999819, 29.773338497102142 ], [ -95.242150492999968, 29.773337193027736 ], [ -95.243224325905757, 29.773331288082915 ], [ -95.243429339471888, 29.773305293103434 ], [ -95.243594629855082, 29.773278713277644 ], [ -95.243825734778042, 29.773269853740619 ], [ -95.244770226800284, 29.773239716864197 ], [ -95.245354588171665, 29.773229966430367 ], [ -95.246518146437523, 29.773223106238504 ], [ -95.246523625397131, 29.773223074652925 ], [ -95.246674290206272, 29.773222244142637 ], [ -95.247180417365783, 29.773217883411178 ], [ -95.247721539272973, 29.773210240862223 ], [ -95.248251977684561, 29.773206954917331 ], [ -95.248833160426187, 29.773202913681448 ], [ -95.249659421718292, 29.773197921712402 ], [ -95.249724606831819, 29.773197527197009 ], [ -95.249577930129533, 29.773269319653124 ], [ -95.251663408326053, 29.773618532669392 ], [ -95.252098503471331, 29.773670669785314 ], [ -95.252706978913039, 29.773734580284792 ], [ -95.254488984543244, 29.774112844773523 ], [ -95.255168962951799, 29.774227374935556 ], [ -95.256986436803473, 29.774501270040634 ] ] ] } },
{ "type": "Feature", "properties": { "OBJECTID": 40, "TRACT": "West Lake Houston", "SERVICE_CO": "WLH", "AREA_AC": 349, "SHAPE_LENG": 0.0, "INSIDE_X": -95.16254596, "INSIDE_Y": 29.96779706, "SHAPE_LE_1": 17550.897231700001, "LAT": 29.96779181, "LONG_": -95.162539, "GLOBALID": "{885B7BB5-01FA-4196-84FB-0B44BFABCFD3}", "SHAPESTLen": 17550.897231731618, "nmonths": 0, "mean_Janua": -9999.0, "mean_Febru": -9999.0, "mean_March": -9999.0, "mean_April": -9999.0, "mean_May": -9999.0, "mean_June": -9999, "mean_July": -9999.0, "mean_Augus": -9999.0, "mean_Septe": -9999.0, "mean_Octob": -9999.0, "mean_Novem": -9999.0, "mean_Decem": -9999.0 }, "geometry": { "type": "Polygon", "coordinates": [ [ [ -95.171113579562444, 29.971098800309665 ], [ -95.165990689248133, 29.971117628163515 ], [ -95.165718965862311, 29.971135268961085 ], [ -95.165625373562236, 29.971227285035702 ], [ -95.165206712103085, 29.971622104015584 ], [ -95.164500025438898, 29.972288534589357 ], [ -95.161567960551395, 29.972324589160429 ], [ -95.159328149081389, 29.972352087586444 ], [ -95.156312540562226, 29.97237288332137 ], [ -95.156302803500793, 29.971952415831389 ], [ -95.155291335661559, 29.971922560512908 ], [ -95.155226152920136, 29.971881757865479 ], [ -95.155214619832563, 29.971870014398782 ], [ -95.15507803430279, 29.971730929142471 ], [ -95.154572201597091, 29.971332387095082 ], [ -95.1543273965124, 29.971046452137546 ], [ -95.154153067120035, 29.970842831409325 ], [ -95.154147854212638, 29.969758644817951 ], [ -95.154147602814191, 29.969706442176324 ], [ -95.15360034708111, 29.969478140842121 ], [ -95.153710640929347, 29.968923024533694 ], [ -95.153843182237878, 29.96838457661082 ], [ -95.15469875927775, 29.966508619570153 ], [ -95.155075004435275, 29.965759884404427 ], [ -95.155514411995455, 29.96512593387725 ], [ -95.15620132737007, 29.964273204947006 ], [ -95.156606463666037, 29.963743550798458 ], [ -95.161001276925475, 29.963715189268473 ], [ -95.164761003435231, 29.963692670321205 ], [ -95.168381708462263, 29.963669015153705 ], [ -95.168673108284281, 29.963637377434392 ], [ -95.169685566938526, 29.963659352784259 ], [ -95.173451781347055, 29.963633991974501 ], [ -95.171767265456481, 29.96527156482955 ], [ -95.170744587484364, 29.966265706562375 ], [ -95.169987983039036, 29.966985042638402 ], [ -95.169689786566977, 29.967271828743492 ], [ -95.169794976100363, 29.967599695844015 ], [ -95.170010044473074, 29.968175906623745 ], [ -95.1697754569106, 29.968392631454975 ], [ -95.169763734940304, 29.96859255962729 ], [ -95.170195784209156, 29.969331930455674 ], [ -95.170264501247971, 29.96952835607604 ], [ -95.170331605151418, 29.970487667931245 ], [ -95.170910030293484, 29.97058711220776 ], [ -95.170995745766163, 29.970802586979907 ], [ -95.171113579562444, 29.971098800309665 ] ] ] } }
]
}
