{
"type": "FeatureCollection",
"name": "final_harris_wastewater_service_areas",
"features": [
{ "type": "Feature", "properties": { "TRACT": "MUD148" }, "geometry": { "type": "Polygon", "coordinates": [ [ [ -95.2186045, 29.9049524, 0.0 ], [ -95.2192488, 29.901073, 0.0 ], [ -95.2195152, 29.9010705, 0.0 ], [ -95.22474, 29.9010219, 0.0 ], [ -95.224731, 29.8949553, 0.0 ], [ -95.2287914, 29.8941687, 0.0 ], [ -95.2287902, 29.8933595, 0.0 ], [ -95.2314517, 29.8879725, 0.0 ], [ -95.2354659, 29.8879304, 0.0 ], [ -95.2358702, 29.8885146, 0.0 ], [ -95.2380261, 29.8903526, 0.0 ], [ -95.2382687, 29.8909445, 0.0 ], [ -95.2383046, 29.8917467, 0.0 ], [ -95.2425716, 29.8917, 0.0 ], [ -95.2424548, 29.8834131, 0.0 ], [ -95.2365259, 29.8834598, 0.0 ], [ -95.2365349, 29.887432, 0.0 ], [ -95.2221259, 29.8875644, 0.0 ], [ -95.2112204, 29.88765, 0.0 ], [ -95.2113641, 29.9011465, 0.0 ], [ -95.2114719, 29.9121416, 0.0 ], [ -95.2186045, 29.9121338, 0.0 ], [ -95.2186045, 29.9049524, 0.0 ] ] ] } },
{ "type": "Feature", "properties": { "TRACT": "BaytownEast" }, "geometry": { "type": "Polygon", "coordinates": [ [ [ -94.9493336, 29.7619421, 0.0 ], [ -94.9499723, 29.7608362, 0.0 ], [ -94.9510185, 29.7590248, 0.0 ], [ -94.9512034, 29.7587045, 0.0 ], [ -94.9516112, 29.7579985, 0.0 ], [ -94.9520206, 29.7572895, 0.0 ], [ -94.9526713, 29.7561527, 0.0 ], [ -94.9532772, 29.7550942, 0.0 ], [ -94.9540156, 29.7538114, 0.0 ], [ -94.9543636, 29.753207, 0.0 ], [ -94.9549986, 29.7521114, 0.0 ], [ -94.9558747, 29.7505932, 0.0 ], [ -94.9513815, 29.7512942, 0.0 ], [ -94.951309, 29.7507871, 0.0 ], [ -94.950863, 29.7490277, 0.0 ], [ -94.9517692, 29.7489047, 0.0 ], [ -94.9515224, 29.7477304, 0.0 ], [ -94.9514267, 29.7472752, 0.0 ], [ -94.9512734, 29.7465587, 0.0 ], [ -94.9512734, 29.7465587, 0.0 ], [ -94.9512734, 29.7465587, 0.0 ], [ -94.9512013, 29.7462218, 0.0 ], [ -94.9511551, 29.7459523, 0.0 ], [ -94.9510615, 29.7454073, 0.0 ], [ -94.953098, 29.7450799, 0.0 ], [ -94.9528836, 29.7442268, 0.0 ], [ -94.9533707, 29.7441317, 0.0 ], [ -94.9540999, 29.7439945, 0.0 ], [ -94.9541422, 29.7442074, 0.0 ], [ -94.9542492, 29.7447461, 0.0 ], [ -94.9545144, 29.7460808, 0.0 ], [ -94.9553838, 29.7459365, 0.0 ], [ -94.955905, 29.74585, 0.0 ], [ -94.9564071, 29.7457667, 0.0 ], [ -94.9562631, 29.7450185, 0.0 ], [ -94.9560703, 29.744017, 0.0 ], [ -94.9563361, 29.7439784, 0.0 ], [ -94.9566264, 29.7439363, 0.0 ], [ -94.9566396, 29.7440009, 0.0 ], [ -94.9568999, 29.7439569, 0.0 ], [ -94.9569, 29.7439568, 0.0 ], [ -94.9570999, 29.7439231, 0.0 ], [ -94.9573667, 29.7438761, 0.0 ], [ -94.9575445, 29.7438448, 0.0 ], [ -94.9580192, 29.7437995, 0.0 ], [ -94.9579836, 29.7436379, 0.0 ], [ -94.9581934, 29.7436011, 0.0 ], [ -94.9584992, 29.7435475, 0.0 ], [ -94.9588991, 29.7434775, 0.0 ], [ -94.9588452, 29.7431842, 0.0 ], [ -94.9592753, 29.7424278, 0.0 ], [ -94.959389, 29.7422277, 0.0 ], [ -94.9597314, 29.7416521, 0.0 ], [ -94.9597415, 29.7416352, 0.0 ], [ -94.9599319, 29.7413173, 0.0 ], [ -94.9594913, 29.7411029, 0.0 ], [ -94.9591436, 29.7409337, 0.0 ], [ -94.9587299, 29.7408078, 0.0 ], [ -94.9581483, 29.7406309, 0.0 ], [ -94.9574189, 29.7404089, 0.0 ], [ -94.9572944, 29.740371, 0.0 ], [ -94.9567452, 29.7402604, 0.0 ], [ -94.9570381, 29.7403119, 0.0 ], [ -94.9575551, 29.7392504, 0.0 ], [ -94.9580193, 29.7382973, 0.0 ], [ -94.9573509, 29.7380529, 0.0 ], [ -94.9576397, 29.7374086, 0.0 ], [ -94.957983, 29.7366426, 0.0 ], [ -94.9590038, 29.7369552, 0.0 ], [ -94.9596478, 29.7371524, 0.0 ], [ -94.960022, 29.7363183, 0.0 ], [ -94.9604271, 29.7354155, 0.0 ], [ -94.9605117, 29.735227, 0.0 ], [ -94.9591363, 29.7347909, 0.0 ], [ -94.9592605, 29.7345268, 0.0 ], [ -94.9591859, 29.7344932, 0.0 ], [ -94.9592401, 29.73437, 0.0 ], [ -94.9589794, 29.7342847, 0.0 ], [ -94.95931, 29.7335501, 0.0 ], [ -94.9591632, 29.7335045, 0.0 ], [ -94.9591289, 29.7335759, 0.0 ], [ -94.9591523, 29.7335011, 0.0 ], [ -94.9602194, 29.7311059, 0.0 ], [ -94.9604021, 29.731065, 0.0 ], [ -94.9609115, 29.7299061, 0.0 ], [ -94.9603702, 29.729741, 0.0 ], [ -94.9600138, 29.7296341, 0.0 ], [ -94.9607494, 29.7298541, 0.0 ], [ -94.9608389, 29.7298689, 0.0 ], [ -94.961403, 29.7285948, 0.0 ], [ -94.9621806, 29.7268385, 0.0 ], [ -94.9615453, 29.7266575, 0.0 ], [ -94.9612763, 29.7265809, 0.0 ], [ -94.9604523, 29.7263462, 0.0 ], [ -94.9597122, 29.7260905, 0.0 ], [ -94.9598574, 29.7256739, 0.0 ], [ -94.9600564, 29.7251033, 0.0 ], [ -94.9603214, 29.724435, 0.0 ], [ -94.9605799, 29.7238799, 0.0 ], [ -94.9598894, 29.7237009, 0.0 ], [ -94.9600241, 29.7231015, 0.0 ], [ -94.9605881, 29.7223807, 0.0 ], [ -94.9612757, 29.7216629, 0.0 ], [ -94.9614241, 29.7215108, 0.0 ], [ -94.9621973, 29.7209997, 0.0 ], [ -94.9630072, 29.7206474, 0.0 ], [ -94.9637905, 29.7203067, 0.0 ], [ -94.965414, 29.7197195, 0.0 ], [ -94.9663219, 29.7193911, 0.0 ], [ -94.9680137, 29.7187807, 0.0 ], [ -94.9700448, 29.7180536, 0.0 ], [ -94.971055, 29.7176919, 0.0 ], [ -94.9717825, 29.7174643, 0.0 ], [ -94.9740855, 29.7167436, 0.0 ], [ -94.9745476, 29.716599, 0.0 ], [ -94.9751816, 29.7151172, 0.0 ], [ -94.9761528, 29.7128474, 0.0 ], [ -94.9770514, 29.710747, 0.0 ], [ -94.9774371, 29.7098454, 0.0 ], [ -94.9776832, 29.7092703, 0.0 ], [ -94.9770166, 29.7082263, 0.0 ], [ -94.9756573, 29.7071428, 0.0 ], [ -94.9746738, 29.706247, 0.0 ], [ -94.9731234, 29.7047507, 0.0 ], [ -94.9724868, 29.7041244, 0.0 ], [ -94.9720923, 29.7037362, 0.0 ], [ -94.9706838, 29.702898, 0.0 ], [ -94.9687705, 29.7018374, 0.0 ], [ -94.9676754, 29.7014491, 0.0 ], [ -94.9670425, 29.7012558, 0.0 ], [ -94.9616264, 29.7001648, 0.0 ], [ -94.9610523, 29.7001272, 0.0 ], [ -94.9583977, 29.6999888, 0.0 ], [ -94.9564185, 29.6999053, 0.0 ], [ -94.9553213, 29.6996568, 0.0 ], [ -94.9548145, 29.6993662, 0.0 ], [ -94.9541005, 29.6993446, 0.0 ], [ -94.9538955, 29.6993938, 0.0 ], [ -94.9533635, 29.6995214, 0.0 ], [ -94.9529922, 29.6992979, 0.0 ], [ -94.9525339, 29.699248, 0.0 ], [ -94.9521371, 29.6992497, 0.0 ], [ -94.951526, 29.6993943, 0.0 ], [ -94.9510289, 29.6992955, 0.0 ], [ -94.9507734, 29.6990181, 0.0 ], [ -94.9496539, 29.6991379, 0.0 ], [ -94.9489262, 29.6993622, 0.0 ], [ -94.9480992, 29.6994644, 0.0 ], [ -94.9446147, 29.6986648, 0.0 ], [ -94.9445874, 29.6986539, 0.0 ], [ -94.9438241, 29.6986307, 0.0 ], [ -94.9435381, 29.6986587, 0.0 ], [ -94.9431902, 29.6984572, 0.0 ], [ -94.9425686, 29.6980866, 0.0 ], [ -94.9422454, 29.6977344, 0.0 ], [ -94.9419628, 29.6974302, 0.0 ], [ -94.9416846, 29.6971307, 0.0 ], [ -94.9411634, 29.6966029, 0.0 ], [ -94.9409223, 29.6963665, 0.0 ], [ -94.9403547, 29.6959903, 0.0 ], [ -94.940128, 29.69584, 0.0 ], [ -94.9394533, 29.6955339, 0.0 ], [ -94.9383673, 29.6950923, 0.0 ], [ -94.9377761, 29.6948519, 0.0 ], [ -94.9372885, 29.6945223, 0.0 ], [ -94.9371056, 29.6943986, 0.0 ], [ -94.9368231, 29.6940587, 0.0 ], [ -94.9367562, 29.6938869, 0.0 ], [ -94.9363995, 29.6935751, 0.0 ], [ -94.9357543, 29.6929396, 0.0 ], [ -94.9357247, 29.692869, 0.0 ], [ -94.9355021, 29.6923477, 0.0 ], [ -94.9354127, 29.6918522, 0.0 ], [ -94.9355921, 29.6915237, 0.0 ], [ -94.9356471, 29.6913687, 0.0 ], [ -94.9356777, 29.6911223, 0.0 ], [ -94.9340366, 29.6910587, 0.0 ], [ -94.9340882, 29.6893224, 0.0 ], [ -94.9336155, 29.6884615, 0.0 ], [ -94.93333, 29.6879417, 0.0 ], [ -94.9331767, 29.6870871, 0.0 ], [ -94.9330197, 29.6869067, 0.0 ], [ -94.932228, 29.6859971, 0.0 ], [ -94.9316984, 29.6854495, 0.0 ], [ -94.9309426, 29.6860092, 0.0 ], [ -94.9294745, 29.6854975, 0.0 ], [ -94.9287107, 29.6855614, 0.0 ], [ -94.9282394, 29.685936, 0.0 ], [ -94.9276364, 29.6864152, 0.0 ], [ -94.9273976, 29.686408, 0.0 ], [ -94.9266941, 29.6863866, 0.0 ], [ -94.9262348, 29.6861403, 0.0 ], [ -94.925956, 29.6860897, 0.0 ], [ -94.9246115, 29.6864576, 0.0 ], [ -94.9238037, 29.6866785, 0.0 ], [ -94.9234952, 29.6870976, 0.0 ], [ -94.9230743, 29.6876695, 0.0 ], [ -94.9219592, 29.6887346, 0.0 ], [ -94.9212207, 29.68944, 0.0 ], [ -94.9221965, 29.6910528, 0.0 ], [ -94.9229964, 29.6910138, 0.0 ], [ -94.9235625, 29.6913839, 0.0 ], [ -94.9251841, 29.692444, 0.0 ], [ -94.9267216, 29.693449, 0.0 ], [ -94.929086, 29.6957915, 0.0 ], [ -94.9308195, 29.6975088, 0.0 ], [ -94.9307692, 29.7034324, 0.0 ], [ -94.9307662, 29.7037797, 0.0 ], [ -94.9314323, 29.7040938, 0.0 ], [ -94.9320311, 29.7041119, 0.0 ], [ -94.9325269, 29.7043528, 0.0 ], [ -94.9327847, 29.7044781, 0.0 ], [ -94.933178, 29.7047675, 0.0 ], [ -94.9335492, 29.7050407, 0.0 ], [ -94.9339417, 29.705654, 0.0 ], [ -94.9355489, 29.7097269, 0.0 ], [ -94.9355629, 29.7097777, 0.0 ], [ -94.9355131, 29.7110268, 0.0 ], [ -94.9354951, 29.7114795, 0.0 ], [ -94.9349926, 29.7121079, 0.0 ], [ -94.9342666, 29.712566, 0.0 ], [ -94.9334689, 29.7129522, 0.0 ], [ -94.9332399, 29.7136072, 0.0 ], [ -94.9332173, 29.7141744, 0.0 ], [ -94.9344545, 29.7145718, 0.0 ], [ -94.9351307, 29.7145379, 0.0 ], [ -94.9390338, 29.7131559, 0.0 ], [ -94.9401743, 29.7127905, 0.0 ], [ -94.9428984, 29.7129211, 0.0 ], [ -94.9436218, 29.7136192, 0.0 ], [ -94.9448178, 29.7146663, 0.0 ], [ -94.945692, 29.7139976, 0.0 ], [ -94.9475697, 29.7157816, 0.0 ], [ -94.9479928, 29.7158359, 0.0 ], [ -94.9488358, 29.7155132, 0.0 ], [ -94.9494578, 29.7153224, 0.0 ], [ -94.9502318, 29.7150849, 0.0 ], [ -94.9504822, 29.7156583, 0.0 ], [ -94.9493418, 29.7160127, 0.0 ], [ -94.9484568, 29.7162878, 0.0 ], [ -94.9479569, 29.7165243, 0.0 ], [ -94.9476288, 29.7166796, 0.0 ], [ -94.9475877, 29.7175044, 0.0 ], [ -94.9475676, 29.7183423, 0.0 ], [ -94.9475578, 29.7187503, 0.0 ], [ -94.9476891, 29.7187608, 0.0 ], [ -94.9459737, 29.7200429, 0.0 ], [ -94.9445502, 29.7201385, 0.0 ], [ -94.9433351, 29.7202202, 0.0 ], [ -94.9430356, 29.7206536, 0.0 ], [ -94.9429789, 29.7209679, 0.0 ], [ -94.9427905, 29.7213763, 0.0 ], [ -94.9427001, 29.7216639, 0.0 ], [ -94.9426587, 29.7218494, 0.0 ], [ -94.94264, 29.7222645, 0.0 ], [ -94.942673, 29.7227091, 0.0 ], [ -94.9427613, 29.7230272, 0.0 ], [ -94.9428365, 29.7232417, 0.0 ], [ -94.942724, 29.7236378, 0.0 ], [ -94.9425993, 29.7238755, 0.0 ], [ -94.9425318, 29.7240452, 0.0 ], [ -94.9424091, 29.7243538, 0.0 ], [ -94.9423415, 29.7244624, 0.0 ], [ -94.9415902, 29.7249652, 0.0 ], [ -94.9408573, 29.7254556, 0.0 ], [ -94.9403803, 29.7256001, 0.0 ], [ -94.9400357, 29.7262268, 0.0 ], [ -94.9396194, 29.7269941, 0.0 ], [ -94.939312, 29.7276727, 0.0 ], [ -94.9385545, 29.728681, 0.0 ], [ -94.9382265, 29.7289025, 0.0 ], [ -94.937456, 29.7297432, 0.0 ], [ -94.9368806, 29.7308416, 0.0 ], [ -94.9362871, 29.7319327, 0.0 ], [ -94.9356951, 29.7324617, 0.0 ], [ -94.9354461, 29.732566, 0.0 ], [ -94.9351712, 29.7326812, 0.0 ], [ -94.9349084, 29.7328495, 0.0 ], [ -94.9346637, 29.7330927, 0.0 ], [ -94.934407, 29.7333173, 0.0 ], [ -94.9340483, 29.7335375, 0.0 ], [ -94.9337686, 29.7336608, 0.0 ], [ -94.933266, 29.7338575, 0.0 ], [ -94.9328052, 29.7340167, 0.0 ], [ -94.9321681, 29.7348066, 0.0 ], [ -94.9313182, 29.7358602, 0.0 ], [ -94.930831, 29.7362255, 0.0 ], [ -94.9302432, 29.7366629, 0.0 ], [ -94.929808, 29.7369878, 0.0 ], [ -94.9293325, 29.7373428, 0.0 ], [ -94.9290948, 29.738043, 0.0 ], [ -94.9288716, 29.7387006, 0.0 ], [ -94.9289986, 29.7398313, 0.0 ], [ -94.9291659, 29.7413217, 0.0 ], [ -94.9290943, 29.7421821, 0.0 ], [ -94.9293578, 29.7431325, 0.0 ], [ -94.9295107, 29.7439116, 0.0 ], [ -94.929645, 29.7445953, 0.0 ], [ -94.9298871, 29.745506, 0.0 ], [ -94.9300857, 29.7460237, 0.0 ], [ -94.9303967, 29.7466402, 0.0 ], [ -94.9306073, 29.7476814, 0.0 ], [ -94.9304496, 29.7490943, 0.0 ], [ -94.9299487, 29.7505657, 0.0 ], [ -94.9297412, 29.7509459, 0.0 ], [ -94.9291304, 29.7516341, 0.0 ], [ -94.9269571, 29.7523776, 0.0 ], [ -94.9260922, 29.7526685, 0.0 ], [ -94.9251453, 29.7534394, 0.0 ], [ -94.9248768, 29.7537827, 0.0 ], [ -94.924554, 29.7541578, 0.0 ], [ -94.9241282, 29.7545744, 0.0 ], [ -94.9238196, 29.7548027, 0.0 ], [ -94.9236699, 29.7549134, 0.0 ], [ -94.9236664, 29.7549163, 0.0 ], [ -94.9236433, 29.7549351, 0.0 ], [ -94.92362, 29.7549538, 0.0 ], [ -94.9235966, 29.7549723, 0.0 ], [ -94.923573, 29.7549905, 0.0 ], [ -94.923549, 29.7550083, 0.0 ], [ -94.9235246, 29.7550256, 0.0 ], [ -94.9234996, 29.7550424, 0.0 ], [ -94.9234742, 29.7550584, 0.0 ], [ -94.9234731, 29.7550591, 0.0 ], [ -94.9234653, 29.7550637, 0.0 ], [ -94.9234482, 29.7550739, 0.0 ], [ -94.9234218, 29.7550888, 0.0 ], [ -94.923395, 29.7551034, 0.0 ], [ -94.923368, 29.7551177, 0.0 ], [ -94.9233409, 29.7551318, 0.0 ], [ -94.9233137, 29.7551458, 0.0 ], [ -94.9232865, 29.7551598, 0.0 ], [ -94.9232594, 29.7551739, 0.0 ], [ -94.9232325, 29.7551882, 0.0 ], [ -94.9232056, 29.7552026, 0.0 ], [ -94.9231787, 29.755217, 0.0 ], [ -94.9231518, 29.7552313, 0.0 ], [ -94.9231249, 29.7552456, 0.0 ], [ -94.9230979, 29.7552598, 0.0 ], [ -94.9230708, 29.7552739, 0.0 ], [ -94.9230437, 29.7552879, 0.0 ], [ -94.9230164, 29.7553017, 0.0 ], [ -94.9229891, 29.7553153, 0.0 ], [ -94.9229616, 29.7553287, 0.0 ], [ -94.922934, 29.7553421, 0.0 ], [ -94.9229064, 29.7553554, 0.0 ], [ -94.9228787, 29.7553686, 0.0 ], [ -94.9228509, 29.7553816, 0.0 ], [ -94.9228229, 29.7553944, 0.0 ], [ -94.9227948, 29.7554069, 0.0 ], [ -94.9227665, 29.755419, 0.0 ], [ -94.922738, 29.7554307, 0.0 ], [ -94.9227092, 29.7554418, 0.0 ], [ -94.9226803, 29.7554526, 0.0 ], [ -94.9226511, 29.7554631, 0.0 ], [ -94.9226218, 29.7554735, 0.0 ], [ -94.9225923, 29.7554836, 0.0 ], [ -94.9225627, 29.7554934, 0.0 ], [ -94.922533, 29.7555028, 0.0 ], [ -94.9225031, 29.7555117, 0.0 ], [ -94.922473, 29.7555202, 0.0 ], [ -94.9224429, 29.7555281, 0.0 ], [ -94.9224126, 29.7555354, 0.0 ], [ -94.9223822, 29.755542, 0.0 ], [ -94.9223515, 29.7555471, 0.0 ], [ -94.9223203, 29.7555509, 0.0 ], [ -94.9222889, 29.7555535, 0.0 ], [ -94.9222573, 29.7555554, 0.0 ], [ -94.9222256, 29.7555568, 0.0 ], [ -94.922194, 29.7555581, 0.0 ], [ -94.9221624, 29.7555596, 0.0 ], [ -94.9221309, 29.7555614, 0.0 ], [ -94.9220994, 29.7555634, 0.0 ], [ -94.9220679, 29.7555653, 0.0 ], [ -94.9220363, 29.755567, 0.0 ], [ -94.9220048, 29.7555684, 0.0 ], [ -94.9219732, 29.7555691, 0.0 ], [ -94.9219418, 29.7555692, 0.0 ], [ -94.9219104, 29.7555684, 0.0 ], [ -94.9218791, 29.7555665, 0.0 ], [ -94.9218478, 29.7555638, 0.0 ], [ -94.9218166, 29.7555605, 0.0 ], [ -94.9217854, 29.7555566, 0.0 ], [ -94.9217542, 29.7555523, 0.0 ], [ -94.9217231, 29.7555477, 0.0 ], [ -94.921692, 29.755543, 0.0 ], [ -94.9216608, 29.7555382, 0.0 ], [ -94.9216297, 29.7555335, 0.0 ], [ -94.9215986, 29.755529, 0.0 ], [ -94.9215674, 29.7555249, 0.0 ], [ -94.9215362, 29.755521, 0.0 ], [ -94.9215049, 29.7555172, 0.0 ], [ -94.9214737, 29.7555135, 0.0 ], [ -94.9214425, 29.7555098, 0.0 ], [ -94.9214112, 29.7555061, 0.0 ], [ -94.92138, 29.7555022, 0.0 ], [ -94.9213488, 29.7554982, 0.0 ], [ -94.9213177, 29.7554939, 0.0 ], [ -94.9212866, 29.7554893, 0.0 ], [ -94.9212557, 29.7554844, 0.0 ], [ -94.9212247, 29.7554791, 0.0 ], [ -94.9211939, 29.7554736, 0.0 ], [ -94.9211631, 29.7554679, 0.0 ], [ -94.9211323, 29.755462, 0.0 ], [ -94.9211015, 29.7554559, 0.0 ], [ -94.9210708, 29.7554497, 0.0 ], [ -94.9210401, 29.7554434, 0.0 ], [ -94.9210095, 29.755437, 0.0 ], [ -94.9209788, 29.7554306, 0.0 ], [ -94.9209481, 29.7554241, 0.0 ], [ -94.9209175, 29.7554177, 0.0 ], [ -94.9208868, 29.7554113, 0.0 ], [ -94.9208562, 29.7554049, 0.0 ], [ -94.9208256, 29.7553983, 0.0 ], [ -94.920795, 29.7553917, 0.0 ], [ -94.9207644, 29.7553851, 0.0 ], [ -94.9207339, 29.7553783, 0.0 ], [ -94.9207033, 29.7553715, 0.0 ], [ -94.9206728, 29.7553646, 0.0 ], [ -94.9206423, 29.7553577, 0.0 ], [ -94.9206119, 29.7553506, 0.0 ], [ -94.9205814, 29.7553435, 0.0 ], [ -94.9205511, 29.755336, 0.0 ], [ -94.9205208, 29.7553282, 0.0 ], [ -94.9204906, 29.7553203, 0.0 ], [ -94.9204604, 29.7553123, 0.0 ], [ -94.9204302, 29.7553044, 0.0 ], [ -94.9203999, 29.7552968, 0.0 ], [ -94.9203696, 29.7552894, 0.0 ], [ -94.9203391, 29.7552824, 0.0 ], [ -94.9203085, 29.755276, 0.0 ], [ -94.9202778, 29.7552701, 0.0 ], [ -94.9202469, 29.7552645, 0.0 ], [ -94.9202158, 29.7552594, 0.0 ], [ -94.9201847, 29.7552548, 0.0 ], [ -94.9201535, 29.7552506, 0.0 ], [ -94.9201222, 29.7552469, 0.0 ], [ -94.9200909, 29.7552439, 0.0 ], [ -94.9200596, 29.7552414, 0.0 ], [ -94.9200282, 29.7552394, 0.0 ], [ -94.9199967, 29.7552379, 0.0 ], [ -94.9199651, 29.7552368, 0.0 ], [ -94.9199335, 29.7552362, 0.0 ], [ -94.9199019, 29.7552361, 0.0 ], [ -94.9198703, 29.7552366, 0.0 ], [ -94.9198388, 29.7552375, 0.0 ], [ -94.9198074, 29.755239, 0.0 ], [ -94.919776, 29.755241, 0.0 ], [ -94.9197446, 29.7552434, 0.0 ], [ -94.9197133, 29.7552464, 0.0 ], [ -94.9196819, 29.7552497, 0.0 ], [ -94.9196506, 29.7552535, 0.0 ], [ -94.9196194, 29.7552577, 0.0 ], [ -94.9195883, 29.7552623, 0.0 ], [ -94.9195573, 29.7552672, 0.0 ], [ -94.9195264, 29.7552725, 0.0 ], [ -94.9194956, 29.7552782, 0.0 ], [ -94.9194648, 29.7552844, 0.0 ], [ -94.9194341, 29.7552911, 0.0 ], [ -94.9194036, 29.7552984, 0.0 ], [ -94.9193734, 29.7553062, 0.0 ], [ -94.9193433, 29.7553148, 0.0 ], [ -94.9193137, 29.755324, 0.0 ], [ -94.9192844, 29.7553339, 0.0 ], [ -94.9192551, 29.7553442, 0.0 ], [ -94.919226, 29.7553548, 0.0 ], [ -94.9191969, 29.7553657, 0.0 ], [ -94.919168, 29.755377, 0.0 ], [ -94.9191393, 29.7553887, 0.0 ], [ -94.9191109, 29.7554008, 0.0 ], [ -94.9190828, 29.7554134, 0.0 ], [ -94.9190552, 29.7554265, 0.0 ], [ -94.9190279, 29.7554402, 0.0 ], [ -94.9190012, 29.7554545, 0.0 ], [ -94.9189749, 29.7554695, 0.0 ], [ -94.918949, 29.7554853, 0.0 ], [ -94.9189235, 29.7555017, 0.0 ], [ -94.9188986, 29.7555188, 0.0 ], [ -94.9188741, 29.7555364, 0.0 ], [ -94.9188502, 29.7555545, 0.0 ], [ -94.9188269, 29.7555731, 0.0 ], [ -94.9188042, 29.7555921, 0.0 ], [ -94.9187821, 29.7556116, 0.0 ], [ -94.9187605, 29.7556315, 0.0 ], [ -94.9187393, 29.7556519, 0.0 ], [ -94.9187186, 29.7556727, 0.0 ], [ -94.9186983, 29.7556938, 0.0 ], [ -94.9186784, 29.7557153, 0.0 ], [ -94.9186589, 29.755737, 0.0 ], [ -94.9186397, 29.7557589, 0.0 ], [ -94.9186209, 29.7557811, 0.0 ], [ -94.9186024, 29.7558033, 0.0 ], [ -94.9185842, 29.7558257, 0.0 ], [ -94.9185661, 29.7558483, 0.0 ], [ -94.9185483, 29.7558712, 0.0 ], [ -94.918531, 29.7558944, 0.0 ], [ -94.9185143, 29.7559179, 0.0 ], [ -94.9184982, 29.7559416, 0.0 ], [ -94.918483, 29.7559657, 0.0 ], [ -94.9184687, 29.7559902, 0.0 ], [ -94.9184555, 29.756015, 0.0 ], [ -94.9184433, 29.7560402, 0.0 ], [ -94.9184318, 29.7560657, 0.0 ], [ -94.9184211, 29.7560914, 0.0 ], [ -94.9184109, 29.7561174, 0.0 ], [ -94.9184012, 29.7561436, 0.0 ], [ -94.9183918, 29.7561699, 0.0 ], [ -94.9183872, 29.7561831, 0.0 ], [ -94.9183826, 29.7561963, 0.0 ], [ -94.9183735, 29.7562228, 0.0 ], [ -94.9183645, 29.7562493, 0.0 ], [ -94.9183553, 29.7562757, 0.0 ], [ -94.9183459, 29.756302, 0.0 ], [ -94.9183362, 29.7563281, 0.0 ], [ -94.9183272, 29.7563654, 0.0 ], [ -94.9183218, 29.7563925, 0.0 ], [ -94.9183197, 29.7564199, 0.0 ], [ -94.9183184, 29.7564473, 0.0 ], [ -94.9183175, 29.7564748, 0.0 ], [ -94.918317, 29.7565024, 0.0 ], [ -94.9183169, 29.7565299, 0.0 ], [ -94.9183171, 29.7565574, 0.0 ], [ -94.9183177, 29.756585, 0.0 ], [ -94.9183186, 29.7566124, 0.0 ], [ -94.9183201, 29.7566399, 0.0 ], [ -94.9183221, 29.7566673, 0.0 ], [ -94.9183247, 29.7566947, 0.0 ], [ -94.9183275, 29.7567221, 0.0 ], [ -94.9183291, 29.7567367, 0.0 ], [ -94.9183305, 29.7567495, 0.0 ], [ -94.9183334, 29.7567769, 0.0 ], [ -94.918336, 29.7568043, 0.0 ], [ -94.9183385, 29.7568318, 0.0 ], [ -94.9183407, 29.7568592, 0.0 ], [ -94.9183428, 29.7568867, 0.0 ], [ -94.9183449, 29.7569141, 0.0 ], [ -94.9183471, 29.7569416, 0.0 ], [ -94.9183494, 29.756969, 0.0 ], [ -94.9183519, 29.7569964, 0.0 ], [ -94.9183548, 29.7570238, 0.0 ], [ -94.918358, 29.7570511, 0.0 ], [ -94.9183617, 29.7570784, 0.0 ], [ -94.9183659, 29.7571057, 0.0 ], [ -94.9183703, 29.7571329, 0.0 ], [ -94.9183751, 29.7571601, 0.0 ], [ -94.91838, 29.7571872, 0.0 ], [ -94.9183852, 29.7572143, 0.0 ], [ -94.9183906, 29.7572415, 0.0 ], [ -94.9183961, 29.7572685, 0.0 ], [ -94.9184018, 29.7572956, 0.0 ], [ -94.9184076, 29.7573227, 0.0 ], [ -94.9184134, 29.7573497, 0.0 ], [ -94.9184194, 29.7573767, 0.0 ], [ -94.9184253, 29.7574037, 0.0 ], [ -94.9184313, 29.7574307, 0.0 ], [ -94.9184375, 29.7574577, 0.0 ], [ -94.9184438, 29.7574846, 0.0 ], [ -94.9184503, 29.7575115, 0.0 ], [ -94.9184568, 29.7575384, 0.0 ], [ -94.9184635, 29.7575653, 0.0 ], [ -94.9184702, 29.7575922, 0.0 ], [ -94.918477, 29.7576191, 0.0 ], [ -94.9184838, 29.7576459, 0.0 ], [ -94.9184907, 29.7576728, 0.0 ], [ -94.9184976, 29.7576996, 0.0 ], [ -94.9185044, 29.7577264, 0.0 ], [ -94.9185112, 29.7577533, 0.0 ], [ -94.918518, 29.7577802, 0.0 ], [ -94.9185248, 29.757807, 0.0 ], [ -94.9185319, 29.7578339, 0.0 ], [ -94.9185392, 29.7578606, 0.0 ], [ -94.9185469, 29.7578873, 0.0 ], [ -94.918555, 29.7579138, 0.0 ], [ -94.9185637, 29.7579403, 0.0 ], [ -94.9185727, 29.7579666, 0.0 ], [ -94.918582, 29.7579929, 0.0 ], [ -94.9185915, 29.7580191, 0.0 ], [ -94.9186011, 29.7580453, 0.0 ], [ -94.9186109, 29.7580714, 0.0 ], [ -94.9186208, 29.7580975, 0.0 ], [ -94.9186308, 29.7581237, 0.0 ], [ -94.9186407, 29.7581498, 0.0 ], [ -94.9186505, 29.7581759, 0.0 ], [ -94.9186602, 29.7582021, 0.0 ], [ -94.9186698, 29.7582283, 0.0 ], [ -94.9186792, 29.7582545, 0.0 ], [ -94.9186882, 29.7582809, 0.0 ], [ -94.918697, 29.7583073, 0.0 ], [ -94.9187054, 29.7583338, 0.0 ], [ -94.9187133, 29.7583604, 0.0 ], [ -94.9187208, 29.7583871, 0.0 ], [ -94.918728, 29.7584139, 0.0 ], [ -94.9187347, 29.7584408, 0.0 ], [ -94.9187412, 29.7584677, 0.0 ], [ -94.9187473, 29.7584947, 0.0 ], [ -94.9187531, 29.7585217, 0.0 ], [ -94.9187587, 29.7585488, 0.0 ], [ -94.918764, 29.7585759, 0.0 ], [ -94.9187691, 29.7586031, 0.0 ], [ -94.9187739, 29.7586303, 0.0 ], [ -94.9187784, 29.7586575, 0.0 ], [ -94.9187823, 29.7586827, 0.0 ], [ -94.9187826, 29.7586848, 0.0 ], [ -94.9187865, 29.7587121, 0.0 ], [ -94.9187899, 29.7587394, 0.0 ], [ -94.918793, 29.7587667, 0.0 ], [ -94.9187958, 29.7587941, 0.0 ], [ -94.9187982, 29.7588216, 0.0 ], [ -94.9188002, 29.758849, 0.0 ], [ -94.9188019, 29.7588765, 0.0 ], [ -94.9188034, 29.758904, 0.0 ], [ -94.9188045, 29.7589315, 0.0 ], [ -94.9188053, 29.758959, 0.0 ], [ -94.9188059, 29.7589865, 0.0 ], [ -94.9188062, 29.759014, 0.0 ], [ -94.918806, 29.7590416, 0.0 ], [ -94.9188054, 29.7590691, 0.0 ], [ -94.9188042, 29.7590966, 0.0 ], [ -94.9188022, 29.7591241, 0.0 ], [ -94.9187995, 29.7591515, 0.0 ], [ -94.9187961, 29.7591788, 0.0 ], [ -94.9187926, 29.7592062, 0.0 ], [ -94.9187889, 29.7592336, 0.0 ], [ -94.9187848, 29.759261, 0.0 ], [ -94.9187803, 29.7592884, 0.0 ], [ -94.9187751, 29.7593156, 0.0 ], [ -94.9187691, 29.7593426, 0.0 ], [ -94.9187622, 29.7593694, 0.0 ], [ -94.9187543, 29.7593959, 0.0 ], [ -94.9187451, 29.759422, 0.0 ], [ -94.9187352, 29.759448, 0.0 ], [ -94.9187244, 29.7594738, 0.0 ], [ -94.918713, 29.7594995, 0.0 ], [ -94.918701, 29.759525, 0.0 ], [ -94.9186885, 29.7595503, 0.0 ], [ -94.9186755, 29.7595755, 0.0 ], [ -94.9186622, 29.7596006, 0.0 ], [ -94.9186487, 29.7596255, 0.0 ], [ -94.9186349, 29.7596504, 0.0 ], [ -94.9186211, 29.7596751, 0.0 ], [ -94.9186071, 29.7596997, 0.0 ], [ -94.9185929, 29.7597244, 0.0 ], [ -94.9185782, 29.7597489, 0.0 ], [ -94.9185631, 29.7597731, 0.0 ], [ -94.9185472, 29.7597971, 0.0 ], [ -94.9185306, 29.7598205, 0.0 ], [ -94.9185131, 29.7598433, 0.0 ], [ -94.9184946, 29.7598655, 0.0 ], [ -94.9184751, 29.7598869, 0.0 ], [ -94.918455, 29.7599081, 0.0 ], [ -94.9184346, 29.7599289, 0.0 ], [ -94.9184137, 29.7599495, 0.0 ], [ -94.9183926, 29.7599699, 0.0 ], [ -94.9183712, 29.7599901, 0.0 ], [ -94.9183496, 29.7600102, 0.0 ], [ -94.9183278, 29.7600303, 0.0 ], [ -94.918306, 29.7600502, 0.0 ], [ -94.9182841, 29.7600702, 0.0 ], [ -94.9182623, 29.7600901, 0.0 ], [ -94.9182406, 29.7601102, 0.0 ], [ -94.918219, 29.7601303, 0.0 ], [ -94.9181976, 29.7601506, 0.0 ], [ -94.9181765, 29.760171, 0.0 ], [ -94.9181557, 29.7601916, 0.0 ], [ -94.9181353, 29.7602125, 0.0 ], [ -94.9181153, 29.7602336, 0.0 ], [ -94.9180959, 29.7602552, 0.0 ], [ -94.9180777, 29.7602775, 0.0 ], [ -94.9180606, 29.7603005, 0.0 ], [ -94.9180445, 29.7603242, 0.0 ], [ -94.918029, 29.7603482, 0.0 ], [ -94.918014, 29.7603726, 0.0 ], [ -94.9179993, 29.7603971, 0.0 ], [ -94.9179846, 29.7604216, 0.0 ], [ -94.9179698, 29.7604459, 0.0 ], [ -94.9179547, 29.76047, 0.0 ], [ -94.9179395, 29.7604942, 0.0 ], [ -94.9179241, 29.7605183, 0.0 ], [ -94.9179088, 29.7605425, 0.0 ], [ -94.9178936, 29.7605667, 0.0 ], [ -94.9178786, 29.7605911, 0.0 ], [ -94.9178639, 29.7606155, 0.0 ], [ -94.9178496, 29.76064, 0.0 ], [ -94.9178358, 29.7606647, 0.0 ], [ -94.9178226, 29.7606896, 0.0 ], [ -94.91781, 29.7607147, 0.0 ], [ -94.9177983, 29.76074, 0.0 ], [ -94.9177875, 29.7607657, 0.0 ], [ -94.9177777, 29.7607918, 0.0 ], [ -94.9177689, 29.7608182, 0.0 ], [ -94.917761, 29.760845, 0.0 ], [ -94.9177539, 29.7608719, 0.0 ], [ -94.9177475, 29.7608991, 0.0 ], [ -94.9177419, 29.7609263, 0.0 ], [ -94.9177368, 29.7609535, 0.0 ], [ -94.9177322, 29.7609808, 0.0 ], [ -94.9177282, 29.7610079, 0.0 ], [ -94.9177253, 29.7610352, 0.0 ], [ -94.9177232, 29.7610626, 0.0 ], [ -94.9177218, 29.7610901, 0.0 ], [ -94.917721, 29.7611176, 0.0 ], [ -94.9177206, 29.7611452, 0.0 ], [ -94.9177205, 29.7611728, 0.0 ], [ -94.9177205, 29.7612004, 0.0 ], [ -94.9177203, 29.7612279, 0.0 ], [ -94.91772, 29.7612554, 0.0 ], [ -94.9177192, 29.761283, 0.0 ], [ -94.9177181, 29.7613106, 0.0 ], [ -94.9177169, 29.7613383, 0.0 ], [ -94.9177158, 29.7613659, 0.0 ], [ -94.9177151, 29.7613935, 0.0 ], [ -94.917715, 29.7614211, 0.0 ], [ -94.9177156, 29.7614486, 0.0 ], [ -94.9177172, 29.7614759, 0.0 ], [ -94.91772, 29.7615032, 0.0 ], [ -94.9177242, 29.7615302, 0.0 ], [ -94.9177295, 29.7615571, 0.0 ], [ -94.9177358, 29.761584, 0.0 ], [ -94.917743, 29.7616108, 0.0 ], [ -94.9177509, 29.7616374, 0.0 ], [ -94.9177594, 29.761664, 0.0 ], [ -94.9177683, 29.7616906, 0.0 ], [ -94.9177776, 29.761717, 0.0 ], [ -94.9177871, 29.7617434, 0.0 ], [ -94.9177966, 29.7617697, 0.0 ], [ -94.9178061, 29.7617959, 0.0 ], [ -94.9178158, 29.7618221, 0.0 ], [ -94.9178257, 29.7618482, 0.0 ], [ -94.9178359, 29.7618742, 0.0 ], [ -94.9178463, 29.7619001, 0.0 ], [ -94.917857, 29.761926, 0.0 ], [ -94.9178677, 29.7619519, 0.0 ], [ -94.9178785, 29.7619777, 0.0 ], [ -94.9178894, 29.7620035, 0.0 ], [ -94.9179003, 29.7620294, 0.0 ], [ -94.9179112, 29.7620552, 0.0 ], [ -94.9179219, 29.7620811, 0.0 ], [ -94.9179326, 29.762107, 0.0 ], [ -94.917943, 29.7621329, 0.0 ], [ -94.9179533, 29.7621589, 0.0 ], [ -94.9179632, 29.762185, 0.0 ], [ -94.917973, 29.7622112, 0.0 ], [ -94.9179826, 29.7622374, 0.0 ], [ -94.9179921, 29.7622636, 0.0 ], [ -94.9180018, 29.7622898, 0.0 ], [ -94.9180117, 29.7623159, 0.0 ], [ -94.9180218, 29.7623419, 0.0 ], [ -94.9180323, 29.7623678, 0.0 ], [ -94.9180433, 29.7623936, 0.0 ], [ -94.9180546, 29.7624193, 0.0 ], [ -94.9180662, 29.7624448, 0.0 ], [ -94.9180779, 29.7624703, 0.0 ], [ -94.9180899, 29.7624958, 0.0 ], [ -94.9181019, 29.7625212, 0.0 ], [ -94.918114, 29.7625466, 0.0 ], [ -94.9181261, 29.762572, 0.0 ], [ -94.9181381, 29.7625974, 0.0 ], [ -94.9181501, 29.7626229, 0.0 ], [ -94.9181618, 29.7626484, 0.0 ], [ -94.9181734, 29.762674, 0.0 ], [ -94.9181848, 29.7626996, 0.0 ], [ -94.918196, 29.7627253, 0.0 ], [ -94.9182071, 29.7627511, 0.0 ], [ -94.9182181, 29.7627768, 0.0 ], [ -94.9182291, 29.7628026, 0.0 ], [ -94.91824, 29.7628284, 0.0 ], [ -94.9182508, 29.7628543, 0.0 ], [ -94.9182617, 29.7628801, 0.0 ], [ -94.9182726, 29.7629059, 0.0 ], [ -94.9182836, 29.7629317, 0.0 ], [ -94.9182946, 29.7629574, 0.0 ], [ -94.9183058, 29.7629831, 0.0 ], [ -94.918317, 29.7630088, 0.0 ], [ -94.9183284, 29.7630345, 0.0 ], [ -94.9183399, 29.7630601, 0.0 ], [ -94.9183517, 29.7630856, 0.0 ], [ -94.9183636, 29.763111, 0.0 ], [ -94.9183757, 29.7631364, 0.0 ], [ -94.9183878, 29.7631618, 0.0 ], [ -94.9184, 29.7631872, 0.0 ], [ -94.9184122, 29.7632125, 0.0 ], [ -94.9184244, 29.7632379, 0.0 ], [ -94.9184365, 29.7632633, 0.0 ], [ -94.9184485, 29.7632887, 0.0 ], [ -94.9184603, 29.7633142, 0.0 ], [ -94.918472, 29.7633398, 0.0 ], [ -94.9184834, 29.7633654, 0.0 ], [ -94.9184947, 29.7633911, 0.0 ], [ -94.9185059, 29.7634168, 0.0 ], [ -94.918517, 29.7634425, 0.0 ], [ -94.9185281, 29.7634682, 0.0 ], [ -94.9185391, 29.763494, 0.0 ], [ -94.9185502, 29.7635198, 0.0 ], [ -94.9185611, 29.7635455, 0.0 ], [ -94.9185721, 29.7635713, 0.0 ], [ -94.918583, 29.7635971, 0.0 ], [ -94.9185939, 29.7636229, 0.0 ], [ -94.9186048, 29.7636487, 0.0 ], [ -94.9186156, 29.7636746, 0.0 ], [ -94.9186265, 29.7637004, 0.0 ], [ -94.9186373, 29.7637262, 0.0 ], [ -94.9186481, 29.763752, 0.0 ], [ -94.9186589, 29.7637779, 0.0 ], [ -94.9186697, 29.7638037, 0.0 ], [ -94.9186806, 29.7638295, 0.0 ], [ -94.9186914, 29.7638554, 0.0 ], [ -94.9187022, 29.7638812, 0.0 ], [ -94.918713, 29.763907, 0.0 ], [ -94.9187239, 29.7639329, 0.0 ], [ -94.9187347, 29.7639587, 0.0 ], [ -94.9187456, 29.7639845, 0.0 ], [ -94.9187565, 29.7640103, 0.0 ], [ -94.9187675, 29.7640361, 0.0 ], [ -94.9187784, 29.7640619, 0.0 ], [ -94.9187896, 29.7640876, 0.0 ], [ -94.9188011, 29.7641132, 0.0 ], [ -94.9188127, 29.7641388, 0.0 ], [ -94.9188244, 29.7641644, 0.0 ], [ -94.9188359, 29.76419, 0.0 ], [ -94.9188473, 29.7642156, 0.0 ], [ -94.9188584, 29.7642414, 0.0 ], [ -94.918869, 29.7642673, 0.0 ], [ -94.918879, 29.7642933, 0.0 ], [ -94.9188885, 29.7643195, 0.0 ], [ -94.9188977, 29.7643458, 0.0 ], [ -94.9189065, 29.7643722, 0.0 ], [ -94.918915, 29.7643987, 0.0 ], [ -94.9189231, 29.7644253, 0.0 ], [ -94.9189308, 29.764452, 0.0 ], [ -94.9189382, 29.7644788, 0.0 ], [ -94.9189453, 29.7645056, 0.0 ], [ -94.918952, 29.7645325, 0.0 ], [ -94.9189584, 29.7645594, 0.0 ], [ -94.9189646, 29.7645864, 0.0 ], [ -94.9189706, 29.7646135, 0.0 ], [ -94.9189761, 29.7646407, 0.0 ], [ -94.9189812, 29.7646679, 0.0 ], [ -94.9189856, 29.7646952, 0.0 ], [ -94.9189893, 29.7647225, 0.0 ], [ -94.9189921, 29.7647498, 0.0 ], [ -94.9189939, 29.7647771, 0.0 ], [ -94.9189944, 29.7648046, 0.0 ], [ -94.9189937, 29.7648321, 0.0 ], [ -94.9189918, 29.7648597, 0.0 ], [ -94.9189889, 29.7648873, 0.0 ], [ -94.918985, 29.7649147, 0.0 ], [ -94.9189803, 29.7649418, 0.0 ], [ -94.9189748, 29.7649688, 0.0 ], [ -94.9189683, 29.7649957, 0.0 ], [ -94.918961, 29.7650225, 0.0 ], [ -94.9189529, 29.7650491, 0.0 ], [ -94.9189443, 29.7650757, 0.0 ], [ -94.9189353, 29.7651021, 0.0 ], [ -94.9189259, 29.7651284, 0.0 ], [ -94.9189163, 29.7651546, 0.0 ], [ -94.9189064, 29.7651807, 0.0 ], [ -94.9188961, 29.7652068, 0.0 ], [ -94.9188853, 29.7652327, 0.0 ], [ -94.918874, 29.7652584, 0.0 ], [ -94.918862, 29.7652839, 0.0 ], [ -94.9188494, 29.765309, 0.0 ], [ -94.918836, 29.7653339, 0.0 ], [ -94.918822, 29.7653585, 0.0 ], [ -94.9188076, 29.765383, 0.0 ], [ -94.9187927, 29.7654073, 0.0 ], [ -94.9187773, 29.7654313, 0.0 ], [ -94.9187615, 29.7654552, 0.0 ], [ -94.9187451, 29.7654788, 0.0 ], [ -94.9187283, 29.765502, 0.0 ], [ -94.9187109, 29.765525, 0.0 ], [ -94.9186931, 29.7655476, 0.0 ], [ -94.9186753, 29.7655703, 0.0 ], [ -94.9186573, 29.765593, 0.0 ], [ -94.9186392, 29.7656156, 0.0 ], [ -94.9186209, 29.7656382, 0.0 ], [ -94.9186023, 29.7656605, 0.0 ], [ -94.9185835, 29.7656827, 0.0 ], [ -94.9185644, 29.7657047, 0.0 ], [ -94.918545, 29.7657264, 0.0 ], [ -94.9185252, 29.7657479, 0.0 ], [ -94.918505, 29.7657689, 0.0 ], [ -94.9184843, 29.7657896, 0.0 ], [ -94.9184632, 29.7658098, 0.0 ], [ -94.9184414, 29.7658295, 0.0 ], [ -94.9184188, 29.7658485, 0.0 ], [ -94.9183955, 29.7658669, 0.0 ], [ -94.9183716, 29.7658847, 0.0 ], [ -94.9183473, 29.7659022, 0.0 ], [ -94.9183226, 29.7659195, 0.0 ], [ -94.9182977, 29.7659366, 0.0 ], [ -94.9182728, 29.7659536, 0.0 ], [ -94.918248, 29.7659708, 0.0 ], [ -94.9182233, 29.7659881, 0.0 ], [ -94.9181991, 29.7660057, 0.0 ], [ -94.9181753, 29.7660238, 0.0 ], [ -94.9181521, 29.7660424, 0.0 ], [ -94.9181295, 29.7660615, 0.0 ], [ -94.9181072, 29.7660809, 0.0 ], [ -94.9180852, 29.7661006, 0.0 ], [ -94.9180634, 29.7661204, 0.0 ], [ -94.9180418, 29.7661405, 0.0 ], [ -94.9180204, 29.7661607, 0.0 ], [ -94.9179992, 29.766181, 0.0 ], [ -94.917978, 29.7662014, 0.0 ], [ -94.917957, 29.766222, 0.0 ], [ -94.917936, 29.7662426, 0.0 ], [ -94.9179151, 29.7662632, 0.0 ], [ -94.9178942, 29.7662838, 0.0 ], [ -94.9178732, 29.7663043, 0.0 ], [ -94.9178523, 29.7663249, 0.0 ], [ -94.9178317, 29.7663457, 0.0 ], [ -94.9178115, 29.7663668, 0.0 ], [ -94.9177915, 29.7663881, 0.0 ], [ -94.9177715, 29.7664095, 0.0 ], [ -94.9177516, 29.7664308, 0.0 ], [ -94.9177315, 29.766452, 0.0 ], [ -94.9177112, 29.766473, 0.0 ], [ -94.9176905, 29.7664937, 0.0 ], [ -94.9176693, 29.766514, 0.0 ], [ -94.9176476, 29.7665339, 0.0 ], [ -94.9176256, 29.7665537, 0.0 ], [ -94.9176032, 29.7665731, 0.0 ], [ -94.9175803, 29.7665921, 0.0 ], [ -94.9175571, 29.7666108, 0.0 ], [ -94.9175334, 29.766629, 0.0 ], [ -94.9175093, 29.7666467, 0.0 ], [ -94.9174847, 29.7666638, 0.0 ], [ -94.9174599, 29.7666808, 0.0 ], [ -94.9174349, 29.7666977, 0.0 ], [ -94.9174097, 29.7667144, 0.0 ], [ -94.9173843, 29.766731, 0.0 ], [ -94.9173586, 29.7667473, 0.0 ], [ -94.9173327, 29.7667631, 0.0 ], [ -94.9173065, 29.7667785, 0.0 ], [ -94.9172799, 29.7667933, 0.0 ], [ -94.9172697, 29.7667987, 0.0 ], [ -94.9157329, 29.7692394, 0.0 ], [ -94.9155889, 29.7693894, 0.0 ], [ -94.9162177, 29.7696907, 0.0 ], [ -94.9164822, 29.7698175, 0.0 ], [ -94.9168459, 29.7699917, 0.0 ], [ -94.9168705, 29.7702798, 0.0 ], [ -94.9172024, 29.7708043, 0.0 ], [ -94.9179381, 29.7709808, 0.0 ], [ -94.9189336, 29.7710612, 0.0 ], [ -94.9194718, 29.7711046, 0.0 ], [ -94.9198525, 29.7713653, 0.0 ], [ -94.9209068, 29.7714349, 0.0 ], [ -94.9217529, 29.7715964, 0.0 ], [ -94.9223236, 29.7712876, 0.0 ], [ -94.9232903, 29.7715853, 0.0 ], [ -94.9234784, 29.771556, 0.0 ], [ -94.9239275, 29.7711158, 0.0 ], [ -94.9243414, 29.7713283, 0.0 ], [ -94.9246734, 29.7713369, 0.0 ], [ -94.9250499, 29.7718542, 0.0 ], [ -94.9254888, 29.7720277, 0.0 ], [ -94.9261447, 29.7724144, 0.0 ], [ -94.9266854, 29.7726639, 0.0 ], [ -94.9274173, 29.7723412, 0.0 ], [ -94.9278158, 29.7722739, 0.0 ], [ -94.9283006, 29.7722014, 0.0 ], [ -94.9284199, 29.7721825, 0.0 ], [ -94.9281075, 29.7701814, 0.0 ], [ -94.9302631, 29.7698104, 0.0 ], [ -94.9303415, 29.7700085, 0.0 ], [ -94.9333554, 29.7718563, 0.0 ], [ -94.9322821, 29.7668783, 0.0 ], [ -94.9333958, 29.7667146, 0.0 ], [ -94.9351124, 29.7664622, 0.0 ], [ -94.9351947, 29.7669583, 0.0 ], [ -94.9358499, 29.7668631, 0.0 ], [ -94.9360032, 29.7676171, 0.0 ], [ -94.9363194, 29.7675641, 0.0 ], [ -94.9364521, 29.7682287, 0.0 ], [ -94.9372528, 29.7680955, 0.0 ], [ -94.9371706, 29.7677597, 0.0 ], [ -94.9373244, 29.7677355, 0.0 ], [ -94.9371971, 29.7671268, 0.0 ], [ -94.9393138, 29.7667521, 0.0 ], [ -94.9392248, 29.766185, 0.0 ], [ -94.9401568, 29.7660166, 0.0 ], [ -94.9402244, 29.7663549, 0.0 ], [ -94.9412617, 29.7661601, 0.0 ], [ -94.941387, 29.7666825, 0.0 ], [ -94.9416077, 29.7676029, 0.0 ], [ -94.9422062, 29.7699991, 0.0 ], [ -94.9437302, 29.7697237, 0.0 ], [ -94.9439845, 29.7696777, 0.0 ], [ -94.9447388, 29.7695413, 0.0 ], [ -94.9464776, 29.7667286, 0.0 ], [ -94.9467243, 29.7663294, 0.0 ], [ -94.9475263, 29.765032, 0.0 ], [ -94.9476085, 29.7648992, 0.0 ], [ -94.9483669, 29.7636722, 0.0 ], [ -94.9484218, 29.7635208, 0.0 ], [ -94.9491531, 29.7622546, 0.0 ], [ -94.9493336, 29.7619421, 0.0 ] ] ] } },
{ "type": "Feature", "properties": { "TRACT": "Winchestermud10" }, "geometry": { "type": "Polygon", "coordinates": [ [ [ -95.5636967, 29.9079272, 0.0 ], [ -95.5635553, 29.909364, 0.0 ], [ -95.5634087, 29.9095295, 0.0 ], [ -95.5632836, 29.9121248, 0.0 ], [ -95.563274, 29.9123249, 0.0 ], [ -95.5628698, 29.9142014, 0.0 ], [ -95.5622859, 29.9158911, 0.0 ], [ -95.5624745, 29.9160624, 0.0 ], [ -95.5616301, 29.9177675, 0.0 ], [ -95.5630674, 29.9177597, 0.0 ], [ -95.5630674, 29.9200021, 0.0 ], [ -95.5631033, 29.9230541, 0.0 ], [ -95.5777908, 29.9229529, 0.0 ], [ -95.5777459, 29.920407, 0.0 ], [ -95.5823812, 29.9203836, 0.0 ], [ -95.5823362, 29.9187486, 0.0 ], [ -95.583558, 29.9187486, 0.0 ], [ -95.5835759, 29.9193247, 0.0 ], [ -95.5845641, 29.9193247, 0.0 ], [ -95.5845192, 29.9152059, 0.0 ], [ -95.5843934, 29.9034012, 0.0 ], [ -95.5774853, 29.9034791, 0.0 ], [ -95.5774314, 29.8991415, 0.0 ], [ -95.570191, 29.8992427, 0.0 ], [ -95.5705414, 29.8995776, 0.0 ], [ -95.5710534, 29.9020696, 0.0 ], [ -95.5708534, 29.9037828, 0.0 ], [ -95.5636693, 29.9038606, 0.0 ], [ -95.5636967, 29.9079272, 0.0 ] ] ] } },
{ "type": "Feature", "properties": { "TRACT": "BaytownNortheast" }, "geometry": { "type": "MultiPolygon", "coordinates": [ [ [ [ -94.9497033, 29.8098436, 0.0 ], [ -94.9510029, 29.8069683, 0.0 ], [ -94.954819, 29.7985238, 0.0 ], [ -94.9481169, 29.7994987, 0.0 ], [ -94.9480816, 29.7993265, 0.0 ], [ -94.9406913, 29.80053, 0.0 ], [ -94.9364035, 29.8012281, 0.0 ], [ -94.9374337, 29.8072617, 0.0 ], [ -94.937495, 29.8076206, 0.0 ], [ -94.9376304, 29.8084135, 0.0 ], [ -94.937918, 29.8100978, 0.0 ], [ -94.938447, 29.8115502, 0.0 ], [ -94.9420224, 29.8110082, 0.0 ], [ -94.9497033, 29.8098436, 0.0 ] ] ], [ [ [ -94.9539568, 29.8091898, 0.0 ], [ -94.9518995, 29.809509, 0.0 ], [ -94.9497033, 29.8098436, 0.0 ], [ -94.9460485, 29.8179182, 0.0 ], [ -94.9450957, 29.8200229, 0.0 ], [ -94.9461341, 29.819868, 0.0 ], [ -94.9480262, 29.8195859, 0.0 ], [ -94.9548542, 29.8185674, 0.0 ], [ -94.9564287, 29.8258771, 0.0 ], [ -94.9643881, 29.8246145, 0.0 ], [ -94.9688678, 29.8239227, 0.0 ], [ -94.9696076, 29.8237863, 0.0 ], [ -94.9689799, 29.8239066, 0.0 ], [ -94.9684771, 29.8240029, 0.0 ], [ -94.96919, 29.8274933, 0.0 ], [ -94.9696226, 29.8275063, 0.0 ], [ -94.9698979, 29.8291177, 0.0 ], [ -94.9713466, 29.8288911, 0.0 ], [ -94.9740888, 29.828462, 0.0 ], [ -94.9735743, 29.8260382, 0.0 ], [ -94.9729438, 29.8230553, 0.0 ], [ -94.9729425, 29.8230492, 0.0 ], [ -94.9713115, 29.8232978, 0.0 ], [ -94.9695707, 29.8235631, 0.0 ], [ -94.9695649, 29.823564, 0.0 ], [ -94.9687553, 29.8193428, 0.0 ], [ -94.9690227, 29.8177397, 0.0 ], [ -94.9732872, 29.8157791, 0.0 ], [ -94.9733035, 29.8157716, 0.0 ], [ -94.971617, 29.8159367, 0.0 ], [ -94.9716114, 29.8159373, 0.0 ], [ -94.9703676, 29.8100675, 0.0 ], [ -94.9660068, 29.8105979, 0.0 ], [ -94.9660056, 29.810592, 0.0 ], [ -94.9659999, 29.8105927, 0.0 ], [ -94.9655292, 29.8084222, 0.0 ], [ -94.9656611, 29.8079272, 0.0 ], [ -94.9657037, 29.8073575, 0.0 ], [ -94.9656856, 29.8079305, 0.0 ], [ -94.9661298, 29.8078806, 0.0 ], [ -94.9665684, 29.8078383, 0.0 ], [ -94.967003, 29.8077963, 0.0 ], [ -94.9698827, 29.8073772, 0.0 ], [ -94.9736959, 29.806656, 0.0 ], [ -94.9785713, 29.8056254, 0.0 ], [ -94.98177, 29.8052527, 0.0 ], [ -94.9818603, 29.8052735, 0.0 ], [ -94.9818321, 29.8051155, 0.0 ], [ -94.9821708, 29.8050336, 0.0 ], [ -94.9819677, 29.8041571, 0.0 ], [ -94.9831684, 29.8039384, 0.0 ], [ -94.9846196, 29.8037796, 0.0 ], [ -94.98803, 29.8032941, 0.0 ], [ -94.9877607, 29.8018885, 0.0 ], [ -94.9873933, 29.7999702, 0.0 ], [ -94.9884271, 29.7998403, 0.0 ], [ -94.9877322, 29.7964962, 0.0 ], [ -94.9877265, 29.7964971, 0.0 ], [ -94.9877253, 29.796491, 0.0 ], [ -94.9863609, 29.7967207, 0.0 ], [ -94.9863553, 29.7967217, 0.0 ], [ -94.9859977, 29.7950855, 0.0 ], [ -94.9856833, 29.7935024, 0.0 ], [ -94.985106, 29.7905949, 0.0 ], [ -94.9843326, 29.7868256, 0.0 ], [ -94.9837816, 29.7843395, 0.0 ], [ -94.9833006, 29.782169, 0.0 ], [ -94.9829342, 29.7804421, 0.0 ], [ -94.9826302, 29.7789776, 0.0 ], [ -94.9823986, 29.7776266, 0.0 ], [ -94.9820318, 29.7761993, 0.0 ], [ -94.9819523, 29.7758545, 0.0 ], [ -94.9818646, 29.7758768, 0.0 ], [ -94.9784647, 29.7767421, 0.0 ], [ -94.9784626, 29.7767356, 0.0 ], [ -94.9784578, 29.7767368, 0.0 ], [ -94.9783764, 29.7764857, 0.0 ], [ -94.9783747, 29.7764804, 0.0 ], [ -94.9775727, 29.7764882, 0.0 ], [ -94.9775745, 29.7771022, 0.0 ], [ -94.9769429, 29.7772813, 0.0 ], [ -94.9764953, 29.7775766, 0.0 ], [ -94.975, 29.777315, 0.0 ], [ -94.9749932, 29.7773139, 0.0 ], [ -94.9749112, 29.7755665, 0.0 ], [ -94.9748633, 29.7741391, 0.0 ], [ -94.9756686, 29.7741173, 0.0 ], [ -94.9767222, 29.7740889, 0.0 ], [ -94.9767081, 29.7736078, 0.0 ], [ -94.97731, 29.7735916, 0.0 ], [ -94.9772534, 29.7719966, 0.0 ], [ -94.9772175, 29.7709822, 0.0 ], [ -94.9767897, 29.7709964, 0.0 ], [ -94.9767897, 29.770991, 0.0 ], [ -94.9767828, 29.7709912, 0.0 ], [ -94.9767791, 29.7705455, 0.0 ], [ -94.9756182, 29.7705514, 0.0 ], [ -94.9756181, 29.7705514, 0.0 ], [ -94.975517, 29.7705513, 0.0 ], [ -94.9731332, 29.7726762, 0.0 ], [ -94.9675801, 29.7726333, 0.0 ], [ -94.9675511, 29.7712285, 0.0 ], [ -94.9675462, 29.7709913, 0.0 ], [ -94.967529, 29.7701592, 0.0 ], [ -94.967194, 29.7701491, 0.0 ], [ -94.9669153, 29.7699645, 0.0 ], [ -94.9669272, 29.7696637, 0.0 ], [ -94.9677095, 29.7696444, 0.0 ], [ -94.9688384, 29.7696164, 0.0 ], [ -94.9688349, 29.7693393, 0.0 ], [ -94.9688232, 29.7684269, 0.0 ], [ -94.9689915, 29.7684157, 0.0 ], [ -94.9704136, 29.7684747, 0.0 ], [ -94.9703629, 29.7677071, 0.0 ], [ -94.971111, 29.767678, 0.0 ], [ -94.9712949, 29.7676709, 0.0 ], [ -94.971302, 29.7674909, 0.0 ], [ -94.972479, 29.767435, 0.0 ], [ -94.9733128, 29.7673955, 0.0 ], [ -94.973528, 29.7674014, 0.0 ], [ -94.9735727, 29.7670798, 0.0 ], [ -94.9736086, 29.7668227, 0.0 ], [ -94.9744041, 29.7668039, 0.0 ], [ -94.9744089, 29.7664967, 0.0 ], [ -94.9744079, 29.7648366, 0.0 ], [ -94.9744085, 29.7645095, 0.0 ], [ -94.9744106, 29.7633739, 0.0 ], [ -94.9744119, 29.7627272, 0.0 ], [ -94.9720364, 29.7627521, 0.0 ], [ -94.9705498, 29.7627676, 0.0 ], [ -94.9701272, 29.7631533, 0.0 ], [ -94.9690398, 29.7631317, 0.0 ], [ -94.9685126, 29.7631213, 0.0 ], [ -94.9679839, 29.7631108, 0.0 ], [ -94.9678886, 29.7646666, 0.0 ], [ -94.967858, 29.7654405, 0.0 ], [ -94.967799, 29.7669334, 0.0 ], [ -94.9673439, 29.7669355, 0.0 ], [ -94.9661426, 29.7669409, 0.0 ], [ -94.9661257, 29.7661758, 0.0 ], [ -94.9659868, 29.7661564, 0.0 ], [ -94.9653916, 29.766073, 0.0 ], [ -94.9654112, 29.7655774, 0.0 ], [ -94.9654373, 29.7649167, 0.0 ], [ -94.9647559, 29.7649089, 0.0 ], [ -94.9640138, 29.7649004, 0.0 ], [ -94.9639709, 29.7657043, 0.0 ], [ -94.9639424, 29.7662368, 0.0 ], [ -94.9638938, 29.7671476, 0.0 ], [ -94.9633873, 29.7671795, 0.0 ], [ -94.9626989, 29.7672228, 0.0 ], [ -94.9625964, 29.7666866, 0.0 ], [ -94.9609191, 29.7670067, 0.0 ], [ -94.9601297, 29.7671453, 0.0 ], [ -94.9590538, 29.7673453, 0.0 ], [ -94.9588965, 29.7660549, 0.0 ], [ -94.9588604, 29.7657589, 0.0 ], [ -94.9585899, 29.7641476, 0.0 ], [ -94.9623522, 29.763537, 0.0 ], [ -94.9614856, 29.7636707, 0.0 ], [ -94.9594119, 29.7639906, 0.0 ], [ -94.9583365, 29.7641522, 0.0 ], [ -94.9574672, 29.7642618, 0.0 ], [ -94.9571163, 29.764306, 0.0 ], [ -94.9568334, 29.7643417, 0.0 ], [ -94.9564137, 29.7643946, 0.0 ], [ -94.9555889, 29.7644986, 0.0 ], [ -94.9554131, 29.7636777, 0.0 ], [ -94.9552948, 29.7631256, 0.0 ], [ -94.9552329, 29.7628366, 0.0 ], [ -94.9528232, 29.7632275, 0.0 ], [ -94.9519185, 29.7633743, 0.0 ], [ -94.9504341, 29.7636151, 0.0 ], [ -94.9492536, 29.7638066, 0.0 ], [ -94.9490301, 29.7638429, 0.0 ], [ -94.9481913, 29.7639789, 0.0 ], [ -94.9475263, 29.765032, 0.0 ], [ -94.9467243, 29.7663294, 0.0 ], [ -94.9464776, 29.7667286, 0.0 ], [ -94.9447388, 29.7695413, 0.0 ], [ -94.9439845, 29.7696777, 0.0 ], [ -94.9437302, 29.7697237, 0.0 ], [ -94.9422062, 29.7699991, 0.0 ], [ -94.9418535, 29.7686277, 0.0 ], [ -94.9416077, 29.7676029, 0.0 ], [ -94.941387, 29.7666825, 0.0 ], [ -94.9412617, 29.7661601, 0.0 ], [ -94.9402244, 29.7663549, 0.0 ], [ -94.9401568, 29.7660166, 0.0 ], [ -94.9392248, 29.766185, 0.0 ], [ -94.9393138, 29.7667521, 0.0 ], [ -94.9371971, 29.7671268, 0.0 ], [ -94.9373244, 29.7677355, 0.0 ], [ -94.9371706, 29.7677597, 0.0 ], [ -94.9372528, 29.7680955, 0.0 ], [ -94.9364521, 29.7682287, 0.0 ], [ -94.9363194, 29.7675641, 0.0 ], [ -94.9360032, 29.7676171, 0.0 ], [ -94.9358499, 29.7668631, 0.0 ], [ -94.9351947, 29.7669583, 0.0 ], [ -94.9351124, 29.7664622, 0.0 ], [ -94.9333958, 29.7667146, 0.0 ], [ -94.9322821, 29.7668783, 0.0 ], [ -94.9333554, 29.7718563, 0.0 ], [ -94.9315922, 29.7707754, 0.0 ], [ -94.9303415, 29.7700085, 0.0 ], [ -94.9302631, 29.7698104, 0.0 ], [ -94.9281075, 29.7701814, 0.0 ], [ -94.9284199, 29.7721825, 0.0 ], [ -94.9283006, 29.7722014, 0.0 ], [ -94.9274173, 29.7723412, 0.0 ], [ -94.9266854, 29.7726639, 0.0 ], [ -94.9261447, 29.7724144, 0.0 ], [ -94.9254888, 29.7720277, 0.0 ], [ -94.9250499, 29.7718542, 0.0 ], [ -94.9246734, 29.7713369, 0.0 ], [ -94.9243414, 29.7713283, 0.0 ], [ -94.9239275, 29.7711158, 0.0 ], [ -94.9234784, 29.771556, 0.0 ], [ -94.9232903, 29.7715853, 0.0 ], [ -94.9223236, 29.7712876, 0.0 ], [ -94.9217529, 29.7715964, 0.0 ], [ -94.9209068, 29.7714349, 0.0 ], [ -94.9207354, 29.7714022, 0.0 ], [ -94.9198525, 29.7713653, 0.0 ], [ -94.9194718, 29.7711046, 0.0 ], [ -94.9189336, 29.7710612, 0.0 ], [ -94.9179381, 29.7709808, 0.0 ], [ -94.9172024, 29.7708043, 0.0 ], [ -94.9168705, 29.7702798, 0.0 ], [ -94.9168459, 29.7699917, 0.0 ], [ -94.9167197, 29.7700257, 0.0 ], [ -94.9158728, 29.7698528, 0.0 ], [ -94.9150657, 29.7696882, 0.0 ], [ -94.9150519, 29.769685, 0.0 ], [ -94.9148052, 29.7706763, 0.0 ], [ -94.9145621, 29.7710523, 0.0 ], [ -94.9142195, 29.7714106, 0.0 ], [ -94.9135728, 29.7719634, 0.0 ], [ -94.9127341, 29.7726468, 0.0 ], [ -94.9126224, 29.7727821, 0.0 ], [ -94.912526, 29.7729648, 0.0 ], [ -94.9101596, 29.773352, 0.0 ], [ -94.9106931, 29.7763974, 0.0 ], [ -94.9114671, 29.7762973, 0.0 ], [ -94.9109208, 29.7790645, 0.0 ], [ -94.9106908, 29.7802259, 0.0 ], [ -94.9105519, 29.7809163, 0.0 ], [ -94.9031356, 29.7821581, 0.0 ], [ -94.903911, 29.7849193, 0.0 ], [ -94.9042666, 29.7861858, 0.0 ], [ -94.9054383, 29.7859958, 0.0 ], [ -94.9053495, 29.7855488, 0.0 ], [ -94.9062708, 29.7854368, 0.0 ], [ -94.906599, 29.7864228, 0.0 ], [ -94.909635, 29.785765, 0.0 ], [ -94.9095862, 29.7869828, 0.0 ], [ -94.9094643, 29.7870033, 0.0 ], [ -94.9095575, 29.7874569, 0.0 ], [ -94.9040521, 29.7883638, 0.0 ], [ -94.9047276, 29.7908511, 0.0 ], [ -94.9054505, 29.7907699, 0.0 ], [ -94.9056039, 29.7914969, 0.0 ], [ -94.9084504, 29.7910678, 0.0 ], [ -94.9079879, 29.7920574, 0.0 ], [ -94.9069223, 29.7937181, 0.0 ], [ -94.9061164, 29.7938922, 0.0 ], [ -94.9063194, 29.7945913, 0.0 ], [ -94.9063115, 29.7947891, 0.0 ], [ -94.9062372, 29.7947539, 0.0 ], [ -94.9046533, 29.7970093, 0.0 ], [ -94.9037982, 29.798227, 0.0 ], [ -94.9033344, 29.7993043, 0.0 ], [ -94.9034129, 29.7997326, 0.0 ], [ -94.8985736, 29.8005437, 0.0 ], [ -94.8923545, 29.8015456, 0.0 ], [ -94.8885374, 29.8021712, 0.0 ], [ -94.8849154, 29.8027647, 0.0 ], [ -94.883734, 29.8029583, 0.0 ], [ -94.8843193, 29.8064313, 0.0 ], [ -94.8846504, 29.8083955, 0.0 ], [ -94.8910172, 29.8073554, 0.0 ], [ -94.8911754, 29.8073299, 0.0 ], [ -94.8917701, 29.8103814, 0.0 ], [ -94.8920009, 29.8115656, 0.0 ], [ -94.8925575, 29.8144507, 0.0 ], [ -94.8926242, 29.8148005, 0.0 ], [ -94.8940254, 29.8145738, 0.0 ], [ -94.8948357, 29.8181881, 0.0 ], [ -94.8952154, 29.819969, 0.0 ], [ -94.8954952, 29.8212816, 0.0 ], [ -94.8974092, 29.8208711, 0.0 ], [ -94.8989522, 29.8205401, 0.0 ], [ -94.8995878, 29.8205446, 0.0 ], [ -94.9001791, 29.8205596, 0.0 ], [ -94.9011303, 29.8206028, 0.0 ], [ -94.9021111, 29.8206475, 0.0 ], [ -94.9031963, 29.8206731, 0.0 ], [ -94.9044756, 29.8207032, 0.0 ], [ -94.9061228, 29.8206503, 0.0 ], [ -94.9061256, 29.8206381, 0.0 ], [ -94.9067997, 29.820643, 0.0 ], [ -94.9073739, 29.8206473, 0.0 ], [ -94.9084753, 29.8206554, 0.0 ], [ -94.9098625, 29.8206656, 0.0 ], [ -94.90982, 29.8201682, 0.0 ], [ -94.9097685, 29.8195656, 0.0 ], [ -94.9101649, 29.8194617, 0.0 ], [ -94.9106189, 29.8193427, 0.0 ], [ -94.9104096, 29.8189125, 0.0 ], [ -94.910223, 29.8185289, 0.0 ], [ -94.9103464, 29.818492, 0.0 ], [ -94.9103471, 29.8184912, 0.0 ], [ -94.9103481, 29.8184901, 0.0 ], [ -94.9103491, 29.818489, 0.0 ], [ -94.9103501, 29.818488, 0.0 ], [ -94.9103511, 29.8184869, 0.0 ], [ -94.9103521, 29.8184858, 0.0 ], [ -94.9103531, 29.8184848, 0.0 ], [ -94.9103542, 29.8184837, 0.0 ], [ -94.9103552, 29.8184827, 0.0 ], [ -94.9103562, 29.8184816, 0.0 ], [ -94.9103573, 29.8184806, 0.0 ], [ -94.9103584, 29.8184796, 0.0 ], [ -94.9103594, 29.8184786, 0.0 ], [ -94.9103605, 29.8184776, 0.0 ], [ -94.9103616, 29.8184765, 0.0 ], [ -94.9103627, 29.8184755, 0.0 ], [ -94.9103638, 29.8184746, 0.0 ], [ -94.9103649, 29.8184736, 0.0 ], [ -94.9103661, 29.8184726, 0.0 ], [ -94.9103672, 29.8184716, 0.0 ], [ -94.9103684, 29.8184706, 0.0 ], [ -94.9103695, 29.8184697, 0.0 ], [ -94.9103707, 29.8184687, 0.0 ], [ -94.9103718, 29.8184678, 0.0 ], [ -94.910373, 29.8184669, 0.0 ], [ -94.9103742, 29.8184659, 0.0 ], [ -94.9103754, 29.818465, 0.0 ], [ -94.9103766, 29.8184641, 0.0 ], [ -94.9103778, 29.8184632, 0.0 ], [ -94.910379, 29.8184623, 0.0 ], [ -94.9103802, 29.8184614, 0.0 ], [ -94.9103815, 29.8184605, 0.0 ], [ -94.9103827, 29.8184596, 0.0 ], [ -94.910384, 29.8184588, 0.0 ], [ -94.9103852, 29.8184579, 0.0 ], [ -94.9103865, 29.818457, 0.0 ], [ -94.9103877, 29.8184562, 0.0 ], [ -94.910389, 29.8184553, 0.0 ], [ -94.9103903, 29.8184545, 0.0 ], [ -94.9103916, 29.8184537, 0.0 ], [ -94.9103929, 29.8184529, 0.0 ], [ -94.9103942, 29.8184521, 0.0 ], [ -94.9103955, 29.8184513, 0.0 ], [ -94.9103968, 29.8184505, 0.0 ], [ -94.9103981, 29.8184497, 0.0 ], [ -94.9103995, 29.8184489, 0.0 ], [ -94.9104008, 29.8184481, 0.0 ], [ -94.9104022, 29.8184474, 0.0 ], [ -94.9104035, 29.8184466, 0.0 ], [ -94.9104049, 29.8184459, 0.0 ], [ -94.9104062, 29.8184451, 0.0 ], [ -94.9104076, 29.8184444, 0.0 ], [ -94.910409, 29.8184437, 0.0 ], [ -94.9104104, 29.818443, 0.0 ], [ -94.9104118, 29.8184423, 0.0 ], [ -94.9104132, 29.8184416, 0.0 ], [ -94.9104146, 29.8184409, 0.0 ], [ -94.910416, 29.8184402, 0.0 ], [ -94.9104174, 29.8184395, 0.0 ], [ -94.9104188, 29.8184389, 0.0 ], [ -94.9104202, 29.8184382, 0.0 ], [ -94.9104217, 29.8184376, 0.0 ], [ -94.9104231, 29.8184369, 0.0 ], [ -94.9104245, 29.8184363, 0.0 ], [ -94.910426, 29.8184357, 0.0 ], [ -94.9104274, 29.8184351, 0.0 ], [ -94.9104289, 29.8184345, 0.0 ], [ -94.9104304, 29.8184339, 0.0 ], [ -94.9104318, 29.8184333, 0.0 ], [ -94.9104333, 29.8184327, 0.0 ], [ -94.9104348, 29.8184322, 0.0 ], [ -94.9104363, 29.8184316, 0.0 ], [ -94.9104378, 29.8184311, 0.0 ], [ -94.9104392, 29.8184305, 0.0 ], [ -94.9104407, 29.81843, 0.0 ], [ -94.9104422, 29.8184295, 0.0 ], [ -94.9104437, 29.818429, 0.0 ], [ -94.9104453, 29.8184284, 0.0 ], [ -94.9104468, 29.818428, 0.0 ], [ -94.9104483, 29.8184275, 0.0 ], [ -94.9104498, 29.818427, 0.0 ], [ -94.9104514, 29.8184265, 0.0 ], [ -94.9104529, 29.8184261, 0.0 ], [ -94.9104544, 29.8184256, 0.0 ], [ -94.910456, 29.8184252, 0.0 ], [ -94.9104575, 29.8184247, 0.0 ], [ -94.9104591, 29.8184243, 0.0 ], [ -94.9104606, 29.8184239, 0.0 ], [ -94.9104622, 29.8184235, 0.0 ], [ -94.9104637, 29.8184231, 0.0 ], [ -94.9104653, 29.8184227, 0.0 ], [ -94.9104668, 29.8184224, 0.0 ], [ -94.9104688, 29.8184219, 0.0 ], [ -94.9105955, 29.8184177, 0.0 ], [ -94.9108572, 29.818409, 0.0 ], [ -94.9108622, 29.8184092, 0.0 ], [ -94.9108672, 29.8184093, 0.0 ], [ -94.9108722, 29.8184093, 0.0 ], [ -94.9108772, 29.8184092, 0.0 ], [ -94.9108822, 29.8184091, 0.0 ], [ -94.9108872, 29.8184089, 0.0 ], [ -94.9108922, 29.8184086, 0.0 ], [ -94.9108972, 29.8184083, 0.0 ], [ -94.9109022, 29.8184079, 0.0 ], [ -94.9109072, 29.8184073, 0.0 ], [ -94.9109122, 29.8184068, 0.0 ], [ -94.9109171, 29.8184061, 0.0 ], [ -94.9109221, 29.8184054, 0.0 ], [ -94.910927, 29.8184046, 0.0 ], [ -94.9109319, 29.8184037, 0.0 ], [ -94.9109368, 29.8184027, 0.0 ], [ -94.9109417, 29.8184017, 0.0 ], [ -94.9109465, 29.8184006, 0.0 ], [ -94.9109514, 29.8183994, 0.0 ], [ -94.9109562, 29.8183981, 0.0 ], [ -94.9109609, 29.8183968, 0.0 ], [ -94.9109657, 29.8183954, 0.0 ], [ -94.9109704, 29.8183939, 0.0 ], [ -94.9109751, 29.8183924, 0.0 ], [ -94.9109798, 29.8183907, 0.0 ], [ -94.9109844, 29.8183891, 0.0 ], [ -94.910989, 29.8183873, 0.0 ], [ -94.9109936, 29.8183855, 0.0 ], [ -94.9109981, 29.8183836, 0.0 ], [ -94.9110026, 29.8183816, 0.0 ], [ -94.9110071, 29.8183796, 0.0 ], [ -94.9110115, 29.8183775, 0.0 ], [ -94.9110159, 29.8183753, 0.0 ], [ -94.9110202, 29.818373, 0.0 ], [ -94.9110245, 29.8183707, 0.0 ], [ -94.9110287, 29.8183684, 0.0 ], [ -94.9110329, 29.8183659, 0.0 ], [ -94.911037, 29.8183634, 0.0 ], [ -94.9110411, 29.8183609, 0.0 ], [ -94.9110452, 29.8183583, 0.0 ], [ -94.9110492, 29.8183556, 0.0 ], [ -94.9110531, 29.8183528, 0.0 ], [ -94.911057, 29.81835, 0.0 ], [ -94.9110608, 29.8183472, 0.0 ], [ -94.9110646, 29.8183443, 0.0 ], [ -94.9110683, 29.8183413, 0.0 ], [ -94.9110719, 29.8183383, 0.0 ], [ -94.9110755, 29.8183352, 0.0 ], [ -94.911079, 29.818332, 0.0 ], [ -94.9110825, 29.8183288, 0.0 ], [ -94.9110859, 29.8183256, 0.0 ], [ -94.9110893, 29.8183223, 0.0 ], [ -94.9110925, 29.818319, 0.0 ], [ -94.9110957, 29.8183156, 0.0 ], [ -94.9110989, 29.8183121, 0.0 ], [ -94.9111019, 29.8183086, 0.0 ], [ -94.9111049, 29.8183051, 0.0 ], [ -94.9111079, 29.8183015, 0.0 ], [ -94.9111107, 29.8182979, 0.0 ], [ -94.9111135, 29.8182942, 0.0 ], [ -94.9111162, 29.8182905, 0.0 ], [ -94.9111189, 29.8182868, 0.0 ], [ -94.9111214, 29.818283, 0.0 ], [ -94.9111239, 29.8182792, 0.0 ], [ -94.9111263, 29.8182753, 0.0 ], [ -94.9111287, 29.8182714, 0.0 ], [ -94.9111309, 29.8182675, 0.0 ], [ -94.9111331, 29.8182635, 0.0 ], [ -94.9111352, 29.8182595, 0.0 ], [ -94.9111372, 29.8182555, 0.0 ], [ -94.9111392, 29.8182514, 0.0 ], [ -94.911141, 29.8182473, 0.0 ], [ -94.9111428, 29.8182432, 0.0 ], [ -94.9111445, 29.8182391, 0.0 ], [ -94.9111461, 29.8182349, 0.0 ], [ -94.9111476, 29.8182307, 0.0 ], [ -94.9111491, 29.8182265, 0.0 ], [ -94.9111505, 29.8182223, 0.0 ], [ -94.9111517, 29.818218, 0.0 ], [ -94.9111529, 29.8182137, 0.0 ], [ -94.911154, 29.8182095, 0.0 ], [ -94.9111551, 29.8182052, 0.0 ], [ -94.911156, 29.8182008, 0.0 ], [ -94.9111568, 29.8181965, 0.0 ], [ -94.9111576, 29.8181922, 0.0 ], [ -94.9111583, 29.8181878, 0.0 ], [ -94.9111589, 29.8181835, 0.0 ], [ -94.9111594, 29.8181791, 0.0 ], [ -94.9111598, 29.8181747, 0.0 ], [ -94.9111601, 29.8181703, 0.0 ], [ -94.9111604, 29.8181659, 0.0 ], [ -94.9111605, 29.8181616, 0.0 ], [ -94.9111606, 29.8181572, 0.0 ], [ -94.9111606, 29.8181528, 0.0 ], [ -94.9111605, 29.8181484, 0.0 ], [ -94.9111603, 29.818144, 0.0 ], [ -94.91116, 29.8181396, 0.0 ], [ -94.9111597, 29.8181352, 0.0 ], [ -94.9111592, 29.8181309, 0.0 ], [ -94.9111587, 29.8181265, 0.0 ], [ -94.911158, 29.8181222, 0.0 ], [ -94.9111573, 29.8181178, 0.0 ], [ -94.9111565, 29.8181135, 0.0 ], [ -94.9111556, 29.8181092, 0.0 ], [ -94.9111547, 29.8181049, 0.0 ], [ -94.9111536, 29.8181006, 0.0 ], [ -94.9111525, 29.8180963, 0.0 ], [ -94.9111512, 29.8180921, 0.0 ], [ -94.9111486, 29.818084, 0.0 ], [ -94.9111258, 29.8180622, 0.0 ], [ -94.9111067, 29.8180434, 0.0 ], [ -94.9110881, 29.8180243, 0.0 ], [ -94.9110698, 29.818005, 0.0 ], [ -94.9110519, 29.8179853, 0.0 ], [ -94.9110344, 29.8179654, 0.0 ], [ -94.9110174, 29.8179452, 0.0 ], [ -94.9110007, 29.8179247, 0.0 ], [ -94.9109844, 29.817904, 0.0 ], [ -94.9109686, 29.8178831, 0.0 ], [ -94.9109532, 29.8178619, 0.0 ], [ -94.9109382, 29.8178404, 0.0 ], [ -94.9109236, 29.8178188, 0.0 ], [ -94.9109095, 29.8177969, 0.0 ], [ -94.9108947, 29.8177747, 0.0 ], [ -94.9108804, 29.8177523, 0.0 ], [ -94.9108665, 29.8177297, 0.0 ], [ -94.9108531, 29.8177068, 0.0 ], [ -94.9108402, 29.8176838, 0.0 ], [ -94.9108278, 29.8176607, 0.0 ], [ -94.9108158, 29.8176373, 0.0 ], [ -94.9108044, 29.8176138, 0.0 ], [ -94.9107934, 29.8175901, 0.0 ], [ -94.9107829, 29.8175663, 0.0 ], [ -94.9107729, 29.8175424, 0.0 ], [ -94.9107634, 29.8175183, 0.0 ], [ -94.9107544, 29.817494, 0.0 ], [ -94.9107459, 29.8174697, 0.0 ], [ -94.9107379, 29.8174452, 0.0 ], [ -94.9107305, 29.8174206, 0.0 ], [ -94.9107235, 29.8173959, 0.0 ], [ -94.9107171, 29.8173712, 0.0 ], [ -94.9107111, 29.8173463, 0.0 ], [ -94.9107057, 29.8173214, 0.0 ], [ -94.9107008, 29.8172964, 0.0 ], [ -94.9106964, 29.8172713, 0.0 ], [ -94.9106926, 29.8172462, 0.0 ], [ -94.9106892, 29.8172211, 0.0 ], [ -94.9106864, 29.8171959, 0.0 ], [ -94.9106842, 29.8171706, 0.0 ], [ -94.9106824, 29.8171454, 0.0 ], [ -94.9106812, 29.8171201, 0.0 ], [ -94.9106805, 29.8170948, 0.0 ], [ -94.9106803, 29.8170696, 0.0 ], [ -94.9106806, 29.8170443, 0.0 ], [ -94.9106815, 29.817019, 0.0 ], [ -94.910371, 29.8165911, 0.0 ], [ -94.9103695, 29.8165904, 0.0 ], [ -94.9103681, 29.8165898, 0.0 ], [ -94.9103667, 29.8165891, 0.0 ], [ -94.9103652, 29.8165885, 0.0 ], [ -94.9103638, 29.8165878, 0.0 ], [ -94.9103624, 29.8165871, 0.0 ], [ -94.9103609, 29.8165864, 0.0 ], [ -94.9103595, 29.8165857, 0.0 ], [ -94.9103581, 29.816585, 0.0 ], [ -94.9103567, 29.8165843, 0.0 ], [ -94.9103553, 29.8165836, 0.0 ], [ -94.9103539, 29.8165829, 0.0 ], [ -94.9103524, 29.8165822, 0.0 ], [ -94.910351, 29.8165815, 0.0 ], [ -94.9103497, 29.8165808, 0.0 ], [ -94.9103483, 29.81658, 0.0 ], [ -94.9103469, 29.8165793, 0.0 ], [ -94.9103455, 29.8165785, 0.0 ], [ -94.9103441, 29.8165778, 0.0 ], [ -94.9103427, 29.816577, 0.0 ], [ -94.9103414, 29.8165763, 0.0 ], [ -94.91034, 29.8165755, 0.0 ], [ -94.9103386, 29.8165747, 0.0 ], [ -94.9103373, 29.8165739, 0.0 ], [ -94.9103359, 29.8165731, 0.0 ], [ -94.9103346, 29.8165723, 0.0 ], [ -94.9103332, 29.8165716, 0.0 ], [ -94.9103319, 29.8165708, 0.0 ], [ -94.9103306, 29.8165699, 0.0 ], [ -94.9103292, 29.8165691, 0.0 ], [ -94.9103279, 29.8165683, 0.0 ], [ -94.9103266, 29.8165675, 0.0 ], [ -94.9103253, 29.8165667, 0.0 ], [ -94.910324, 29.8165658, 0.0 ], [ -94.9103227, 29.816565, 0.0 ], [ -94.9103214, 29.8165641, 0.0 ], [ -94.9103201, 29.8165633, 0.0 ], [ -94.9103188, 29.8165624, 0.0 ], [ -94.9103175, 29.8165616, 0.0 ], [ -94.9103162, 29.8165607, 0.0 ], [ -94.9103149, 29.8165598, 0.0 ], [ -94.9103137, 29.816559, 0.0 ], [ -94.9103124, 29.8165581, 0.0 ], [ -94.9103111, 29.8165572, 0.0 ], [ -94.9103099, 29.8165563, 0.0 ], [ -94.9103086, 29.8165554, 0.0 ], [ -94.9103074, 29.8165545, 0.0 ], [ -94.9103062, 29.8165536, 0.0 ], [ -94.9103049, 29.8165527, 0.0 ], [ -94.9103037, 29.8165518, 0.0 ], [ -94.9103025, 29.8165508, 0.0 ], [ -94.9103012, 29.8165499, 0.0 ], [ -94.9103, 29.816549, 0.0 ], [ -94.9102988, 29.8165481, 0.0 ], [ -94.9102987, 29.816548, 0.0 ], [ -94.9102986, 29.8165479, 0.0 ], [ -94.9102976, 29.8165471, 0.0 ], [ -94.9102964, 29.8165462, 0.0 ], [ -94.9102952, 29.8165452, 0.0 ], [ -94.910294, 29.8165443, 0.0 ], [ -94.9102929, 29.8165433, 0.0 ], [ -94.9102917, 29.8165423, 0.0 ], [ -94.9102905, 29.8165414, 0.0 ], [ -94.9102894, 29.8165404, 0.0 ], [ -94.9102882, 29.8165394, 0.0 ], [ -94.910287, 29.8165384, 0.0 ], [ -94.9102859, 29.8165374, 0.0 ], [ -94.9102847, 29.8165364, 0.0 ], [ -94.9102836, 29.8165354, 0.0 ], [ -94.9102825, 29.8165344, 0.0 ], [ -94.9102814, 29.8165334, 0.0 ], [ -94.9102802, 29.8165324, 0.0 ], [ -94.9102791, 29.8165314, 0.0 ], [ -94.910278, 29.8165304, 0.0 ], [ -94.9102769, 29.8165294, 0.0 ], [ -94.9102758, 29.8165283, 0.0 ], [ -94.9102747, 29.8165273, 0.0 ], [ -94.9102737, 29.8165263, 0.0 ], [ -94.9102726, 29.8165252, 0.0 ], [ -94.9102715, 29.8165242, 0.0 ], [ -94.9102704, 29.8165231, 0.0 ], [ -94.9102694, 29.8165221, 0.0 ], [ -94.9102683, 29.816521, 0.0 ], [ -94.9102673, 29.8165199, 0.0 ], [ -94.9102662, 29.8165189, 0.0 ], [ -94.9102652, 29.8165178, 0.0 ], [ -94.9102642, 29.8165167, 0.0 ], [ -94.9102632, 29.8165156, 0.0 ], [ -94.9102621, 29.8165146, 0.0 ], [ -94.9102611, 29.8165135, 0.0 ], [ -94.9102601, 29.8165124, 0.0 ], [ -94.9102591, 29.8165113, 0.0 ], [ -94.9102581, 29.8165102, 0.0 ], [ -94.9102571, 29.8165091, 0.0 ], [ -94.9102562, 29.816508, 0.0 ], [ -94.9102552, 29.8165068, 0.0 ], [ -94.9102542, 29.8165057, 0.0 ], [ -94.9102533, 29.8165046, 0.0 ], [ -94.9102523, 29.8165035, 0.0 ], [ -94.9102514, 29.8165024, 0.0 ], [ -94.9102504, 29.8165012, 0.0 ], [ -94.9102495, 29.8165001, 0.0 ], [ -94.9102486, 29.816499, 0.0 ], [ -94.9102477, 29.8164978, 0.0 ], [ -94.9102467, 29.8164967, 0.0 ], [ -94.9102458, 29.8164955, 0.0 ], [ -94.9102449, 29.8164944, 0.0 ], [ -94.910244, 29.8164932, 0.0 ], [ -94.9102432, 29.816492, 0.0 ], [ -94.9102423, 29.8164909, 0.0 ], [ -94.9102414, 29.8164897, 0.0 ], [ -94.9102405, 29.8164885, 0.0 ], [ -94.9102397, 29.8164874, 0.0 ], [ -94.9102388, 29.8164862, 0.0 ], [ -94.910238, 29.816485, 0.0 ], [ -94.9102371, 29.8164838, 0.0 ], [ -94.9102363, 29.8164826, 0.0 ], [ -94.9102355, 29.8164814, 0.0 ], [ -94.9102347, 29.8164802, 0.0 ], [ -94.9102339, 29.816479, 0.0 ], [ -94.9102331, 29.8164778, 0.0 ], [ -94.9102323, 29.8164766, 0.0 ], [ -94.9102315, 29.8164754, 0.0 ], [ -94.9102307, 29.8164742, 0.0 ], [ -94.9102299, 29.816473, 0.0 ], [ -94.9102291, 29.8164718, 0.0 ], [ -94.9102284, 29.8164706, 0.0 ], [ -94.9102276, 29.8164693, 0.0 ], [ -94.9102269, 29.8164681, 0.0 ], [ -94.9102261, 29.8164669, 0.0 ], [ -94.9102254, 29.8164656, 0.0 ], [ -94.9102247, 29.8164644, 0.0 ], [ -94.910224, 29.8164632, 0.0 ], [ -94.9102232, 29.8164619, 0.0 ], [ -94.9102225, 29.8164607, 0.0 ], [ -94.9102218, 29.8164594, 0.0 ], [ -94.9102211, 29.8164582, 0.0 ], [ -94.9102205, 29.8164569, 0.0 ], [ -94.9102198, 29.8164557, 0.0 ], [ -94.9102191, 29.8164544, 0.0 ], [ -94.9102185, 29.8164532, 0.0 ], [ -94.9102178, 29.8164519, 0.0 ], [ -94.9102172, 29.8164506, 0.0 ], [ -94.9102165, 29.8164494, 0.0 ], [ -94.9102159, 29.8164481, 0.0 ], [ -94.9102153, 29.8164468, 0.0 ], [ -94.9102146, 29.8164455, 0.0 ], [ -94.910214, 29.8164443, 0.0 ], [ -94.9102134, 29.816443, 0.0 ], [ -94.9102128, 29.8164417, 0.0 ], [ -94.9102122, 29.8164404, 0.0 ], [ -94.9102117, 29.8164391, 0.0 ], [ -94.9102111, 29.8164378, 0.0 ], [ -94.9102105, 29.8164365, 0.0 ], [ -94.91021, 29.8164353, 0.0 ], [ -94.9102094, 29.816434, 0.0 ], [ -94.9102089, 29.8164327, 0.0 ], [ -94.9102083, 29.8164314, 0.0 ], [ -94.9102078, 29.8164301, 0.0 ], [ -94.9102073, 29.8164288, 0.0 ], [ -94.9102068, 29.8164274, 0.0 ], [ -94.9102063, 29.8164261, 0.0 ], [ -94.9102058, 29.8164248, 0.0 ], [ -94.9102053, 29.8164235, 0.0 ], [ -94.9102048, 29.8164222, 0.0 ], [ -94.9102043, 29.8164209, 0.0 ], [ -94.9102039, 29.8164196, 0.0 ], [ -94.9102034, 29.8164182, 0.0 ], [ -94.910203, 29.8164169, 0.0 ], [ -94.9102025, 29.8164156, 0.0 ], [ -94.9102021, 29.8164143, 0.0 ], [ -94.9102017, 29.8164129, 0.0 ], [ -94.9102012, 29.8164116, 0.0 ], [ -94.9102008, 29.8164103, 0.0 ], [ -94.9102004, 29.816409, 0.0 ], [ -94.9102, 29.8164076, 0.0 ], [ -94.9101996, 29.8164063, 0.0 ], [ -94.9101992, 29.816405, 0.0 ], [ -94.9101989, 29.8164036, 0.0 ], [ -94.9101985, 29.8164023, 0.0 ], [ -94.9101981, 29.8164009, 0.0 ], [ -94.9101978, 29.8163996, 0.0 ], [ -94.9101974, 29.8163982, 0.0 ], [ -94.9101971, 29.8163969, 0.0 ], [ -94.9101968, 29.8163956, 0.0 ], [ -94.9101965, 29.8163942, 0.0 ], [ -94.9101962, 29.8163929, 0.0 ], [ -94.9101958, 29.8163915, 0.0 ], [ -94.9101955, 29.8163902, 0.0 ], [ -94.9101953, 29.8163888, 0.0 ], [ -94.910195, 29.8163875, 0.0 ], [ -94.9101947, 29.8163861, 0.0 ], [ -94.9101944, 29.8163847, 0.0 ], [ -94.9101942, 29.8163834, 0.0 ], [ -94.9101939, 29.816382, 0.0 ], [ -94.9101937, 29.8163807, 0.0 ], [ -94.9101935, 29.8163793, 0.0 ], [ -94.9101932, 29.816378, 0.0 ], [ -94.910193, 29.8163766, 0.0 ], [ -94.9101928, 29.8163752, 0.0 ], [ -94.9101926, 29.8163739, 0.0 ], [ -94.9101924, 29.8163725, 0.0 ], [ -94.9101922, 29.8163712, 0.0 ], [ -94.9101921, 29.8163698, 0.0 ], [ -94.9101919, 29.8163684, 0.0 ], [ -94.9101917, 29.8163671, 0.0 ], [ -94.9101916, 29.8163657, 0.0 ], [ -94.9101914, 29.8163643, 0.0 ], [ -94.9101913, 29.816363, 0.0 ], [ -94.9101912, 29.8163616, 0.0 ], [ -94.910191, 29.8163602, 0.0 ], [ -94.9101909, 29.8163589, 0.0 ], [ -94.9101908, 29.8163575, 0.0 ], [ -94.9101907, 29.8163561, 0.0 ], [ -94.9101906, 29.8163548, 0.0 ], [ -94.9101905, 29.8163534, 0.0 ], [ -94.9101905, 29.816352, 0.0 ], [ -94.9101904, 29.8163506, 0.0 ], [ -94.9101904, 29.8163493, 0.0 ], [ -94.9101903, 29.8163479, 0.0 ], [ -94.9101903, 29.8163465, 0.0 ], [ -94.9101902, 29.8163452, 0.0 ], [ -94.9101902, 29.8163438, 0.0 ], [ -94.9101902, 29.8163424, 0.0 ], [ -94.9101902, 29.8163411, 0.0 ], [ -94.9101902, 29.8163397, 0.0 ], [ -94.9101902, 29.8163383, 0.0 ], [ -94.9101902, 29.8163369, 0.0 ], [ -94.9101902, 29.8163356, 0.0 ], [ -94.9101902, 29.8163342, 0.0 ], [ -94.9101903, 29.8163328, 0.0 ], [ -94.9101903, 29.8163315, 0.0 ], [ -94.9101904, 29.8163301, 0.0 ], [ -94.9101904, 29.8163287, 0.0 ], [ -94.9101905, 29.8163274, 0.0 ], [ -94.9101906, 29.816326, 0.0 ], [ -94.9101907, 29.8163246, 0.0 ], [ -94.9101908, 29.8163233, 0.0 ], [ -94.9101909, 29.8163219, 0.0 ], [ -94.910191, 29.8163205, 0.0 ], [ -94.9101911, 29.8163192, 0.0 ], [ -94.9101912, 29.8163178, 0.0 ], [ -94.9101914, 29.8163164, 0.0 ], [ -94.9101915, 29.8163151, 0.0 ], [ -94.9101916, 29.8163137, 0.0 ], [ -94.9101918, 29.8163124, 0.0 ], [ -94.910192, 29.816311, 0.0 ], [ -94.9101921, 29.8163096, 0.0 ], [ -94.9101923, 29.8163083, 0.0 ], [ -94.9101925, 29.8163069, 0.0 ], [ -94.9101927, 29.8163056, 0.0 ], [ -94.9101929, 29.8163042, 0.0 ], [ -94.9101931, 29.8163028, 0.0 ], [ -94.9101933, 29.8163015, 0.0 ], [ -94.9101936, 29.8163001, 0.0 ], [ -94.9101938, 29.8162988, 0.0 ], [ -94.9101941, 29.8162974, 0.0 ], [ -94.9101943, 29.8162961, 0.0 ], [ -94.9101946, 29.8162947, 0.0 ], [ -94.9101948, 29.8162934, 0.0 ], [ -94.9101951, 29.816292, 0.0 ], [ -94.9101954, 29.8162907, 0.0 ], [ -94.9101957, 29.8162893, 0.0 ], [ -94.910196, 29.816288, 0.0 ], [ -94.9101963, 29.8162867, 0.0 ], [ -94.9101966, 29.8162853, 0.0 ], [ -94.9101969, 29.816284, 0.0 ], [ -94.9101973, 29.8162826, 0.0 ], [ -94.9101976, 29.8162813, 0.0 ], [ -94.910198, 29.81628, 0.0 ], [ -94.9101983, 29.8162786, 0.0 ], [ -94.9101987, 29.8162773, 0.0 ], [ -94.910199, 29.816276, 0.0 ], [ -94.9101994, 29.8162746, 0.0 ], [ -94.9101998, 29.8162733, 0.0 ], [ -94.9102002, 29.816272, 0.0 ], [ -94.9102006, 29.8162707, 0.0 ], [ -94.910201, 29.8162694, 0.0 ], [ -94.9102014, 29.816268, 0.0 ], [ -94.9102018, 29.8162667, 0.0 ], [ -94.9102023, 29.8162654, 0.0 ], [ -94.9102027, 29.8162641, 0.0 ], [ -94.9102032, 29.8162628, 0.0 ], [ -94.9102036, 29.8162615, 0.0 ], [ -94.9102041, 29.8162602, 0.0 ], [ -94.9102046, 29.8162589, 0.0 ], [ -94.910205, 29.8162575, 0.0 ], [ -94.9102055, 29.8162562, 0.0 ], [ -94.910206, 29.8162549, 0.0 ], [ -94.9102065, 29.8162536, 0.0 ], [ -94.910207, 29.8162524, 0.0 ], [ -94.9102075, 29.8162511, 0.0 ], [ -94.9102081, 29.8162498, 0.0 ], [ -94.9102086, 29.8162485, 0.0 ], [ -94.9102091, 29.8162472, 0.0 ], [ -94.9102097, 29.8162459, 0.0 ], [ -94.9102102, 29.8162446, 0.0 ], [ -94.9102108, 29.8162433, 0.0 ], [ -94.9102114, 29.8162421, 0.0 ], [ -94.9102119, 29.8162408, 0.0 ], [ -94.9102125, 29.8162395, 0.0 ], [ -94.9102131, 29.8162382, 0.0 ], [ -94.9102137, 29.816237, 0.0 ], [ -94.9102143, 29.8162357, 0.0 ], [ -94.9102149, 29.8162345, 0.0 ], [ -94.9102156, 29.8162332, 0.0 ], [ -94.9102162, 29.8162319, 0.0 ], [ -94.9102168, 29.8162307, 0.0 ], [ -94.9102175, 29.8162294, 0.0 ], [ -94.9102181, 29.8162282, 0.0 ], [ -94.9102188, 29.8162269, 0.0 ], [ -94.9102194, 29.8162257, 0.0 ], [ -94.9102201, 29.8162244, 0.0 ], [ -94.9102208, 29.8162232, 0.0 ], [ -94.9102215, 29.816222, 0.0 ], [ -94.9102222, 29.8162207, 0.0 ], [ -94.9102229, 29.8162195, 0.0 ], [ -94.9102236, 29.8162183, 0.0 ], [ -94.9102243, 29.8162171, 0.0 ], [ -94.910225, 29.8162158, 0.0 ], [ -94.9102258, 29.8162146, 0.0 ], [ -94.9102265, 29.8162134, 0.0 ], [ -94.9102272, 29.8162122, 0.0 ], [ -94.910228, 29.816211, 0.0 ], [ -94.9102287, 29.8162098, 0.0 ], [ -94.9102295, 29.8162086, 0.0 ], [ -94.9102303, 29.8162074, 0.0 ], [ -94.9102311, 29.8162062, 0.0 ], [ -94.9102318, 29.816205, 0.0 ], [ -94.9102326, 29.8162038, 0.0 ], [ -94.9102334, 29.8162026, 0.0 ], [ -94.9102342, 29.8162015, 0.0 ], [ -94.9102351, 29.8162003, 0.0 ], [ -94.9102359, 29.8161991, 0.0 ], [ -94.9102367, 29.8161979, 0.0 ], [ -94.9102375, 29.8161968, 0.0 ], [ -94.9102384, 29.8161956, 0.0 ], [ -94.9102392, 29.8161944, 0.0 ], [ -94.9102401, 29.8161933, 0.0 ], [ -94.910241, 29.8161921, 0.0 ], [ -94.9102418, 29.816191, 0.0 ], [ -94.9102427, 29.8161898, 0.0 ], [ -94.9102436, 29.8161887, 0.0 ], [ -94.9102445, 29.8161876, 0.0 ], [ -94.9102454, 29.8161864, 0.0 ], [ -94.9102463, 29.8161853, 0.0 ], [ -94.9102472, 29.8161842, 0.0 ], [ -94.9102481, 29.816183, 0.0 ], [ -94.910249, 29.8161819, 0.0 ], [ -94.9102499, 29.8161808, 0.0 ], [ -94.9102509, 29.8161797, 0.0 ], [ -94.9102518, 29.8161786, 0.0 ], [ -94.9102528, 29.8161775, 0.0 ], [ -94.9102537, 29.8161764, 0.0 ], [ -94.9102547, 29.8161753, 0.0 ], [ -94.9102557, 29.8161742, 0.0 ], [ -94.9102566, 29.8161731, 0.0 ], [ -94.9102576, 29.816172, 0.0 ], [ -94.9102586, 29.8161709, 0.0 ], [ -94.9102596, 29.8161699, 0.0 ], [ -94.9102606, 29.8161688, 0.0 ], [ -94.9102616, 29.8161677, 0.0 ], [ -94.9102626, 29.8161667, 0.0 ], [ -94.9102636, 29.8161656, 0.0 ], [ -94.9102647, 29.8161645, 0.0 ], [ -94.9102657, 29.8161635, 0.0 ], [ -94.9102667, 29.8161624, 0.0 ], [ -94.9102678, 29.8161614, 0.0 ], [ -94.9102688, 29.8161604, 0.0 ], [ -94.9102699, 29.8161593, 0.0 ], [ -94.9102709, 29.8161583, 0.0 ], [ -94.910272, 29.8161573, 0.0 ], [ -94.9102731, 29.8161563, 0.0 ], [ -94.9102742, 29.8161552, 0.0 ], [ -94.9102753, 29.8161542, 0.0 ], [ -94.9102763, 29.8161532, 0.0 ], [ -94.9102774, 29.8161522, 0.0 ], [ -94.9102786, 29.8161512, 0.0 ], [ -94.9102797, 29.8161502, 0.0 ], [ -94.9102808, 29.8161492, 0.0 ], [ -94.9102819, 29.8161483, 0.0 ], [ -94.910283, 29.8161473, 0.0 ], [ -94.9102842, 29.8161463, 0.0 ], [ -94.9102853, 29.8161453, 0.0 ], [ -94.9102864, 29.8161444, 0.0 ], [ -94.9102876, 29.8161434, 0.0 ], [ -94.9102887, 29.8161425, 0.0 ], [ -94.9102899, 29.8161415, 0.0 ], [ -94.9102911, 29.8161406, 0.0 ], [ -94.9102922, 29.8161396, 0.0 ], [ -94.9102934, 29.8161387, 0.0 ], [ -94.9102946, 29.8161378, 0.0 ], [ -94.9102958, 29.8161368, 0.0 ], [ -94.910297, 29.8161359, 0.0 ], [ -94.9102982, 29.816135, 0.0 ], [ -94.9102994, 29.8161341, 0.0 ], [ -94.9103006, 29.8161332, 0.0 ], [ -94.9103018, 29.8161323, 0.0 ], [ -94.910303, 29.8161314, 0.0 ], [ -94.9103043, 29.8161305, 0.0 ], [ -94.9103055, 29.8161296, 0.0 ], [ -94.9103067, 29.8161287, 0.0 ], [ -94.910308, 29.8161279, 0.0 ], [ -94.9103092, 29.816127, 0.0 ], [ -94.9103105, 29.8161261, 0.0 ], [ -94.9103117, 29.8161253, 0.0 ], [ -94.910313, 29.8161244, 0.0 ], [ -94.9103143, 29.8161236, 0.0 ], [ -94.9103156, 29.8161227, 0.0 ], [ -94.9103168, 29.8161219, 0.0 ], [ -94.9103181, 29.816121, 0.0 ], [ -94.9103194, 29.8161202, 0.0 ], [ -94.9103207, 29.8161194, 0.0 ], [ -94.910322, 29.8161186, 0.0 ], [ -94.9103233, 29.8161178, 0.0 ], [ -94.9103246, 29.816117, 0.0 ], [ -94.9103259, 29.8161162, 0.0 ], [ -94.9103272, 29.8161154, 0.0 ], [ -94.9103286, 29.8161146, 0.0 ], [ -94.9103299, 29.8161138, 0.0 ], [ -94.9103312, 29.816113, 0.0 ], [ -94.9103325, 29.8161122, 0.0 ], [ -94.9103339, 29.8161115, 0.0 ], [ -94.9103352, 29.8161107, 0.0 ], [ -94.9103366, 29.8161099, 0.0 ], [ -94.9103379, 29.8161092, 0.0 ], [ -94.9103393, 29.8161085, 0.0 ], [ -94.9103407, 29.8161077, 0.0 ], [ -94.910342, 29.816107, 0.0 ], [ -94.9103434, 29.8161062, 0.0 ], [ -94.9103448, 29.8161055, 0.0 ], [ -94.9103462, 29.8161048, 0.0 ], [ -94.9103475, 29.8161041, 0.0 ], [ -94.9103489, 29.8161034, 0.0 ], [ -94.9103503, 29.8161027, 0.0 ], [ -94.9103517, 29.816102, 0.0 ], [ -94.9103531, 29.8161013, 0.0 ], [ -94.9103545, 29.8161006, 0.0 ], [ -94.9103559, 29.8160999, 0.0 ], [ -94.9103573, 29.8160993, 0.0 ], [ -94.9103588, 29.8160986, 0.0 ], [ -94.9103602, 29.816098, 0.0 ], [ -94.9103616, 29.8160973, 0.0 ], [ -94.910363, 29.8160966, 0.0 ], [ -94.9103645, 29.816096, 0.0 ], [ -94.9103659, 29.8160954, 0.0 ], [ -94.9103674, 29.8160947, 0.0 ], [ -94.9103688, 29.8160941, 0.0 ], [ -94.9103702, 29.8160935, 0.0 ], [ -94.9103717, 29.8160929, 0.0 ], [ -94.9103731, 29.8160923, 0.0 ], [ -94.9103746, 29.8160917, 0.0 ], [ -94.9103761, 29.8160911, 0.0 ], [ -94.9103775, 29.8160905, 0.0 ], [ -94.910379, 29.8160899, 0.0 ], [ -94.9103805, 29.8160893, 0.0 ], [ -94.910382, 29.8160888, 0.0 ], [ -94.9103834, 29.8160882, 0.0 ], [ -94.9103849, 29.8160877, 0.0 ], [ -94.9103864, 29.8160871, 0.0 ], [ -94.9103879, 29.8160865, 0.0 ], [ -94.9103894, 29.816086, 0.0 ], [ -94.9103909, 29.8160855, 0.0 ], [ -94.9103924, 29.816085, 0.0 ], [ -94.9103939, 29.8160844, 0.0 ], [ -94.9103954, 29.8160839, 0.0 ], [ -94.9103969, 29.8160834, 0.0 ], [ -94.9103984, 29.8160829, 0.0 ], [ -94.9103999, 29.8160824, 0.0 ], [ -94.9104014, 29.8160819, 0.0 ], [ -94.910403, 29.8160814, 0.0 ], [ -94.9104045, 29.816081, 0.0 ], [ -94.910406, 29.8160805, 0.0 ], [ -94.9104076, 29.81608, 0.0 ], [ -94.9104091, 29.8160796, 0.0 ], [ -94.9104106, 29.8160791, 0.0 ], [ -94.9104122, 29.8160787, 0.0 ], [ -94.9104137, 29.8160782, 0.0 ], [ -94.9104152, 29.8160778, 0.0 ], [ -94.9104168, 29.8160774, 0.0 ], [ -94.9104183, 29.816077, 0.0 ], [ -94.9104199, 29.8160765, 0.0 ], [ -94.9104214, 29.8160761, 0.0 ], [ -94.910423, 29.8160757, 0.0 ], [ -94.9104246, 29.8160753, 0.0 ], [ -94.9104266, 29.8160748, 0.0 ], [ -94.9104337, 29.816073, 0.0 ], [ -94.9104407, 29.8160711, 0.0 ], [ -94.9104476, 29.8160691, 0.0 ], [ -94.9104545, 29.816067, 0.0 ], [ -94.9104614, 29.8160648, 0.0 ], [ -94.9104682, 29.8160625, 0.0 ], [ -94.910475, 29.8160601, 0.0 ], [ -94.9104817, 29.8160576, 0.0 ], [ -94.9104884, 29.816055, 0.0 ], [ -94.910495, 29.8160522, 0.0 ], [ -94.9105015, 29.8160494, 0.0 ], [ -94.910508, 29.8160465, 0.0 ], [ -94.9105144, 29.8160435, 0.0 ], [ -94.9105208, 29.8160405, 0.0 ], [ -94.9105271, 29.8160373, 0.0 ], [ -94.9105333, 29.816034, 0.0 ], [ -94.9105394, 29.8160306, 0.0 ], [ -94.9105455, 29.8160272, 0.0 ], [ -94.9105515, 29.8160236, 0.0 ], [ -94.9105574, 29.81602, 0.0 ], [ -94.9105633, 29.8160163, 0.0 ], [ -94.910569, 29.8160125, 0.0 ], [ -94.9105747, 29.8160086, 0.0 ], [ -94.9105803, 29.8160046, 0.0 ], [ -94.9105859, 29.8160006, 0.0 ], [ -94.9105913, 29.8159964, 0.0 ], [ -94.9105966, 29.8159922, 0.0 ], [ -94.9106019, 29.8159879, 0.0 ], [ -94.910607, 29.8159835, 0.0 ], [ -94.9106121, 29.8159791, 0.0 ], [ -94.9106171, 29.8159746, 0.0 ], [ -94.910622, 29.81597, 0.0 ], [ -94.9106268, 29.8159653, 0.0 ], [ -94.9106314, 29.8159606, 0.0 ], [ -94.910636, 29.8159557, 0.0 ], [ -94.9106405, 29.8159509, 0.0 ], [ -94.9106449, 29.8159459, 0.0 ], [ -94.9106491, 29.8159409, 0.0 ], [ -94.9106533, 29.8159358, 0.0 ], [ -94.9106574, 29.8159307, 0.0 ], [ -94.9106613, 29.8159255, 0.0 ], [ -94.9106651, 29.8159203, 0.0 ], [ -94.9106674, 29.815917, 0.0 ], [ -94.9106689, 29.815915, 0.0 ], [ -94.9106725, 29.8159096, 0.0 ], [ -94.910676, 29.8159042, 0.0 ], [ -94.9106794, 29.8158987, 0.0 ], [ -94.9106827, 29.8158932, 0.0 ], [ -94.9106858, 29.8158877, 0.0 ], [ -94.9106889, 29.815882, 0.0 ], [ -94.9106918, 29.8158764, 0.0 ], [ -94.9106946, 29.8158707, 0.0 ], [ -94.9106973, 29.8158649, 0.0 ], [ -94.9106998, 29.8158592, 0.0 ], [ -94.9107023, 29.8158534, 0.0 ], [ -94.9107046, 29.8158475, 0.0 ], [ -94.9107068, 29.8158416, 0.0 ], [ -94.9107089, 29.8158357, 0.0 ], [ -94.9107108, 29.8158297, 0.0 ], [ -94.9107126, 29.8158238, 0.0 ], [ -94.9107143, 29.8158177, 0.0 ], [ -94.9107159, 29.8158117, 0.0 ], [ -94.9107174, 29.8158056, 0.0 ], [ -94.9107187, 29.8157996, 0.0 ], [ -94.9107199, 29.8157935, 0.0 ], [ -94.9107209, 29.8157874, 0.0 ], [ -94.9107219, 29.8157812, 0.0 ], [ -94.9107227, 29.8157751, 0.0 ], [ -94.9107234, 29.8157689, 0.0 ], [ -94.9107239, 29.8157627, 0.0 ], [ -94.9107244, 29.8157566, 0.0 ], [ -94.9107247, 29.8157504, 0.0 ], [ -94.9107248, 29.8157442, 0.0 ], [ -94.9107249, 29.815738, 0.0 ], [ -94.9107248, 29.8157318, 0.0 ], [ -94.9107245, 29.8157256, 0.0 ], [ -94.9107242, 29.8157194, 0.0 ], [ -94.9107237, 29.8157132, 0.0 ], [ -94.9107231, 29.815707, 0.0 ], [ -94.9107224, 29.8157009, 0.0 ], [ -94.9107215, 29.8156947, 0.0 ], [ -94.9107205, 29.8156885, 0.0 ], [ -94.9107194, 29.8156824, 0.0 ], [ -94.9107182, 29.8156763, 0.0 ], [ -94.9107168, 29.8156702, 0.0 ], [ -94.9107153, 29.8156641, 0.0 ], [ -94.9107137, 29.815658, 0.0 ], [ -94.9107119, 29.815652, 0.0 ], [ -94.91071, 29.815646, 0.0 ], [ -94.910708, 29.81564, 0.0 ], [ -94.9107059, 29.815634, 0.0 ], [ -94.9107037, 29.8156281, 0.0 ], [ -94.9107013, 29.8156222, 0.0 ], [ -94.9106988, 29.8156164, 0.0 ], [ -94.9106962, 29.8156105, 0.0 ], [ -94.9106935, 29.8156047, 0.0 ], [ -94.9106906, 29.815599, 0.0 ], [ -94.9106876, 29.8155933, 0.0 ], [ -94.9106845, 29.8155876, 0.0 ], [ -94.9106813, 29.815582, 0.0 ], [ -94.910678, 29.8155764, 0.0 ], [ -94.9106746, 29.8155709, 0.0 ], [ -94.910671, 29.8155654, 0.0 ], [ -94.9106674, 29.81556, 0.0 ], [ -94.9106636, 29.8155546, 0.0 ], [ -94.9106597, 29.8155493, 0.0 ], [ -94.9106557, 29.815544, 0.0 ], [ -94.9106516, 29.8155389, 0.0 ], [ -94.9106474, 29.8155337, 0.0 ], [ -94.9106431, 29.8155286, 0.0 ], [ -94.9106387, 29.8155236, 0.0 ], [ -94.9106302, 29.8155145, 0.0 ], [ -94.9097248, 29.8150843, 0.0 ], [ -94.9097233, 29.8150837, 0.0 ], [ -94.9097218, 29.8150832, 0.0 ], [ -94.9097202, 29.8150827, 0.0 ], [ -94.9097187, 29.8150821, 0.0 ], [ -94.9097172, 29.8150816, 0.0 ], [ -94.9097157, 29.815081, 0.0 ], [ -94.9097142, 29.8150805, 0.0 ], [ -94.9097127, 29.81508, 0.0 ], [ -94.9097112, 29.8150794, 0.0 ], [ -94.9097097, 29.8150789, 0.0 ], [ -94.9097082, 29.8150784, 0.0 ], [ -94.9097066, 29.8150778, 0.0 ], [ -94.9097051, 29.8150773, 0.0 ], [ -94.9097036, 29.8150768, 0.0 ], [ -94.9097021, 29.8150762, 0.0 ], [ -94.9097006, 29.8150757, 0.0 ], [ -94.909699, 29.8150752, 0.0 ], [ -94.9096975, 29.8150747, 0.0 ], [ -94.909696, 29.8150742, 0.0 ], [ -94.9096945, 29.8150736, 0.0 ], [ -94.909693, 29.8150731, 0.0 ], [ -94.9096914, 29.8150726, 0.0 ], [ -94.9096899, 29.8150721, 0.0 ], [ -94.9096884, 29.8150716, 0.0 ], [ -94.9096869, 29.8150711, 0.0 ], [ -94.9096853, 29.8150706, 0.0 ], [ -94.9096838, 29.8150701, 0.0 ], [ -94.9096823, 29.8150696, 0.0 ], [ -94.9096807, 29.8150691, 0.0 ], [ -94.9096792, 29.8150686, 0.0 ], [ -94.9096777, 29.8150681, 0.0 ], [ -94.9096762, 29.8150676, 0.0 ], [ -94.9096746, 29.8150671, 0.0 ], [ -94.9096731, 29.8150666, 0.0 ], [ -94.9096715, 29.8150661, 0.0 ], [ -94.90967, 29.8150656, 0.0 ], [ -94.9096685, 29.8150651, 0.0 ], [ -94.9096669, 29.8150646, 0.0 ], [ -94.9096654, 29.8150642, 0.0 ], [ -94.9096639, 29.8150637, 0.0 ], [ -94.9096623, 29.8150632, 0.0 ], [ -94.9096608, 29.8150627, 0.0 ], [ -94.9096593, 29.8150622, 0.0 ], [ -94.9096577, 29.8150618, 0.0 ], [ -94.9096562, 29.8150613, 0.0 ], [ -94.9096546, 29.8150608, 0.0 ], [ -94.9096531, 29.8150603, 0.0 ], [ -94.9096515, 29.8150599, 0.0 ], [ -94.90965, 29.8150594, 0.0 ], [ -94.9096485, 29.8150589, 0.0 ], [ -94.9096469, 29.8150585, 0.0 ], [ -94.9096454, 29.815058, 0.0 ], [ -94.9096438, 29.8150576, 0.0 ], [ -94.9096423, 29.8150571, 0.0 ], [ -94.9096407, 29.8150566, 0.0 ], [ -94.9096392, 29.8150562, 0.0 ], [ -94.9096376, 29.8150557, 0.0 ], [ -94.9096361, 29.8150553, 0.0 ], [ -94.9096345, 29.8150548, 0.0 ], [ -94.909633, 29.8150544, 0.0 ], [ -94.9096314, 29.8150539, 0.0 ], [ -94.9096299, 29.8150535, 0.0 ], [ -94.9096283, 29.815053, 0.0 ], [ -94.9096268, 29.8150526, 0.0 ], [ -94.9096252, 29.8150522, 0.0 ], [ -94.9096236, 29.8150517, 0.0 ], [ -94.9096221, 29.8150513, 0.0 ], [ -94.9096205, 29.8150509, 0.0 ], [ -94.909619, 29.8150504, 0.0 ], [ -94.9096174, 29.81505, 0.0 ], [ -94.9096159, 29.8150496, 0.0 ], [ -94.9096143, 29.8150491, 0.0 ], [ -94.9096127, 29.8150487, 0.0 ], [ -94.9096112, 29.8150483, 0.0 ], [ -94.9096096, 29.8150479, 0.0 ], [ -94.9096081, 29.8150474, 0.0 ], [ -94.9096065, 29.815047, 0.0 ], [ -94.9096049, 29.8150466, 0.0 ], [ -94.9096034, 29.8150462, 0.0 ], [ -94.9096018, 29.8150458, 0.0 ], [ -94.9096002, 29.8150454, 0.0 ], [ -94.9095987, 29.815045, 0.0 ], [ -94.9095971, 29.8150446, 0.0 ], [ -94.9095955, 29.8150441, 0.0 ], [ -94.909594, 29.8150437, 0.0 ], [ -94.9095924, 29.8150433, 0.0 ], [ -94.9095908, 29.8150429, 0.0 ], [ -94.9095893, 29.8150425, 0.0 ], [ -94.9095877, 29.8150421, 0.0 ], [ -94.9095861, 29.8150417, 0.0 ], [ -94.9095845, 29.8150413, 0.0 ], [ -94.909583, 29.8150409, 0.0 ], [ -94.9095814, 29.8150406, 0.0 ], [ -94.9095798, 29.8150402, 0.0 ], [ -94.9095783, 29.8150398, 0.0 ], [ -94.9095767, 29.8150394, 0.0 ], [ -94.9095751, 29.815039, 0.0 ], [ -94.9095735, 29.8150386, 0.0 ], [ -94.9095719, 29.8150382, 0.0 ], [ -94.9095704, 29.8150379, 0.0 ], [ -94.9095688, 29.8150375, 0.0 ], [ -94.9095672, 29.8150371, 0.0 ], [ -94.9095656, 29.8150367, 0.0 ], [ -94.9095641, 29.8150364, 0.0 ], [ -94.9095625, 29.815036, 0.0 ], [ -94.9095609, 29.8150356, 0.0 ], [ -94.9095593, 29.8150353, 0.0 ], [ -94.9095577, 29.8150349, 0.0 ], [ -94.9095562, 29.8150345, 0.0 ], [ -94.9095546, 29.8150342, 0.0 ], [ -94.909553, 29.8150338, 0.0 ], [ -94.9095514, 29.8150335, 0.0 ], [ -94.9095498, 29.8150331, 0.0 ], [ -94.9095482, 29.8150327, 0.0 ], [ -94.9095467, 29.8150324, 0.0 ], [ -94.9095451, 29.815032, 0.0 ], [ -94.9095435, 29.8150317, 0.0 ], [ -94.9095419, 29.8150313, 0.0 ], [ -94.9095403, 29.815031, 0.0 ], [ -94.9095387, 29.8150307, 0.0 ], [ -94.9095371, 29.8150303, 0.0 ], [ -94.9095355, 29.81503, 0.0 ], [ -94.909534, 29.8150296, 0.0 ], [ -94.9095324, 29.8150293, 0.0 ], [ -94.9095308, 29.815029, 0.0 ], [ -94.9095292, 29.8150286, 0.0 ], [ -94.9095276, 29.8150283, 0.0 ], [ -94.909526, 29.815028, 0.0 ], [ -94.9095244, 29.8150276, 0.0 ], [ -94.9095228, 29.8150273, 0.0 ], [ -94.9095212, 29.815027, 0.0 ], [ -94.9095196, 29.8150267, 0.0 ], [ -94.909518, 29.8150263, 0.0 ], [ -94.9095156, 29.8150259, 0.0 ], [ -94.909514, 29.8150256, 0.0 ], [ -94.9095124, 29.8150253, 0.0 ], [ -94.9095108, 29.8150249, 0.0 ], [ -94.9095092, 29.8150246, 0.0 ], [ -94.9095075, 29.8150243, 0.0 ], [ -94.9095059, 29.815024, 0.0 ], [ -94.9095043, 29.8150238, 0.0 ], [ -94.9095027, 29.8150235, 0.0 ], [ -94.9095011, 29.8150232, 0.0 ], [ -94.9094995, 29.8150229, 0.0 ], [ -94.9094979, 29.8150226, 0.0 ], [ -94.9094962, 29.8150223, 0.0 ], [ -94.9094946, 29.815022, 0.0 ], [ -94.909493, 29.8150217, 0.0 ], [ -94.9094914, 29.8150214, 0.0 ], [ -94.9094898, 29.8150212, 0.0 ], [ -94.9094882, 29.8150209, 0.0 ], [ -94.9094866, 29.8150206, 0.0 ], [ -94.9094849, 29.8150203, 0.0 ], [ -94.9094833, 29.8150201, 0.0 ], [ -94.9094817, 29.8150198, 0.0 ], [ -94.9094801, 29.8150195, 0.0 ], [ -94.9094785, 29.8150193, 0.0 ], [ -94.9094769, 29.815019, 0.0 ], [ -94.9094752, 29.8150187, 0.0 ], [ -94.9094736, 29.8150185, 0.0 ], [ -94.909472, 29.8150182, 0.0 ], [ -94.9094704, 29.815018, 0.0 ], [ -94.9094688, 29.8150177, 0.0 ], [ -94.9094672, 29.8150174, 0.0 ], [ -94.9094655, 29.8150172, 0.0 ], [ -94.9094639, 29.8150169, 0.0 ], [ -94.9094623, 29.8150167, 0.0 ], [ -94.9094607, 29.8150164, 0.0 ], [ -94.9094591, 29.8150162, 0.0 ], [ -94.9094575, 29.8150159, 0.0 ], [ -94.9094558, 29.8150157, 0.0 ], [ -94.9094542, 29.8150155, 0.0 ], [ -94.9094526, 29.8150152, 0.0 ], [ -94.909451, 29.815015, 0.0 ], [ -94.9094494, 29.8150147, 0.0 ], [ -94.9094478, 29.8150145, 0.0 ], [ -94.9094461, 29.8150143, 0.0 ], [ -94.9094445, 29.8150141, 0.0 ], [ -94.9094429, 29.8150138, 0.0 ], [ -94.9094413, 29.8150136, 0.0 ], [ -94.9094397, 29.8150134, 0.0 ], [ -94.9094381, 29.8150132, 0.0 ], [ -94.9094364, 29.8150129, 0.0 ], [ -94.9094348, 29.8150127, 0.0 ], [ -94.9094332, 29.8150125, 0.0 ], [ -94.9094316, 29.8150123, 0.0 ], [ -94.90943, 29.8150121, 0.0 ], [ -94.9094283, 29.8150119, 0.0 ], [ -94.9094267, 29.8150116, 0.0 ], [ -94.9094251, 29.8150114, 0.0 ], [ -94.9094235, 29.8150112, 0.0 ], [ -94.9094219, 29.815011, 0.0 ], [ -94.9094203, 29.8150108, 0.0 ], [ -94.9094186, 29.8150106, 0.0 ], [ -94.909417, 29.8150104, 0.0 ], [ -94.9094154, 29.8150102, 0.0 ], [ -94.9094138, 29.81501, 0.0 ], [ -94.9094122, 29.8150098, 0.0 ], [ -94.9094106, 29.8150096, 0.0 ], [ -94.9094089, 29.8150095, 0.0 ], [ -94.9094073, 29.8150093, 0.0 ], [ -94.9094057, 29.8150091, 0.0 ], [ -94.9094041, 29.8150089, 0.0 ], [ -94.9094025, 29.8150087, 0.0 ], [ -94.9094009, 29.8150085, 0.0 ], [ -94.9093992, 29.8150083, 0.0 ], [ -94.9093976, 29.8150082, 0.0 ], [ -94.909396, 29.815008, 0.0 ], [ -94.9093944, 29.8150078, 0.0 ], [ -94.9093928, 29.8150076, 0.0 ], [ -94.9093912, 29.8150075, 0.0 ], [ -94.9093896, 29.8150073, 0.0 ], [ -94.9093879, 29.8150071, 0.0 ], [ -94.9093863, 29.815007, 0.0 ], [ -94.9093847, 29.8150068, 0.0 ], [ -94.9093831, 29.8150067, 0.0 ], [ -94.9093815, 29.8150065, 0.0 ], [ -94.9093799, 29.8150063, 0.0 ], [ -94.9093782, 29.8150062, 0.0 ], [ -94.9093766, 29.815006, 0.0 ], [ -94.909375, 29.8150059, 0.0 ], [ -94.9093734, 29.8150057, 0.0 ], [ -94.9093718, 29.8150056, 0.0 ], [ -94.9093702, 29.8150054, 0.0 ], [ -94.9093686, 29.8150053, 0.0 ], [ -94.9093669, 29.8150051, 0.0 ], [ -94.9093653, 29.815005, 0.0 ], [ -94.9093637, 29.8150049, 0.0 ], [ -94.9093621, 29.8150047, 0.0 ], [ -94.9093605, 29.8150046, 0.0 ], [ -94.9093589, 29.8150045, 0.0 ], [ -94.9093573, 29.8150043, 0.0 ], [ -94.9093556, 29.8150042, 0.0 ], [ -94.909354, 29.8150041, 0.0 ], [ -94.9093524, 29.8150039, 0.0 ], [ -94.9093508, 29.8150038, 0.0 ], [ -94.9093492, 29.8150037, 0.0 ], [ -94.9093476, 29.8150036, 0.0 ], [ -94.909346, 29.8150034, 0.0 ], [ -94.9093444, 29.8150033, 0.0 ], [ -94.9093427, 29.8150032, 0.0 ], [ -94.9093411, 29.8150031, 0.0 ], [ -94.9093395, 29.815003, 0.0 ], [ -94.9093379, 29.8150029, 0.0 ], [ -94.9093363, 29.8150028, 0.0 ], [ -94.9093347, 29.8150027, 0.0 ], [ -94.9093331, 29.8150026, 0.0 ], [ -94.9093315, 29.8150024, 0.0 ], [ -94.9093298, 29.8150023, 0.0 ], [ -94.9093282, 29.8150022, 0.0 ], [ -94.9093266, 29.8150021, 0.0 ], [ -94.909325, 29.8150021, 0.0 ], [ -94.9093234, 29.815002, 0.0 ], [ -94.9093218, 29.8150019, 0.0 ], [ -94.9093202, 29.8150018, 0.0 ], [ -94.9093186, 29.8150017, 0.0 ], [ -94.909317, 29.8150016, 0.0 ], [ -94.9093154, 29.8150015, 0.0 ], [ -94.9093138, 29.8150014, 0.0 ], [ -94.9093121, 29.8150014, 0.0 ], [ -94.9093105, 29.8150013, 0.0 ], [ -94.9093089, 29.8150012, 0.0 ], [ -94.9093073, 29.8150011, 0.0 ], [ -94.9093057, 29.815001, 0.0 ], [ -94.9093041, 29.815001, 0.0 ], [ -94.9093025, 29.8150009, 0.0 ], [ -94.9093009, 29.8150008, 0.0 ], [ -94.9092993, 29.8150008, 0.0 ], [ -94.9092977, 29.8150007, 0.0 ], [ -94.9092961, 29.8150006, 0.0 ], [ -94.9092945, 29.8150006, 0.0 ], [ -94.9092929, 29.8150005, 0.0 ], [ -94.9092913, 29.8150005, 0.0 ], [ -94.9092896, 29.8150004, 0.0 ], [ -94.909288, 29.8150004, 0.0 ], [ -94.9092864, 29.8150003, 0.0 ], [ -94.9092848, 29.8150002, 0.0 ], [ -94.9092832, 29.8150002, 0.0 ], [ -94.9092816, 29.8150001, 0.0 ], [ -94.90928, 29.8150001, 0.0 ], [ -94.9092784, 29.8150001, 0.0 ], [ -94.9092768, 29.815, 0.0 ], [ -94.9092752, 29.815, 0.0 ], [ -94.9092736, 29.8149999, 0.0 ], [ -94.909272, 29.8149999, 0.0 ], [ -94.9092704, 29.8149999, 0.0 ], [ -94.9092688, 29.8149998, 0.0 ], [ -94.9092672, 29.8149998, 0.0 ], [ -94.9092656, 29.8149998, 0.0 ], [ -94.909264, 29.8149998, 0.0 ], [ -94.9092624, 29.8149997, 0.0 ], [ -94.9092608, 29.8149997, 0.0 ], [ -94.9092592, 29.8149997, 0.0 ], [ -94.9092576, 29.8149997, 0.0 ], [ -94.909256, 29.8149997, 0.0 ], [ -94.9092544, 29.8149996, 0.0 ], [ -94.9092528, 29.8149996, 0.0 ], [ -94.9092512, 29.8149996, 0.0 ], [ -94.9092496, 29.8149996, 0.0 ], [ -94.909248, 29.8149996, 0.0 ], [ -94.9092464, 29.8149996, 0.0 ], [ -94.9092448, 29.8149996, 0.0 ], [ -94.9092432, 29.8149996, 0.0 ], [ -94.9092416, 29.8149996, 0.0 ], [ -94.90924, 29.8149996, 0.0 ], [ -94.9092384, 29.8149996, 0.0 ], [ -94.9092368, 29.8149996, 0.0 ], [ -94.9092353, 29.8149996, 0.0 ], [ -94.9092337, 29.8149996, 0.0 ], [ -94.9092321, 29.8149996, 0.0 ], [ -94.9092305, 29.8149996, 0.0 ], [ -94.9092289, 29.8149996, 0.0 ], [ -94.9092273, 29.8149996, 0.0 ], [ -94.9092257, 29.8149997, 0.0 ], [ -94.9092241, 29.8149997, 0.0 ], [ -94.9092225, 29.8149997, 0.0 ], [ -94.9092209, 29.8149997, 0.0 ], [ -94.9092193, 29.8149997, 0.0 ], [ -94.9092177, 29.8149998, 0.0 ], [ -94.9092161, 29.8149998, 0.0 ], [ -94.9092146, 29.8149998, 0.0 ], [ -94.909213, 29.8149999, 0.0 ], [ -94.9092114, 29.8149999, 0.0 ], [ -94.9092098, 29.8149999, 0.0 ], [ -94.9092082, 29.815, 0.0 ], [ -94.9092066, 29.815, 0.0 ], [ -94.909205, 29.8150001, 0.0 ], [ -94.9092034, 29.8150001, 0.0 ], [ -94.9092019, 29.8150001, 0.0 ], [ -94.9092003, 29.8150002, 0.0 ], [ -94.9091987, 29.8150002, 0.0 ], [ -94.9091971, 29.8150003, 0.0 ], [ -94.9091955, 29.8150003, 0.0 ], [ -94.9091939, 29.8150004, 0.0 ], [ -94.9091923, 29.8150004, 0.0 ], [ -94.9091908, 29.8150005, 0.0 ], [ -94.9091892, 29.8150006, 0.0 ], [ -94.9091876, 29.8150006, 0.0 ], [ -94.909186, 29.8150007, 0.0 ], [ -94.9091844, 29.8150007, 0.0 ], [ -94.9091828, 29.8150008, 0.0 ], [ -94.9091813, 29.8150009, 0.0 ], [ -94.9091797, 29.815001, 0.0 ], [ -94.9091781, 29.815001, 0.0 ], [ -94.9091765, 29.8150011, 0.0 ], [ -94.909175, 29.8150012, 0.0 ], [ -94.9091734, 29.8150012, 0.0 ], [ -94.9091718, 29.8150013, 0.0 ], [ -94.9091702, 29.8150014, 0.0 ], [ -94.9091686, 29.8150015, 0.0 ], [ -94.9091671, 29.8150016, 0.0 ], [ -94.9091655, 29.8150017, 0.0 ], [ -94.9091639, 29.8150017, 0.0 ], [ -94.9091623, 29.8150018, 0.0 ], [ -94.9091608, 29.8150019, 0.0 ], [ -94.9091592, 29.815002, 0.0 ], [ -94.9091576, 29.8150021, 0.0 ], [ -94.909156, 29.8150022, 0.0 ], [ -94.9091545, 29.8150023, 0.0 ], [ -94.9091529, 29.8150024, 0.0 ], [ -94.9091513, 29.8150025, 0.0 ], [ -94.9091498, 29.8150026, 0.0 ], [ -94.9091482, 29.8150027, 0.0 ], [ -94.9091466, 29.8150028, 0.0 ], [ -94.909145, 29.815003, 0.0 ], [ -94.9091435, 29.8150031, 0.0 ], [ -94.9091419, 29.8150032, 0.0 ], [ -94.9091403, 29.8150033, 0.0 ], [ -94.9091388, 29.8150034, 0.0 ], [ -94.9091372, 29.8150035, 0.0 ], [ -94.9091356, 29.8150036, 0.0 ], [ -94.9091341, 29.8150038, 0.0 ], [ -94.9091325, 29.8150039, 0.0 ], [ -94.9091309, 29.815004, 0.0 ], [ -94.9091294, 29.8150042, 0.0 ], [ -94.9091278, 29.8150043, 0.0 ], [ -94.9091262, 29.8150044, 0.0 ], [ -94.9091247, 29.8150045, 0.0 ], [ -94.9091231, 29.8150047, 0.0 ], [ -94.9091216, 29.8150048, 0.0 ], [ -94.90912, 29.8150049, 0.0 ], [ -94.9091184, 29.8150051, 0.0 ], [ -94.9091169, 29.8150052, 0.0 ], [ -94.9091153, 29.8150054, 0.0 ], [ -94.9091138, 29.8150055, 0.0 ], [ -94.9091122, 29.8150057, 0.0 ], [ -94.9091106, 29.8150058, 0.0 ], [ -94.9091091, 29.815006, 0.0 ], [ -94.9091075, 29.8150061, 0.0 ], [ -94.909106, 29.8150063, 0.0 ], [ -94.9091044, 29.8150064, 0.0 ], [ -94.9091029, 29.8150066, 0.0 ], [ -94.9091013, 29.8150068, 0.0 ], [ -94.9090998, 29.8150069, 0.0 ], [ -94.9090982, 29.8150071, 0.0 ], [ -94.9090967, 29.8150073, 0.0 ], [ -94.9090951, 29.8150074, 0.0 ], [ -94.9090935, 29.8150076, 0.0 ], [ -94.909092, 29.8150078, 0.0 ], [ -94.9090905, 29.8150079, 0.0 ], [ -94.9090889, 29.8150081, 0.0 ], [ -94.9090874, 29.8150083, 0.0 ], [ -94.9090858, 29.8150085, 0.0 ], [ -94.9090843, 29.8150087, 0.0 ], [ -94.9090827, 29.8150088, 0.0 ], [ -94.9090812, 29.815009, 0.0 ], [ -94.9090796, 29.8150092, 0.0 ], [ -94.9090781, 29.8150094, 0.0 ], [ -94.9090765, 29.8150096, 0.0 ], [ -94.909075, 29.8150098, 0.0 ], [ -94.9090734, 29.81501, 0.0 ], [ -94.9090719, 29.8150102, 0.0 ], [ -94.9090704, 29.8150104, 0.0 ], [ -94.9090688, 29.8150106, 0.0 ], [ -94.9090673, 29.8150108, 0.0 ], [ -94.9090657, 29.815011, 0.0 ], [ -94.9090642, 29.8150112, 0.0 ], [ -94.9090627, 29.8150114, 0.0 ], [ -94.9090611, 29.8150116, 0.0 ], [ -94.9090596, 29.8150118, 0.0 ], [ -94.909058, 29.815012, 0.0 ], [ -94.9090565, 29.8150122, 0.0 ], [ -94.909055, 29.8150124, 0.0 ], [ -94.9090534, 29.8150126, 0.0 ], [ -94.9090519, 29.8150129, 0.0 ], [ -94.9090504, 29.8150131, 0.0 ], [ -94.9090488, 29.8150133, 0.0 ], [ -94.9090473, 29.8150135, 0.0 ], [ -94.9090458, 29.8150138, 0.0 ], [ -94.9090443, 29.815014, 0.0 ], [ -94.9090427, 29.8150142, 0.0 ], [ -94.9090412, 29.8150144, 0.0 ], [ -94.9090397, 29.8150147, 0.0 ], [ -94.9090381, 29.8150149, 0.0 ], [ -94.9090366, 29.8150151, 0.0 ], [ -94.9090351, 29.8150154, 0.0 ], [ -94.9090336, 29.8150156, 0.0 ], [ -94.909032, 29.8150159, 0.0 ], [ -94.9090305, 29.8150161, 0.0 ], [ -94.909029, 29.8150164, 0.0 ], [ -94.9090275, 29.8150166, 0.0 ], [ -94.9090259, 29.8150169, 0.0 ], [ -94.9090244, 29.8150171, 0.0 ], [ -94.9090229, 29.8150174, 0.0 ], [ -94.9090214, 29.8150176, 0.0 ], [ -94.9090199, 29.8150179, 0.0 ], [ -94.9090183, 29.8150181, 0.0 ], [ -94.9090168, 29.8150184, 0.0 ], [ -94.9090153, 29.8150186, 0.0 ], [ -94.9090138, 29.8150189, 0.0 ], [ -94.9090123, 29.8150192, 0.0 ], [ -94.9090113, 29.8150194, 0.0 ], [ -94.9090108, 29.8150194, 0.0 ], [ -94.9090093, 29.8150197, 0.0 ], [ -94.9090077, 29.81502, 0.0 ], [ -94.9090062, 29.8150203, 0.0 ], [ -94.9090047, 29.8150205, 0.0 ], [ -94.9090032, 29.8150208, 0.0 ], [ -94.9090017, 29.8150211, 0.0 ], [ -94.9090002, 29.8150214, 0.0 ], [ -94.9089987, 29.8150216, 0.0 ], [ -94.9089972, 29.8150219, 0.0 ], [ -94.9089957, 29.8150222, 0.0 ], [ -94.9089942, 29.8150225, 0.0 ], [ -94.9089927, 29.8150228, 0.0 ], [ -94.9089912, 29.8150231, 0.0 ], [ -94.9089896, 29.8150234, 0.0 ], [ -94.9089881, 29.8150237, 0.0 ], [ -94.9089866, 29.815024, 0.0 ], [ -94.9089851, 29.8150243, 0.0 ], [ -94.9089836, 29.8150246, 0.0 ], [ -94.9089821, 29.8150249, 0.0 ], [ -94.9089806, 29.8150252, 0.0 ], [ -94.9089791, 29.8150255, 0.0 ], [ -94.9089776, 29.8150258, 0.0 ], [ -94.9089761, 29.8150261, 0.0 ], [ -94.9089747, 29.8150264, 0.0 ], [ -94.9089732, 29.8150267, 0.0 ], [ -94.9089717, 29.815027, 0.0 ], [ -94.9089702, 29.8150273, 0.0 ], [ -94.9089687, 29.8150276, 0.0 ], [ -94.9089672, 29.815028, 0.0 ], [ -94.9089657, 29.8150283, 0.0 ], [ -94.9089642, 29.8150286, 0.0 ], [ -94.9089627, 29.8150289, 0.0 ], [ -94.9089612, 29.8150293, 0.0 ], [ -94.9089596, 29.8150296, 0.0 ], [ -94.9089581, 29.8150299, 0.0 ], [ -94.9089565, 29.8150302, 0.0 ], [ -94.908955, 29.8150306, 0.0 ], [ -94.9089534, 29.8150309, 0.0 ], [ -94.9089519, 29.8150312, 0.0 ], [ -94.9089503, 29.8150316, 0.0 ], [ -94.9089488, 29.8150319, 0.0 ], [ -94.9089473, 29.8150323, 0.0 ], [ -94.9089457, 29.8150326, 0.0 ], [ -94.9089442, 29.8150329, 0.0 ], [ -94.9089426, 29.8150333, 0.0 ], [ -94.9089411, 29.8150336, 0.0 ], [ -94.9089396, 29.815034, 0.0 ], [ -94.908938, 29.8150343, 0.0 ], [ -94.9089365, 29.8150347, 0.0 ], [ -94.9089349, 29.8150351, 0.0 ], [ -94.9089334, 29.8150354, 0.0 ], [ -94.9089319, 29.8150358, 0.0 ], [ -94.9089303, 29.8150361, 0.0 ], [ -94.9089288, 29.8150365, 0.0 ], [ -94.9089273, 29.8150369, 0.0 ], [ -94.9089257, 29.8150372, 0.0 ], [ -94.9089242, 29.8150376, 0.0 ], [ -94.9089227, 29.815038, 0.0 ], [ -94.9089211, 29.8150383, 0.0 ], [ -94.9089196, 29.8150387, 0.0 ], [ -94.9089181, 29.8150391, 0.0 ], [ -94.9089166, 29.8150394, 0.0 ], [ -94.908915, 29.8150398, 0.0 ], [ -94.9089135, 29.8150402, 0.0 ], [ -94.908912, 29.8150406, 0.0 ], [ -94.9089104, 29.815041, 0.0 ], [ -94.9089089, 29.8150414, 0.0 ], [ -94.9089074, 29.8150417, 0.0 ], [ -94.9089059, 29.8150421, 0.0 ], [ -94.9089043, 29.8150425, 0.0 ], [ -94.9089028, 29.8150429, 0.0 ], [ -94.9089013, 29.8150433, 0.0 ], [ -94.9088998, 29.8150437, 0.0 ], [ -94.9088983, 29.8150441, 0.0 ], [ -94.9088967, 29.8150445, 0.0 ], [ -94.9088952, 29.8150449, 0.0 ], [ -94.9088937, 29.8150453, 0.0 ], [ -94.9088922, 29.8150457, 0.0 ], [ -94.9088906, 29.8150461, 0.0 ], [ -94.9088891, 29.8150465, 0.0 ], [ -94.9088876, 29.8150469, 0.0 ], [ -94.9088861, 29.8150473, 0.0 ], [ -94.9088846, 29.8150477, 0.0 ], [ -94.9088831, 29.8150482, 0.0 ], [ -94.9088816, 29.8150486, 0.0 ], [ -94.90888, 29.815049, 0.0 ], [ -94.9088785, 29.8150494, 0.0 ], [ -94.908877, 29.8150498, 0.0 ], [ -94.9088755, 29.8150503, 0.0 ], [ -94.908874, 29.8150507, 0.0 ], [ -94.9088725, 29.8150511, 0.0 ], [ -94.908871, 29.8150515, 0.0 ], [ -94.9088694, 29.815052, 0.0 ], [ -94.9088679, 29.8150524, 0.0 ], [ -94.9088664, 29.8150528, 0.0 ], [ -94.9088649, 29.8150533, 0.0 ], [ -94.9088634, 29.8150537, 0.0 ], [ -94.9088619, 29.8150541, 0.0 ], [ -94.9088604, 29.8150546, 0.0 ], [ -94.9088589, 29.815055, 0.0 ], [ -94.9088574, 29.8150555, 0.0 ], [ -94.9088559, 29.8150559, 0.0 ], [ -94.9088544, 29.8150564, 0.0 ], [ -94.9088529, 29.8150568, 0.0 ], [ -94.9088514, 29.8150573, 0.0 ], [ -94.9088499, 29.8150577, 0.0 ], [ -94.9088484, 29.8150582, 0.0 ], [ -94.9088469, 29.8150586, 0.0 ], [ -94.9088454, 29.8150591, 0.0 ], [ -94.9088439, 29.8150595, 0.0 ], [ -94.9088424, 29.81506, 0.0 ], [ -94.9088409, 29.8150605, 0.0 ], [ -94.9088394, 29.8150609, 0.0 ], [ -94.9088379, 29.8150614, 0.0 ], [ -94.9088364, 29.8150619, 0.0 ], [ -94.9088349, 29.8150623, 0.0 ], [ -94.9088334, 29.8150628, 0.0 ], [ -94.9088319, 29.8150633, 0.0 ], [ -94.9088304, 29.8150637, 0.0 ], [ -94.908829, 29.8150642, 0.0 ], [ -94.9088275, 29.8150647, 0.0 ], [ -94.908826, 29.8150652, 0.0 ], [ -94.9088245, 29.8150657, 0.0 ], [ -94.908823, 29.8150661, 0.0 ], [ -94.9088215, 29.8150666, 0.0 ], [ -94.90882, 29.8150671, 0.0 ], [ -94.9088185, 29.8150676, 0.0 ], [ -94.9088171, 29.8150681, 0.0 ], [ -94.9088156, 29.8150686, 0.0 ], [ -94.9088141, 29.8150691, 0.0 ], [ -94.9088126, 29.8150696, 0.0 ], [ -94.9088111, 29.8150701, 0.0 ], [ -94.9088096, 29.8150706, 0.0 ], [ -94.9088082, 29.8150711, 0.0 ], [ -94.9088067, 29.8150716, 0.0 ], [ -94.9088052, 29.8150721, 0.0 ], [ -94.9088037, 29.8150726, 0.0 ], [ -94.9088023, 29.8150731, 0.0 ], [ -94.9088008, 29.8150736, 0.0 ], [ -94.9087993, 29.8150741, 0.0 ], [ -94.9087978, 29.8150746, 0.0 ], [ -94.9087964, 29.8150751, 0.0 ], [ -94.9087949, 29.8150757, 0.0 ], [ -94.9087934, 29.8150762, 0.0 ], [ -94.9087919, 29.8150767, 0.0 ], [ -94.9087905, 29.8150772, 0.0 ], [ -94.908789, 29.8150777, 0.0 ], [ -94.9087875, 29.8150783, 0.0 ], [ -94.9087861, 29.8150788, 0.0 ], [ -94.9087846, 29.8150793, 0.0 ], [ -94.9087831, 29.8150798, 0.0 ], [ -94.9087817, 29.8150804, 0.0 ], [ -94.9087802, 29.8150809, 0.0 ], [ -94.9087787, 29.8150814, 0.0 ], [ -94.9087773, 29.815082, 0.0 ], [ -94.9087758, 29.8150825, 0.0 ], [ -94.9087744, 29.815083, 0.0 ], [ -94.9087729, 29.8150836, 0.0 ], [ -94.9087714, 29.8150841, 0.0 ], [ -94.90877, 29.8150847, 0.0 ], [ -94.9087685, 29.8150852, 0.0 ], [ -94.9087671, 29.8150858, 0.0 ], [ -94.9087656, 29.8150863, 0.0 ], [ -94.9087642, 29.8150869, 0.0 ], [ -94.9087627, 29.8150874, 0.0 ], [ -94.9087613, 29.815088, 0.0 ], [ -94.9087598, 29.8150885, 0.0 ], [ -94.9087583, 29.8150891, 0.0 ], [ -94.9087569, 29.8150896, 0.0 ], [ -94.9087554, 29.8150902, 0.0 ], [ -94.908754, 29.8150908, 0.0 ], [ -94.9087526, 29.8150913, 0.0 ], [ -94.908751, 29.8150919, 0.0 ], [ -94.90875, 29.815093, 0.0 ], [ -94.908749, 29.8150941, 0.0 ], [ -94.908748, 29.8150951, 0.0 ], [ -94.908747, 29.8150962, 0.0 ], [ -94.9087459, 29.8150972, 0.0 ], [ -94.9087449, 29.8150982, 0.0 ], [ -94.9087438, 29.8150993, 0.0 ], [ -94.9087428, 29.8151003, 0.0 ], [ -94.9087417, 29.8151013, 0.0 ], [ -94.9087406, 29.8151023, 0.0 ], [ -94.9087395, 29.8151032, 0.0 ], [ -94.9087384, 29.8151042, 0.0 ], [ -94.9087372, 29.8151052, 0.0 ], [ -94.9087361, 29.8151061, 0.0 ], [ -94.9087349, 29.8151071, 0.0 ], [ -94.9087338, 29.815108, 0.0 ], [ -94.9087326, 29.8151089, 0.0 ], [ -94.9087314, 29.8151098, 0.0 ], [ -94.9087302, 29.8151107, 0.0 ], [ -94.908729, 29.8151116, 0.0 ], [ -94.9087278, 29.8151125, 0.0 ], [ -94.9087266, 29.8151134, 0.0 ], [ -94.9087254, 29.8151142, 0.0 ], [ -94.9087241, 29.8151151, 0.0 ], [ -94.9087229, 29.8151159, 0.0 ], [ -94.9087216, 29.8151167, 0.0 ], [ -94.9087203, 29.8151175, 0.0 ], [ -94.908719, 29.8151184, 0.0 ], [ -94.9087177, 29.8151191, 0.0 ], [ -94.9087164, 29.8151199, 0.0 ], [ -94.9087151, 29.8151207, 0.0 ], [ -94.9087138, 29.8151214, 0.0 ], [ -94.9087125, 29.8151222, 0.0 ], [ -94.9087111, 29.8151229, 0.0 ], [ -94.9087098, 29.8151236, 0.0 ], [ -94.9087084, 29.8151243, 0.0 ], [ -94.908707, 29.815125, 0.0 ], [ -94.9087057, 29.8151257, 0.0 ], [ -94.9087043, 29.8151264, 0.0 ], [ -94.9087029, 29.8151271, 0.0 ], [ -94.9087015, 29.8151277, 0.0 ], [ -94.9087001, 29.8151283, 0.0 ], [ -94.9086987, 29.815129, 0.0 ], [ -94.9086973, 29.8151296, 0.0 ], [ -94.9086958, 29.8151302, 0.0 ], [ -94.9086944, 29.8151308, 0.0 ], [ -94.9086929, 29.8151313, 0.0 ], [ -94.9086915, 29.8151319, 0.0 ], [ -94.90869, 29.8151324, 0.0 ], [ -94.9086886, 29.815133, 0.0 ], [ -94.9086871, 29.8151335, 0.0 ], [ -94.9086856, 29.815134, 0.0 ], [ -94.9086841, 29.8151345, 0.0 ], [ -94.9086827, 29.815135, 0.0 ], [ -94.9086812, 29.8151355, 0.0 ], [ -94.9086797, 29.8151359, 0.0 ], [ -94.9086782, 29.8151364, 0.0 ], [ -94.9086767, 29.8151368, 0.0 ], [ -94.9086751, 29.8151372, 0.0 ], [ -94.9086736, 29.8151376, 0.0 ], [ -94.9086721, 29.815138, 0.0 ], [ -94.9086706, 29.8151384, 0.0 ], [ -94.908669, 29.8151387, 0.0 ], [ -94.9086675, 29.8151391, 0.0 ], [ -94.908666, 29.8151394, 0.0 ], [ -94.9086644, 29.8151398, 0.0 ], [ -94.9086629, 29.8151401, 0.0 ], [ -94.9086613, 29.8151404, 0.0 ], [ -94.9086597, 29.8151406, 0.0 ], [ -94.9086582, 29.8151409, 0.0 ], [ -94.9086566, 29.8151412, 0.0 ], [ -94.9086551, 29.8151414, 0.0 ], [ -94.9086535, 29.8151416, 0.0 ], [ -94.9086519, 29.8151418, 0.0 ], [ -94.9086503, 29.815142, 0.0 ], [ -94.9086488, 29.8151422, 0.0 ], [ -94.9086472, 29.8151424, 0.0 ], [ -94.9086456, 29.8151426, 0.0 ], [ -94.908644, 29.8151427, 0.0 ], [ -94.9086424, 29.8151428, 0.0 ], [ -94.9086408, 29.815143, 0.0 ], [ -94.9086393, 29.8151431, 0.0 ], [ -94.9086377, 29.8151431, 0.0 ], [ -94.9086361, 29.8151432, 0.0 ], [ -94.9086345, 29.8151433, 0.0 ], [ -94.9086329, 29.8151433, 0.0 ], [ -94.9086313, 29.8151434, 0.0 ], [ -94.9086297, 29.8151434, 0.0 ], [ -94.9086281, 29.8151434, 0.0 ], [ -94.9086265, 29.8151434, 0.0 ], [ -94.9086249, 29.8151434, 0.0 ], [ -94.9086233, 29.8151433, 0.0 ], [ -94.9086217, 29.8151433, 0.0 ], [ -94.9086201, 29.8151432, 0.0 ], [ -94.9086185, 29.8151431, 0.0 ], [ -94.908617, 29.815143, 0.0 ], [ -94.9086154, 29.8151429, 0.0 ], [ -94.9086138, 29.8151428, 0.0 ], [ -94.9086122, 29.8151427, 0.0 ], [ -94.9086106, 29.8151425, 0.0 ], [ -94.908609, 29.8151424, 0.0 ], [ -94.9086074, 29.8151422, 0.0 ], [ -94.9086058, 29.815142, 0.0 ], [ -94.9086043, 29.8151418, 0.0 ], [ -94.9086027, 29.8151416, 0.0 ], [ -94.9086011, 29.8151414, 0.0 ], [ -94.9085995, 29.8151411, 0.0 ], [ -94.908598, 29.8151409, 0.0 ], [ -94.9085964, 29.8151406, 0.0 ], [ -94.9085949, 29.8151403, 0.0 ], [ -94.9085933, 29.81514, 0.0 ], [ -94.9085917, 29.8151397, 0.0 ], [ -94.9085902, 29.8151394, 0.0 ], [ -94.9085886, 29.815139, 0.0 ], [ -94.9085871, 29.8151387, 0.0 ], [ -94.9085856, 29.8151383, 0.0 ], [ -94.908584, 29.8151379, 0.0 ], [ -94.9085825, 29.8151375, 0.0 ], [ -94.908581, 29.8151371, 0.0 ], [ -94.9085794, 29.8151367, 0.0 ], [ -94.9085779, 29.8151363, 0.0 ], [ -94.9085764, 29.8151358, 0.0 ], [ -94.9085749, 29.8151354, 0.0 ], [ -94.9085734, 29.8151349, 0.0 ], [ -94.9085719, 29.8151344, 0.0 ], [ -94.9085704, 29.8151339, 0.0 ], [ -94.9085689, 29.8151334, 0.0 ], [ -94.9085675, 29.8151329, 0.0 ], [ -94.908566, 29.8151323, 0.0 ], [ -94.9085645, 29.8151318, 0.0 ], [ -94.9085631, 29.8151312, 0.0 ], [ -94.9085616, 29.8151306, 0.0 ], [ -94.9085602, 29.8151301, 0.0 ], [ -94.9085587, 29.8151294, 0.0 ], [ -94.9085573, 29.8151288, 0.0 ], [ -94.9085559, 29.8151282, 0.0 ], [ -94.9085545, 29.8151276, 0.0 ], [ -94.9085531, 29.8151269, 0.0 ], [ -94.9085516, 29.8151263, 0.0 ], [ -94.9085503, 29.8151256, 0.0 ], [ -94.9085489, 29.8151249, 0.0 ], [ -94.9085475, 29.8151242, 0.0 ], [ -94.9085461, 29.8151235, 0.0 ], [ -94.9085448, 29.8151228, 0.0 ], [ -94.9085434, 29.815122, 0.0 ], [ -94.9085421, 29.8151213, 0.0 ], [ -94.9085407, 29.8151205, 0.0 ], [ -94.9085394, 29.8151197, 0.0 ], [ -94.9085381, 29.815119, 0.0 ], [ -94.9085368, 29.8151182, 0.0 ], [ -94.9085355, 29.8151174, 0.0 ], [ -94.9085342, 29.8151166, 0.0 ], [ -94.9085329, 29.8151157, 0.0 ], [ -94.9085316, 29.8151149, 0.0 ], [ -94.9085304, 29.815114, 0.0 ], [ -94.9085291, 29.8151132, 0.0 ], [ -94.9085279, 29.8151123, 0.0 ], [ -94.9085267, 29.8151114, 0.0 ], [ -94.9085254, 29.8151105, 0.0 ], [ -94.9085242, 29.8151096, 0.0 ], [ -94.908523, 29.8151087, 0.0 ], [ -94.9085218, 29.8151078, 0.0 ], [ -94.9085207, 29.8151069, 0.0 ], [ -94.9085195, 29.8151059, 0.0 ], [ -94.9085184, 29.815105, 0.0 ], [ -94.9085172, 29.815104, 0.0 ], [ -94.9085161, 29.815103, 0.0 ], [ -94.908515, 29.8151021, 0.0 ], [ -94.9085139, 29.8151011, 0.0 ], [ -94.9085128, 29.8151001, 0.0 ], [ -94.9085117, 29.8150991, 0.0 ], [ -94.9085106, 29.815098, 0.0 ], [ -94.9085095, 29.815097, 0.0 ], [ -94.9085085, 29.815096, 0.0 ], [ -94.9085075, 29.8150949, 0.0 ], [ -94.9085064, 29.8150938, 0.0 ], [ -94.9085054, 29.8150928, 0.0 ], [ -94.9085044, 29.8150917, 0.0 ], [ -94.9085034, 29.8150906, 0.0 ], [ -94.9085025, 29.8150895, 0.0 ], [ -94.9085015, 29.8150884, 0.0 ], [ -94.9085005, 29.8150873, 0.0 ], [ -94.9084996, 29.8150862, 0.0 ], [ -94.9084987, 29.8150851, 0.0 ], [ -94.9084978, 29.815084, 0.0 ], [ -94.9084969, 29.8150828, 0.0 ], [ -94.908496, 29.8150817, 0.0 ], [ -94.9084951, 29.8150805, 0.0 ], [ -94.9084943, 29.8150793, 0.0 ], [ -94.9084934, 29.8150782, 0.0 ], [ -94.9084926, 29.815077, 0.0 ], [ -94.9084918, 29.8150758, 0.0 ], [ -94.908491, 29.8150746, 0.0 ], [ -94.9084902, 29.8150734, 0.0 ], [ -94.9084895, 29.8150722, 0.0 ], [ -94.9084887, 29.815071, 0.0 ], [ -94.908488, 29.8150698, 0.0 ], [ -94.9084872, 29.8150686, 0.0 ], [ -94.9084865, 29.8150673, 0.0 ], [ -94.9084858, 29.8150661, 0.0 ], [ -94.9084851, 29.8150648, 0.0 ], [ -94.9084845, 29.8150636, 0.0 ], [ -94.9084838, 29.8150623, 0.0 ], [ -94.9084832, 29.8150611, 0.0 ], [ -94.9084825, 29.8150598, 0.0 ], [ -94.9084819, 29.8150585, 0.0 ], [ -94.9084814, 29.8150573, 0.0 ], [ -94.9084808, 29.815056, 0.0 ], [ -94.9084802, 29.8150547, 0.0 ], [ -94.9084796, 29.8150534, 0.0 ], [ -94.9084791, 29.8150521, 0.0 ], [ -94.9084786, 29.8150508, 0.0 ], [ -94.9084781, 29.8150495, 0.0 ], [ -94.9084776, 29.8150482, 0.0 ], [ -94.9084771, 29.8150469, 0.0 ], [ -94.9084767, 29.8150456, 0.0 ], [ -94.9084762, 29.8150443, 0.0 ], [ -94.9084758, 29.8150429, 0.0 ], [ -94.9084754, 29.8150416, 0.0 ], [ -94.908475, 29.8150403, 0.0 ], [ -94.9084746, 29.8150389, 0.0 ], [ -94.9084743, 29.8150376, 0.0 ], [ -94.9084739, 29.8150363, 0.0 ], [ -94.9084736, 29.8150349, 0.0 ], [ -94.9084733, 29.8150336, 0.0 ], [ -94.908473, 29.8150322, 0.0 ], [ -94.9084726, 29.8150309, 0.0 ], [ -94.9084721, 29.8150295, 0.0 ], [ -94.9084716, 29.8150282, 0.0 ], [ -94.9084711, 29.8150268, 0.0 ], [ -94.9084706, 29.8150254, 0.0 ], [ -94.9084702, 29.8150241, 0.0 ], [ -94.9084698, 29.8150227, 0.0 ], [ -94.9084693, 29.8150213, 0.0 ], [ -94.9084689, 29.81502, 0.0 ], [ -94.9084685, 29.8150186, 0.0 ], [ -94.9084682, 29.8150172, 0.0 ], [ -94.9084678, 29.8150159, 0.0 ], [ -94.9084675, 29.8150145, 0.0 ], [ -94.908467, 29.8150123, 0.0 ], [ -94.9084667, 29.8150109, 0.0 ], [ -94.9084664, 29.8150096, 0.0 ], [ -94.9084661, 29.8150082, 0.0 ], [ -94.9084659, 29.8150068, 0.0 ], [ -94.9084656, 29.8150054, 0.0 ], [ -94.9084654, 29.8150041, 0.0 ], [ -94.9084652, 29.8150027, 0.0 ], [ -94.908465, 29.8150013, 0.0 ], [ -94.9084649, 29.815, 0.0 ], [ -94.9084647, 29.8149986, 0.0 ], [ -94.9084646, 29.8149972, 0.0 ], [ -94.9084645, 29.8149959, 0.0 ], [ -94.9084644, 29.8149945, 0.0 ], [ -94.9084643, 29.8149931, 0.0 ], [ -94.9084642, 29.8149918, 0.0 ], [ -94.9084642, 29.8149904, 0.0 ], [ -94.9084641, 29.814989, 0.0 ], [ -94.9084641, 29.8149877, 0.0 ], [ -94.9084641, 29.8149863, 0.0 ], [ -94.9084641, 29.814985, 0.0 ], [ -94.9084641, 29.8149836, 0.0 ], [ -94.9084642, 29.8149823, 0.0 ], [ -94.9084642, 29.8149809, 0.0 ], [ -94.9084643, 29.8149796, 0.0 ], [ -94.9084644, 29.8149782, 0.0 ], [ -94.9084645, 29.8149769, 0.0 ], [ -94.9084647, 29.8149756, 0.0 ], [ -94.9084648, 29.8149742, 0.0 ], [ -94.908465, 29.8149729, 0.0 ], [ -94.9084651, 29.8149716, 0.0 ], [ -94.9084653, 29.8149703, 0.0 ], [ -94.9084655, 29.8149689, 0.0 ], [ -94.9084658, 29.8149676, 0.0 ], [ -94.908466, 29.8149663, 0.0 ], [ -94.9084663, 29.814965, 0.0 ], [ -94.9084665, 29.8149637, 0.0 ], [ -94.9084668, 29.8149624, 0.0 ], [ -94.9084671, 29.8149611, 0.0 ], [ -94.9084675, 29.8149599, 0.0 ], [ -94.9084678, 29.8149586, 0.0 ], [ -94.9084682, 29.8149573, 0.0 ], [ -94.9084685, 29.814956, 0.0 ], [ -94.9084689, 29.8149548, 0.0 ], [ -94.9084693, 29.8149535, 0.0 ], [ -94.9084697, 29.8149523, 0.0 ], [ -94.9084702, 29.814951, 0.0 ], [ -94.9084706, 29.8149498, 0.0 ], [ -94.9084711, 29.8149485, 0.0 ], [ -94.9084716, 29.8149473, 0.0 ], [ -94.9084721, 29.8149461, 0.0 ], [ -94.9084726, 29.8149449, 0.0 ], [ -94.9084735, 29.8149427, 0.0 ], [ -94.9090363, 29.8138136, 0.0 ], [ -94.9092853, 29.8135152, 0.0 ], [ -94.909331, 29.8134854, 0.0 ], [ -94.909434, 29.8134182, 0.0 ], [ -94.9096741, 29.8135907, 0.0 ], [ -94.9100251, 29.8136984, 0.0 ], [ -94.9104481, 29.8139166, 0.0 ], [ -94.9108099, 29.8137986, 0.0 ], [ -94.9108551, 29.8136031, 0.0 ], [ -94.9108802, 29.8134944, 0.0 ], [ -94.9106172, 29.8128566, 0.0 ], [ -94.9101516, 29.8122916, 0.0 ], [ -94.9101701, 29.8121127, 0.0 ], [ -94.9100202, 29.8118086, 0.0 ], [ -94.9103241, 29.8115865, 0.0 ], [ -94.9106764, 29.811329, 0.0 ], [ -94.9106453, 29.8110524, 0.0 ], [ -94.91061, 29.8107382, 0.0 ], [ -94.9105323, 29.8103781, 0.0 ], [ -94.9104083, 29.8098027, 0.0 ], [ -94.9099827, 29.8078281, 0.0 ], [ -94.9102733, 29.8077821, 0.0 ], [ -94.9112739, 29.8076238, 0.0 ], [ -94.9111649, 29.8071299, 0.0 ], [ -94.9109345, 29.8060856, 0.0 ], [ -94.9114488, 29.8060363, 0.0 ], [ -94.9120627, 29.8059774, 0.0 ], [ -94.9111504, 29.805271, 0.0 ], [ -94.9092499, 29.8037991, 0.0 ], [ -94.9101153, 29.8036431, 0.0 ], [ -94.9108904, 29.8035055, 0.0 ], [ -94.9123797, 29.8032414, 0.0 ], [ -94.9121805, 29.8022903, 0.0 ], [ -94.9120403, 29.8016206, 0.0 ], [ -94.9166644, 29.8008442, 0.0 ], [ -94.919661, 29.8003397, 0.0 ], [ -94.9214177, 29.8000439, 0.0 ], [ -94.922562, 29.802969, 0.0 ], [ -94.9240002, 29.806645, 0.0 ], [ -94.9246713, 29.8098106, 0.0 ], [ -94.9251776, 29.8121992, 0.0 ], [ -94.9260015, 29.8120504, 0.0 ], [ -94.9271656, 29.8118535, 0.0 ], [ -94.9302312, 29.8113558, 0.0 ], [ -94.9285809, 29.8039814, 0.0 ], [ -94.9276162, 29.7996702, 0.0 ], [ -94.9232771, 29.7981133, 0.0 ], [ -94.923276, 29.7981038, 0.0 ], [ -94.923272, 29.7980763, 0.0 ], [ -94.9232671, 29.798049, 0.0 ], [ -94.923261, 29.798022, 0.0 ], [ -94.9232534, 29.7979954, 0.0 ], [ -94.9232444, 29.7979692, 0.0 ], [ -94.9232346, 29.7979425, 0.0 ], [ -94.9232236, 29.7979157, 0.0 ], [ -94.9232112, 29.7978894, 0.0 ], [ -94.9231971, 29.7978643, 0.0 ], [ -94.9231809, 29.797841, 0.0 ], [ -94.9231622, 29.79782, 0.0 ], [ -94.9231403, 29.797802, 0.0 ], [ -94.9231149, 29.7977867, 0.0 ], [ -94.923087, 29.7977734, 0.0 ], [ -94.9230575, 29.7977615, 0.0 ], [ -94.9230274, 29.7977504, 0.0 ], [ -94.9229977, 29.7977394, 0.0 ], [ -94.9229689, 29.797728, 0.0 ], [ -94.9229401, 29.7977167, 0.0 ], [ -94.9229111, 29.7977058, 0.0 ], [ -94.9228819, 29.7976953, 0.0 ], [ -94.9228525, 29.7976852, 0.0 ], [ -94.9228228, 29.7976758, 0.0 ], [ -94.922793, 29.797667, 0.0 ], [ -94.9227629, 29.7976589, 0.0 ], [ -94.9227326, 29.7976514, 0.0 ], [ -94.9227021, 29.7976446, 0.0 ], [ -94.9226715, 29.7976381, 0.0 ], [ -94.9226407, 29.7976319, 0.0 ], [ -94.9226099, 29.797626, 0.0 ], [ -94.9225791, 29.7976201, 0.0 ], [ -94.9225483, 29.7976141, 0.0 ], [ -94.9225175, 29.7976079, 0.0 ], [ -94.9224868, 29.7976015, 0.0 ], [ -94.9224561, 29.7975949, 0.0 ], [ -94.9224247, 29.7975891, 0.0 ], [ -94.9223933, 29.7975833, 0.0 ], [ -94.9223624, 29.7975764, 0.0 ], [ -94.922333, 29.7975674, 0.0 ], [ -94.9223056, 29.7975552, 0.0 ], [ -94.92228, 29.79754, 0.0 ], [ -94.9222557, 29.7975225, 0.0 ], [ -94.9222325, 29.7975035, 0.0 ], [ -94.9222102, 29.7974833, 0.0 ], [ -94.9221885, 29.7974628, 0.0 ], [ -94.9221672, 29.7974423, 0.0 ], [ -94.9221457, 29.7974218, 0.0 ], [ -94.9221243, 29.7974008, 0.0 ], [ -94.922104, 29.7973791, 0.0 ], [ -94.9220858, 29.7973565, 0.0 ], [ -94.9220707, 29.7973328, 0.0 ], [ -94.9220594, 29.7973079, 0.0 ], [ -94.9220508, 29.7972819, 0.0 ], [ -94.9220445, 29.7972549, 0.0 ], [ -94.9220398, 29.7972273, 0.0 ], [ -94.9220364, 29.7971995, 0.0 ], [ -94.9220338, 29.7971716, 0.0 ], [ -94.9220316, 29.797144, 0.0 ], [ -94.9220296, 29.7971166, 0.0 ], [ -94.9220285, 29.7970889, 0.0 ], [ -94.9220286, 29.7970611, 0.0 ], [ -94.9220301, 29.7970335, 0.0 ], [ -94.9220336, 29.7970061, 0.0 ], [ -94.9220391, 29.7969793, 0.0 ], [ -94.9220459, 29.7969523, 0.0 ], [ -94.9220539, 29.796925, 0.0 ], [ -94.9220633, 29.7968981, 0.0 ], [ -94.9220745, 29.7968719, 0.0 ], [ -94.9220877, 29.7968469, 0.0 ], [ -94.9221032, 29.7968236, 0.0 ], [ -94.9221217, 29.7968024, 0.0 ], [ -94.9221434, 29.796783, 0.0 ], [ -94.9221676, 29.7967649, 0.0 ], [ -94.9221933, 29.796748, 0.0 ], [ -94.9222197, 29.7967318, 0.0 ], [ -94.922246, 29.7967159, 0.0 ], [ -94.9222718, 29.7967, 0.0 ], [ -94.9222978, 29.7966841, 0.0 ], [ -94.9223242, 29.7966684, 0.0 ], [ -94.9223511, 29.7966536, 0.0 ], [ -94.9223787, 29.79664, 0.0 ], [ -94.9224069, 29.7966281, 0.0 ], [ -94.922436, 29.7966182, 0.0 ], [ -94.9224657, 29.79661, 0.0 ], [ -94.922496, 29.796603, 0.0 ], [ -94.9225266, 29.7965969, 0.0 ], [ -94.9225576, 29.7965915, 0.0 ], [ -94.9225888, 29.7965866, 0.0 ], [ -94.9226201, 29.7965818, 0.0 ], [ -94.9226514, 29.796577, 0.0 ], [ -94.9226825, 29.7965718, 0.0 ], [ -94.9227135, 29.796566, 0.0 ], [ -94.9227441, 29.7965595, 0.0 ], [ -94.9227746, 29.7965524, 0.0 ], [ -94.9228049, 29.7965449, 0.0 ], [ -94.922816, 29.7965421, 0.0 ], [ -94.9228352, 29.7965371, 0.0 ], [ -94.9228655, 29.7965293, 0.0 ], [ -94.9228958, 29.7965215, 0.0 ], [ -94.9229261, 29.7965139, 0.0 ], [ -94.9229565, 29.7965068, 0.0 ], [ -94.9229871, 29.7965002, 0.0 ], [ -94.9230178, 29.7964943, 0.0 ], [ -94.9230488, 29.7964892, 0.0 ], [ -94.9230799, 29.796485, 0.0 ], [ -94.9231112, 29.7964814, 0.0 ], [ -94.9231425, 29.7964782, 0.0 ], [ -94.9231739, 29.7964752, 0.0 ], [ -94.9232054, 29.7964723, 0.0 ], [ -94.9232368, 29.7964691, 0.0 ], [ -94.9232681, 29.7964657, 0.0 ], [ -94.9232992, 29.7964616, 0.0 ], [ -94.9233302, 29.7964569, 0.0 ], [ -94.923361, 29.7964513, 0.0 ], [ -94.9233917, 29.7964452, 0.0 ], [ -94.9234223, 29.7964386, 0.0 ], [ -94.9234528, 29.7964316, 0.0 ], [ -94.9234833, 29.7964243, 0.0 ], [ -94.9235136, 29.7964167, 0.0 ], [ -94.9235439, 29.7964089, 0.0 ], [ -94.9235742, 29.796401, 0.0 ], [ -94.9236044, 29.796393, 0.0 ], [ -94.9236345, 29.7963851, 0.0 ], [ -94.9236649, 29.7963773, 0.0 ], [ -94.9236954, 29.7963695, 0.0 ], [ -94.9237257, 29.7963615, 0.0 ], [ -94.9237559, 29.796353, 0.0 ], [ -94.9237856, 29.7963437, 0.0 ], [ -94.9238146, 29.7963333, 0.0 ], [ -94.9238428, 29.7963217, 0.0 ], [ -94.92387, 29.7963081, 0.0 ], [ -94.9238962, 29.7962926, 0.0 ], [ -94.9239215, 29.7962757, 0.0 ], [ -94.923946, 29.796258, 0.0 ], [ -94.9239696, 29.7962397, 0.0 ], [ -94.923992, 29.7962206, 0.0 ], [ -94.9240127, 29.7961997, 0.0 ], [ -94.9240322, 29.7961779, 0.0 ], [ -94.9240512, 29.7961559, 0.0 ], [ -94.9240708, 29.796134, 0.0 ], [ -94.9240903, 29.7961119, 0.0 ], [ -94.9241081, 29.796089, 0.0 ], [ -94.9241222, 29.7960649, 0.0 ], [ -94.9241317, 29.7960392, 0.0 ], [ -94.9241378, 29.7960122, 0.0 ], [ -94.924142, 29.7959847, 0.0 ], [ -94.9241457, 29.795957, 0.0 ], [ -94.924148, 29.7959432, 0.0 ], [ -94.9241502, 29.7959296, 0.0 ], [ -94.924155, 29.7959025, 0.0 ], [ -94.9241596, 29.7958753, 0.0 ], [ -94.924164, 29.795848, 0.0 ], [ -94.9241684, 29.7958208, 0.0 ], [ -94.9241726, 29.7957935, 0.0 ], [ -94.9241767, 29.7957663, 0.0 ], [ -94.9241809, 29.795739, 0.0 ], [ -94.9241851, 29.7957117, 0.0 ], [ -94.9241893, 29.7956845, 0.0 ], [ -94.9241934, 29.7956572, 0.0 ], [ -94.9241972, 29.7956299, 0.0 ], [ -94.9242007, 29.7956026, 0.0 ], [ -94.9242037, 29.7955752, 0.0 ], [ -94.9242062, 29.7955478, 0.0 ], [ -94.924208, 29.7955204, 0.0 ], [ -94.9242092, 29.7954929, 0.0 ], [ -94.9242101, 29.7954654, 0.0 ], [ -94.9242108, 29.7954379, 0.0 ], [ -94.9242114, 29.7954104, 0.0 ], [ -94.9242122, 29.7953829, 0.0 ], [ -94.9242134, 29.7953554, 0.0 ], [ -94.9242153, 29.7953278, 0.0 ], [ -94.9242175, 29.7953003, 0.0 ], [ -94.9242195, 29.7952728, 0.0 ], [ -94.9242206, 29.7952453, 0.0 ], [ -94.9242203, 29.7952179, 0.0 ], [ -94.9242184, 29.7951905, 0.0 ], [ -94.9242157, 29.7951629, 0.0 ], [ -94.9242123, 29.7951351, 0.0 ], [ -94.9242077, 29.7951075, 0.0 ], [ -94.9242014, 29.7950804, 0.0 ], [ -94.9241932, 29.795054, 0.0 ], [ -94.9241827, 29.7950286, 0.0 ], [ -94.9241687, 29.7950044, 0.0 ], [ -94.9241518, 29.7949812, 0.0 ], [ -94.9241327, 29.7949589, 0.0 ], [ -94.9241125, 29.7949371, 0.0 ], [ -94.9240919, 29.7949159, 0.0 ], [ -94.9240715, 29.794895, 0.0 ], [ -94.9240504, 29.7948745, 0.0 ], [ -94.9240288, 29.7948545, 0.0 ], [ -94.9240066, 29.7948349, 0.0 ], [ -94.9239839, 29.7948157, 0.0 ], [ -94.9239608, 29.7947969, 0.0 ], [ -94.9239374, 29.7947785, 0.0 ], [ -94.9239139, 29.7947601, 0.0 ], [ -94.9238901, 29.7947416, 0.0 ], [ -94.9238661, 29.7947235, 0.0 ], [ -94.9238416, 29.794706, 0.0 ], [ -94.9238165, 29.7946893, 0.0 ], [ -94.9237907, 29.7946737, 0.0 ], [ -94.9237639, 29.7946595, 0.0 ], [ -94.9237365, 29.7946462, 0.0 ], [ -94.9237087, 29.7946334, 0.0 ], [ -94.9236804, 29.7946212, 0.0 ], [ -94.9236517, 29.7946094, 0.0 ], [ -94.9236228, 29.7945981, 0.0 ], [ -94.9235935, 29.7945874, 0.0 ], [ -94.9235641, 29.7945772, 0.0 ], [ -94.9235344, 29.7945676, 0.0 ], [ -94.9235046, 29.7945584, 0.0 ], [ -94.9234748, 29.7945499, 0.0 ], [ -94.9234447, 29.7945417, 0.0 ], [ -94.9234145, 29.7945339, 0.0 ], [ -94.9233842, 29.7945263, 0.0 ], [ -94.9233537, 29.7945191, 0.0 ], [ -94.923323, 29.7945122, 0.0 ], [ -94.9232923, 29.7945057, 0.0 ], [ -94.9232614, 29.7944995, 0.0 ], [ -94.9232305, 29.7944937, 0.0 ], [ -94.9231995, 29.7944883, 0.0 ], [ -94.9231684, 29.7944834, 0.0 ], [ -94.9231373, 29.7944788, 0.0 ], [ -94.9231062, 29.7944747, 0.0 ], [ -94.9230751, 29.794471, 0.0 ], [ -94.9230437, 29.7944676, 0.0 ], [ -94.9230122, 29.7944645, 0.0 ], [ -94.9229805, 29.7944618, 0.0 ], [ -94.9229487, 29.7944595, 0.0 ], [ -94.9229169, 29.7944577, 0.0 ], [ -94.9228851, 29.7944564, 0.0 ], [ -94.9228533, 29.7944557, 0.0 ], [ -94.9228216, 29.7944555, 0.0 ], [ -94.9227901, 29.794456, 0.0 ], [ -94.9227589, 29.7944573, 0.0 ], [ -94.9227279, 29.7944592, 0.0 ], [ -94.9226973, 29.7944625, 0.0 ], [ -94.922668, 29.7944709, 0.0 ], [ -94.9226397, 29.7944833, 0.0 ], [ -94.9226118, 29.7944976, 0.0 ], [ -94.9225836, 29.7945114, 0.0 ], [ -94.9225545, 29.7945224, 0.0 ], [ -94.9225246, 29.7945316, 0.0 ], [ -94.9224943, 29.7945406, 0.0 ], [ -94.9224638, 29.794549, 0.0 ], [ -94.922433, 29.7945562, 0.0 ], [ -94.9224022, 29.7945614, 0.0 ], [ -94.9223714, 29.7945642, 0.0 ], [ -94.9223404, 29.7945642, 0.0 ], [ -94.922309, 29.7945616, 0.0 ], [ -94.9222775, 29.7945568, 0.0 ], [ -94.9222463, 29.7945502, 0.0 ], [ -94.9222156, 29.7945423, 0.0 ], [ -94.9221858, 29.7945335, 0.0 ], [ -94.922157, 29.794523, 0.0 ], [ -94.9221288, 29.7945107, 0.0 ], [ -94.9221011, 29.7944974, 0.0 ], [ -94.9220735, 29.7944838, 0.0 ], [ -94.9220458, 29.7944703, 0.0 ], [ -94.9220176, 29.7944577, 0.0 ], [ -94.9219888, 29.7944466, 0.0 ], [ -94.9219595, 29.7944367, 0.0 ], [ -94.9219297, 29.7944274, 0.0 ], [ -94.9218998, 29.7944185, 0.0 ], [ -94.9218699, 29.7944097, 0.0 ], [ -94.9218401, 29.7944006, 0.0 ], [ -94.9218106, 29.7943909, 0.0 ], [ -94.9217816, 29.7943802, 0.0 ], [ -94.9217532, 29.7943683, 0.0 ], [ -94.9217253, 29.7943556, 0.0 ], [ -94.9216976, 29.7943422, 0.0 ], [ -94.9216702, 29.7943284, 0.0 ], [ -94.9216428, 29.7943145, 0.0 ], [ -94.9216155, 29.7943006, 0.0 ], [ -94.9215879, 29.7942871, 0.0 ], [ -94.9215601, 29.7942742, 0.0 ], [ -94.9215319, 29.7942621, 0.0 ], [ -94.9215032, 29.7942511, 0.0 ], [ -94.921474, 29.7942413, 0.0 ], [ -94.9214442, 29.7942326, 0.0 ], [ -94.921414, 29.7942249, 0.0 ], [ -94.9213834, 29.7942179, 0.0 ], [ -94.9213527, 29.7942113, 0.0 ], [ -94.9213218, 29.794205, 0.0 ], [ -94.921291, 29.7941988, 0.0 ], [ -94.9212602, 29.7941923, 0.0 ], [ -94.9212297, 29.7941855, 0.0 ], [ -94.9211991, 29.7941784, 0.0 ], [ -94.9211687, 29.7941712, 0.0 ], [ -94.9211382, 29.7941639, 0.0 ], [ -94.9211076, 29.7941566, 0.0 ], [ -94.9210771, 29.7941495, 0.0 ], [ -94.9210465, 29.7941426, 0.0 ], [ -94.9210159, 29.7941361, 0.0 ], [ -94.9209852, 29.79413, 0.0 ], [ -94.9209544, 29.7941245, 0.0 ], [ -94.9209235, 29.7941196, 0.0 ], [ -94.9208924, 29.7941155, 0.0 ], [ -94.920861, 29.7941123, 0.0 ], [ -94.9208294, 29.79411, 0.0 ], [ -94.9207976, 29.7941086, 0.0 ], [ -94.9207659, 29.7941081, 0.0 ], [ -94.9207343, 29.7941087, 0.0 ], [ -94.9207029, 29.7941104, 0.0 ], [ -94.9206719, 29.7941133, 0.0 ], [ -94.9206411, 29.7941185, 0.0 ], [ -94.9206105, 29.7941254, 0.0 ], [ -94.9205802, 29.7941335, 0.0 ], [ -94.9205499, 29.7941421, 0.0 ], [ -94.9205198, 29.7941507, 0.0 ], [ -94.9204896, 29.7941588, 0.0 ], [ -94.9204591, 29.7941667, 0.0 ], [ -94.9204289, 29.7941752, 0.0 ], [ -94.9204093, 29.7941816, 0.0 ], [ -94.920404, 29.7941814, 0.0 ], [ -94.9204001, 29.7941846, 0.0 ], [ -94.9203994, 29.7941849, 0.0 ], [ -94.9203711, 29.7941966, 0.0 ], [ -94.9203439, 29.7942102, 0.0 ], [ -94.9203171, 29.794225, 0.0 ], [ -94.9202911, 29.794241, 0.0 ], [ -94.9202661, 29.7942581, 0.0 ], [ -94.9202424, 29.7942764, 0.0 ], [ -94.9202204, 29.7942959, 0.0 ], [ -94.9201998, 29.7943164, 0.0 ], [ -94.9201801, 29.7943378, 0.0 ], [ -94.9201611, 29.7943598, 0.0 ], [ -94.9201426, 29.7943822, 0.0 ], [ -94.9201242, 29.7944047, 0.0 ], [ -94.9201078, 29.7944246, 0.0 ], [ -94.9199811, 29.7945285, 0.0 ], [ -94.9198812, 29.7946389, 0.0 ], [ -94.9198686, 29.7946455, 0.0 ], [ -94.9198401, 29.7946573, 0.0 ], [ -94.9198102, 29.7946673, 0.0 ], [ -94.9197794, 29.7946757, 0.0 ], [ -94.9197483, 29.7946828, 0.0 ], [ -94.9197174, 29.7946889, 0.0 ], [ -94.9196865, 29.7946935, 0.0 ], [ -94.9196544, 29.794695, 0.0 ], [ -94.9196223, 29.7946932, 0.0 ], [ -94.9195913, 29.7946879, 0.0 ], [ -94.9195616, 29.7946795, 0.0 ], [ -94.9195317, 29.7946689, 0.0 ], [ -94.9195027, 29.7946561, 0.0 ], [ -94.9194758, 29.7946409, 0.0 ], [ -94.9194522, 29.7946235, 0.0 ], [ -94.919432, 29.7946034, 0.0 ], [ -94.9194143, 29.7945807, 0.0 ], [ -94.9193987, 29.7945563, 0.0 ], [ -94.9193847, 29.7945308, 0.0 ], [ -94.919372, 29.7945051, 0.0 ], [ -94.9193603, 29.7944796, 0.0 ], [ -94.9193491, 29.7944539, 0.0 ], [ -94.9193385, 29.794428, 0.0 ], [ -94.9193285, 29.7944017, 0.0 ], [ -94.9193192, 29.7943753, 0.0 ], [ -94.9193106, 29.7943487, 0.0 ], [ -94.9193029, 29.794322, 0.0 ], [ -94.919296, 29.7942952, 0.0 ], [ -94.91929, 29.7942684, 0.0 ], [ -94.9192852, 29.7942413, 0.0 ], [ -94.9192815, 29.7942139, 0.0 ], [ -94.9192788, 29.7941865, 0.0 ], [ -94.9192768, 29.7941589, 0.0 ], [ -94.9192753, 29.7941313, 0.0 ], [ -94.9192743, 29.7941038, 0.0 ], [ -94.9192735, 29.7940763, 0.0 ], [ -94.9192726, 29.7940487, 0.0 ], [ -94.9192716, 29.7940209, 0.0 ], [ -94.9192708, 29.793993, 0.0 ], [ -94.9192707, 29.7939652, 0.0 ], [ -94.9192717, 29.7939376, 0.0 ], [ -94.9192742, 29.7939103, 0.0 ], [ -94.9192784, 29.7938833, 0.0 ], [ -94.919285, 29.7938569, 0.0 ], [ -94.919294, 29.7938309, 0.0 ], [ -94.9193053, 29.7938053, 0.0 ], [ -94.9193182, 29.79378, 0.0 ], [ -94.9193323, 29.793755, 0.0 ], [ -94.9193472, 29.7937303, 0.0 ], [ -94.9193622, 29.7937059, 0.0 ], [ -94.9193771, 29.7936816, 0.0 ], [ -94.9193922, 29.7936575, 0.0 ], [ -94.9194076, 29.7936335, 0.0 ], [ -94.9194233, 29.7936097, 0.0 ], [ -94.9194393, 29.793586, 0.0 ], [ -94.9194555, 29.7935624, 0.0 ], [ -94.9194719, 29.7935388, 0.0 ], [ -94.9194884, 29.7935154, 0.0 ], [ -94.9195051, 29.793492, 0.0 ], [ -94.9195218, 29.7934686, 0.0 ], [ -94.9195385, 29.7934453, 0.0 ], [ -94.919555, 29.7934218, 0.0 ], [ -94.9195712, 29.793398, 0.0 ], [ -94.9195873, 29.793374, 0.0 ], [ -94.9196034, 29.79335, 0.0 ], [ -94.9196196, 29.7933261, 0.0 ], [ -94.9196363, 29.7933025, 0.0 ], [ -94.9196534, 29.7932794, 0.0 ], [ -94.9196714, 29.7932568, 0.0 ], [ -94.9196902, 29.793235, 0.0 ], [ -94.9197101, 29.7932142, 0.0 ], [ -94.9197313, 29.7931944, 0.0 ], [ -94.9197545, 29.7931762, 0.0 ], [ -94.9197792, 29.7931594, 0.0 ], [ -94.919805, 29.7931436, 0.0 ], [ -94.9198316, 29.7931283, 0.0 ], [ -94.9198586, 29.7931133, 0.0 ], [ -94.9198855, 29.7930982, 0.0 ], [ -94.9199118, 29.7930827, 0.0 ], [ -94.9199373, 29.7930663, 0.0 ], [ -94.9199613, 29.7930487, 0.0 ], [ -94.9199838, 29.7930297, 0.0 ], [ -94.9200052, 29.7930096, 0.0 ], [ -94.9200257, 29.7929887, 0.0 ], [ -94.9200455, 29.7929672, 0.0 ], [ -94.9200649, 29.7929453, 0.0 ], [ -94.9200842, 29.7929233, 0.0 ], [ -94.9201036, 29.7929013, 0.0 ], [ -94.9201233, 29.7928797, 0.0 ], [ -94.9201435, 29.7928586, 0.0 ], [ -94.9201646, 29.7928383, 0.0 ], [ -94.9201867, 29.792819, 0.0 ], [ -94.9202098, 29.7928001, 0.0 ], [ -94.9202336, 29.7927817, 0.0 ], [ -94.9202582, 29.7927639, 0.0 ], [ -94.9202835, 29.7927469, 0.0 ], [ -94.9203096, 29.7927309, 0.0 ], [ -94.9203364, 29.7927163, 0.0 ], [ -94.9203638, 29.7927032, 0.0 ], [ -94.920392, 29.7926917, 0.0 ], [ -94.920421, 29.7926819, 0.0 ], [ -94.9204507, 29.7926733, 0.0 ], [ -94.9204809, 29.7926659, 0.0 ], [ -94.9205116, 29.7926592, 0.0 ], [ -94.9205426, 29.792653, 0.0 ], [ -94.9205738, 29.7926471, 0.0 ], [ -94.9206049, 29.7926412, 0.0 ], [ -94.9206359, 29.792635, 0.0 ], [ -94.9206666, 29.7926283, 0.0 ], [ -94.920697, 29.792621, 0.0 ], [ -94.9207274, 29.7926134, 0.0 ], [ -94.9207577, 29.7926057, 0.0 ], [ -94.920788, 29.792598, 0.0 ], [ -94.9208183, 29.7925903, 0.0 ], [ -94.9208487, 29.792583, 0.0 ], [ -94.9208792, 29.792576, 0.0 ], [ -94.9209098, 29.7925695, 0.0 ], [ -94.9209406, 29.7925637, 0.0 ], [ -94.9209717, 29.792559, 0.0 ], [ -94.9210032, 29.7925558, 0.0 ], [ -94.9210351, 29.7925535, 0.0 ], [ -94.9210671, 29.7925516, 0.0 ], [ -94.921099, 29.7925497, 0.0 ], [ -94.9211306, 29.7925472, 0.0 ], [ -94.9211618, 29.7925436, 0.0 ], [ -94.9211923, 29.7925384, 0.0 ], [ -94.921222, 29.7925311, 0.0 ], [ -94.9212509, 29.7925215, 0.0 ], [ -94.9212793, 29.7925098, 0.0 ], [ -94.9213072, 29.7924964, 0.0 ], [ -94.9213344, 29.7924817, 0.0 ], [ -94.9213609, 29.7924657, 0.0 ], [ -94.9213866, 29.792449, 0.0 ], [ -94.9214115, 29.7924318, 0.0 ], [ -94.9214356, 29.7924144, 0.0 ], [ -94.9214573, 29.7923949, 0.0 ], [ -94.9214754, 29.792372, 0.0 ], [ -94.9214907, 29.7923472, 0.0 ], [ -94.9215039, 29.7923221, 0.0 ], [ -94.9215163, 29.7922967, 0.0 ], [ -94.9215281, 29.7922708, 0.0 ], [ -94.9215386, 29.7922445, 0.0 ], [ -94.9215474, 29.7922179, 0.0 ], [ -94.9215539, 29.7921912, 0.0 ], [ -94.9215578, 29.7921642, 0.0 ], [ -94.9215598, 29.7921358, 0.0 ], [ -94.9215593, 29.7921069, 0.0 ], [ -94.9215555, 29.7920787, 0.0 ], [ -94.9215477, 29.7920525, 0.0 ], [ -94.9215348, 29.7920295, 0.0 ], [ -94.9215143, 29.7920098, 0.0 ], [ -94.9214885, 29.7919925, 0.0 ], [ -94.9214602, 29.7919771, 0.0 ], [ -94.9214324, 29.7919627, 0.0 ], [ -94.9214048, 29.7919496, 0.0 ], [ -94.9213763, 29.7919378, 0.0 ], [ -94.921347, 29.7919272, 0.0 ], [ -94.9213174, 29.7919174, 0.0 ], [ -94.9212877, 29.7919082, 0.0 ], [ -94.9212578, 29.7918993, 0.0 ], [ -94.9212278, 29.7918907, 0.0 ], [ -94.9211975, 29.7918827, 0.0 ], [ -94.9211671, 29.7918753, 0.0 ], [ -94.9211364, 29.7918688, 0.0 ], [ -94.9211056, 29.7918634, 0.0 ], [ -94.9210746, 29.7918587, 0.0 ], [ -94.9210435, 29.7918543, 0.0 ], [ -94.9210124, 29.7918502, 0.0 ], [ -94.9209811, 29.7918464, 0.0 ], [ -94.9209498, 29.7918429, 0.0 ], [ -94.9209185, 29.7918395, 0.0 ], [ -94.9208872, 29.7918363, 0.0 ], [ -94.9208558, 29.7918332, 0.0 ], [ -94.9208244, 29.7918302, 0.0 ], [ -94.920793, 29.7918273, 0.0 ], [ -94.9207617, 29.7918243, 0.0 ], [ -94.9207303, 29.7918214, 0.0 ], [ -94.920699, 29.7918185, 0.0 ], [ -94.9206676, 29.7918157, 0.0 ], [ -94.9206362, 29.7918131, 0.0 ], [ -94.9206047, 29.7918107, 0.0 ], [ -94.9205733, 29.7918084, 0.0 ], [ -94.9205419, 29.7918063, 0.0 ], [ -94.9205104, 29.7918045, 0.0 ], [ -94.920479, 29.7918029, 0.0 ], [ -94.9204475, 29.7918018, 0.0 ], [ -94.920416, 29.7918023, 0.0 ], [ -94.9203845, 29.7918036, 0.0 ], [ -94.9203427, 29.7918054, 0.0 ], [ -94.920336, 29.7918068, 0.0 ], [ -94.9203294, 29.7918078, 0.0 ], [ -94.9203228, 29.7918084, 0.0 ], [ -94.9203162, 29.7918085, 0.0 ], [ -94.920312, 29.7918084, 0.0 ], [ -94.9203097, 29.7918083, 0.0 ], [ -94.9203031, 29.7918076, 0.0 ], [ -94.9203011, 29.7918078, 0.0 ], [ -94.9202965, 29.7918081, 0.0 ], [ -94.9202899, 29.7918082, 0.0 ], [ -94.9202866, 29.791808, 0.0 ], [ -94.9202833, 29.7918078, 0.0 ], [ -94.9202767, 29.7918071, 0.0 ], [ -94.920274, 29.7918072, 0.0 ], [ -94.9202701, 29.7918073, 0.0 ], [ -94.9202653, 29.7918072, 0.0 ], [ -94.9202636, 29.7918071, 0.0 ], [ -94.9202635, 29.7918071, 0.0 ], [ -94.9202634, 29.7918071, 0.0 ], [ -94.9202569, 29.7918066, 0.0 ], [ -94.9202504, 29.7918056, 0.0 ], [ -94.9202438, 29.7918042, 0.0 ], [ -94.9202373, 29.7918039, 0.0 ], [ -94.9202308, 29.7918033, 0.0 ], [ -94.9202243, 29.7918022, 0.0 ], [ -94.9202178, 29.7918007, 0.0 ], [ -94.9202114, 29.7917989, 0.0 ], [ -94.920205, 29.7917982, 0.0 ], [ -94.9201986, 29.7917972, 0.0 ], [ -94.9201922, 29.7917958, 0.0 ], [ -94.9201859, 29.791794, 0.0 ], [ -94.9201796, 29.7917918, 0.0 ], [ -94.9201734, 29.7917892, 0.0 ], [ -94.9201672, 29.791788, 0.0 ], [ -94.920161, 29.7917865, 0.0 ], [ -94.9201548, 29.7917845, 0.0 ], [ -94.9201488, 29.7917821, 0.0 ], [ -94.9201427, 29.7917793, 0.0 ], [ -94.9201368, 29.7917761, 0.0 ], [ -94.9201354, 29.7917778, 0.0 ], [ -94.9201307, 29.7917835, 0.0 ], [ -94.9201248, 29.7917876, 0.0 ], [ -94.9201189, 29.7917882, 0.0 ], [ -94.9201178, 29.7917877, 0.0 ], [ -94.9201131, 29.7917854, 0.0 ], [ -94.9201074, 29.7917793, 0.0 ], [ -94.9201018, 29.7917697, 0.0 ], [ -94.9200963, 29.7917567, 0.0 ], [ -94.9200923, 29.7917585, 0.0 ], [ -94.9200907, 29.7917592, 0.0 ], [ -94.9200862, 29.7917589, 0.0 ], [ -94.9200852, 29.7917588, 0.0 ], [ -94.9200797, 29.7917555, 0.0 ], [ -94.9200744, 29.7917494, 0.0 ], [ -94.9200691, 29.7917403, 0.0 ], [ -94.920066, 29.7917431, 0.0 ], [ -94.9200639, 29.7917451, 0.0 ], [ -94.9200587, 29.791747, 0.0 ], [ -94.9200552, 29.7917464, 0.0 ], [ -94.9200536, 29.7917461, 0.0 ], [ -94.9200486, 29.7917423, 0.0 ], [ -94.9200437, 29.7917357, 0.0 ], [ -94.9200389, 29.7917263, 0.0 ], [ -94.9200341, 29.791714, 0.0 ], [ -94.9200275, 29.7917108, 0.0 ], [ -94.920021, 29.7917075, 0.0 ], [ -94.9200144, 29.791704, 0.0 ], [ -94.9200079, 29.7917004, 0.0 ], [ -94.9200015, 29.7916966, 0.0 ], [ -94.9199951, 29.7916928, 0.0 ], [ -94.9199888, 29.7916888, 0.0 ], [ -94.9199825, 29.7916846, 0.0 ], [ -94.9199763, 29.7916804, 0.0 ], [ -94.9199701, 29.791676, 0.0 ], [ -94.919964, 29.7916715, 0.0 ], [ -94.919958, 29.7916669, 0.0 ], [ -94.919952, 29.7916622, 0.0 ], [ -94.9199461, 29.7916573, 0.0 ], [ -94.9199402, 29.7916524, 0.0 ], [ -94.9199342, 29.7916479, 0.0 ], [ -94.9199283, 29.7916434, 0.0 ], [ -94.9199224, 29.7916389, 0.0 ], [ -94.9199166, 29.7916343, 0.0 ], [ -94.9198763, 29.7916073, 0.0 ], [ -94.9198357, 29.7915807, 0.0 ], [ -94.919795, 29.7915545, 0.0 ], [ -94.9197541, 29.7915286, 0.0 ], [ -94.9196892, 29.7914884, 0.0 ], [ -94.9196682, 29.7914627, 0.0 ], [ -94.9196464, 29.7914374, 0.0 ], [ -94.9196241, 29.7914125, 0.0 ], [ -94.919601, 29.791388, 0.0 ], [ -94.9195774, 29.7913638, 0.0 ], [ -94.9195317, 29.7913199, 0.0 ], [ -94.9195187, 29.7913134, 0.0 ], [ -94.9195095, 29.7913085, 0.0 ], [ -94.9195004, 29.7913035, 0.0 ], [ -94.919493, 29.7912993, 0.0 ], [ -94.9194851, 29.7912948, 0.0 ], [ -94.9194772, 29.791288, 0.0 ], [ -94.9194612, 29.7912741, 0.0 ], [ -94.9194412, 29.7912554, 0.0 ], [ -94.9194214, 29.7912359, 0.0 ], [ -94.9194019, 29.7912153, 0.0 ], [ -94.9193826, 29.7911939, 0.0 ], [ -94.9193635, 29.7911716, 0.0 ], [ -94.919345, 29.7911487, 0.0 ], [ -94.9193447, 29.7911484, 0.0 ], [ -94.9193262, 29.7911243, 0.0 ], [ -94.9192685, 29.7910443, 0.0 ], [ -94.9192546, 29.7910317, 0.0 ], [ -94.919228, 29.7909993, 0.0 ], [ -94.9192275, 29.7909987, 0.0 ], [ -94.9192266, 29.7909974, 0.0 ], [ -94.9192127, 29.7909786, 0.0 ], [ -94.9192119, 29.7909775, 0.0 ], [ -94.9192111, 29.7909764, 0.0 ], [ -94.9191975, 29.7909565, 0.0 ], [ -94.9191965, 29.7909551, 0.0 ], [ -94.9191957, 29.7909539, 0.0 ], [ -94.9191824, 29.7909329, 0.0 ], [ -94.9191814, 29.7909315, 0.0 ], [ -94.9191808, 29.7909304, 0.0 ], [ -94.9191667, 29.7909066, 0.0 ], [ -94.9191522, 29.7908806, 0.0 ], [ -94.9191516, 29.7908794, 0.0 ], [ -94.9191381, 29.7908535, 0.0 ], [ -94.9191377, 29.7908528, 0.0 ], [ -94.9191242, 29.790825, 0.0 ], [ -94.9191107, 29.7907954, 0.0 ], [ -94.9190982, 29.7907664, 0.0 ], [ -94.9190975, 29.7907647, 0.0 ], [ -94.9190964, 29.790762, 0.0 ], [ -94.9190854, 29.7907348, 0.0 ], [ -94.9190846, 29.7907329, 0.0 ], [ -94.9190838, 29.7907305, 0.0 ], [ -94.9190728, 29.7907017, 0.0 ], [ -94.9190721, 29.7906998, 0.0 ], [ -94.9190714, 29.7906979, 0.0 ], [ -94.9190608, 29.7906682, 0.0 ], [ -94.9190599, 29.7906657, 0.0 ], [ -94.9187485, 29.7903012, 0.0 ], [ -94.9185626, 29.7900837, 0.0 ], [ -94.9184005, 29.7898266, 0.0 ], [ -94.9182299, 29.789556, 0.0 ], [ -94.9179532, 29.7893261, 0.0 ], [ -94.9177675, 29.7890373, 0.0 ], [ -94.9176337, 29.7888292, 0.0 ], [ -94.9175001, 29.7886257, 0.0 ], [ -94.9175923, 29.7882204, 0.0 ], [ -94.9177865, 29.7879408, 0.0 ], [ -94.9181629, 29.7877175, 0.0 ], [ -94.9184083, 29.7875455, 0.0 ], [ -94.9184254, 29.787119, 0.0 ], [ -94.9182747, 29.787042, 0.0 ], [ -94.917803, 29.7869456, 0.0 ], [ -94.9173988, 29.7869501, 0.0 ], [ -94.9170338, 29.7869541, 0.0 ], [ -94.9168145, 29.7867837, 0.0 ], [ -94.9167666, 29.7865607, 0.0 ], [ -94.9168831, 29.7861052, 0.0 ], [ -94.9172362, 29.7858818, 0.0 ], [ -94.9175282, 29.7857736, 0.0 ], [ -94.9179035, 29.7856655, 0.0 ], [ -94.9180439, 29.785514, 0.0 ], [ -94.9180804, 29.7851244, 0.0 ], [ -94.9180155, 29.7847641, 0.0 ], [ -94.91789, 29.7843533, 0.0 ], [ -94.9179028, 29.7840202, 0.0 ], [ -94.9180704, 29.7835672, 0.0 ], [ -94.9185766, 29.7830842, 0.0 ], [ -94.9192729, 29.7828912, 0.0 ], [ -94.9203026, 29.7825703, 0.0 ], [ -94.920841, 29.7823434, 0.0 ], [ -94.9212028, 29.7821909, 0.0 ], [ -94.921282, 29.7820941, 0.0 ], [ -94.9211423, 29.7818368, 0.0 ], [ -94.9211532, 29.7815649, 0.0 ], [ -94.920963, 29.7814741, 0.0 ], [ -94.9205036, 29.7812545, 0.0 ], [ -94.9200659, 29.781154, 0.0 ], [ -94.9187956, 29.7813045, 0.0 ], [ -94.9185063, 29.7795345, 0.0 ], [ -94.9198802, 29.7792873, 0.0 ], [ -94.9199214, 29.7791729, 0.0 ], [ -94.9200753, 29.7791461, 0.0 ], [ -94.9256841, 29.7781671, 0.0 ], [ -94.9263373, 29.7810324, 0.0 ], [ -94.9264058, 29.781339, 0.0 ], [ -94.9247044, 29.7816295, 0.0 ], [ -94.9233463, 29.7818614, 0.0 ], [ -94.9232154, 29.7828629, 0.0 ], [ -94.9229757, 29.78345, 0.0 ], [ -94.9229936, 29.7838177, 0.0 ], [ -94.92334, 29.7838282, 0.0 ], [ -94.9235588, 29.7843773, 0.0 ], [ -94.9237257, 29.7847961, 0.0 ], [ -94.9241447, 29.7845613, 0.0 ], [ -94.9244022, 29.7847372, 0.0 ], [ -94.9251108, 29.7846146, 0.0 ], [ -94.9260792, 29.7844471, 0.0 ], [ -94.9263374, 29.7856942, 0.0 ], [ -94.9267328, 29.7876037, 0.0 ], [ -94.9292316, 29.7872051, 0.0 ], [ -94.9329846, 29.7866021, 0.0 ], [ -94.932317, 29.7834586, 0.0 ], [ -94.9323255, 29.7832467, 0.0 ], [ -94.9345682, 29.7828908, 0.0 ], [ -94.9343496, 29.7818586, 0.0 ], [ -94.9339824, 29.7801251, 0.0 ], [ -94.93365, 29.7785556, 0.0 ], [ -94.9338222, 29.7785282, 0.0 ], [ -94.9378316, 29.7778912, 0.0 ], [ -94.9391155, 29.7792168, 0.0 ], [ -94.9403225, 29.7774257, 0.0 ], [ -94.9415326, 29.7756297, 0.0 ], [ -94.9424865, 29.7759264, 0.0 ], [ -94.9462751, 29.7752531, 0.0 ], [ -94.9475271, 29.7750305, 0.0 ], [ -94.9494647, 29.7746106, 0.0 ], [ -94.9497813, 29.7760806, 0.0 ], [ -94.9511545, 29.7758333, 0.0 ], [ -94.9550054, 29.7751366, 0.0 ], [ -94.9551868, 29.7767524, 0.0 ], [ -94.9553511, 29.7782156, 0.0 ], [ -94.9556313, 29.7795761, 0.0 ], [ -94.9552739, 29.7797214, 0.0 ], [ -94.9549141, 29.7798676, 0.0 ], [ -94.9551005, 29.7807488, 0.0 ], [ -94.9554174, 29.7822467, 0.0 ], [ -94.9569447, 29.7819131, 0.0 ], [ -94.9577535, 29.7860065, 0.0 ], [ -94.9584301, 29.7898, 0.0 ], [ -94.9584565, 29.7903455, 0.0 ], [ -94.9584821, 29.7908747, 0.0 ], [ -94.9587368, 29.7918271, 0.0 ], [ -94.9590236, 29.7931832, 0.0 ], [ -94.9597595, 29.7965532, 0.0 ], [ -94.9599423, 29.7973904, 0.0 ], [ -94.9598126, 29.7977259, 0.0 ], [ -94.9601613, 29.7993619, 0.0 ], [ -94.9603413, 29.7993673, 0.0 ], [ -94.9610333, 29.7992065, 0.0 ], [ -94.9618502, 29.8034638, 0.0 ], [ -94.9626877, 29.8078281, 0.0 ], [ -94.9539568, 29.8091898, 0.0 ] ] ] ] } },
{ "type": "Feature", "properties": { "TRACT": "TreaschwigRegional" }, "geometry": { "type": "Polygon", "coordinates": [ [ [ -95.3564557, 30.0510553, 0.0 ], [ -95.3591749, 30.0495389, 0.0 ], [ -95.3605086, 30.048795, 0.0 ], [ -95.3592064, 30.0468623, 0.0 ], [ -95.3594934, 30.0466878, 0.0 ], [ -95.3602703, 30.0462155, 0.0 ], [ -95.3607927, 30.0458979, 0.0 ], [ -95.3610291, 30.0460243, 0.0 ], [ -95.3613597, 30.0464503, 0.0 ], [ -95.3600212, 30.0471968, 0.0 ], [ -95.3648811, 30.0539772, 0.0 ], [ -95.3594283, 30.0570718, 0.0 ], [ -95.3591958, 30.056758, 0.0 ], [ -95.3590505, 30.0565619, 0.0 ], [ -95.357452, 30.0544049, 0.0 ], [ -95.3562842, 30.055128, 0.0 ], [ -95.3546942, 30.0564575, 0.0 ], [ -95.3582784, 30.0597153, 0.0 ], [ -95.3594013, 30.0606716, 0.0 ], [ -95.3603266, 30.0612236, 0.0 ], [ -95.3613597, 30.0616279, 0.0 ], [ -95.3628419, 30.06197, 0.0 ], [ -95.362267, 30.0611381, 0.0 ], [ -95.3722652, 30.05582, 0.0 ], [ -95.3706303, 30.0535729, 0.0 ], [ -95.3743763, 30.0515046, 0.0 ], [ -95.3759483, 30.0537206, 0.0 ], [ -95.3768826, 30.0532152, 0.0 ], [ -95.3700104, 30.0437132, 0.0 ], [ -95.3692123, 30.0441668, 0.0 ], [ -95.3685165, 30.0435117, 0.0 ], [ -95.3650286, 30.0387278, 0.0 ], [ -95.3668325, 30.0377539, 0.0 ], [ -95.3668099, 30.0377221, 0.0 ], [ -95.3665748, 30.0373906, 0.0 ], [ -95.3665747, 30.0373922, 0.0 ], [ -95.366577, 30.0374072, 0.0 ], [ -95.3665786, 30.0374234, 0.0 ], [ -95.366582, 30.0374395, 0.0 ], [ -95.3665836, 30.0374545, 0.0 ], [ -95.3665903, 30.0374745, 0.0 ], [ -95.3665936, 30.0374856, 0.0 ], [ -95.3665997, 30.0375011, 0.0 ], [ -95.3666014, 30.0375161, 0.0 ], [ -95.366607, 30.0375317, 0.0 ], [ -95.3666131, 30.0375472, 0.0 ], [ -95.3666186, 30.0375617, 0.0 ], [ -95.3666247, 30.0375767, 0.0 ], [ -95.3666347, 30.0376061, 0.0 ], [ -95.3666431, 30.0376211, 0.0 ], [ -95.3666514, 30.0376361, 0.0 ], [ -95.3666575, 30.0376506, 0.0 ], [ -95.3666658, 30.0376656, 0.0 ], [ -95.3666714, 30.0376795, 0.0 ], [ -95.3666886, 30.0377084, 0.0 ], [ -95.3659475, 30.0366806, 0.0 ], [ -95.3660008, 30.0366517, 0.0 ], [ -95.3660369, 30.0366321, 0.0 ], [ -95.3655477, 30.0359424, 0.0 ], [ -95.3655092, 30.0359634, 0.0 ], [ -95.3654547, 30.0359934, 0.0 ], [ -95.3649914, 30.0353522, 0.0 ], [ -95.3648903, 30.0352117, 0.0 ], [ -95.3649907, 30.0351569, 0.0 ], [ -95.3649653, 30.0351211, 0.0 ], [ -95.3613225, 30.0370839, 0.0 ], [ -95.3610925, 30.0372084, 0.0 ], [ -95.3629814, 30.039835, 0.0 ], [ -95.3587853, 30.0421167, 0.0 ], [ -95.3568931, 30.0394917, 0.0 ], [ -95.3560103, 30.0399711, 0.0 ], [ -95.3551314, 30.0404545, 0.0 ], [ -95.3551264, 30.0404478, 0.0 ], [ -95.3531175, 30.0415845, 0.0 ], [ -95.3550625, 30.0441867, 0.0 ], [ -95.3565497, 30.0433411, 0.0 ], [ -95.3576469, 30.0448567, 0.0 ], [ -95.3529339, 30.0474776, 0.0 ], [ -95.3524588, 30.0474885, 0.0 ], [ -95.3510111, 30.0454939, 0.0 ], [ -95.3503194, 30.0444519, 0.0 ], [ -95.350526, 30.0444286, 0.0 ], [ -95.3498612, 30.0434643, 0.0 ], [ -95.3498559, 30.0434673, 0.0 ], [ -95.349518, 30.0433038, 0.0 ], [ -95.3459442, 30.038309, 0.0 ], [ -95.3460545, 30.038135, 0.0 ], [ -95.3513435, 30.0350423, 0.0 ], [ -95.3512446, 30.0348401, 0.0 ], [ -95.351568, 30.0347157, 0.0 ], [ -95.3508763, 30.0339613, 0.0 ], [ -95.3493133, 30.0332925, 0.0 ], [ -95.3487114, 30.0325614, 0.0 ], [ -95.3484329, 30.032717, 0.0 ], [ -95.3437323, 30.0352177, 0.0 ], [ -95.34201, 30.0328103, 0.0 ], [ -95.3379885, 30.0328726, 0.0 ], [ -95.3309607, 30.0329814, 0.0 ], [ -95.3351917, 30.0369087, 0.0 ], [ -95.3239628, 30.0370798, 0.0 ], [ -95.3239628, 30.0401049, 0.0 ], [ -95.3272417, 30.0400505, 0.0 ], [ -95.3272866, 30.0429278, 0.0 ], [ -95.3382824, 30.04276, 0.0 ], [ -95.3384526, 30.0468003, 0.0 ], [ -95.3397552, 30.0467925, 0.0 ], [ -95.3397821, 30.0472979, 0.0 ], [ -95.340923, 30.0473057, 0.0 ], [ -95.3409392, 30.0481273, 0.0 ], [ -95.3409349, 30.0487305, 0.0 ], [ -95.3409769, 30.0522044, 0.0 ], [ -95.3557183, 30.0519789, 0.0 ], [ -95.3554532, 30.0516138, 0.0 ], [ -95.355638, 30.0515113, 0.0 ], [ -95.3564557, 30.0510553, 0.0 ] ] ] } },
{ "type": "Feature", "properties": { "TRACT": "MUD371" }, "geometry": { "type": "MultiPolygon", "coordinates": [ [ [ [ -95.7060591, 29.9500514, 0.0 ], [ -95.7080066, 29.9506699, 0.0 ], [ -95.7085608, 29.9506326, 0.0 ], [ -95.7103242, 29.9505142, 0.0 ], [ -95.7105848, 29.9506543, 0.0 ], [ -95.7123455, 29.9516428, 0.0 ], [ -95.7128485, 29.9528181, 0.0 ], [ -95.7137828, 29.9528414, 0.0 ], [ -95.7138367, 29.951238, 0.0 ], [ -95.7178252, 29.9509189, 0.0 ], [ -95.7177811, 29.9480709, 0.0 ], [ -95.7177444, 29.9456971, 0.0 ], [ -95.7176994, 29.9427849, 0.0 ], [ -95.7166394, 29.943392, 0.0 ], [ -95.7154985, 29.9438124, 0.0 ], [ -95.7142678, 29.9440381, 0.0 ], [ -95.7114831, 29.944186, 0.0 ], [ -95.7095966, 29.9448165, 0.0 ], [ -95.7059584, 29.9473696, 0.0 ], [ -95.7050961, 29.9484204, 0.0 ], [ -95.704575, 29.9495802, 0.0 ], [ -95.7060591, 29.9500514, 0.0 ] ] ], [ [ [ -95.7028817, 29.9643893, 0.0 ], [ -95.7028928, 29.9650911, 0.0 ], [ -95.7029131, 29.9663679, 0.0 ], [ -95.7029221, 29.9665858, 0.0 ], [ -95.7029883, 29.9665853, 0.0 ], [ -95.7029602, 29.9674276, 0.0 ], [ -95.7028952, 29.9683991, 0.0 ], [ -95.7026616, 29.9693719, 0.0 ], [ -95.7021406, 29.9704691, 0.0 ], [ -95.7014848, 29.9713251, 0.0 ], [ -95.7038833, 29.9729827, 0.0 ], [ -95.7038294, 29.9668349, 0.0 ], [ -95.7038481, 29.9665778, 0.0 ], [ -95.7091917, 29.9665315, 0.0 ], [ -95.7093355, 29.9665701, 0.0 ], [ -95.7093091, 29.9677999, 0.0 ], [ -95.7122736, 29.9678388, 0.0 ], [ -95.7122466, 29.9649049, 0.0 ], [ -95.7119682, 29.9649049, 0.0 ], [ -95.7094898, 29.9648677, 0.0 ], [ -95.7091826, 29.9648856, 0.0 ], [ -95.7091475, 29.9617996, 0.0 ], [ -95.70833, 29.9617763, 0.0 ], [ -95.708303, 29.9626013, 0.0 ], [ -95.7071622, 29.9625779, 0.0 ], [ -95.7063717, 29.9622588, 0.0 ], [ -95.7048805, 29.9622199, 0.0 ], [ -95.704045, 29.9625312, 0.0 ], [ -95.7036498, 29.9620487, 0.0 ], [ -95.703533, 29.9612938, 0.0 ], [ -95.704045, 29.9608035, 0.0 ], [ -95.7042247, 29.9610603, 0.0 ], [ -95.7059315, 29.9617529, 0.0 ], [ -95.7062998, 29.9617919, 0.0 ], [ -95.7063717, 29.9613482, 0.0 ], [ -95.7063411, 29.9612793, 0.0 ], [ -95.7064339, 29.960781, 0.0 ], [ -95.7064345, 29.9607801, 0.0 ], [ -95.7064434, 29.9607298, 0.0 ], [ -95.7068298, 29.9585387, 0.0 ], [ -95.7066232, 29.9581028, 0.0 ], [ -95.7039462, 29.9574335, 0.0 ], [ -95.704072, 29.9587488, 0.0 ], [ -95.7037216, 29.9601653, 0.0 ], [ -95.7039732, 29.9606478, 0.0 ], [ -95.7035599, 29.9609124, 0.0 ], [ -95.7033443, 29.9612938, 0.0 ], [ -95.7028323, 29.961286, 0.0 ], [ -95.7028817, 29.9643893, 0.0 ] ] ] ] } },
{ "type": "Feature", "properties": { "TRACT": "Westlake" }, "geometry": { "type": "Polygon", "coordinates": [ [ [ -95.7181246, 29.8047039, 0.0 ], [ -95.7192499, 29.8046609, 0.0 ], [ -95.7204612, 29.8046652, 0.0 ], [ -95.7204522, 29.8004558, 0.0 ], [ -95.7190419, 29.8004402, 0.0 ], [ -95.7190419, 29.8003077, 0.0 ], [ -95.7188892, 29.8003077, 0.0 ], [ -95.7188442, 29.7926681, 0.0 ], [ -95.708307, 29.7929175, 0.0 ], [ -95.708298, 29.800448, 0.0 ], [ -95.7041388, 29.8004402, 0.0 ], [ -95.7041478, 29.8020928, 0.0 ], [ -95.7053246, 29.8020928, 0.0 ], [ -95.7057468, 29.8022097, 0.0 ], [ -95.7065643, 29.8031295, 0.0 ], [ -95.7097713, 29.805164, 0.0 ], [ -95.7106426, 29.8053901, 0.0 ], [ -95.7129603, 29.805242, 0.0 ], [ -95.714807, 29.8053305, 0.0 ], [ -95.7158888, 29.8053823, 0.0 ], [ -95.7170386, 29.8051328, 0.0 ], [ -95.7175214, 29.8049421, 0.0 ], [ -95.7181246, 29.8047039, 0.0 ] ] ] } },
{ "type": "Feature", "properties": { "TRACT": "CityofNassauBay" }, "geometry": { "type": "Polygon", "coordinates": [ [ [ -95.0889928, 29.551425, 0.0 ], [ -95.0932203, 29.5500432, 0.0 ], [ -95.0960881, 29.5491059, 0.0 ], [ -95.1036752, 29.5465639, 0.0 ], [ -95.1047517, 29.5461179, 0.0 ], [ -95.1035214, 29.54478, 0.0 ], [ -95.1014195, 29.5438434, 0.0 ], [ -95.1001379, 29.5425055, 0.0 ], [ -95.0989076, 29.5418811, 0.0 ], [ -95.0977798, 29.5411675, 0.0 ], [ -95.0957882, 29.5393448, 0.0 ], [ -95.0949551, 29.538351, 0.0 ], [ -95.0934365, 29.536188, 0.0 ], [ -95.0931946, 29.5351941, 0.0 ], [ -95.0929393, 29.5348901, 0.0 ], [ -95.0918508, 29.5343406, 0.0 ], [ -95.0909773, 29.5335806, 0.0 ], [ -95.0907757, 29.5328908, 0.0 ], [ -95.0907757, 29.5324581, 0.0 ], [ -95.0907488, 29.5320138, 0.0 ], [ -95.0903322, 29.5314058, 0.0 ], [ -95.0893646, 29.5313707, 0.0 ], [ -95.0888002, 29.5319086, 0.0 ], [ -95.0880745, 29.5325634, 0.0 ], [ -95.0872817, 29.5335572, 0.0 ], [ -95.0871338, 29.5341769, 0.0 ], [ -95.0861259, 29.5351591, 0.0 ], [ -95.084903, 29.5347498, 0.0 ], [ -95.0834786, 29.5341535, 0.0 ], [ -95.0816106, 29.5341886, 0.0 ], [ -95.080213, 29.5344341, 0.0 ], [ -95.0794873, 29.5349603, 0.0 ], [ -95.079111, 29.5355449, 0.0 ], [ -95.0790035, 29.5362347, 0.0 ], [ -95.0788691, 29.5373922, 0.0 ], [ -95.0792589, 29.5382574, 0.0 ], [ -95.0801055, 29.5390876, 0.0 ], [ -95.0808312, 29.5399644, 0.0 ], [ -95.0808177, 29.5407244, 0.0 ], [ -95.0802667, 29.5415194, 0.0 ], [ -95.0795814, 29.5421274, 0.0 ], [ -95.0794604, 29.5427587, 0.0 ], [ -95.0800114, 29.5432614, 0.0 ], [ -95.0809252, 29.5434251, 0.0 ], [ -95.0842311, 29.5442552, 0.0 ], [ -95.0844461, 29.5439395, 0.0 ], [ -95.0842042, 29.5432381, 0.0 ], [ -95.0838951, 29.5425132, 0.0 ], [ -95.0832098, 29.5418117, 0.0 ], [ -95.0830485, 29.5408881, 0.0 ], [ -95.0831829, 29.5393916, 0.0 ], [ -95.0827663, 29.5386667, 0.0 ], [ -95.0824035, 29.5384328, 0.0 ], [ -95.0817047, 29.5382691, 0.0 ], [ -95.0811537, 29.5377196, 0.0 ], [ -95.0810596, 29.5371233, 0.0 ], [ -95.0815165, 29.5363049, 0.0 ], [ -95.0820541, 29.5356969, 0.0 ], [ -95.082726, 29.5354397, 0.0 ], [ -95.0834517, 29.5354864, 0.0 ], [ -95.0836936, 29.5357554, 0.0 ], [ -95.083492, 29.5368427, 0.0 ], [ -95.0840027, 29.5374975, 0.0 ], [ -95.0841774, 29.5379535, 0.0 ], [ -95.0838683, 29.5383627, 0.0 ], [ -95.0836264, 29.5388771, 0.0 ], [ -95.0838548, 29.5392863, 0.0 ], [ -95.0840027, 29.5396371, 0.0 ], [ -95.0839623, 29.5402918, 0.0 ], [ -95.0841774, 29.5406309, 0.0 ], [ -95.0847552, 29.5409699, 0.0 ], [ -95.0853331, 29.5419052, 0.0 ], [ -95.085575, 29.5422209, 0.0 ], [ -95.0854137, 29.5432848, 0.0 ], [ -95.0857497, 29.5439278, 0.0 ], [ -95.0859781, 29.5447345, 0.0 ], [ -95.0856287, 29.5455178, 0.0 ], [ -95.0854137, 29.5456698, 0.0 ], [ -95.0847014, 29.5460322, 0.0 ], [ -95.084137, 29.5467805, 0.0 ], [ -95.0839489, 29.547517, 0.0 ], [ -95.0835054, 29.5480664, 0.0 ], [ -95.0829813, 29.5483236, 0.0 ], [ -95.0827125, 29.54899, 0.0 ], [ -95.0825244, 29.5492472, 0.0 ], [ -95.0806968, 29.5499252, 0.0 ], [ -95.0782644, 29.5505799, 0.0 ], [ -95.0776059, 29.5507903, 0.0 ], [ -95.0769608, 29.5508722, 0.0 ], [ -95.0749451, 29.5509657, 0.0 ], [ -95.0743135, 29.5509657, 0.0 ], [ -95.0738431, 29.5513515, 0.0 ], [ -95.0733996, 29.5517139, 0.0 ], [ -95.0740581, 29.5534323, 0.0 ], [ -95.0743269, 29.5540168, 0.0 ], [ -95.0748135, 29.558649, 0.0 ], [ -95.076454, 29.5556613, 0.0 ], [ -95.0799399, 29.5541897, 0.0 ], [ -95.0872194, 29.5520046, 0.0 ], [ -95.0889928, 29.551425, 0.0 ] ] ] } },
{ "type": "Feature", "properties": { "TRACT": "BaytownWest" }, "geometry": { "type": "MultiPolygon", "coordinates": [ [ [ [ -94.9815901, 29.77431, 0.0 ], [ -94.9814325, 29.7736258, 0.0 ], [ -94.9812404, 29.7727922, 0.0 ], [ -94.9810456, 29.772775, 0.0 ], [ -94.9807932, 29.7727528, 0.0 ], [ -94.9793909, 29.7727833, 0.0 ], [ -94.9793646, 29.7718883, 0.0 ], [ -94.9778205, 29.7719228, 0.0 ], [ -94.9777944, 29.7705004, 0.0 ], [ -94.9773976, 29.7705436, 0.0 ], [ -94.9767739, 29.7705499, 0.0 ], [ -94.9767776, 29.7709957, 0.0 ], [ -94.977212, 29.7709812, 0.0 ], [ -94.9773048, 29.7735961, 0.0 ], [ -94.9767028, 29.7736123, 0.0 ], [ -94.976717, 29.7740934, 0.0 ], [ -94.9748581, 29.7741435, 0.0 ], [ -94.974988, 29.7773183, 0.0 ], [ -94.9759398, 29.7774848, 0.0 ], [ -94.9764901, 29.777581, 0.0 ], [ -94.9769377, 29.7772858, 0.0 ], [ -94.9775693, 29.7771066, 0.0 ], [ -94.9775675, 29.7764927, 0.0 ], [ -94.9783695, 29.7764849, 0.0 ], [ -94.9784526, 29.7767413, 0.0 ], [ -94.9818525, 29.775876, 0.0 ], [ -94.9819455, 29.7758523, 0.0 ], [ -94.9816494, 29.7745672, 0.0 ], [ -94.9815901, 29.77431, 0.0 ] ] ], [ [ [ -95.0144565, 29.7673223, 0.0 ], [ -95.0144794, 29.7667353, 0.0 ], [ -95.0128897, 29.7667318, 0.0 ], [ -95.0120829, 29.76673, 0.0 ], [ -95.0115039, 29.7670539, 0.0 ], [ -95.0108684, 29.7674059, 0.0 ], [ -95.0099892, 29.7678729, 0.0 ], [ -95.0089405, 29.7684877, 0.0 ], [ -95.00759, 29.7693019, 0.0 ], [ -95.0070718, 29.7696195, 0.0 ], [ -95.0043765, 29.7703198, 0.0 ], [ -95.0029529, 29.7706897, 0.0 ], [ -95.0025767, 29.7707874, 0.0 ], [ -95.0010675, 29.7711795, 0.0 ], [ -95.000419, 29.771348, 0.0 ], [ -94.9997219, 29.7715291, 0.0 ], [ -94.999629, 29.772002, 0.0 ], [ -94.999827, 29.7726415, 0.0 ], [ -94.9999206, 29.772944, 0.0 ], [ -94.999918, 29.7739312, 0.0 ], [ -95.0001301, 29.7751476, 0.0 ], [ -95.0003261, 29.7762048, 0.0 ], [ -95.000556, 29.7765091, 0.0 ], [ -95.0007213, 29.7767279, 0.0 ], [ -95.0005659, 29.7769389, 0.0 ], [ -95.0007632, 29.7773142, 0.0 ], [ -95.0010537, 29.7776214, 0.0 ], [ -95.0013889, 29.777976, 0.0 ], [ -95.0009637, 29.7779884, 0.0 ], [ -95.0009036, 29.7781197, 0.0 ], [ -95.0007688, 29.7784144, 0.0 ], [ -95.0006483, 29.7783784, 0.0 ], [ -95.0004687, 29.7783592, 0.0 ], [ -94.9996581, 29.7784334, 0.0 ], [ -94.9990882, 29.778629, 0.0 ], [ -94.9991812, 29.7788496, 0.0 ], [ -94.9992266, 29.7789896, 0.0 ], [ -94.999275, 29.7791386, 0.0 ], [ -94.9992907, 29.7801749, 0.0 ], [ -94.9992998, 29.7806586, 0.0 ], [ -94.9992631, 29.7811892, 0.0 ], [ -94.9983982, 29.7810617, 0.0 ], [ -94.9982984, 29.7815232, 0.0 ], [ -94.9962902, 29.781197, 0.0 ], [ -94.9962334, 29.7773968, 0.0 ], [ -94.991744, 29.7774314, 0.0 ], [ -94.9917493, 29.7776202, 0.0 ], [ -94.9918047, 29.7795853, 0.0 ], [ -94.9908548, 29.7796012, 0.0 ], [ -94.9906519, 29.7796757, 0.0 ], [ -94.9887644, 29.779669, 0.0 ], [ -94.9886183, 29.7774919, 0.0 ], [ -94.9906097, 29.7774451, 0.0 ], [ -94.9905811, 29.7768942, 0.0 ], [ -94.9905563, 29.776048, 0.0 ], [ -94.9905424, 29.7751096, 0.0 ], [ -94.9905106, 29.7739474, 0.0 ], [ -94.9870972, 29.7748638, 0.0 ], [ -94.9836515, 29.7757783, 0.0 ], [ -94.9820265, 29.7762038, 0.0 ], [ -94.9820574, 29.776324, 0.0 ], [ -94.9823934, 29.7776311, 0.0 ], [ -94.9826145, 29.7789209, 0.0 ], [ -94.9838223, 29.7845514, 0.0 ], [ -94.9838224, 29.7845515, 0.0 ], [ -94.9843274, 29.7868301, 0.0 ], [ -94.9851008, 29.7905994, 0.0 ], [ -94.9856781, 29.7935069, 0.0 ], [ -94.98635, 29.7967261, 0.0 ], [ -94.9877201, 29.7964954, 0.0 ], [ -94.988415, 29.7998396, 0.0 ], [ -94.9873812, 29.7999695, 0.0 ], [ -94.9877486, 29.8018877, 0.0 ], [ -94.9880179, 29.8032933, 0.0 ], [ -94.9846074, 29.8037789, 0.0 ], [ -94.9831562, 29.8039376, 0.0 ], [ -94.9819556, 29.8041564, 0.0 ], [ -94.9821587, 29.8050328, 0.0 ], [ -94.98182, 29.8051148, 0.0 ], [ -94.9818482, 29.8052728, 0.0 ], [ -94.9817579, 29.805252, 0.0 ], [ -94.9785592, 29.8056246, 0.0 ], [ -94.9736838, 29.8066553, 0.0 ], [ -94.9698706, 29.8073764, 0.0 ], [ -94.9669909, 29.8077955, 0.0 ], [ -94.9661178, 29.8078799, 0.0 ], [ -94.965656, 29.8079317, 0.0 ], [ -94.9655241, 29.8084267, 0.0 ], [ -94.9659948, 29.8105972, 0.0 ], [ -94.9703612, 29.810066, 0.0 ], [ -94.9716062, 29.8159417, 0.0 ], [ -94.9732983, 29.8157761, 0.0 ], [ -94.9690175, 29.8177442, 0.0 ], [ -94.9687502, 29.8193472, 0.0 ], [ -94.9692269, 29.8218332, 0.0 ], [ -94.9695598, 29.8235684, 0.0 ], [ -94.9713064, 29.8233023, 0.0 ], [ -94.9729373, 29.8230537, 0.0 ], [ -94.9774586, 29.8223669, 0.0 ], [ -94.984697, 29.8212082, 0.0 ], [ -94.9853272, 29.8246624, 0.0 ], [ -94.9853293, 29.8247204, 0.0 ], [ -94.9842121, 29.8248785, 0.0 ], [ -94.9840783, 29.8242663, 0.0 ], [ -94.9779344, 29.8252355, 0.0 ], [ -94.9781963, 29.8266785, 0.0 ], [ -94.9782632, 29.8266161, 0.0 ], [ -94.9782864, 29.8267449, 0.0 ], [ -94.9805619, 29.826386, 0.0 ], [ -94.9806327, 29.8266251, 0.0 ], [ -94.9807387, 29.8271637, 0.0 ], [ -94.9856983, 29.8263674, 0.0 ], [ -94.9857746, 29.8263531, 0.0 ], [ -94.985836, 29.826542, 0.0 ], [ -94.9858712, 29.8269141, 0.0 ], [ -94.9895522, 29.8270673, 0.0 ], [ -94.9894469, 29.8289901, 0.0 ], [ -94.9863246, 29.8294197, 0.0 ], [ -94.9885299, 29.8417748, 0.0 ], [ -94.9892639, 29.8416132, 0.0 ], [ -94.9893544, 29.841922, 0.0 ], [ -95.0022914, 29.8398445, 0.0 ], [ -95.0017485, 29.839072, 0.0 ], [ -94.9981883, 29.823122, 0.0 ], [ -94.9975492, 29.8201853, 0.0 ], [ -94.9975413, 29.8199928, 0.0 ], [ -94.9971839, 29.8199976, 0.0 ], [ -94.9970682, 29.8128653, 0.0 ], [ -94.9991915, 29.8128063, 0.0 ], [ -94.9994332, 29.8126469, 0.0 ], [ -94.999358, 29.8081152, 0.0 ], [ -95.0014867, 29.8080817, 0.0 ], [ -95.0046815, 29.8080382, 0.0 ], [ -95.004668, 29.807363, 0.0 ], [ -95.0053465, 29.807317, 0.0 ], [ -95.0053059, 29.8044833, 0.0 ], [ -95.0044898, 29.8044817, 0.0 ], [ -95.0044977, 29.8042816, 0.0 ], [ -95.0072592, 29.8042736, 0.0 ], [ -95.0091757, 29.804268, 0.0 ], [ -95.0109281, 29.8043032, 0.0 ], [ -95.0135801, 29.8043564, 0.0 ], [ -95.0136311, 29.8080499, 0.0 ], [ -95.0140503, 29.8080623, 0.0 ], [ -95.014087, 29.8100017, 0.0 ], [ -95.0149804, 29.8100283, 0.0 ], [ -95.0149812, 29.8101595, 0.0 ], [ -95.0169336, 29.8101447, 0.0 ], [ -95.0169009, 29.8082478, 0.0 ], [ -95.0169938, 29.8053553, 0.0 ], [ -95.0184005, 29.805338, 0.0 ], [ -95.0293201, 29.8106327, 0.0 ], [ -95.0292521, 29.8039894, 0.0 ], [ -95.0291139, 29.8013721, 0.0 ], [ -95.0294799, 29.8002693, 0.0 ], [ -95.0310997, 29.8002495, 0.0 ], [ -95.0317748, 29.8002411, 0.0 ], [ -95.031844, 29.8003011, 0.0 ], [ -95.0319134, 29.8036904, 0.0 ], [ -95.031963, 29.8061108, 0.0 ], [ -95.0319493, 29.8066862, 0.0 ], [ -95.0329801, 29.8060963, 0.0 ], [ -95.0327622, 29.8057872, 0.0 ], [ -95.035376, 29.8038552, 0.0 ], [ -95.0380363, 29.8018887, 0.0 ], [ -95.0405042, 29.800068, 0.0 ], [ -95.0424675, 29.7985664, 0.0 ], [ -95.0440395, 29.7973672, 0.0 ], [ -95.045225, 29.7964627, 0.0 ], [ -95.046013, 29.7958615, 0.0 ], [ -95.0461922, 29.7950163, 0.0 ], [ -95.0463679, 29.7941874, 0.0 ], [ -95.0465333, 29.7934075, 0.0 ], [ -95.0480389, 29.7930693, 0.0 ], [ -95.0492777, 29.7928258, 0.0 ], [ -95.0507265, 29.792778, 0.0 ], [ -95.0538555, 29.7926746, 0.0 ], [ -95.0555345, 29.7926191, 0.0 ], [ -95.0565425, 29.7925857, 0.0 ], [ -95.0567287, 29.7920688, 0.0 ], [ -95.0560027, 29.7919474, 0.0 ], [ -95.0561276, 29.7914194, 0.0 ], [ -95.0552847, 29.7913384, 0.0 ], [ -95.0545598, 29.7913513, 0.0 ], [ -95.0534708, 29.7916251, 0.0 ], [ -95.052577, 29.7918799, 0.0 ], [ -95.0521929, 29.7919236, 0.0 ], [ -95.0516085, 29.7919902, 0.0 ], [ -95.0509727, 29.7919496, 0.0 ], [ -95.0499195, 29.7918837, 0.0 ], [ -95.049288, 29.7918458, 0.0 ], [ -95.0489522, 29.7918257, 0.0 ], [ -95.0482747, 29.791924, 0.0 ], [ -95.0479929, 29.7915613, 0.0 ], [ -95.04765, 29.7911198, 0.0 ], [ -95.0476993, 29.790637, 0.0 ], [ -95.0471943, 29.790093, 0.0 ], [ -95.0464037, 29.7895312, 0.0 ], [ -95.0459523, 29.7893246, 0.0 ], [ -95.0453157, 29.7890333, 0.0 ], [ -95.0433439, 29.7882061, 0.0 ], [ -95.042704, 29.7879483, 0.0 ], [ -95.0418687, 29.7876089, 0.0 ], [ -95.040907, 29.7872197, 0.0 ], [ -95.0331082, 29.7840256, 0.0 ], [ -95.0311234, 29.7831704, 0.0 ], [ -95.0276138, 29.7816725, 0.0 ], [ -95.0281231, 29.7808606, 0.0 ], [ -95.0279677, 29.7807953, 0.0 ], [ -95.0260117, 29.7800171, 0.0 ], [ -95.0273351, 29.7805317, 0.0 ], [ -95.0276395, 29.7806574, 0.0 ], [ -95.0279677, 29.7807953, 0.0 ], [ -95.0281248, 29.7808578, 0.0 ], [ -95.0281231, 29.7808606, 0.0 ], [ -95.034126, 29.783383, 0.0 ], [ -95.0371969, 29.7846389, 0.0 ], [ -95.0394589, 29.7855354, 0.0 ], [ -95.0412166, 29.7862761, 0.0 ], [ -95.0423962, 29.7868008, 0.0 ], [ -95.0430679, 29.7870995, 0.0 ], [ -95.0431626, 29.7868224, 0.0 ], [ -95.0435208, 29.7860464, 0.0 ], [ -95.0438605, 29.7857281, 0.0 ], [ -95.0443571, 29.7851183, 0.0 ], [ -95.0462299, 29.7834543, 0.0 ], [ -95.0465411, 29.7830656, 0.0 ], [ -95.0469497, 29.7824895, 0.0 ], [ -95.0470772, 29.7823097, 0.0 ], [ -95.0476762, 29.7816962, 0.0 ], [ -95.0478176, 29.7815298, 0.0 ], [ -95.0479732, 29.7812309, 0.0 ], [ -95.0482143, 29.780768, 0.0 ], [ -95.0484595, 29.7804739, 0.0 ], [ -95.0486433, 29.7803367, 0.0 ], [ -95.0488699, 29.7801678, 0.0 ], [ -95.0489232, 29.779875, 0.0 ], [ -95.0482052, 29.7788928, 0.0 ], [ -95.0479813, 29.7785865, 0.0 ], [ -95.0475969, 29.7783633, 0.0 ], [ -95.0472967, 29.7783046, 0.0 ], [ -95.0470776, 29.7782618, 0.0 ], [ -95.0466721, 29.7780682, 0.0 ], [ -95.0462889, 29.777851, 0.0 ], [ -95.0455348, 29.7774237, 0.0 ], [ -95.0453085, 29.7777579, 0.0 ], [ -95.0450397, 29.7781418, 0.0 ], [ -95.0451753, 29.7785259, 0.0 ], [ -95.0457168, 29.7787758, 0.0 ], [ -95.0460001, 29.7789041, 0.0 ], [ -95.0459094, 29.7790595, 0.0 ], [ -95.0460154, 29.7790626, 0.0 ], [ -95.0457179, 29.779412, 0.0 ], [ -95.0453701, 29.7797985, 0.0 ], [ -95.0450111, 29.7801854, 0.0 ], [ -95.0454663, 29.7804865, 0.0 ], [ -95.0451359, 29.7808882, 0.0 ], [ -95.0451343, 29.7808888, 0.0 ], [ -95.0454631, 29.7804891, 0.0 ], [ -95.045008, 29.780188, 0.0 ], [ -95.0460123, 29.7790652, 0.0 ], [ -95.0459063, 29.7790621, 0.0 ], [ -95.0459969, 29.7789066, 0.0 ], [ -95.0451722, 29.7785285, 0.0 ], [ -95.0450365, 29.7781444, 0.0 ], [ -95.0455317, 29.7774263, 0.0 ], [ -95.0451385, 29.7772035, 0.0 ], [ -95.0445478, 29.7768687, 0.0 ], [ -95.0442773, 29.7763597, 0.0 ], [ -95.0441804, 29.7761773, 0.0 ], [ -95.043922, 29.7759836, 0.0 ], [ -95.0436765, 29.7757178, 0.0 ], [ -95.0434863, 29.7752498, 0.0 ], [ -95.0433855, 29.7749496, 0.0 ], [ -95.0432828, 29.7743129, 0.0 ], [ -95.0432535, 29.7741307, 0.0 ], [ -95.0433045, 29.7736794, 0.0 ], [ -95.0433234, 29.7735116, 0.0 ], [ -95.0434796, 29.7734141, 0.0 ], [ -95.0435307, 29.7733032, 0.0 ], [ -95.0435442, 29.772956, 0.0 ], [ -95.0433858, 29.7726042, 0.0 ], [ -95.0432642, 29.7725949, 0.0 ], [ -95.0429907, 29.7721643, 0.0 ], [ -95.0428509, 29.7720245, 0.0 ], [ -95.0425594, 29.771489, 0.0 ], [ -95.0423679, 29.7710804, 0.0 ], [ -95.0414105, 29.7715993, 0.0 ], [ -95.0413001, 29.7714356, 0.0 ], [ -95.041114, 29.7715024, 0.0 ], [ -95.040731, 29.7717389, 0.0 ], [ -95.0407307, 29.7717384, 0.0 ], [ -95.0410766, 29.7715249, 0.0 ], [ -95.0411171, 29.7714999, 0.0 ], [ -95.0413033, 29.771433, 0.0 ], [ -95.0414136, 29.7715967, 0.0 ], [ -95.0419883, 29.7712853, 0.0 ], [ -95.0423711, 29.7710779, 0.0 ], [ -95.042235, 29.7707874, 0.0 ], [ -95.0421367, 29.7703984, 0.0 ], [ -95.0420328, 29.7699876, 0.0 ], [ -95.0420032, 29.7693455, 0.0 ], [ -95.0420835, 29.7687416, 0.0 ], [ -95.0421481, 29.7683744, 0.0 ], [ -95.0432334, 29.7662182, 0.0 ], [ -95.0432037, 29.7660458, 0.0 ], [ -95.0431679, 29.7658378, 0.0 ], [ -95.0431145, 29.7657575, 0.0 ], [ -95.0431429, 29.7654149, 0.0 ], [ -95.043169, 29.7651007, 0.0 ], [ -95.0433237, 29.7646702, 0.0 ], [ -95.0436756, 29.7641718, 0.0 ], [ -95.0441347, 29.7636467, 0.0 ], [ -95.0443745, 29.7633648, 0.0 ], [ -95.0444336, 29.7630404, 0.0 ], [ -95.04446, 29.7628956, 0.0 ], [ -95.044475, 29.7622505, 0.0 ], [ -95.044402, 29.7620973, 0.0 ], [ -95.0443043, 29.7618922, 0.0 ], [ -95.0441277, 29.7619674, 0.0 ], [ -95.0439712, 29.7620979, 0.0 ], [ -95.0437308, 29.7622982, 0.0 ], [ -95.0436451, 29.7621349, 0.0 ], [ -95.0435747, 29.7620006, 0.0 ], [ -95.0427339, 29.7623463, 0.0 ], [ -95.0417535, 29.7627438, 0.0 ], [ -95.0413674, 29.7629062, 0.0 ], [ -95.0410559, 29.7630472, 0.0 ], [ -95.0408074, 29.7631799, 0.0 ], [ -95.0404084, 29.7631404, 0.0 ], [ -95.040186, 29.7632078, 0.0 ], [ -95.0398187, 29.7633191, 0.0 ], [ -95.0395229, 29.7634087, 0.0 ], [ -95.0394131, 29.7634451, 0.0 ], [ -95.0393558, 29.7633133, 0.0 ], [ -95.0395851, 29.7631436, 0.0 ], [ -95.0397853, 29.7629955, 0.0 ], [ -95.0404685, 29.7627417, 0.0 ], [ -95.0410788, 29.7623732, 0.0 ], [ -95.0414179, 29.7621683, 0.0 ], [ -95.0419799, 29.7617366, 0.0 ], [ -95.0422803, 29.7615058, 0.0 ], [ -95.0426263, 29.7613785, 0.0 ], [ -95.0430057, 29.7612389, 0.0 ], [ -95.043338, 29.7611166, 0.0 ], [ -95.0436028, 29.7608061, 0.0 ], [ -95.0438245, 29.7605462, 0.0 ], [ -95.0440492, 29.7600695, 0.0 ], [ -95.044154, 29.7598472, 0.0 ], [ -95.0445607, 29.7595125, 0.0 ], [ -95.044915, 29.7592209, 0.0 ], [ -95.0453054, 29.7588996, 0.0 ], [ -95.0454796, 29.7587562, 0.0 ], [ -95.0462832, 29.7584806, 0.0 ], [ -95.0470663, 29.7582119, 0.0 ], [ -95.0476694, 29.7580051, 0.0 ], [ -95.0481535, 29.757839, 0.0 ], [ -95.0492614, 29.7577644, 0.0 ], [ -95.0512291, 29.7580422, 0.0 ], [ -95.0516178, 29.7580971, 0.0 ], [ -95.0523602, 29.7585191, 0.0 ], [ -95.05292, 29.7594392, 0.0 ], [ -95.0531909, 29.7598843, 0.0 ], [ -95.0538687, 29.7602666, 0.0 ], [ -95.0546621, 29.7605141, 0.0 ], [ -95.0560484, 29.7609465, 0.0 ], [ -95.0573608, 29.7613558, 0.0 ], [ -95.0587596, 29.761792, 0.0 ], [ -95.0591428, 29.7607775, 0.0 ], [ -95.0594997, 29.7598326, 0.0 ], [ -95.0596592, 29.7594102, 0.0 ], [ -95.059699, 29.7583797, 0.0 ], [ -95.0577206, 29.7587606, 0.0 ], [ -95.0571411, 29.7588721, 0.0 ], [ -95.0564563, 29.758838, 0.0 ], [ -95.0557443, 29.7588026, 0.0 ], [ -95.0548953, 29.7587604, 0.0 ], [ -95.0543225, 29.7585287, 0.0 ], [ -95.0537815, 29.7583099, 0.0 ], [ -95.0533396, 29.7581312, 0.0 ], [ -95.0530084, 29.7579219, 0.0 ], [ -95.0526897, 29.7577206, 0.0 ], [ -95.0523962, 29.7574299, 0.0 ], [ -95.052124, 29.7571604, 0.0 ], [ -95.050549, 29.7562618, 0.0 ], [ -95.0504647, 29.7558316, 0.0 ], [ -95.0503492, 29.7552428, 0.0 ], [ -95.0502886, 29.7549339, 0.0 ], [ -95.0502457, 29.7547149, 0.0 ], [ -95.0502377, 29.7542547, 0.0 ], [ -95.0503646, 29.753898, 0.0 ], [ -95.0505835, 29.7534476, 0.0 ], [ -95.0507533, 29.7530981, 0.0 ], [ -95.0510008, 29.7529456, 0.0 ], [ -95.0517488, 29.7521798, 0.0 ], [ -95.0527811, 29.7511229, 0.0 ], [ -95.0532032, 29.7506908, 0.0 ], [ -95.053764, 29.7501166, 0.0 ], [ -95.0540366, 29.7486614, 0.0 ], [ -95.0542201, 29.7476816, 0.0 ], [ -95.0542741, 29.7473933, 0.0 ], [ -95.0534814, 29.7461095, 0.0 ], [ -95.0529398, 29.7452322, 0.0 ], [ -95.0525373, 29.7447955, 0.0 ], [ -95.0521305, 29.744354, 0.0 ], [ -95.0517166, 29.7439049, 0.0 ], [ -95.0510809, 29.743558, 0.0 ], [ -95.0505768, 29.7439623, 0.0 ], [ -95.0500179, 29.7444105, 0.0 ], [ -95.0497353, 29.7446371, 0.0 ], [ -95.049356, 29.7450489, 0.0 ], [ -95.048825, 29.7456252, 0.0 ], [ -95.0485091, 29.7459681, 0.0 ], [ -95.0482199, 29.7463212, 0.0 ], [ -95.0477063, 29.7466313, 0.0 ], [ -95.0475968, 29.7469666, 0.0 ], [ -95.0470719, 29.7473697, 0.0 ], [ -95.0465086, 29.7478024, 0.0 ], [ -95.045716, 29.7484112, 0.0 ], [ -95.0452733, 29.7487512, 0.0 ], [ -95.0440541, 29.7492981, 0.0 ], [ -95.0434967, 29.7495481, 0.0 ], [ -95.0430995, 29.7497262, 0.0 ], [ -95.0427479, 29.7498839, 0.0 ], [ -95.0425452, 29.7498225, 0.0 ], [ -95.0422425, 29.7497309, 0.0 ], [ -95.0419868, 29.7497233, 0.0 ], [ -95.0416951, 29.7498743, 0.0 ], [ -95.0414417, 29.7500036, 0.0 ], [ -95.0411819, 29.7499503, 0.0 ], [ -95.0407585, 29.7500355, 0.0 ], [ -95.0403547, 29.7501167, 0.0 ], [ -95.0399173, 29.75014, 0.0 ], [ -95.0398245, 29.7501449, 0.0 ], [ -95.0391755, 29.7503271, 0.0 ], [ -95.0386577, 29.7503276, 0.0 ], [ -95.0380284, 29.7503478, 0.0 ], [ -95.0377557, 29.7503566, 0.0 ], [ -95.0374698, 29.7503658, 0.0 ], [ -95.0370296, 29.7503055, 0.0 ], [ -95.0358664, 29.750146, 0.0 ], [ -95.0353405, 29.7499028, 0.0 ], [ -95.0349095, 29.7497034, 0.0 ], [ -95.0346365, 29.7495345, 0.0 ], [ -95.0345762, 29.7489619, 0.0 ], [ -95.0337537, 29.7485258, 0.0 ], [ -95.0332273, 29.7481932, 0.0 ], [ -95.0326945, 29.7478113, 0.0 ], [ -95.0321777, 29.7474411, 0.0 ], [ -95.0317808, 29.7471566, 0.0 ], [ -95.0316107, 29.7469229, 0.0 ], [ -95.0315491, 29.7467904, 0.0 ], [ -95.0311213, 29.7463773, 0.0 ], [ -95.0306073, 29.7457471, 0.0 ], [ -95.0305424, 29.7458799, 0.0 ], [ -95.0303108, 29.7456365, 0.0 ], [ -95.0299741, 29.7452015, 0.0 ], [ -95.0294229, 29.7443748, 0.0 ], [ -95.0292144, 29.7438693, 0.0 ], [ -95.0287284, 29.7429094, 0.0 ], [ -95.0283272, 29.7421501, 0.0 ], [ -95.0279042, 29.7416093, 0.0 ], [ -95.0273656, 29.7422941, 0.0 ], [ -95.0269342, 29.7428426, 0.0 ], [ -95.0271199, 29.7434008, 0.0 ], [ -95.0276297, 29.7442158, 0.0 ], [ -95.0282713, 29.7451059, 0.0 ], [ -95.0286771, 29.7456622, 0.0 ], [ -95.0291607, 29.7463219, 0.0 ], [ -95.0295473, 29.7468492, 0.0 ], [ -95.0298126, 29.7471838, 0.0 ], [ -95.0302859, 29.7477111, 0.0 ], [ -95.0296806, 29.7486923, 0.0 ], [ -95.0292003, 29.749848, 0.0 ], [ -95.0288158, 29.7507733, 0.0 ], [ -95.0282633, 29.7520208, 0.0 ], [ -95.0273434, 29.7540658, 0.0 ], [ -95.0266872, 29.7555246, 0.0 ], [ -95.0273138, 29.7555365, 0.0 ], [ -95.0277808, 29.7555453, 0.0 ], [ -95.0272649, 29.75682, 0.0 ], [ -95.0266503, 29.7583387, 0.0 ], [ -95.0272822, 29.758548, 0.0 ], [ -95.0300824, 29.7594753, 0.0 ], [ -95.0297802, 29.7602169, 0.0 ], [ -95.0295231, 29.7607776, 0.0 ], [ -95.0289666, 29.7605935, 0.0 ], [ -95.0275926, 29.7601378, 0.0 ], [ -95.0266887, 29.7598382, 0.0 ], [ -95.0267567, 29.7628212, 0.0 ], [ -95.0296094, 29.7632498, 0.0 ], [ -95.0318361, 29.7634196, 0.0 ], [ -95.0318235, 29.7644504, 0.0 ], [ -95.0307542, 29.7644693, 0.0 ], [ -95.0296738, 29.7644884, 0.0 ], [ -95.0296451, 29.7652265, 0.0 ], [ -95.0285638, 29.7652574, 0.0 ], [ -95.0272692, 29.7652945, 0.0 ], [ -95.0268708, 29.7653059, 0.0 ], [ -95.0268629, 29.7684421, 0.0 ], [ -95.0268607, 29.7693244, 0.0 ], [ -95.022463, 29.7694169, 0.0 ], [ -95.0198561, 29.7694718, 0.0 ], [ -95.0166176, 29.7695398, 0.0 ], [ -95.016843, 29.7685157, 0.0 ], [ -95.0170684, 29.7674918, 0.0 ], [ -95.0164793, 29.7673539, 0.0 ], [ -95.0160723, 29.7671624, 0.0 ], [ -95.0158829, 29.7673648, 0.0 ], [ -95.0150979, 29.7673414, 0.0 ], [ -95.0144565, 29.7673223, 0.0 ] ] ] ] } },
{ "type": "Feature", "properties": { "TRACT": "WCID116" }, "geometry": { "type": "Polygon", "coordinates": [ [ [ -95.5075594, 29.9865478, 0.0 ], [ -95.510047, 29.9879756, 0.0 ], [ -95.5108264, 29.9890272, 0.0 ], [ -95.5113651, 29.9887321, 0.0 ], [ -95.5125994, 29.9894406, 0.0 ], [ -95.5157222, 29.9937187, 0.0 ], [ -95.5137729, 29.9947535, 0.0 ], [ -95.5138896, 29.9949091, 0.0 ], [ -95.5163241, 29.9935553, 0.0 ], [ -95.5195311, 29.997881, 0.0 ], [ -95.5199414, 29.9979773, 0.0 ], [ -95.5198724, 29.997881, 0.0 ], [ -95.5220733, 29.9966596, 0.0 ], [ -95.5292508, 29.992684, 0.0 ], [ -95.53201, 29.9965691, 0.0 ], [ -95.5320546, 29.9946882, 0.0 ], [ -95.5322422, 29.9943567, 0.0 ], [ -95.5332663, 29.9943256, 0.0 ], [ -95.5339041, 29.9944656, 0.0 ], [ -95.5341916, 29.9943334, 0.0 ], [ -95.5353414, 29.9927929, 0.0 ], [ -95.5364463, 29.9928629, 0.0 ], [ -95.5369584, 29.9925128, 0.0 ], [ -95.5374704, 29.991797, 0.0 ], [ -95.5386472, 29.9908712, 0.0 ], [ -95.5393659, 29.9910346, 0.0 ], [ -95.5401204, 29.99077, 0.0 ], [ -95.5405157, 29.9902877, 0.0 ], [ -95.540902, 29.9894551, 0.0 ], [ -95.5406145, 29.9900698, 0.0 ], [ -95.5394916, 29.9887393, 0.0 ], [ -95.5392491, 29.9892529, 0.0 ], [ -95.538746, 29.9895719, 0.0 ], [ -95.5374884, 29.9897664, 0.0 ], [ -95.5353684, 29.9868253, 0.0 ], [ -95.5341467, 29.9853937, 0.0 ], [ -95.5374704, 29.9835496, 0.0 ], [ -95.5353324, 29.980585, 0.0 ], [ -95.533958, 29.9813476, 0.0 ], [ -95.532871, 29.979947, 0.0 ], [ -95.535045, 29.9787331, 0.0 ], [ -95.5293497, 29.9709593, 0.0 ], [ -95.5301676, 29.970505, 0.0 ], [ -95.5295346, 29.9696677, 0.0 ], [ -95.5294494, 29.9695613, 0.0 ], [ -95.5279528, 29.9704887, 0.0 ], [ -95.5283885, 29.9711227, 0.0 ], [ -95.5276698, 29.9715196, 0.0 ], [ -95.5271937, 29.9708814, 0.0 ], [ -95.5269332, 29.9705079, 0.0 ], [ -95.5255498, 29.9712783, 0.0 ], [ -95.5247503, 29.9701889, 0.0 ], [ -95.5176177, 29.9602508, 0.0 ], [ -95.5133686, 29.9625622, 0.0 ], [ -95.50947, 29.9571688, 0.0 ], [ -95.5090927, 29.9566551, 0.0 ], [ -95.504872, 29.9588718, 0.0 ], [ -95.504125, 29.9593091, 0.0 ], [ -95.5058497, 29.9616361, 0.0 ], [ -95.5051131, 29.9626867, 0.0 ], [ -95.5025709, 29.9640954, 0.0 ], [ -95.5019061, 29.9631537, 0.0 ], [ -95.5001275, 29.9641654, 0.0 ], [ -95.4995526, 29.9632549, 0.0 ], [ -95.5033973, 29.9611224, 0.0 ], [ -95.5026967, 29.9600951, 0.0 ], [ -95.4991876, 29.962052, 0.0 ], [ -95.4962948, 29.9636593, 0.0 ], [ -95.4913959, 29.9663912, 0.0 ], [ -95.4901472, 29.9646401, 0.0 ], [ -95.4857711, 29.9667998, 0.0 ], [ -95.4858148, 29.9683048, 0.0 ], [ -95.4882121, 29.9672603, 0.0 ], [ -95.4903628, 29.9660721, 0.0 ], [ -95.4932284, 29.9700098, 0.0 ], [ -95.4936528, 29.9704683, 0.0 ], [ -95.4984974, 29.9766721, 0.0 ], [ -95.502481, 29.9821646, 0.0 ], [ -95.5019241, 29.9824914, 0.0 ], [ -95.5024541, 29.9832306, 0.0 ], [ -95.5031638, 29.9828415, 0.0 ], [ -95.5036947, 29.9835744, 0.0 ], [ -95.5048055, 29.9844903, 0.0 ], [ -95.5052105, 29.9842683, 0.0 ], [ -95.5075594, 29.9865478, 0.0 ] ] ] } },
{ "type": "Feature", "properties": { "TRACT": "CityofLaporte" }, "geometry": { "type": "MultiPolygon", "coordinates": [ [ [ [ -95.0005807, 29.617148, 0.0 ], [ -95.0027884, 29.6171689, 0.0 ], [ -95.0055582, 29.6171778, 0.0 ], [ -95.0071502, 29.6171829, 0.0 ], [ -95.0084087, 29.6171429, 0.0 ], [ -95.0105697, 29.6170911, 0.0 ], [ -95.018086, 29.6169791, 0.0 ], [ -95.0181151, 29.6169928, 0.0 ], [ -95.0180489, 29.6148977, 0.0 ], [ -95.0041395, 29.615142, 0.0 ], [ -94.9971321, 29.615281, 0.0 ], [ -94.9974509, 29.6155477, 0.0 ], [ -94.9976483, 29.615719, 0.0 ], [ -94.9977091, 29.6157718, 0.0 ], [ -94.9979433, 29.6159659, 0.0 ], [ -94.9981528, 29.6161396, 0.0 ], [ -94.9983385, 29.6162935, 0.0 ], [ -94.9984895, 29.6164187, 0.0 ], [ -94.9986158, 29.6165234, 0.0 ], [ -94.9986173, 29.6165246, 0.0 ], [ -94.9986534, 29.6165789, 0.0 ], [ -94.9987661, 29.6167489, 0.0 ], [ -94.9988738, 29.6169112, 0.0 ], [ -94.9989894, 29.6170913, 0.0 ], [ -94.9990117, 29.6171106, 0.0 ], [ -94.9990338, 29.6171302, 0.0 ], [ -94.9990373, 29.6171334, 0.0 ], [ -94.9989895, 29.6171329, 0.0 ], [ -94.9991723, 29.6172566, 0.0 ], [ -94.9991865, 29.6172697, 0.0 ], [ -94.9992084, 29.6172895, 0.0 ], [ -94.9992305, 29.6173092, 0.0 ], [ -94.9992526, 29.6173288, 0.0 ], [ -94.999275, 29.6173481, 0.0 ], [ -94.9992976, 29.6173672, 0.0 ], [ -94.9993205, 29.617386, 0.0 ], [ -94.9993437, 29.6174046, 0.0 ], [ -94.9993672, 29.6174228, 0.0 ], [ -94.999391, 29.6174406, 0.0 ], [ -94.9994153, 29.617458, 0.0 ], [ -94.9994398, 29.6174751, 0.0 ], [ -94.9994645, 29.6174921, 0.0 ], [ -94.9994892, 29.6175091, 0.0 ], [ -94.999514, 29.617526, 0.0 ], [ -94.9995388, 29.6175428, 0.0 ], [ -94.9995637, 29.6175595, 0.0 ], [ -94.9995887, 29.6175762, 0.0 ], [ -94.9996138, 29.6175928, 0.0 ], [ -94.9996389, 29.6176093, 0.0 ], [ -94.999664, 29.6176258, 0.0 ], [ -94.9996892, 29.6176422, 0.0 ], [ -94.9997145, 29.6176586, 0.0 ], [ -94.9997398, 29.6176749, 0.0 ], [ -94.9997652, 29.6176912, 0.0 ], [ -94.9997906, 29.6177074, 0.0 ], [ -94.999816, 29.6177236, 0.0 ], [ -94.9998415, 29.6177398, 0.0 ], [ -94.9998671, 29.6177559, 0.0 ], [ -94.9998926, 29.617772, 0.0 ], [ -94.9999182, 29.617788, 0.0 ], [ -94.9999438, 29.617804, 0.0 ], [ -94.9999694, 29.61782, 0.0 ], [ -94.9999951, 29.617836, 0.0 ], [ -95.0000207, 29.617852, 0.0 ], [ -95.0000464, 29.6178679, 0.0 ], [ -95.0000721, 29.6178838, 0.0 ], [ -95.0000978, 29.6178998, 0.0 ], [ -95.0001235, 29.6179157, 0.0 ], [ -95.0001492, 29.6179316, 0.0 ], [ -95.000175, 29.6179475, 0.0 ], [ -95.0002007, 29.6179634, 0.0 ], [ -95.0002264, 29.6179794, 0.0 ], [ -95.0002521, 29.6179953, 0.0 ], [ -95.0002778, 29.6180112, 0.0 ], [ -95.0003035, 29.6180272, 0.0 ], [ -95.0003291, 29.6180431, 0.0 ], [ -95.0003548, 29.6180591, 0.0 ], [ -95.0003804, 29.6180751, 0.0 ], [ -95.000392, 29.6180824, 0.0 ], [ -95.000406, 29.6180912, 0.0 ], [ -95.0004315, 29.6181072, 0.0 ], [ -95.0004571, 29.6181233, 0.0 ], [ -95.0004826, 29.6181395, 0.0 ], [ -95.0005081, 29.6181556, 0.0 ], [ -95.0005335, 29.6181718, 0.0 ], [ -95.0005589, 29.6181881, 0.0 ], [ -95.0005844, 29.6182043, 0.0 ], [ -95.0006098, 29.6182204, 0.0 ], [ -95.0006353, 29.6182366, 0.0 ], [ -95.0006608, 29.6182527, 0.0 ], [ -95.0006863, 29.6182688, 0.0 ], [ -95.0007119, 29.6182849, 0.0 ], [ -95.0007375, 29.6183009, 0.0 ], [ -95.0007631, 29.618317, 0.0 ], [ -95.0007887, 29.618333, 0.0 ], [ -95.0008143, 29.618349, 0.0 ], [ -95.0008399, 29.618365, 0.0 ], [ -95.0008656, 29.6183809, 0.0 ], [ -95.0008912, 29.6183969, 0.0 ], [ -95.0009169, 29.6184128, 0.0 ], [ -95.0009426, 29.6184288, 0.0 ], [ -95.0009682, 29.6184447, 0.0 ], [ -95.0009939, 29.6184607, 0.0 ], [ -95.0010196, 29.6184766, 0.0 ], [ -95.0010453, 29.6184925, 0.0 ], [ -95.0010709, 29.6185085, 0.0 ], [ -95.0010966, 29.6185244, 0.0 ], [ -95.0011223, 29.6185404, 0.0 ], [ -95.0011479, 29.6185563, 0.0 ], [ -95.0011736, 29.6185723, 0.0 ], [ -95.0011992, 29.6185883, 0.0 ], [ -95.0012249, 29.6186043, 0.0 ], [ -95.0012505, 29.6186203, 0.0 ], [ -95.0012761, 29.6186363, 0.0 ], [ -95.0013016, 29.6186524, 0.0 ], [ -95.0013272, 29.6186685, 0.0 ], [ -95.0013527, 29.6186845, 0.0 ], [ -95.0013782, 29.6187007, 0.0 ], [ -95.0014037, 29.6187168, 0.0 ], [ -95.0014292, 29.618733, 0.0 ], [ -95.0014546, 29.6187492, 0.0 ], [ -95.00148, 29.6187654, 0.0 ], [ -95.0015054, 29.6187817, 0.0 ], [ -95.0015307, 29.618798, 0.0 ], [ -95.001556, 29.6188144, 0.0 ], [ -95.0015813, 29.6188307, 0.0 ], [ -95.0016065, 29.6188472, 0.0 ], [ -95.0016317, 29.6188636, 0.0 ], [ -95.0016569, 29.6188802, 0.0 ], [ -95.001682, 29.6188967, 0.0 ], [ -95.001707, 29.6189134, 0.0 ], [ -95.0017321, 29.61893, 0.0 ], [ -95.001757, 29.6189467, 0.0 ], [ -95.0017819, 29.6189635, 0.0 ], [ -95.0018068, 29.6189804, 0.0 ], [ -95.0018316, 29.6189972, 0.0 ], [ -95.0018564, 29.6190142, 0.0 ], [ -95.001881, 29.6190312, 0.0 ], [ -95.0019057, 29.6190483, 0.0 ], [ -95.0019303, 29.6190654, 0.0 ], [ -95.0019548, 29.6190826, 0.0 ], [ -95.0019792, 29.6190999, 0.0 ], [ -95.0020037, 29.6191172, 0.0 ], [ -95.0020281, 29.6191345, 0.0 ], [ -95.0020524, 29.6191519, 0.0 ], [ -95.0020768, 29.6191694, 0.0 ], [ -95.002101, 29.6191868, 0.0 ], [ -95.0021253, 29.6192043, 0.0 ], [ -95.0021495, 29.6192218, 0.0 ], [ -95.0021737, 29.6192394, 0.0 ], [ -95.0021979, 29.619257, 0.0 ], [ -95.002222, 29.6192746, 0.0 ], [ -95.0022461, 29.6192923, 0.0 ], [ -95.0022702, 29.61931, 0.0 ], [ -95.0022942, 29.6193277, 0.0 ], [ -95.0023182, 29.6193455, 0.0 ], [ -95.0023422, 29.6193633, 0.0 ], [ -95.0023662, 29.6193811, 0.0 ], [ -95.0023901, 29.619399, 0.0 ], [ -95.0024141, 29.6194168, 0.0 ], [ -95.0024379, 29.6194347, 0.0 ], [ -95.0024618, 29.6194527, 0.0 ], [ -95.0024856, 29.6194706, 0.0 ], [ -95.0025095, 29.6194886, 0.0 ], [ -95.0025333, 29.6195066, 0.0 ], [ -95.0025571, 29.6195246, 0.0 ], [ -95.0025808, 29.6195427, 0.0 ], [ -95.0026046, 29.6195607, 0.0 ], [ -95.0026283, 29.6195788, 0.0 ], [ -95.002652, 29.6195969, 0.0 ], [ -95.0026757, 29.619615, 0.0 ], [ -95.0026994, 29.6196331, 0.0 ], [ -95.002723, 29.6196513, 0.0 ], [ -95.0027467, 29.6196695, 0.0 ], [ -95.0027703, 29.6196876, 0.0 ], [ -95.0027939, 29.6197058, 0.0 ], [ -95.0028175, 29.619724, 0.0 ], [ -95.0028223, 29.6197277, 0.0 ], [ -95.0057235, 29.6216918, 0.0 ], [ -94.9998729, 29.6171413, 0.0 ], [ -95.0005807, 29.617148, 0.0 ] ] ], [ [ [ -95.027918, 29.7039327, 0.0 ], [ -95.0285007, 29.7049126, 0.0 ], [ -95.0294093, 29.7069911, 0.0 ], [ -95.0306056, 29.710682, 0.0 ], [ -95.0289485, 29.7107729, 0.0 ], [ -95.0288018, 29.7123295, 0.0 ], [ -95.0284685, 29.7140295, 0.0 ], [ -95.0283071, 29.71589, 0.0 ], [ -95.0283175, 29.717911, 0.0 ], [ -95.0286376, 29.7199801, 0.0 ], [ -95.0291402, 29.721938, 0.0 ], [ -95.030602, 29.7232715, 0.0 ], [ -95.0324396, 29.7241031, 0.0 ], [ -95.0375041, 29.7233379, 0.0 ], [ -95.041412, 29.7232805, 0.0 ], [ -95.0468755, 29.7239025, 0.0 ], [ -95.0506025, 29.7254857, 0.0 ], [ -95.0572376, 29.7296247, 0.0 ], [ -95.0595898, 29.733665, 0.0 ], [ -95.0617903, 29.738617, 0.0 ], [ -95.0631768, 29.7418217, 0.0 ], [ -95.066854, 29.7495062, 0.0 ], [ -95.068782, 29.7462843, 0.0 ], [ -95.0733867, 29.7385884, 0.0 ], [ -95.0736659, 29.7381217, 0.0 ], [ -95.0760643, 29.7338359, 0.0 ], [ -95.0854104, 29.740424, 0.0 ], [ -95.0858859, 29.7406238, 0.0 ], [ -95.0898255, 29.7429046, 0.0 ], [ -95.0897989, 29.7415645, 0.0 ], [ -95.0897925, 29.7411362, 0.0 ], [ -95.0897744, 29.7399187, 0.0 ], [ -95.0897662, 29.7389378, 0.0 ], [ -95.0897593, 29.7382538, 0.0 ], [ -95.0897044, 29.7344923, 0.0 ], [ -95.0897065, 29.7321563, 0.0 ], [ -95.089851, 29.7321561, 0.0 ], [ -95.0898229, 29.7299077, 0.0 ], [ -95.0896774, 29.7299087, 0.0 ], [ -95.0896343, 29.7263125, 0.0 ], [ -95.0896355, 29.7261058, 0.0 ], [ -95.0896146, 29.7244562, 0.0 ], [ -95.0895754, 29.7215448, 0.0 ], [ -95.0895706, 29.7210546, 0.0 ], [ -95.0895678, 29.7207683, 0.0 ], [ -95.089546, 29.7182825, 0.0 ], [ -95.0894765, 29.7133468, 0.0 ], [ -95.0907206, 29.7099187, 0.0 ], [ -95.0909987, 29.7092951, 0.0 ], [ -95.0909261, 29.7092946, 0.0 ], [ -95.0911515, 29.7087488, 0.0 ], [ -95.0916926, 29.707422, 0.0 ], [ -95.0917521, 29.7072544, 0.0 ], [ -95.0917374, 29.7072435, 0.0 ], [ -95.09193, 29.706724, 0.0 ], [ -95.0919307, 29.7066451, 0.0 ], [ -95.091905, 29.7065846, 0.0 ], [ -95.0918511, 29.7065321, 0.0 ], [ -95.0917809, 29.7065022, 0.0 ], [ -95.0917249, 29.7064958, 0.0 ], [ -95.0916645, 29.7064692, 0.0 ], [ -95.0915824, 29.7064229, 0.0 ], [ -95.0915388, 29.7063926, 0.0 ], [ -95.0914879, 29.706351, 0.0 ], [ -95.0914337, 29.7063058, 0.0 ], [ -95.091378, 29.7062498, 0.0 ], [ -95.0913298, 29.7061898, 0.0 ], [ -95.091302, 29.706148, 0.0 ], [ -95.0912779, 29.7061048, 0.0 ], [ -95.0912329, 29.7058276, 0.0 ], [ -95.0911795, 29.705023, 0.0 ], [ -95.0911465, 29.7048912, 0.0 ], [ -95.0911163, 29.7048299, 0.0 ], [ -95.0910789, 29.7047573, 0.0 ], [ -95.0910043, 29.7046877, 0.0 ], [ -95.0910465, 29.7045208, 0.0 ], [ -95.0909529, 29.7044779, 0.0 ], [ -95.0908257, 29.7044191, 0.0 ], [ -95.0906851, 29.7043058, 0.0 ], [ -95.0885976, 29.7035992, 0.0 ], [ -95.0885975, 29.7035992, 0.0 ], [ -95.0885403, 29.7022627, 0.0 ], [ -95.0885291, 29.7017427, 0.0 ], [ -95.0885262, 29.7016391, 0.0 ], [ -95.0884969, 29.7005954, 0.0 ], [ -95.0884763, 29.7003503, 0.0 ], [ -95.0884321, 29.6984669, 0.0 ], [ -95.0883602, 29.6954346, 0.0 ], [ -95.0883775, 29.6952051, 0.0 ], [ -95.0883514, 29.6939678, 0.0 ], [ -95.0883177, 29.6931519, 0.0 ], [ -95.0883027, 29.6927173, 0.0 ], [ -95.088299, 29.6921106, 0.0 ], [ -95.0882762, 29.6917034, 0.0 ], [ -95.0882736, 29.6913513, 0.0 ], [ -95.0882673, 29.6910764, 0.0 ], [ -95.0882569, 29.6907752, 0.0 ], [ -95.0882417, 29.6902666, 0.0 ], [ -95.088246, 29.6902666, 0.0 ], [ -95.0882459, 29.6902631, 0.0 ], [ -95.0882503, 29.6900413, 0.0 ], [ -95.0882347, 29.6893731, 0.0 ], [ -95.08818, 29.6878197, 0.0 ], [ -95.0881742, 29.6876639, 0.0 ], [ -95.0881741, 29.6876278, 0.0 ], [ -95.0880971, 29.6850831, 0.0 ], [ -95.0881316, 29.6848653, 0.0 ], [ -95.0879991, 29.6799012, 0.0 ], [ -95.0880012, 29.6795922, 0.0 ], [ -95.087943, 29.6772276, 0.0 ], [ -95.0879194, 29.6762684, 0.0 ], [ -95.087909, 29.6757374, 0.0 ], [ -95.0878865, 29.674753, 0.0 ], [ -95.0878977, 29.6745391, 0.0 ], [ -95.0878715, 29.6734829, 0.0 ], [ -95.0878461, 29.672942, 0.0 ], [ -95.087769, 29.6724356, 0.0 ], [ -95.0876776, 29.672025, 0.0 ], [ -95.0875108, 29.6714952, 0.0 ], [ -95.087509, 29.6714886, 0.0 ], [ -95.0874633, 29.671314, 0.0 ], [ -95.0874304, 29.6711775, 0.0 ], [ -95.0874006, 29.6710433, 0.0 ], [ -95.0873765, 29.6709202, 0.0 ], [ -95.0873547, 29.6707968, 0.0 ], [ -95.0873351, 29.6706789, 0.0 ], [ -95.0873178, 29.6705624, 0.0 ], [ -95.087303, 29.6704457, 0.0 ], [ -95.0872907, 29.6703289, 0.0 ], [ -95.0872887, 29.6703054, 0.0 ], [ -95.0872887, 29.6703054, 0.0 ], [ -95.0872808, 29.6702119, 0.0 ], [ -95.0872527, 29.6697624, 0.0 ], [ -95.0872444, 29.6696292, 0.0 ], [ -95.0871087, 29.6657012, 0.0 ], [ -95.0870622, 29.6644363, 0.0 ], [ -95.0898289, 29.6644076, 0.0 ], [ -95.0918108, 29.6643814, 0.0 ], [ -95.0920307, 29.6643784, 0.0 ], [ -95.0920783, 29.6643778, 0.0 ], [ -95.0921564, 29.6643768, 0.0 ], [ -95.0921727, 29.6643766, 0.0 ], [ -95.0921822, 29.6643764, 0.0 ], [ -95.0922124, 29.664376, 0.0 ], [ -95.0922205, 29.6643759, 0.0 ], [ -95.0922479, 29.6643756, 0.0 ], [ -95.0922602, 29.6643753, 0.0 ], [ -95.0922657, 29.6643752, 0.0 ], [ -95.0922869, 29.6643748, 0.0 ], [ -95.0923097, 29.6643743, 0.0 ], [ -95.0923143, 29.6643742, 0.0 ], [ -95.0923614, 29.6643732, 0.0 ], [ -95.092366, 29.6643731, 0.0 ], [ -95.0924149, 29.6643721, 0.0 ], [ -95.0924156, 29.6643721, 0.0 ], [ -95.0924689, 29.664371, 0.0 ], [ -95.0924712, 29.664371, 0.0 ], [ -95.0925231, 29.6643699, 0.0 ], [ -95.0925267, 29.6643698, 0.0 ], [ -95.0925764, 29.6643688, 0.0 ], [ -95.0925796, 29.6643687, 0.0 ], [ -95.0926334, 29.6643676, 0.0 ], [ -95.0926364, 29.6643676, 0.0 ], [ -95.092693, 29.6643664, 0.0 ], [ -95.0926945, 29.6643664, 0.0 ], [ -95.0927517, 29.6643652, 0.0 ], [ -95.0927537, 29.6643651, 0.0 ], [ -95.0928093, 29.664364, 0.0 ], [ -95.092812, 29.6643639, 0.0 ], [ -95.0928672, 29.6643628, 0.0 ], [ -95.0928697, 29.6643627, 0.0 ], [ -95.0929257, 29.6643616, 0.0 ], [ -95.092928, 29.6643615, 0.0 ], [ -95.0929837, 29.6643604, 0.0 ], [ -95.0929858, 29.6643604, 0.0 ], [ -95.0930374, 29.6643593, 0.0 ], [ -95.093041, 29.6643592, 0.0 ], [ -95.0930945, 29.6643581, 0.0 ], [ -95.0930974, 29.6643581, 0.0 ], [ -95.0931513, 29.6643569, 0.0 ], [ -95.0931545, 29.6643569, 0.0 ], [ -95.0932072, 29.6643558, 0.0 ], [ -95.0932106, 29.6643557, 0.0 ], [ -95.093264, 29.6643546, 0.0 ], [ -95.0932665, 29.6643546, 0.0 ], [ -95.0933204, 29.6643535, 0.0 ], [ -95.0933237, 29.6643534, 0.0 ], [ -95.0933782, 29.6643523, 0.0 ], [ -95.0933804, 29.6643522, 0.0 ], [ -95.0934362, 29.6643511, 0.0 ], [ -95.0934387, 29.664351, 0.0 ], [ -95.0934889, 29.66435, 0.0 ], [ -95.0934918, 29.6643499, 0.0 ], [ -95.093539, 29.664349, 0.0 ], [ -95.0935428, 29.6643489, 0.0 ], [ -95.0935873, 29.664348, 0.0 ], [ -95.0935935, 29.6643478, 0.0 ], [ -95.093643, 29.6643468, 0.0 ], [ -95.0936451, 29.6643468, 0.0 ], [ -95.093696, 29.6643457, 0.0 ], [ -95.0936978, 29.6643457, 0.0 ], [ -95.0937532, 29.6643445, 0.0 ], [ -95.0937554, 29.6643445, 0.0 ], [ -95.093812, 29.6643433, 0.0 ], [ -95.0938128, 29.6643433, 0.0 ], [ -95.0938694, 29.6643421, 0.0 ], [ -95.0938711, 29.6643421, 0.0 ], [ -95.0939264, 29.664341, 0.0 ], [ -95.0939286, 29.6643409, 0.0 ], [ -95.0939832, 29.6643398, 0.0 ], [ -95.0939866, 29.6643397, 0.0 ], [ -95.0940409, 29.6643386, 0.0 ], [ -95.094044, 29.6643385, 0.0 ], [ -95.0940983, 29.6643374, 0.0 ], [ -95.0941015, 29.6643373, 0.0 ], [ -95.0941535, 29.6643363, 0.0 ], [ -95.0941582, 29.6643362, 0.0 ], [ -95.0942008, 29.6643353, 0.0 ], [ -95.0942123, 29.6643351, 0.0 ], [ -95.0942366, 29.6643346, 0.0 ], [ -95.0942411, 29.664334, 0.0 ], [ -95.0942411, 29.664334, 0.0 ], [ -95.094302, 29.6643267, 0.0 ], [ -95.0963484, 29.6642923, 0.0 ], [ -95.0964681, 29.6642903, 0.0 ], [ -95.0964769, 29.6642901, 0.0 ], [ -95.0965932, 29.6642882, 0.0 ], [ -95.096619, 29.6642877, 0.0 ], [ -95.0967207, 29.664286, 0.0 ], [ -95.0967551, 29.6642854, 0.0 ], [ -95.0968184, 29.6642844, 0.0 ], [ -95.0968485, 29.6642837, 0.0 ], [ -95.0968754, 29.6642831, 0.0 ], [ -95.0969754, 29.6642807, 0.0 ], [ -95.0979381, 29.6642645, 0.0 ], [ -95.0979381, 29.6642655, 0.0 ], [ -95.0979394, 29.6642655, 0.0 ], [ -95.0983925, 29.6642728, 0.0 ], [ -95.0998798, 29.6642446, 0.0 ], [ -95.1001755, 29.664239, 0.0 ], [ -95.1009442, 29.6642244, 0.0 ], [ -95.1018436, 29.6642008, 0.0 ], [ -95.1023157, 29.6641884, 0.0 ], [ -95.1026148, 29.6641834, 0.0 ], [ -95.1026297, 29.6641959, 0.0 ], [ -95.1028524, 29.6641922, 0.0 ], [ -95.1028667, 29.6641792, 0.0 ], [ -95.1031344, 29.6641746, 0.0 ], [ -95.1038899, 29.6641619, 0.0 ], [ -95.1055937, 29.6641396, 0.0 ], [ -95.1100645, 29.6640536, 0.0 ], [ -95.1118925, 29.6640355, 0.0 ], [ -95.112303, 29.6640281, 0.0 ], [ -95.1126442, 29.6640219, 0.0 ], [ -95.1126419, 29.6637376, 0.0 ], [ -95.1126345, 29.6633397, 0.0 ], [ -95.1125927, 29.6611192, 0.0 ], [ -95.112586, 29.6607603, 0.0 ], [ -95.1125826, 29.6605801, 0.0 ], [ -95.1125776, 29.6603183, 0.0 ], [ -95.1125706, 29.6599426, 0.0 ], [ -95.1125693, 29.6598773, 0.0 ], [ -95.1125586, 29.659308, 0.0 ], [ -95.1125555, 29.6591389, 0.0 ], [ -95.1125472, 29.6586972, 0.0 ], [ -95.1125439, 29.6585247, 0.0 ], [ -95.1125385, 29.6582353, 0.0 ], [ -95.1125363, 29.6581195, 0.0 ], [ -95.112531, 29.6579332, 0.0 ], [ -95.1125274, 29.6578244, 0.0 ], [ -95.1125185, 29.6575472, 0.0 ], [ -95.1125123, 29.6573558, 0.0 ], [ -95.1124955, 29.6568384, 0.0 ], [ -95.1124927, 29.6567509, 0.0 ], [ -95.1124728, 29.6561385, 0.0 ], [ -95.1124679, 29.6559846, 0.0 ], [ -95.1124571, 29.6556533, 0.0 ], [ -95.1124564, 29.65563, 0.0 ], [ -95.1124551, 29.6554618, 0.0 ], [ -95.1124537, 29.6552856, 0.0 ], [ -95.1124519, 29.6550465, 0.0 ], [ -95.1124518, 29.6550441, 0.0 ], [ -95.112424, 29.6514291, 0.0 ], [ -95.1124359, 29.6508534, 0.0 ], [ -95.1124221, 29.6502908, 0.0 ], [ -95.1102455, 29.6503167, 0.0 ], [ -95.1096218, 29.6503125, 0.0 ], [ -95.1034291, 29.6503886, 0.0 ], [ -95.1034291, 29.6503886, 0.0 ], [ -95.1033785, 29.6486263, 0.0 ], [ -95.1021027, 29.6486262, 0.0 ], [ -95.1025917, 29.6480402, 0.0 ], [ -95.1049183, 29.6449589, 0.0 ], [ -95.1053349, 29.644594, 0.0 ], [ -95.105711, 29.644417, 0.0 ], [ -95.1047463, 29.6443567, 0.0 ], [ -95.105937, 29.6429907, 0.0 ], [ -95.0950228, 29.6432221, 0.0 ], [ -95.08759, 29.643315, 0.0 ], [ -95.087574, 29.6443083, 0.0 ], [ -95.0863905, 29.6443267, 0.0 ], [ -95.0863572, 29.6443266, 0.0 ], [ -95.0863567, 29.6443266, 0.0 ], [ -95.086, 29.6443266, 0.0 ], [ -95.0740762, 29.6446073, 0.0 ], [ -95.0729747, 29.6446331, 0.0 ], [ -95.0725423, 29.6446385, 0.0 ], [ -95.0716611, 29.6434354, 0.0 ], [ -95.0715095, 29.6393881, 0.0 ], [ -95.0714969, 29.6391028, 0.0 ], [ -95.0715134, 29.6357488, 0.0 ], [ -95.0711005, 29.6357522, 0.0 ], [ -95.0581902, 29.635782, 0.0 ], [ -95.0575517, 29.6357833, 0.0 ], [ -95.0472687, 29.6358045, 0.0 ], [ -95.0468057, 29.6358055, 0.0 ], [ -95.0468092, 29.6355898, 0.0 ], [ -95.0468036, 29.6353958, 0.0 ], [ -95.0467902, 29.635202, 0.0 ], [ -95.0467844, 29.635141, 0.0 ], [ -95.0467689, 29.6350086, 0.0 ], [ -95.0458553, 29.6306103, 0.0 ], [ -95.0391148, 29.632967, 0.0 ], [ -95.0389938, 29.6330147, 0.0 ], [ -95.0390688, 29.6339089, 0.0 ], [ -95.0393955, 29.6358236, 0.0 ], [ -95.0381919, 29.6358212, 0.0 ], [ -95.0381912, 29.6358212, 0.0 ], [ -95.0381613, 29.6356297, 0.0 ], [ -95.0373564, 29.6306952, 0.0 ], [ -95.0372926, 29.6301902, 0.0 ], [ -95.0369723, 29.6286789, 0.0 ], [ -95.0362121, 29.6240185, 0.0 ], [ -95.0352525, 29.6240635, 0.0 ], [ -95.0352515, 29.6240635, 0.0 ], [ -95.0337861, 29.6240523, 0.0 ], [ -95.0304109, 29.6240968, 0.0 ], [ -95.0304087, 29.6240968, 0.0 ], [ -95.0303446, 29.6240976, 0.0 ], [ -95.0301743, 29.6240998, 0.0 ], [ -95.0301495, 29.6241088, 0.0 ], [ -95.0300482, 29.6241097, 0.0 ], [ -95.0299029, 29.6241109, 0.0 ], [ -95.0297832, 29.6241119, 0.0 ], [ -95.028622, 29.6241175, 0.0 ], [ -95.0284527, 29.6241195, 0.0 ], [ -95.0280923, 29.6241209, 0.0 ], [ -95.0280723, 29.624121, 0.0 ], [ -95.0276966, 29.6241223, 0.0 ], [ -95.0276919, 29.6241224, 0.0 ], [ -95.0272958, 29.6241238, 0.0 ], [ -95.0268682, 29.6241363, 0.0 ], [ -95.0266485, 29.6241428, 0.0 ], [ -95.0263516, 29.6241514, 0.0 ], [ -95.02616, 29.6241534, 0.0 ], [ -95.0257834, 29.6241572, 0.0 ], [ -95.0254173, 29.6241587, 0.0 ], [ -95.0252255, 29.6241596, 0.0 ], [ -95.0248015, 29.6241614, 0.0 ], [ -95.0246681, 29.6241619, 0.0 ], [ -95.0243381, 29.6241649, 0.0 ], [ -95.0240952, 29.6241671, 0.0 ], [ -95.0240676, 29.6241673, 0.0 ], [ -95.0239698, 29.6241682, 0.0 ], [ -95.0229213, 29.6241776, 0.0 ], [ -95.0222744, 29.6241903, 0.0 ], [ -95.0218152, 29.6241949, 0.0 ], [ -95.0210409, 29.624218, 0.0 ], [ -95.020926, 29.6242227, 0.0 ], [ -95.0183953, 29.6242611, 0.0 ], [ -95.0183782, 29.6239199, 0.0 ], [ -95.0181883, 29.6239247, 0.0 ], [ -95.0164213, 29.6239397, 0.0 ], [ -95.0105289, 29.6240077, 0.0 ], [ -95.0104982, 29.6240078, 0.0 ], [ -95.0104065, 29.6240079, 0.0 ], [ -95.0102318, 29.6240089, 0.0 ], [ -95.0101914, 29.6240092, 0.0 ], [ -95.0101806, 29.6240093, 0.0 ], [ -95.0096269, 29.6240141, 0.0 ], [ -95.0095576, 29.6240133, 0.0 ], [ -95.00934, 29.6240107, 0.0 ], [ -95.0093262, 29.6240105, 0.0 ], [ -95.0091601, 29.6240183, 0.0 ], [ -95.0057235, 29.6216918, 0.0 ], [ -95.0080715, 29.623518, 0.0 ], [ -95.0080725, 29.6235187, 0.0 ], [ -95.0080968, 29.6235363, 0.0 ], [ -95.008121, 29.623554, 0.0 ], [ -95.0081451, 29.6235718, 0.0 ], [ -95.0081691, 29.6235897, 0.0 ], [ -95.008193, 29.6236077, 0.0 ], [ -95.0082169, 29.6236258, 0.0 ], [ -95.0082406, 29.6236439, 0.0 ], [ -95.0082642, 29.6236622, 0.0 ], [ -95.0082877, 29.6236805, 0.0 ], [ -95.0083112, 29.6236988, 0.0 ], [ -95.0083345, 29.6237173, 0.0 ], [ -95.0083577, 29.6237358, 0.0 ], [ -95.0083809, 29.6237544, 0.0 ], [ -95.0084039, 29.623773, 0.0 ], [ -95.0084268, 29.6237917, 0.0 ], [ -95.0084497, 29.6238104, 0.0 ], [ -95.008472, 29.6238296, 0.0 ], [ -95.0084929, 29.6238498, 0.0 ], [ -95.0085127, 29.6238711, 0.0 ], [ -95.0085315, 29.6238931, 0.0 ], [ -95.0085496, 29.6239157, 0.0 ], [ -95.0085672, 29.6239387, 0.0 ], [ -95.0085846, 29.6239619, 0.0 ], [ -95.008602, 29.6239851, 0.0 ], [ -95.0086196, 29.6240082, 0.0 ], [ -95.0086456, 29.6240404, 0.0 ], [ -95.0086472, 29.6240424, 0.0 ], [ -95.0088989, 29.6243618, 0.0 ], [ -95.0088994, 29.6243625, 0.0 ], [ -95.0092119, 29.6247575, 0.0 ], [ -95.0092236, 29.6247724, 0.0 ], [ -95.0092421, 29.6247958, 0.0 ], [ -95.0093347, 29.624907, 0.0 ], [ -95.0095197, 29.6251295, 0.0 ], [ -95.0096546, 29.6252988, 0.0 ], [ -95.0097895, 29.625468, 0.0 ], [ -95.0098794, 29.6255809, 0.0 ], [ -95.0099725, 29.6256954, 0.0 ], [ -95.0100886, 29.6258153, 0.0 ], [ -95.0103523, 29.626088, 0.0 ], [ -95.0103857, 29.6261442, 0.0 ], [ -95.0103857, 29.6261442, 0.0 ], [ -95.0103857, 29.6261443, 0.0 ], [ -95.0103859, 29.6261445, 0.0 ], [ -95.0103859, 29.6261446, 0.0 ], [ -95.010386, 29.6261446, 0.0 ], [ -95.0103861, 29.6261447, 0.0 ], [ -95.0104292, 29.6262076, 0.0 ], [ -95.0104822, 29.6262815, 0.0 ], [ -95.0104882, 29.6262899, 0.0 ], [ -95.0104927, 29.6262926, 0.0 ], [ -95.0104942, 29.6262934, 0.0 ], [ -95.0104988, 29.6262962, 0.0 ], [ -95.0105034, 29.6262992, 0.0 ], [ -95.0105062, 29.6263009, 0.0 ], [ -95.010508, 29.6263021, 0.0 ], [ -95.0105125, 29.6263052, 0.0 ], [ -95.0105169, 29.6263084, 0.0 ], [ -95.0105187, 29.6263097, 0.0 ], [ -95.0105187, 29.6263098, 0.0 ], [ -95.0105188, 29.6263098, 0.0 ], [ -95.0105188, 29.6263098, 0.0 ], [ -95.0105189, 29.6263099, 0.0 ], [ -95.0105192, 29.6263101, 0.0 ], [ -95.0105213, 29.6263116, 0.0 ], [ -95.0105256, 29.626315, 0.0 ], [ -95.0105299, 29.6263184, 0.0 ], [ -95.0105318, 29.6263199, 0.0 ], [ -95.0105342, 29.6263219, 0.0 ], [ -95.0105383, 29.6263255, 0.0 ], [ -95.0105425, 29.6263291, 0.0 ], [ -95.0105439, 29.6263304, 0.0 ], [ -95.0105465, 29.6263329, 0.0 ], [ -95.0105505, 29.6263367, 0.0 ], [ -95.0105545, 29.6263406, 0.0 ], [ -95.0105555, 29.6263416, 0.0 ], [ -95.0105583, 29.6263445, 0.0 ], [ -95.0105622, 29.6263486, 0.0 ], [ -95.0105659, 29.6263527, 0.0 ], [ -95.0105664, 29.6263532, 0.0 ], [ -95.0105664, 29.6263532, 0.0 ], [ -95.0105664, 29.6263532, 0.0 ], [ -95.0105665, 29.6263533, 0.0 ], [ -95.0105665, 29.6263534, 0.0 ], [ -95.0105666, 29.6263534, 0.0 ], [ -95.0105666, 29.6263535, 0.0 ], [ -95.0105696, 29.6263568, 0.0 ], [ -95.0105732, 29.6263611, 0.0 ], [ -95.0105768, 29.6263655, 0.0 ], [ -95.0105771, 29.6263658, 0.0 ], [ -95.0105771, 29.6263658, 0.0 ], [ -95.0105771, 29.6263658, 0.0 ], [ -95.0105771, 29.6263659, 0.0 ], [ -95.0105772, 29.6263659, 0.0 ], [ -95.0105772, 29.6263659, 0.0 ], [ -95.0105772, 29.626366, 0.0 ], [ -95.0105834, 29.6263738, 0.0 ], [ -95.0105868, 29.6263784, 0.0 ], [ -95.0105872, 29.626379, 0.0 ], [ -95.0105872, 29.626379, 0.0 ], [ -95.0105872, 29.626379, 0.0 ], [ -95.0105873, 29.6263791, 0.0 ], [ -95.0105901, 29.626383, 0.0 ], [ -95.0105933, 29.6263876, 0.0 ], [ -95.0105964, 29.6263923, 0.0 ], [ -95.0105965, 29.6263924, 0.0 ], [ -95.0105965, 29.6263924, 0.0 ], [ -95.0105966, 29.6263925, 0.0 ], [ -95.0105967, 29.6263927, 0.0 ], [ -95.0105995, 29.626397, 0.0 ], [ -95.0106024, 29.6264018, 0.0 ], [ -95.0106052, 29.6264065, 0.0 ], [ -95.0106053, 29.6264065, 0.0 ], [ -95.0106053, 29.6264066, 0.0 ], [ -95.0106081, 29.6264115, 0.0 ], [ -95.0106107, 29.6264164, 0.0 ], [ -95.0106132, 29.6264209, 0.0 ], [ -95.0106132, 29.626421, 0.0 ], [ -95.0106132, 29.626421, 0.0 ], [ -95.0106133, 29.6264211, 0.0 ], [ -95.0106134, 29.6264213, 0.0 ], [ -95.010616, 29.6264264, 0.0 ], [ -95.0106185, 29.6264315, 0.0 ], [ -95.0106205, 29.6264359, 0.0 ], [ -95.0106209, 29.6264367, 0.0 ], [ -95.0106233, 29.6264419, 0.0 ], [ -95.0106255, 29.6264471, 0.0 ], [ -95.0106272, 29.6264512, 0.0 ], [ -95.0106277, 29.6264524, 0.0 ], [ -95.0106298, 29.6264578, 0.0 ], [ -95.0106318, 29.6264632, 0.0 ], [ -95.0106331, 29.6264668, 0.0 ], [ -95.0106337, 29.6264686, 0.0 ], [ -95.0106356, 29.626474, 0.0 ], [ -95.0106373, 29.6264795, 0.0 ], [ -95.0106383, 29.6264828, 0.0 ], [ -95.010639, 29.626485, 0.0 ], [ -95.0106406, 29.6264906, 0.0 ], [ -95.0106421, 29.6264961, 0.0 ], [ -95.0106428, 29.626499, 0.0 ], [ -95.0106435, 29.6265017, 0.0 ], [ -95.0106602, 29.6265271, 0.0 ], [ -95.0106872, 29.6265659, 0.0 ], [ -95.010705, 29.6265905, 0.0 ], [ -95.0107232, 29.6266147, 0.0 ], [ -95.0107419, 29.6266386, 0.0 ], [ -95.0107494, 29.626648, 0.0 ], [ -95.0107608, 29.6266621, 0.0 ], [ -95.0107802, 29.6266852, 0.0 ], [ -95.0107999, 29.626708, 0.0 ], [ -95.0108203, 29.6267307, 0.0 ], [ -95.0108411, 29.6267532, 0.0 ], [ -95.0108727, 29.6267859, 0.0 ], [ -95.0108819, 29.6267998, 0.0 ], [ -95.0108914, 29.6268136, 0.0 ], [ -95.0109011, 29.6268273, 0.0 ], [ -95.0109111, 29.6268408, 0.0 ], [ -95.0109213, 29.6268542, 0.0 ], [ -95.0109318, 29.6268674, 0.0 ], [ -95.0109394, 29.6268768, 0.0 ], [ -95.0109425, 29.6268805, 0.0 ], [ -95.0109457, 29.6268842, 0.0 ], [ -95.0109535, 29.6268934, 0.0 ], [ -95.0109646, 29.6269061, 0.0 ], [ -95.0109761, 29.6269187, 0.0 ], [ -95.0109877, 29.6269311, 0.0 ], [ -95.0109996, 29.6269434, 0.0 ], [ -95.0110117, 29.6269554, 0.0 ], [ -95.011024, 29.6269673, 0.0 ], [ -95.0110366, 29.626979, 0.0 ], [ -95.0110493, 29.6269905, 0.0 ], [ -95.0110623, 29.6270017, 0.0 ], [ -95.0110754, 29.6270129, 0.0 ], [ -95.0110886, 29.6270235, 0.0 ], [ -95.0110961, 29.6270296, 0.0 ], [ -95.0111038, 29.627036, 0.0 ], [ -95.0111101, 29.6270413, 0.0 ], [ -95.0111117, 29.6270426, 0.0 ], [ -95.011115, 29.6270454, 0.0 ], [ -95.0111245, 29.6270537, 0.0 ], [ -95.011127, 29.6270558, 0.0 ], [ -95.0111285, 29.6270571, 0.0 ], [ -95.0111522, 29.6270782, 0.0 ], [ -95.0111538, 29.6270797, 0.0 ], [ -95.0111563, 29.6270819, 0.0 ], [ -95.0111712, 29.6270958, 0.0 ], [ -95.0111725, 29.627097, 0.0 ], [ -95.0111735, 29.627098, 0.0 ], [ -95.0111892, 29.6271131, 0.0 ], [ -95.0111908, 29.6271146, 0.0 ], [ -95.0111931, 29.6271169, 0.0 ], [ -95.0112088, 29.6271324, 0.0 ], [ -95.0112254, 29.6271494, 0.0 ], [ -95.0112265, 29.6271506, 0.0 ], [ -95.0112288, 29.627153, 0.0 ], [ -95.0112415, 29.6271664, 0.0 ], [ -95.0112439, 29.6271689, 0.0 ], [ -95.0112454, 29.6271706, 0.0 ], [ -95.0112595, 29.6271861, 0.0 ], [ -95.0112609, 29.6271876, 0.0 ], [ -95.0112637, 29.6271908, 0.0 ], [ -95.0112754, 29.6272041, 0.0 ], [ -95.0112775, 29.6272065, 0.0 ], [ -95.011279, 29.6272082, 0.0 ], [ -95.0112957, 29.6272278, 0.0 ], [ -95.0112965, 29.6272288, 0.0 ], [ -95.0112987, 29.6272314, 0.0 ], [ -95.0113102, 29.6272456, 0.0 ], [ -95.0113124, 29.6272482, 0.0 ], [ -95.0113137, 29.6272499, 0.0 ], [ -95.0113268, 29.6272663, 0.0 ], [ -95.011328, 29.6272679, 0.0 ], [ -95.011341, 29.627285, 0.0 ], [ -95.0113431, 29.6272878, 0.0 ], [ -95.0113448, 29.62729, 0.0 ], [ -95.0113579, 29.6273079, 0.0 ], [ -95.011358, 29.6273079, 0.0 ], [ -95.011358, 29.627308, 0.0 ], [ -95.0113772, 29.6273351, 0.0 ], [ -95.0113777, 29.6273358, 0.0 ], [ -95.0113777, 29.6273359, 0.0 ], [ -95.0113777, 29.6273359, 0.0 ], [ -95.0113778, 29.627336, 0.0 ], [ -95.011378, 29.6273362, 0.0 ], [ -95.0113898, 29.6273537, 0.0 ], [ -95.0113916, 29.6273564, 0.0 ], [ -95.0113935, 29.6273593, 0.0 ], [ -95.0114031, 29.6273741, 0.0 ], [ -95.0114051, 29.6273772, 0.0 ], [ -95.0114065, 29.6273794, 0.0 ], [ -95.0114173, 29.6273967, 0.0 ], [ -95.0114182, 29.6273981, 0.0 ], [ -95.011429, 29.6274161, 0.0 ], [ -95.0114309, 29.6274193, 0.0 ], [ -95.0114319, 29.627421, 0.0 ], [ -95.0114419, 29.6274383, 0.0 ], [ -95.0114419, 29.6274383, 0.0 ], [ -95.011442, 29.6274383, 0.0 ], [ -95.0114433, 29.6274406, 0.0 ], [ -95.0114468, 29.6274498, 0.0 ], [ -95.0114479, 29.627453, 0.0 ], [ -95.0114484, 29.6274544, 0.0 ], [ -95.0114499, 29.627459, 0.0 ], [ -95.0114514, 29.6274637, 0.0 ], [ -95.0114522, 29.6274664, 0.0 ], [ -95.0114527, 29.6274684, 0.0 ], [ -95.011454, 29.6274731, 0.0 ], [ -95.0114552, 29.6274778, 0.0 ], [ -95.0114557, 29.62748, 0.0 ], [ -95.0114563, 29.6274825, 0.0 ], [ -95.0114573, 29.6274872, 0.0 ], [ -95.0114582, 29.627492, 0.0 ], [ -95.0114585, 29.6274937, 0.0 ], [ -95.011459, 29.6274967, 0.0 ], [ -95.0114597, 29.6275015, 0.0 ], [ -95.0114604, 29.6275063, 0.0 ], [ -95.0114604, 29.6275069, 0.0 ], [ -95.0114605, 29.6275072, 0.0 ], [ -95.0114605, 29.6275073, 0.0 ], [ -95.0114605, 29.6275073, 0.0 ], [ -95.0114605, 29.6275074, 0.0 ], [ -95.0114605, 29.6275074, 0.0 ], [ -95.0114609, 29.6275111, 0.0 ], [ -95.0114614, 29.6275158, 0.0 ], [ -95.0114617, 29.6275206, 0.0 ], [ -95.0114617, 29.6275207, 0.0 ], [ -95.0114617, 29.6275208, 0.0 ], [ -95.0114617, 29.6275209, 0.0 ], [ -95.0114618, 29.6275209, 0.0 ], [ -95.0114618, 29.6275213, 0.0 ], [ -95.011462, 29.6275254, 0.0 ], [ -95.0114622, 29.6275302, 0.0 ], [ -95.0114623, 29.6275347, 0.0 ], [ -95.0114623, 29.627535, 0.0 ], [ -95.0114623, 29.627535, 0.0 ], [ -95.0114623, 29.6275351, 0.0 ], [ -95.0114623, 29.6275398, 0.0 ], [ -95.0114622, 29.6275445, 0.0 ], [ -95.011462, 29.6275488, 0.0 ], [ -95.011462, 29.6275491, 0.0 ], [ -95.011462, 29.6275492, 0.0 ], [ -95.011462, 29.6275492, 0.0 ], [ -95.011462, 29.6275493, 0.0 ], [ -95.0114617, 29.627554, 0.0 ], [ -95.0114613, 29.6275588, 0.0 ], [ -95.011461, 29.6275621, 0.0 ], [ -95.011461, 29.6275623, 0.0 ], [ -95.011461, 29.6275625, 0.0 ], [ -95.011461, 29.6275625, 0.0 ], [ -95.011461, 29.6275626, 0.0 ], [ -95.0114609, 29.6275635, 0.0 ], [ -95.0114614, 29.627566, 0.0 ], [ -95.0114619, 29.6275684, 0.0 ], [ -95.0114625, 29.6275709, 0.0 ], [ -95.0114631, 29.6275733, 0.0 ], [ -95.0114638, 29.6275758, 0.0 ], [ -95.0114639, 29.6275763, 0.0 ], [ -95.0114645, 29.6275782, 0.0 ], [ -95.0114653, 29.6275806, 0.0 ], [ -95.0114661, 29.627583, 0.0 ], [ -95.011467, 29.6275854, 0.0 ], [ -95.0114679, 29.6275878, 0.0 ], [ -95.0114686, 29.6275897, 0.0 ], [ -95.0114688, 29.6275901, 0.0 ], [ -95.0114698, 29.6275925, 0.0 ], [ -95.0114708, 29.6275948, 0.0 ], [ -95.0114719, 29.6275972, 0.0 ], [ -95.011473, 29.6275995, 0.0 ], [ -95.0114742, 29.6276018, 0.0 ], [ -95.0114748, 29.6276028, 0.0 ], [ -95.0114754, 29.627604, 0.0 ], [ -95.0114767, 29.6276063, 0.0 ], [ -95.011478, 29.6276085, 0.0 ], [ -95.0114793, 29.6276108, 0.0 ], [ -95.0114807, 29.627613, 0.0 ], [ -95.0114821, 29.6276151, 0.0 ], [ -95.0114821, 29.6276151, 0.0 ], [ -95.0114821, 29.6276152, 0.0 ], [ -95.0114821, 29.6276152, 0.0 ], [ -95.0114822, 29.6276152, 0.0 ], [ -95.0114822, 29.6276153, 0.0 ], [ -95.0114822, 29.6276153, 0.0 ], [ -95.0114836, 29.6276173, 0.0 ], [ -95.0114851, 29.6276195, 0.0 ], [ -95.0114866, 29.6276216, 0.0 ], [ -95.0114882, 29.6276237, 0.0 ], [ -95.0114898, 29.6276257, 0.0 ], [ -95.0114909, 29.6276272, 0.0 ], [ -95.0114915, 29.6276278, 0.0 ], [ -95.0114937, 29.6276304, 0.0 ], [ -95.0114938, 29.6276331, 0.0 ], [ -95.0114939, 29.6276358, 0.0 ], [ -95.0114941, 29.6276385, 0.0 ], [ -95.0114944, 29.627641, 0.0 ], [ -95.0114944, 29.6276411, 0.0 ], [ -95.0114944, 29.6276412, 0.0 ], [ -95.0114947, 29.6276438, 0.0 ], [ -95.0114951, 29.6276465, 0.0 ], [ -95.0114955, 29.6276492, 0.0 ], [ -95.0114959, 29.6276519, 0.0 ], [ -95.0114965, 29.6276545, 0.0 ], [ -95.0114969, 29.6276567, 0.0 ], [ -95.0114969, 29.6276567, 0.0 ], [ -95.0114969, 29.6276568, 0.0 ], [ -95.011497, 29.6276572, 0.0 ], [ -95.0114976, 29.6276598, 0.0 ], [ -95.0114983, 29.6276625, 0.0 ], [ -95.011499, 29.6276651, 0.0 ], [ -95.0114998, 29.6276677, 0.0 ], [ -95.0115006, 29.6276704, 0.0 ], [ -95.0115012, 29.627672, 0.0 ], [ -95.0115012, 29.6276721, 0.0 ], [ -95.0115012, 29.6276721, 0.0 ], [ -95.0115012, 29.6276723, 0.0 ], [ -95.0115015, 29.627673, 0.0 ], [ -95.0115024, 29.6276756, 0.0 ], [ -95.0115033, 29.6276781, 0.0 ], [ -95.0115044, 29.6276807, 0.0 ], [ -95.0115054, 29.6276833, 0.0 ], [ -95.0115065, 29.6276858, 0.0 ], [ -95.0115072, 29.6276873, 0.0 ], [ -95.0115072, 29.6276873, 0.0 ], [ -95.0115073, 29.6276874, 0.0 ], [ -95.0115077, 29.6276883, 0.0 ], [ -95.0115089, 29.6276908, 0.0 ], [ -95.0115101, 29.6276933, 0.0 ], [ -95.0115114, 29.6276958, 0.0 ], [ -95.0115128, 29.6276982, 0.0 ], [ -95.0115146, 29.6277014, 0.0 ], [ -95.0115148, 29.6277017, 0.0 ], [ -95.0115148, 29.6277018, 0.0 ], [ -95.0115149, 29.6277018, 0.0 ], [ -95.0115149, 29.6277019, 0.0 ], [ -95.0115149, 29.627702, 0.0 ], [ -95.011516, 29.6277038, 0.0 ], [ -95.0115175, 29.6277062, 0.0 ], [ -95.0115191, 29.6277086, 0.0 ], [ -95.0115207, 29.6277109, 0.0 ], [ -95.0115223, 29.6277132, 0.0 ], [ -95.0115239, 29.6277155, 0.0 ], [ -95.011524, 29.6277156, 0.0 ], [ -95.0115241, 29.6277157, 0.0 ], [ -95.0115241, 29.6277157, 0.0 ], [ -95.0115242, 29.6277158, 0.0 ], [ -95.0115257, 29.6277178, 0.0 ], [ -95.0115274, 29.62772, 0.0 ], [ -95.0115292, 29.6277223, 0.0 ], [ -95.011531, 29.6277245, 0.0 ], [ -95.0115329, 29.6277266, 0.0 ], [ -95.0115348, 29.6277287, 0.0 ], [ -95.0115348, 29.6277288, 0.0 ], [ -95.0115349, 29.6277288, 0.0 ], [ -95.0115368, 29.6277309, 0.0 ], [ -95.0115388, 29.6277329, 0.0 ], [ -95.0115408, 29.627735, 0.0 ], [ -95.0115428, 29.627737, 0.0 ], [ -95.011545, 29.627739, 0.0 ], [ -95.0115469, 29.6277408, 0.0 ], [ -95.011547, 29.6277408, 0.0 ], [ -95.011547, 29.6277409, 0.0 ], [ -95.0115471, 29.6277409, 0.0 ], [ -95.0115471, 29.6277409, 0.0 ], [ -95.0115493, 29.6277429, 0.0 ], [ -95.0115515, 29.6277448, 0.0 ], [ -95.0115537, 29.6277466, 0.0 ], [ -95.011556, 29.6277484, 0.0 ], [ -95.0115583, 29.6277502, 0.0 ], [ -95.0115602, 29.6277517, 0.0 ], [ -95.0115606, 29.627752, 0.0 ], [ -95.011563, 29.6277537, 0.0 ], [ -95.0115654, 29.6277554, 0.0 ], [ -95.0115678, 29.627757, 0.0 ], [ -95.0115703, 29.6277586, 0.0 ], [ -95.0115746, 29.6277613, 0.0 ], [ -95.0115912, 29.6277802, 0.0 ], [ -95.0115929, 29.6277822, 0.0 ], [ -95.0115947, 29.6277842, 0.0 ], [ -95.0115994, 29.6277898, 0.0 ], [ -95.0116028, 29.627794, 0.0 ], [ -95.0116047, 29.6277962, 0.0 ], [ -95.0116094, 29.6278021, 0.0 ], [ -95.0116125, 29.6278059, 0.0 ], [ -95.0116145, 29.6278085, 0.0 ], [ -95.0116192, 29.6278145, 0.0 ], [ -95.0116219, 29.627818, 0.0 ], [ -95.0116244, 29.6278213, 0.0 ], [ -95.0116288, 29.6278271, 0.0 ], [ -95.0116311, 29.6278302, 0.0 ], [ -95.0116338, 29.6278339, 0.0 ], [ -95.0116381, 29.6278398, 0.0 ], [ -95.0116401, 29.6278425, 0.0 ], [ -95.011643, 29.6278467, 0.0 ], [ -95.0116473, 29.6278528, 0.0 ], [ -95.0116488, 29.627855, 0.0 ], [ -95.0116521, 29.6278598, 0.0 ], [ -95.0116561, 29.6278657, 0.0 ], [ -95.0116573, 29.6278676, 0.0 ], [ -95.0116608, 29.6278728, 0.0 ], [ -95.0116646, 29.6278787, 0.0 ], [ -95.0116656, 29.6278803, 0.0 ], [ -95.0116723, 29.6278909, 0.0 ], [ -95.0116737, 29.6278932, 0.0 ], [ -95.0116776, 29.6279071, 0.0 ], [ -95.0116814, 29.6279194, 0.0 ], [ -95.0116819, 29.6279209, 0.0 ], [ -95.011686, 29.6279336, 0.0 ], [ -95.0116864, 29.6279347, 0.0 ], [ -95.0116909, 29.6279477, 0.0 ], [ -95.011691, 29.6279481, 0.0 ], [ -95.0116911, 29.6279484, 0.0 ], [ -95.011696, 29.6279618, 0.0 ], [ -95.0116961, 29.6279619, 0.0 ], [ -95.0116961, 29.6279619, 0.0 ], [ -95.0116961, 29.627962, 0.0 ], [ -95.0116962, 29.6279621, 0.0 ], [ -95.0117014, 29.6279757, 0.0 ], [ -95.0117014, 29.6279757, 0.0 ], [ -95.0117015, 29.6279758, 0.0 ], [ -95.0117122, 29.6280015, 0.0 ], [ -95.0117131, 29.6280035, 0.0 ], [ -95.0117183, 29.6280149, 0.0 ], [ -95.011719, 29.6280165, 0.0 ], [ -95.0117194, 29.6280173, 0.0 ], [ -95.0117245, 29.6280281, 0.0 ], [ -95.0117281, 29.6280354, 0.0 ], [ -95.011731, 29.6280413, 0.0 ], [ -95.0117318, 29.6280428, 0.0 ], [ -95.0117396, 29.6280579, 0.0 ], [ -95.0117556, 29.6280917, 0.0 ], [ -95.0117722, 29.6281252, 0.0 ], [ -95.0117743, 29.6281292, 0.0 ], [ -95.0117894, 29.6281584, 0.0 ], [ -95.0118073, 29.6281914, 0.0 ], [ -95.0118281, 29.6282279, 0.0 ], [ -95.0118388, 29.6282467, 0.0 ], [ -95.0118814, 29.6283924, 0.0 ], [ -95.0118825, 29.6283948, 0.0 ], [ -95.0118835, 29.6283971, 0.0 ], [ -95.0118847, 29.6283995, 0.0 ], [ -95.0118858, 29.6284018, 0.0 ], [ -95.0118871, 29.6284041, 0.0 ], [ -95.0118883, 29.6284064, 0.0 ], [ -95.0118896, 29.6284085, 0.0 ], [ -95.0118896, 29.6284086, 0.0 ], [ -95.0118896, 29.6284086, 0.0 ], [ -95.011891, 29.6284109, 0.0 ], [ -95.0118924, 29.6284131, 0.0 ], [ -95.0118939, 29.6284153, 0.0 ], [ -95.0118954, 29.6284175, 0.0 ], [ -95.0118969, 29.6284197, 0.0 ], [ -95.0118983, 29.6284215, 0.0 ], [ -95.0118983, 29.6284215, 0.0 ], [ -95.0118983, 29.6284216, 0.0 ], [ -95.0118984, 29.6284216, 0.0 ], [ -95.0118984, 29.6284217, 0.0 ], [ -95.0118985, 29.6284217, 0.0 ], [ -95.0118985, 29.6284218, 0.0 ], [ -95.0119001, 29.6284239, 0.0 ], [ -95.0119018, 29.628426, 0.0 ], [ -95.0119035, 29.628428, 0.0 ], [ -95.0119053, 29.6284301, 0.0 ], [ -95.0119071, 29.6284321, 0.0 ], [ -95.0119087, 29.6284338, 0.0 ], [ -95.011909, 29.6284341, 0.0 ], [ -95.0119109, 29.628436, 0.0 ], [ -95.0119128, 29.628438, 0.0 ], [ -95.0119148, 29.6284399, 0.0 ], [ -95.0119168, 29.6284417, 0.0 ], [ -95.0119189, 29.6284436, 0.0 ], [ -95.0119203, 29.6284448, 0.0 ], [ -95.0119203, 29.6284448, 0.0 ], [ -95.0119203, 29.6284448, 0.0 ], [ -95.0119204, 29.6284449, 0.0 ], [ -95.0119209, 29.6284454, 0.0 ], [ -95.011923, 29.6284471, 0.0 ], [ -95.0119252, 29.6284489, 0.0 ], [ -95.0119274, 29.6284506, 0.0 ], [ -95.0119295, 29.6284521, 0.0 ], [ -95.0119317, 29.6284536, 0.0 ], [ -95.0119334, 29.6284548, 0.0 ], [ -95.0119339, 29.6284551, 0.0 ], [ -95.0119361, 29.6284566, 0.0 ], [ -95.0119384, 29.628458, 0.0 ], [ -95.0119407, 29.6284593, 0.0 ], [ -95.011943, 29.6284606, 0.0 ], [ -95.0119454, 29.6284619, 0.0 ], [ -95.011947, 29.6284628, 0.0 ], [ -95.0119471, 29.6284628, 0.0 ], [ -95.0119472, 29.6284629, 0.0 ], [ -95.0119478, 29.6284632, 0.0 ], [ -95.0119502, 29.6284644, 0.0 ], [ -95.0119526, 29.6284655, 0.0 ], [ -95.0119551, 29.6284667, 0.0 ], [ -95.0119575, 29.6284677, 0.0 ], [ -95.0119618, 29.6284695, 0.0 ], [ -95.0119686, 29.6284712, 0.0 ], [ -95.0119735, 29.6284726, 0.0 ], [ -95.0119784, 29.6284741, 0.0 ], [ -95.0119833, 29.6284757, 0.0 ], [ -95.0119881, 29.6284773, 0.0 ], [ -95.0119929, 29.628479, 0.0 ], [ -95.0119977, 29.6284807, 0.0 ], [ -95.0120024, 29.6284826, 0.0 ], [ -95.0120071, 29.6284845, 0.0 ], [ -95.0120117, 29.6284864, 0.0 ], [ -95.0120163, 29.6284885, 0.0 ], [ -95.0120208, 29.6284906, 0.0 ], [ -95.0120253, 29.6284927, 0.0 ], [ -95.0120297, 29.6284949, 0.0 ], [ -95.0120341, 29.6284972, 0.0 ], [ -95.0120385, 29.6284996, 0.0 ], [ -95.0120428, 29.628502, 0.0 ], [ -95.012047, 29.6285045, 0.0 ], [ -95.0120512, 29.628507, 0.0 ], [ -95.0120553, 29.6285096, 0.0 ], [ -95.0120594, 29.6285123, 0.0 ], [ -95.0120634, 29.628515, 0.0 ], [ -95.0120673, 29.6285177, 0.0 ], [ -95.0120712, 29.6285206, 0.0 ], [ -95.012075, 29.6285235, 0.0 ], [ -95.0120788, 29.6285264, 0.0 ], [ -95.0120825, 29.6285294, 0.0 ], [ -95.0120861, 29.6285324, 0.0 ], [ -95.0120884, 29.6285339, 0.0 ], [ -95.0120911, 29.6285357, 0.0 ], [ -95.0120974, 29.6285398, 0.0 ], [ -95.0121008, 29.6285419, 0.0 ], [ -95.0121046, 29.6285443, 0.0 ], [ -95.0121089, 29.628547, 0.0 ], [ -95.0121141, 29.6285501, 0.0 ], [ -95.0121183, 29.6285526, 0.0 ], [ -95.0121206, 29.628554, 0.0 ], [ -95.012129, 29.6285588, 0.0 ], [ -95.0121312, 29.6285601, 0.0 ], [ -95.0121324, 29.6285608, 0.0 ], [ -95.0121444, 29.6285675, 0.0 ], [ -95.0121455, 29.6285681, 0.0 ], [ -95.0121456, 29.6285681, 0.0 ], [ -95.0121457, 29.6285682, 0.0 ], [ -95.0121457, 29.6285682, 0.0 ], [ -95.0121459, 29.6285683, 0.0 ], [ -95.0121565, 29.6285739, 0.0 ], [ -95.0121591, 29.6285753, 0.0 ], [ -95.012164, 29.6285778, 0.0 ], [ -95.0121687, 29.6285803, 0.0 ], [ -95.0121736, 29.6285827, 0.0 ], [ -95.0121782, 29.6285849, 0.0 ], [ -95.0121811, 29.6285864, 0.0 ], [ -95.0121881, 29.62859, 0.0 ], [ -95.0121917, 29.6285919, 0.0 ], [ -95.012194, 29.6285931, 0.0 ], [ -95.012207, 29.6285997, 0.0 ], [ -95.0122074, 29.6285998, 0.0 ], [ -95.0122078, 29.6286, 0.0 ], [ -95.0122202, 29.6286061, 0.0 ], [ -95.0122225, 29.6286072, 0.0 ], [ -95.0122272, 29.6286094, 0.0 ], [ -95.0122335, 29.6286123, 0.0 ], [ -95.0122381, 29.6286144, 0.0 ], [ -95.0122426, 29.6286165, 0.0 ], [ -95.0122469, 29.6286184, 0.0 ], [ -95.0122523, 29.6286205, 0.0 ], [ -95.0122577, 29.6286226, 0.0 ], [ -95.0122592, 29.6286232, 0.0 ], [ -95.0122712, 29.6286277, 0.0 ], [ -95.0122713, 29.6286277, 0.0 ], [ -95.0122714, 29.6286277, 0.0 ], [ -95.0122836, 29.628632, 0.0 ], [ -95.0122854, 29.6286326, 0.0 ], [ -95.0122863, 29.6286329, 0.0 ], [ -95.012296, 29.6286361, 0.0 ], [ -95.012298, 29.6286367, 0.0 ], [ -95.0123168, 29.6286425, 0.0 ], [ -95.0123371, 29.628656, 0.0 ], [ -95.0123389, 29.6286572, 0.0 ], [ -95.0123406, 29.6286584, 0.0 ], [ -95.0123554, 29.6286687, 0.0 ], [ -95.0123834, 29.628689, 0.0 ], [ -95.0123971, 29.6286994, 0.0 ], [ -95.0123994, 29.6287012, 0.0 ], [ -95.0124029, 29.6287039, 0.0 ], [ -95.0124119, 29.628711, 0.0 ], [ -95.0124152, 29.6287136, 0.0 ], [ -95.0124174, 29.6287154, 0.0 ], [ -95.0124308, 29.6287263, 0.0 ], [ -95.0124324, 29.6287276, 0.0 ], [ -95.0124446, 29.6287379, 0.0 ], [ -95.0124461, 29.6287392, 0.0 ], [ -95.0126194, 29.6288772, 0.0 ], [ -95.0127145, 29.6289565, 0.0 ], [ -95.0127546, 29.6289909, 0.0 ], [ -95.0127942, 29.6290252, 0.0 ], [ -95.0127945, 29.6290256, 0.0 ], [ -95.0130029, 29.6293064, 0.0 ], [ -95.0132071, 29.6296208, 0.0 ], [ -95.01326, 29.6296659, 0.0 ], [ -95.013477, 29.6297106, 0.0 ], [ -95.0134776, 29.6297107, 0.0 ], [ -95.0134783, 29.6297122, 0.0 ], [ -95.0143291, 29.6314993, 0.0 ], [ -95.0143466, 29.6315146, 0.0 ], [ -95.0148346, 29.6319439, 0.0 ], [ -95.0149709, 29.6326667, 0.0 ], [ -95.0148628, 29.6329591, 0.0 ], [ -95.0148483, 29.6329984, 0.0 ], [ -95.0149448, 29.6333367, 0.0 ], [ -95.0150487, 29.6334835, 0.0 ], [ -95.015121, 29.6344439, 0.0 ], [ -95.0153768, 29.6358195, 0.0 ], [ -95.0152891, 29.6362253, 0.0 ], [ -95.0153723, 29.6368559, 0.0 ], [ -95.0154086, 29.6370769, 0.0 ], [ -95.0154088, 29.6375323, 0.0 ], [ -95.0155014, 29.6381554, 0.0 ], [ -95.015688, 29.6382459, 0.0 ], [ -95.0157933, 29.638297, 0.0 ], [ -95.0156722, 29.6384597, 0.0 ], [ -95.0145119, 29.6400183, 0.0 ], [ -95.0143351, 29.641552, 0.0 ], [ -95.0139288, 29.6425057, 0.0 ], [ -95.0139286, 29.6425064, 0.0 ], [ -95.0137302, 29.6432419, 0.0 ], [ -95.0135441, 29.6439316, 0.0 ], [ -95.0136349, 29.6444135, 0.0 ], [ -95.013503, 29.6449845, 0.0 ], [ -95.0129121, 29.6460689, 0.0 ], [ -95.0126668, 29.6467323, 0.0 ], [ -95.0124327, 29.6471087, 0.0 ], [ -95.0123063, 29.6475361, 0.0 ], [ -95.0111869, 29.6495151, 0.0 ], [ -95.0111812, 29.6496587, 0.0 ], [ -95.0110661, 29.649799, 0.0 ], [ -95.0107317, 29.6499327, 0.0 ], [ -95.0104353, 29.6504989, 0.0 ], [ -95.0100973, 29.6507283, 0.0 ], [ -95.0100879, 29.6509676, 0.0 ], [ -95.0073107, 29.6560594, 0.0 ], [ -95.0071711, 29.6562655, 0.0 ], [ -95.0069595, 29.6566204, 0.0 ], [ -95.0067626, 29.6568266, 0.0 ], [ -95.0067387, 29.6568567, 0.0 ], [ -95.0065735, 29.6570643, 0.0 ], [ -95.0062507, 29.6575023, 0.0 ], [ -95.006053, 29.6577815, 0.0 ], [ -95.0059775, 29.6578882, 0.0 ], [ -95.005343, 29.6586838, 0.0 ], [ -95.0054376, 29.6590699, 0.0 ], [ -95.0052624, 29.659439, 0.0 ], [ -95.0052582, 29.6594479, 0.0 ], [ -95.0051825, 29.6595096, 0.0 ], [ -95.0049322, 29.6597138, 0.0 ], [ -95.0045216, 29.6600487, 0.0 ], [ -95.0042457, 29.6600884, 0.0 ], [ -95.0042356, 29.6603463, 0.0 ], [ -95.0042326, 29.6604234, 0.0 ], [ -95.0036641, 29.6609335, 0.0 ], [ -95.0035432, 29.6612174, 0.0 ], [ -95.0028539, 29.6620572, 0.0 ], [ -95.0026596, 29.662266, 0.0 ], [ -95.0026193, 29.6623093, 0.0 ], [ -95.0022995, 29.6626688, 0.0 ], [ -95.0020107, 29.6629272, 0.0 ], [ -95.0021717, 29.6630464, 0.0 ], [ -95.002401, 29.663418, 0.0 ], [ -95.0025243, 29.663502, 0.0 ], [ -95.002526, 29.6635031, 0.0 ], [ -95.0025019, 29.6635325, 0.0 ], [ -95.0025996, 29.6636187, 0.0 ], [ -95.0026043, 29.6636227, 0.0 ], [ -95.0026206, 29.6636364, 0.0 ], [ -95.0028, 29.6637864, 0.0 ], [ -95.0028164, 29.6637998, 0.0 ], [ -95.0030617, 29.6642079, 0.0 ], [ -95.0031622, 29.6643766, 0.0 ], [ -95.0032488, 29.6645033, 0.0 ], [ -95.0033026, 29.664603, 0.0 ], [ -95.0034166, 29.6648144, 0.0 ], [ -95.0037923, 29.6654349, 0.0 ], [ -95.0038719, 29.6655656, 0.0 ], [ -95.0035803, 29.6656988, 0.0 ], [ -95.0036777, 29.6658641, 0.0 ], [ -95.0041958, 29.6667136, 0.0 ], [ -95.0042854, 29.6668916, 0.0 ], [ -95.0048129, 29.6677598, 0.0 ], [ -95.0049104, 29.6679039, 0.0 ], [ -95.005439, 29.6687722, 0.0 ], [ -95.0055783, 29.6689843, 0.0 ], [ -95.0055826, 29.6689823, 0.0 ], [ -95.0057448, 29.6692543, 0.0 ], [ -95.0057782, 29.6693209, 0.0 ], [ -95.0058137, 29.6693813, 0.0 ], [ -95.0058493, 29.6694416, 0.0 ], [ -95.0058848, 29.669502, 0.0 ], [ -95.0059204, 29.6695623, 0.0 ], [ -95.0059559, 29.6696227, 0.0 ], [ -95.0059915, 29.6696831, 0.0 ], [ -95.006027, 29.6697434, 0.0 ], [ -95.0060626, 29.6698038, 0.0 ], [ -95.0062748, 29.6701643, 0.0 ], [ -95.0064119, 29.6703292, 0.0 ], [ -95.0069345, 29.6711757, 0.0 ], [ -95.0070467, 29.6713886, 0.0 ], [ -95.0072533, 29.6717423, 0.0 ], [ -95.0072543, 29.6717418, 0.0 ], [ -95.0075459, 29.6722431, 0.0 ], [ -95.007729, 29.6723643, 0.0 ], [ -95.0079254, 29.6727032, 0.0 ], [ -95.0079422, 29.673291, 0.0 ], [ -95.0079518, 29.6735906, 0.0 ], [ -95.0089386, 29.6735757, 0.0 ], [ -95.0092308, 29.6735632, 0.0 ], [ -95.0168653, 29.6734261, 0.0 ], [ -95.0172756, 29.6734293, 0.0 ], [ -95.0174592, 29.6734257, 0.0 ], [ -95.0193814, 29.6733996, 0.0 ], [ -95.019423, 29.6744269, 0.0 ], [ -95.0194309, 29.6745778, 0.0 ], [ -95.0194514, 29.67571, 0.0 ], [ -95.0194552, 29.6758351, 0.0 ], [ -95.0194583, 29.6759332, 0.0 ], [ -95.0194896, 29.6770362, 0.0 ], [ -95.0194852, 29.6771888, 0.0 ], [ -95.0195057, 29.6782887, 0.0 ], [ -95.019511, 29.6785027, 0.0 ], [ -95.0195399, 29.6795823, 0.0 ], [ -95.0195421, 29.6796648, 0.0 ], [ -95.0195414, 29.6797483, 0.0 ], [ -95.0195694, 29.6808576, 0.0 ], [ -95.0195724, 29.6810637, 0.0 ], [ -95.0195813, 29.6813035, 0.0 ], [ -95.0195838, 29.6813713, 0.0 ], [ -95.0195853, 29.6814102, 0.0 ], [ -95.0195963, 29.6817041, 0.0 ], [ -95.0195736, 29.6817717, 0.0 ], [ -95.0197087, 29.6838409, 0.0 ], [ -94.9925049, 29.6842974, 0.0 ], [ -94.9966115, 29.6875263, 0.0 ], [ -94.9996623, 29.6899678, 0.0 ], [ -95.0023737, 29.6917921, 0.0 ], [ -95.0048319, 29.6928683, 0.0 ], [ -95.0076638, 29.693342, 0.0 ], [ -95.0102548, 29.6936639, 0.0 ], [ -95.0124945, 29.6942247, 0.0 ], [ -95.0150392, 29.6951696, 0.0 ], [ -95.0174938, 29.6960641, 0.0 ], [ -95.020252, 29.6972649, 0.0 ], [ -95.0217856, 29.6981481, 0.0 ], [ -95.0229078, 29.6992454, 0.0 ], [ -95.0243005, 29.7005523, 0.0 ], [ -95.027918, 29.7039327, 0.0 ] ] ] ] } },
{ "type": "Feature", "properties": { "TRACT": "RollingCreek" }, "geometry": { "type": "MultiPolygon", "coordinates": [ [ [ [ -95.6860249, 29.8309655, 0.0 ], [ -95.6856027, 29.8298199, 0.0 ], [ -95.6856057, 29.8291933, 0.0 ], [ -95.6856116, 29.8291809, 0.0 ], [ -95.6852793, 29.8289003, 0.0 ], [ -95.6849918, 29.8289003, 0.0 ], [ -95.6794761, 29.8289315, 0.0 ], [ -95.6794492, 29.8309655, 0.0 ], [ -95.6847582, 29.8309732, 0.0 ], [ -95.6853741, 29.8309587, 0.0 ], [ -95.6860249, 29.8309655, 0.0 ] ] ], [ [ [ -95.6897328, 29.8390823, 0.0 ], [ -95.6897708, 29.8451552, 0.0 ], [ -95.6905883, 29.8451163, 0.0 ], [ -95.6905883, 29.8448592, 0.0 ], [ -95.6909117, 29.8448592, 0.0 ], [ -95.6909117, 29.8450851, 0.0 ], [ -95.6918998, 29.8451319, 0.0 ], [ -95.6968488, 29.8450879, 0.0 ], [ -95.6995064, 29.8450643, 0.0 ], [ -95.7024191, 29.8450384, 0.0 ], [ -95.7022484, 29.831207, 0.0 ], [ -95.7022333, 29.8312071, 0.0 ], [ -95.7022332, 29.8309868, 0.0 ], [ -95.7036588, 29.8309888, 0.0 ], [ -95.7036498, 29.829251, 0.0 ], [ -95.7034342, 29.8296562, 0.0 ], [ -95.7034252, 29.8282613, 0.0 ], [ -95.7014579, 29.8282613, 0.0 ], [ -95.7014579, 29.8276534, 0.0 ], [ -95.7002362, 29.8276456, 0.0 ], [ -95.7002272, 29.8265156, 0.0 ], [ -95.6982599, 29.8264922, 0.0 ], [ -95.6982958, 29.8301238, 0.0 ], [ -95.6983138, 29.830981, 0.0 ], [ -95.6982711, 29.8312154, 0.0 ], [ -95.6873633, 29.8312382, 0.0 ], [ -95.6873637, 29.83127, 0.0 ], [ -95.6860249, 29.8309655, 0.0 ], [ -95.6874185, 29.8320244, 0.0 ], [ -95.6899774, 29.8341371, 0.0 ], [ -95.6903547, 29.8346436, 0.0 ], [ -95.6905524, 29.8352203, 0.0 ], [ -95.6905703, 29.8365294, 0.0 ], [ -95.6902932, 29.8365319, 0.0 ], [ -95.6897328, 29.8390823, 0.0 ] ] ] ] } },
{ "type": "Feature", "properties": { "TRACT": "WCID74" }, "geometry": { "type": "Polygon", "coordinates": [ [ [ -95.3313559, 29.906416, 0.0 ], [ -95.3315077, 29.9057768, 0.0 ], [ -95.3321525, 29.9045707, 0.0 ], [ -95.3323221, 29.9025409, 0.0 ], [ -95.3136919, 29.9029528, 0.0 ], [ -95.3119952, 29.9027174, 0.0 ], [ -95.3117249, 29.9038396, 0.0 ], [ -95.3108266, 29.907569, 0.0 ], [ -95.3100609, 29.910748, 0.0 ], [ -95.3128435, 29.910748, 0.0 ], [ -95.3156601, 29.9107774, 0.0 ], [ -95.3174587, 29.9106892, 0.0 ], [ -95.3212254, 29.9106303, 0.0 ], [ -95.3232615, 29.9105715, 0.0 ], [ -95.3247207, 29.9108362, 0.0 ], [ -95.3260442, 29.911101, 0.0 ], [ -95.3270622, 29.911248, 0.0 ], [ -95.3314059, 29.9112481, 0.0 ], [ -95.3314738, 29.909895, 0.0 ], [ -95.3313332, 29.9085301, 0.0 ], [ -95.3313559, 29.906416, 0.0 ] ] ] } },
{ "type": "Feature", "properties": { "TRACT": "NWMUD16" }, "geometry": { "type": "Polygon", "coordinates": [ [ [ -95.6616895, 29.8775948, 0.0 ], [ -95.6624738, 29.8779774, 0.0 ], [ -95.66248, 29.8788411, 0.0 ], [ -95.6626559, 29.8788407, 0.0 ], [ -95.664236, 29.8788369, 0.0 ], [ -95.6656307, 29.8788335, 0.0 ], [ -95.665705, 29.8788333, 0.0 ], [ -95.665669, 29.873334, 0.0 ], [ -95.667843, 29.8733418, 0.0 ], [ -95.6675555, 29.8594287, 0.0 ], [ -95.6632526, 29.8594287, 0.0 ], [ -95.6633873, 29.8683564, 0.0 ], [ -95.6590664, 29.8683642, 0.0 ], [ -95.6591383, 29.8707089, 0.0 ], [ -95.6595874, 29.8706933, 0.0 ], [ -95.6595785, 29.8737235, 0.0 ], [ -95.6584645, 29.8737313, 0.0 ], [ -95.6585095, 29.8788878, 0.0 ], [ -95.6616985, 29.8788489, 0.0 ], [ -95.6616895, 29.8775948, 0.0 ] ] ] } },
{ "type": "Feature", "properties": { "TRACT": "WCID1" }, "geometry": { "type": "Polygon", "coordinates": [ [ [ -95.0433683, 29.8206531, 0.0 ], [ -95.0432309, 29.8232543, 0.0 ], [ -95.0430777, 29.8232592, 0.0 ], [ -95.0430635, 29.8235543, 0.0 ], [ -95.0424116, 29.8235789, 0.0 ], [ -95.0410369, 29.8255461, 0.0 ], [ -95.0410086, 29.827255, 0.0 ], [ -95.0424258, 29.8271936, 0.0 ], [ -95.0424966, 29.8260256, 0.0 ], [ -95.0431202, 29.8251404, 0.0 ], [ -95.0431911, 29.8271813, 0.0 ], [ -95.0437296, 29.827169, 0.0 ], [ -95.0438571, 29.8307221, 0.0 ], [ -95.0442965, 29.8306852, 0.0 ], [ -95.0442111, 29.8306973, 0.0 ], [ -95.0577265, 29.8304042, 0.0 ], [ -95.0578954, 29.8309904, 0.0 ], [ -95.0604363, 29.8309933, 0.0 ], [ -95.0607607, 29.8317437, 0.0 ], [ -95.0624366, 29.831603, 0.0 ], [ -95.06231, 29.8315065, 0.0 ], [ -95.0621879, 29.8314044, 0.0 ], [ -95.0620705, 29.8312969, 0.0 ], [ -95.061958, 29.8311844, 0.0 ], [ -95.0618506, 29.8310668, 0.0 ], [ -95.0617486, 29.8309446, 0.0 ], [ -95.0616522, 29.830818, 0.0 ], [ -95.0615616, 29.8306872, 0.0 ], [ -95.0614768, 29.8305524, 0.0 ], [ -95.0613982, 29.830414, 0.0 ], [ -95.0613259, 29.8302722, 0.0 ], [ -95.06126, 29.8301273, 0.0 ], [ -95.0612006, 29.8299797, 0.0 ], [ -95.0611479, 29.8298295, 0.0 ], [ -95.061102, 29.8296771, 0.0 ], [ -95.0610629, 29.8295228, 0.0 ], [ -95.0610308, 29.8293669, 0.0 ], [ -95.0610057, 29.8292097, 0.0 ], [ -95.0609876, 29.8290516, 0.0 ], [ -95.0609766, 29.8288928, 0.0 ], [ -95.0609728, 29.8287336, 0.0 ], [ -95.060976, 29.8285745, 0.0 ], [ -95.0609864, 29.8284157, 0.0 ], [ -95.0610039, 29.8282575, 0.0 ], [ -95.0610284, 29.8281002, 0.0 ], [ -95.06106, 29.8279442, 0.0 ], [ -95.0610985, 29.8277897, 0.0 ], [ -95.0611438, 29.8276372, 0.0 ], [ -95.061196, 29.8274868, 0.0 ], [ -95.0612548, 29.8273389, 0.0 ], [ -95.0613202, 29.8271938, 0.0 ], [ -95.061392, 29.8270517, 0.0 ], [ -95.0614701, 29.826913, 0.0 ], [ -95.0615543, 29.8267779, 0.0 ], [ -95.0616444, 29.8266468, 0.0 ], [ -95.0617404, 29.8265198, 0.0 ], [ -95.0618419, 29.8263972, 0.0 ], [ -95.0619151, 29.8262349, 0.0 ], [ -95.0619946, 29.8260756, 0.0 ], [ -95.0620805, 29.8259196, 0.0 ], [ -95.0621724, 29.8257672, 0.0 ], [ -95.0622704, 29.8256185, 0.0 ], [ -95.0623741, 29.8254738, 0.0 ], [ -95.0624836, 29.8253333, 0.0 ], [ -95.0625985, 29.8251974, 0.0 ], [ -95.0627188, 29.8250661, 0.0 ], [ -95.0628441, 29.8249396, 0.0 ], [ -95.0629744, 29.8248183, 0.0 ], [ -95.0631094, 29.8247022, 0.0 ], [ -95.0632489, 29.8245916, 0.0 ], [ -95.0633927, 29.8244866, 0.0 ], [ -95.0635406, 29.8243874, 0.0 ], [ -95.0636922, 29.8242942, 0.0 ], [ -95.0638475, 29.824207, 0.0 ], [ -95.0640061, 29.8241261, 0.0 ], [ -95.0641678, 29.8240516, 0.0 ], [ -95.0643323, 29.8239835, 0.0 ], [ -95.0644994, 29.823922, 0.0 ], [ -95.0646688, 29.8238673, 0.0 ], [ -95.0648403, 29.8238193, 0.0 ], [ -95.0650135, 29.8237781, 0.0 ], [ -95.0651882, 29.8237439, 0.0 ], [ -95.0653642, 29.8237166, 0.0 ], [ -95.0655411, 29.8236963, 0.0 ], [ -95.0657186, 29.8236831, 0.0 ], [ -95.0658965, 29.8236769, 0.0 ], [ -95.0661018, 29.823619, 0.0 ], [ -95.0663087, 29.8235674, 0.0 ], [ -95.0665172, 29.8235223, 0.0 ], [ -95.0667269, 29.8234837, 0.0 ], [ -95.0669377, 29.8234517, 0.0 ], [ -95.0671495, 29.8234262, 0.0 ], [ -95.0673619, 29.8234072, 0.0 ], [ -95.0675748, 29.8233949, 0.0 ], [ -95.067788, 29.8233892, 0.0 ], [ -95.0680013, 29.8233902, 0.0 ], [ -95.0682144, 29.8233977, 0.0 ], [ -95.0684272, 29.8234119, 0.0 ], [ -95.0686394, 29.8234327, 0.0 ], [ -95.0688509, 29.8234601, 0.0 ], [ -95.0690615, 29.823494, 0.0 ], [ -95.0692709, 29.8235344, 0.0 ], [ -95.0694789, 29.8235813, 0.0 ], [ -95.0696854, 29.8236347, 0.0 ], [ -95.0698901, 29.8236945, 0.0 ], [ -95.0700929, 29.8237606, 0.0 ], [ -95.0702935, 29.8238329, 0.0 ], [ -95.0704918, 29.8239115, 0.0 ], [ -95.0706591, 29.8240208, 0.0 ], [ -95.0708303, 29.824124, 0.0 ], [ -95.071005, 29.824221, 0.0 ], [ -95.0711831, 29.8243117, 0.0 ], [ -95.0713644, 29.8243959, 0.0 ], [ -95.0715486, 29.8244735, 0.0 ], [ -95.0717354, 29.8245445, 0.0 ], [ -95.0719247, 29.8246087, 0.0 ], [ -95.0721162, 29.8246661, 0.0 ], [ -95.0723096, 29.8247165, 0.0 ], [ -95.0725047, 29.82476, 0.0 ], [ -95.0727012, 29.8247964, 0.0 ], [ -95.0728989, 29.8248257, 0.0 ], [ -95.0730976, 29.8248479, 0.0 ], [ -95.0732969, 29.824863, 0.0 ], [ -95.0734966, 29.8248708, 0.0 ], [ -95.0736965, 29.8248715, 0.0 ], [ -95.0738962, 29.824865, 0.0 ], [ -95.0740956, 29.8248514, 0.0 ], [ -95.0742944, 29.8248305, 0.0 ], [ -95.0744923, 29.8248026, 0.0 ], [ -95.074821, 29.8242613, 0.0 ], [ -95.0747546, 29.8230318, 0.0 ], [ -95.0743117, 29.8235505, 0.0 ], [ -95.0739131, 29.8238579, 0.0 ], [ -95.0738689, 29.823781, 0.0 ], [ -95.0738689, 29.8236466, 0.0 ], [ -95.0740239, 29.8234352, 0.0 ], [ -95.074201, 29.8229742, 0.0 ], [ -95.0742674, 29.8227436, 0.0 ], [ -95.0740017, 29.8224747, 0.0 ], [ -95.0735588, 29.8225515, 0.0 ], [ -95.0733374, 29.8225515, 0.0 ], [ -95.0735367, 29.8223018, 0.0 ], [ -95.0737581, 29.8220328, 0.0 ], [ -95.0742453, 29.8217639, 0.0 ], [ -95.0747103, 29.8215525, 0.0 ], [ -95.0744446, 29.8146554, 0.0 ], [ -95.0674029, 29.8148283, 0.0 ], [ -95.0672922, 29.8130608, 0.0 ], [ -95.0671815, 29.8130031, 0.0 ], [ -95.0670265, 29.8129071, 0.0 ], [ -95.06665, 29.8127726, 0.0 ], [ -95.0663843, 29.8125997, 0.0 ], [ -95.0662515, 29.8123691, 0.0 ], [ -95.0662072, 29.8120425, 0.0 ], [ -95.0663622, 29.8116006, 0.0 ], [ -95.0664286, 29.8108705, 0.0 ], [ -95.0664729, 29.8097561, 0.0 ], [ -95.0664065, 29.8091028, 0.0 ], [ -95.0660522, 29.8082766, 0.0 ], [ -95.0655429, 29.8075273, 0.0 ], [ -95.0652107, 29.8072775, 0.0 ], [ -95.06448, 29.8066626, 0.0 ], [ -95.064015, 29.8062976, 0.0 ], [ -95.0633285, 29.8060862, 0.0 ], [ -95.0629742, 29.8058364, 0.0 ], [ -95.0627971, 29.805529, 0.0 ], [ -95.0627306, 29.8050678, 0.0 ], [ -95.0625092, 29.8048181, 0.0 ], [ -95.0619999, 29.8046259, 0.0 ], [ -95.0616013, 29.8046259, 0.0 ], [ -95.061092, 29.8043953, 0.0 ], [ -95.060937, 29.8041071, 0.0 ], [ -95.060782, 29.8038957, 0.0 ], [ -95.0604941, 29.8037228, 0.0 ], [ -95.0599405, 29.8035499, 0.0 ], [ -95.0595198, 29.8032424, 0.0 ], [ -95.0591212, 29.8029734, 0.0 ], [ -95.0585535, 29.8023801, 0.0 ], [ -95.0585393, 29.8019866, 0.0 ], [ -95.0582133, 29.8015438, 0.0 ], [ -95.0579015, 29.8012856, 0.0 ], [ -95.0576181, 29.8007199, 0.0 ], [ -95.0574055, 29.8003509, 0.0 ], [ -95.0572638, 29.800105, 0.0 ], [ -95.0572213, 29.799736, 0.0 ], [ -95.0565552, 29.7997238, 0.0 ], [ -95.0472301, 29.7999328, 0.0 ], [ -95.0473435, 29.8031917, 0.0 ], [ -95.0499936, 29.8031302, 0.0 ], [ -95.050022, 29.8038558, 0.0 ], [ -95.0509715, 29.8038312, 0.0 ], [ -95.051099, 29.807176, 0.0 ], [ -95.0506313, 29.8072006, 0.0 ], [ -95.0506597, 29.8092296, 0.0 ], [ -95.0437721, 29.8093895, 0.0 ], [ -95.0438005, 29.8114799, 0.0 ], [ -95.0332707, 29.8117258, 0.0 ], [ -95.0354107, 29.8193124, 0.0 ], [ -95.0387553, 29.819251, 0.0 ], [ -95.0388403, 29.8208371, 0.0 ], [ -95.0378482, 29.8208494, 0.0 ], [ -95.0379616, 29.8233084, 0.0 ], [ -95.0416888, 29.8232469, 0.0 ], [ -95.0415471, 29.8193124, 0.0 ], [ -95.0433186, 29.819251, 0.0 ], [ -95.0433683, 29.8206531, 0.0 ] ] ] } },
{ "type": "Feature", "properties": { "TRACT": "FWSD51" }, "geometry": { "type": "Polygon", "coordinates": [ [ [ -95.1777438, 29.8008885, 0.0 ], [ -95.1777729, 29.8025467, 0.0 ], [ -95.1777988, 29.8040254, 0.0 ], [ -95.1778204, 29.8052569, 0.0 ], [ -95.17783, 29.8057993, 0.0 ], [ -95.1778316, 29.8058849, 0.0 ], [ -95.1778366, 29.8061443, 0.0 ], [ -95.1778422, 29.8064032, 0.0 ], [ -95.1787633, 29.8063865, 0.0 ], [ -95.1826116, 29.8063193, 0.0 ], [ -95.1848922, 29.8062904, 0.0 ], [ -95.1858227, 29.8062715, 0.0 ], [ -95.1941538, 29.8061366, 0.0 ], [ -95.1939944, 29.7992449, 0.0 ], [ -95.2021805, 29.7991449, 0.0 ], [ -95.202135, 29.7975093, 0.0 ], [ -95.20415, 29.7973671, 0.0 ], [ -95.2039505, 29.7971321, 0.0 ], [ -95.2036766, 29.7966971, 0.0 ], [ -95.2035916, 29.796236, 0.0 ], [ -95.2036611, 29.7959688, 0.0 ], [ -95.2040822, 29.7955549, 0.0 ], [ -95.2046083, 29.7953988, 0.0 ], [ -95.2048216, 29.7954182, 0.0 ], [ -95.2052333, 29.795406, 0.0 ], [ -95.2055389, 29.7954327, 0.0 ], [ -95.2059811, 29.7955627, 0.0 ], [ -95.206095, 29.7954616, 0.0 ], [ -95.2064461, 29.7953866, 0.0 ], [ -95.2066678, 29.7952077, 0.0 ], [ -95.2066222, 29.7949482, 0.0 ], [ -95.206285, 29.7943799, 0.0 ], [ -95.2061483, 29.7936382, 0.0 ], [ -95.2062028, 29.7930871, 0.0 ], [ -95.206165, 29.7925416, 0.0 ], [ -95.2060566, 29.792196, 0.0 ], [ -95.2060494, 29.7921766, 0.0 ], [ -95.2060433, 29.7921771, 0.0 ], [ -95.1985994, 29.7922232, 0.0 ], [ -95.1942694, 29.7922493, 0.0 ], [ -95.1942683, 29.7922382, 0.0 ], [ -95.194215, 29.7894915, 0.0 ], [ -95.1942328, 29.7894921, 0.0 ], [ -95.1942461, 29.7894921, 0.0 ], [ -95.1951478, 29.7894971, 0.0 ], [ -95.1960672, 29.7884043, 0.0 ], [ -95.1961233, 29.7883377, 0.0 ], [ -95.1960855, 29.7883388, 0.0 ], [ -95.1944983, 29.7883754, 0.0 ], [ -95.1944833, 29.7883988, 0.0 ], [ -95.1944528, 29.7883777, 0.0 ], [ -95.1943078, 29.7883815, 0.0 ], [ -95.1933994, 29.7894921, 0.0 ], [ -95.1932461, 29.7894915, 0.0 ], [ -95.1891961, 29.7944582, 0.0 ], [ -95.1888605, 29.7942504, 0.0 ], [ -95.1868833, 29.7936532, 0.0 ], [ -95.1866005, 29.793531, 0.0 ], [ -95.1866244, 29.7934832, 0.0 ], [ -95.1866544, 29.7934354, 0.0 ], [ -95.1866694, 29.7933882, 0.0 ], [ -95.1867005, 29.7933388, 0.0 ], [ -95.1867239, 29.7932904, 0.0 ], [ -95.1867377, 29.793241, 0.0 ], [ -95.1867611, 29.793191, 0.0 ], [ -95.1867844, 29.7931415, 0.0 ], [ -95.1868, 29.7930921, 0.0 ], [ -95.1868155, 29.793041, 0.0 ], [ -95.1868294, 29.792991, 0.0 ], [ -95.186845, 29.7929393, 0.0 ], [ -95.1868605, 29.7928882, 0.0 ], [ -95.1868761, 29.7928365, 0.0 ], [ -95.186885, 29.7927854, 0.0 ], [ -95.1868994, 29.7927338, 0.0 ], [ -95.1869072, 29.7926827, 0.0 ], [ -95.186915, 29.7926293, 0.0 ], [ -95.1869216, 29.7925777, 0.0 ], [ -95.1869294, 29.7925238, 0.0 ], [ -95.1869383, 29.7924727, 0.0 ], [ -95.1869372, 29.792421, 0.0 ], [ -95.186945, 29.7923677, 0.0 ], [ -95.1869527, 29.7923138, 0.0 ], [ -95.1869516, 29.7922627, 0.0 ], [ -95.1869527, 29.7922093, 0.0 ], [ -95.1869516, 29.7921326, 0.0 ], [ -95.1869444, 29.7919627, 0.0 ], [ -95.1783533, 29.7921615, 0.0 ], [ -95.1782516, 29.788891, 0.0 ], [ -95.1782478, 29.7887532, 0.0 ], [ -95.1642183, 29.7890754, 0.0 ], [ -95.16324, 29.7890976, 0.0 ], [ -95.1632461, 29.7894393, 0.0 ], [ -95.1632655, 29.7904748, 0.0 ], [ -95.1633539, 29.7952221, 0.0 ], [ -95.1634366, 29.7955887, 0.0 ], [ -95.1635133, 29.7959548, 0.0 ], [ -95.1635827, 29.7963248, 0.0 ], [ -95.1636444, 29.7966948, 0.0 ], [ -95.163705, 29.797066, 0.0 ], [ -95.1637511, 29.797436, 0.0 ], [ -95.1637894, 29.797811, 0.0 ], [ -95.1638188, 29.7981826, 0.0 ], [ -95.1638427, 29.7985571, 0.0 ], [ -95.1638655, 29.7989304, 0.0 ], [ -95.1638716, 29.799426, 0.0 ], [ -95.1638811, 29.7995987, 0.0 ], [ -95.1638811, 29.7995999, 0.0 ], [ -95.1640894, 29.7995982, 0.0 ], [ -95.1697233, 29.7995582, 0.0 ], [ -95.1697244, 29.7995582, 0.0 ], [ -95.1716961, 29.7995671, 0.0 ], [ -95.1727644, 29.7995721, 0.0 ], [ -95.172765, 29.7995721, 0.0 ], [ -95.1733705, 29.7995749, 0.0 ], [ -95.1777211, 29.7995943, 0.0 ], [ -95.1777438, 29.8008885, 0.0 ] ] ] } },
{ "type": "Feature", "properties": { "TRACT": "Williamsburg" }, "geometry": { "type": "MultiPolygon", "coordinates": [ [ [ [ -95.7520639, 29.8019915, 0.0 ], [ -95.762143, 29.8019213, 0.0 ], [ -95.7720651, 29.8018379, 0.0 ], [ -95.7728185, 29.8018316, 0.0 ], [ -95.7741984, 29.80182, 0.0 ], [ -95.8016959, 29.8016329, 0.0 ], [ -95.8016779, 29.7972753, 0.0 ], [ -95.7991985, 29.7972909, 0.0 ], [ -95.7991896, 29.7969635, 0.0 ], [ -95.7991716, 29.7950692, 0.0 ], [ -95.8016509, 29.7950536, 0.0 ], [ -95.8015881, 29.7916936, 0.0 ], [ -95.7991446, 29.7916936, 0.0 ], [ -95.7990997, 29.7875773, 0.0 ], [ -95.8016509, 29.7875617, 0.0 ], [ -95.801642, 29.7862831, 0.0 ], [ -95.8003843, 29.7862753, 0.0 ], [ -95.8003843, 29.7861116, 0.0 ], [ -95.7899186, 29.7860969, 0.0 ], [ -95.7892744, 29.7860952, 0.0 ], [ -95.7892722, 29.7857997, 0.0 ], [ -95.785095, 29.7857841, 0.0 ], [ -95.785113, 29.786057, 0.0 ], [ -95.7677395, 29.7859556, 0.0 ], [ -95.7618825, 29.78594, 0.0 ], [ -95.7521358, 29.7859088, 0.0 ], [ -95.7519382, 29.7884738, 0.0 ], [ -95.7520639, 29.8019915, 0.0 ] ] ], [ [ [ -95.7602745, 29.8021552, 0.0 ], [ -95.7602745, 29.802693, 0.0 ], [ -95.7608054, 29.8026872, 0.0 ], [ -95.760889, 29.8026863, 0.0 ], [ -95.7609842, 29.8026852, 0.0 ], [ -95.7609303, 29.8021552, 0.0 ], [ -95.7602745, 29.8021552, 0.0 ] ] ], [ [ [ -95.7507704, 29.8022019, 0.0 ], [ -95.7507793, 29.8037999, 0.0 ], [ -95.7510218, 29.8037981, 0.0 ], [ -95.7512429, 29.8037965, 0.0 ], [ -95.7518483, 29.8037921, 0.0 ], [ -95.7518304, 29.8022409, 0.0 ], [ -95.7513094, 29.8021941, 0.0 ], [ -95.7507704, 29.8022019, 0.0 ] ] ], [ [ [ -95.7970875, 29.8018512, 0.0 ], [ -95.7971234, 29.8042286, 0.0 ], [ -95.7979907, 29.8042225, 0.0 ], [ -95.7981727, 29.8042212, 0.0 ], [ -95.7988094, 29.8042166, 0.0 ], [ -95.7993153, 29.804213, 0.0 ], [ -95.7993033, 29.8034194, 0.0 ], [ -95.7992794, 29.8018434, 0.0 ], [ -95.7970875, 29.8018512, 0.0 ] ] ], [ [ [ -95.7531689, 29.8071127, 0.0 ], [ -95.7545702, 29.8071205, 0.0 ], [ -95.7544542, 29.8066368, 0.0 ], [ -95.7537507, 29.8037048, 0.0 ], [ -95.7533845, 29.8021785, 0.0 ], [ -95.7526568, 29.8021785, 0.0 ], [ -95.7526658, 29.8026696, 0.0 ], [ -95.7521897, 29.8026774, 0.0 ], [ -95.7522256, 29.8063956, 0.0 ], [ -95.7531689, 29.8063956, 0.0 ], [ -95.7531689, 29.8071127, 0.0 ] ] ], [ [ [ -95.8008874, 29.8018044, 0.0 ], [ -95.8009413, 29.8051251, 0.0 ], [ -95.8009682, 29.8061228, 0.0 ], [ -95.8009772, 29.8067464, 0.0 ], [ -95.793081, 29.8068321, 0.0 ], [ -95.793099, 29.8086872, 0.0 ], [ -95.7970784, 29.8086654, 0.0 ], [ -95.8021326, 29.8086377, 0.0 ], [ -95.8030523, 29.8086327, 0.0 ], [ -95.8030475, 29.8082955, 0.0 ], [ -95.8030121, 29.8058415, 0.0 ], [ -95.8030074, 29.8055148, 0.0 ], [ -95.8029984, 29.8017966, 0.0 ], [ -95.8008874, 29.8018044, 0.0 ] ] ], [ [ [ -95.7480125, 29.8056239, 0.0 ], [ -95.7480575, 29.8094199, 0.0 ], [ -95.7519472, 29.8094121, 0.0 ], [ -95.7519329, 29.8086615, 0.0 ], [ -95.7519184, 29.8078948, 0.0 ], [ -95.7518753, 29.8056239, 0.0 ], [ -95.7480125, 29.8056239, 0.0 ] ] ], [ [ [ -95.7890835, 29.811275, 0.0 ], [ -95.7890835, 29.8168634, 0.0 ], [ -95.7930271, 29.8168323, 0.0 ], [ -95.7930157, 29.815817, 0.0 ], [ -95.7929952, 29.8139927, 0.0 ], [ -95.7929866, 29.8132302, 0.0 ], [ -95.7929789, 29.8125491, 0.0 ], [ -95.7929642, 29.8112438, 0.0 ], [ -95.7890835, 29.811275, 0.0 ] ] ], [ [ [ -95.7971324, 29.8162711, 0.0 ], [ -95.7971414, 29.8168946, 0.0 ], [ -95.7978062, 29.8168868, 0.0 ], [ -95.7978062, 29.8162399, 0.0 ], [ -95.7985607, 29.8162321, 0.0 ], [ -95.7985607, 29.8168868, 0.0 ], [ -95.8011479, 29.8168712, 0.0 ], [ -95.8010943, 29.8131781, 0.0 ], [ -95.8010931, 29.8130895, 0.0 ], [ -95.8010821, 29.812331, 0.0 ], [ -95.8010695, 29.8114666, 0.0 ], [ -95.8010401, 29.8094355, 0.0 ], [ -95.8008784, 29.8094355, 0.0 ], [ -95.8008784, 29.8092952, 0.0 ], [ -95.7970426, 29.8093342, 0.0 ], [ -95.7971324, 29.8162711, 0.0 ] ] ], [ [ [ -95.7612986, 29.8170739, 0.0 ], [ -95.774414, 29.8169959, 0.0 ], [ -95.774405, 29.8156242, 0.0 ], [ -95.7771539, 29.815593, 0.0 ], [ -95.7771539, 29.8106871, 0.0 ], [ -95.7772125, 29.8094906, 0.0 ], [ -95.785086, 29.8094433, 0.0 ], [ -95.785068, 29.8075492, 0.0 ], [ -95.7875958, 29.8075242, 0.0 ], [ -95.7884963, 29.8075153, 0.0 ], [ -95.7898579, 29.8075018, 0.0 ], [ -95.7905683, 29.8074948, 0.0 ], [ -95.7929463, 29.8074713, 0.0 ], [ -95.7928205, 29.8019369, 0.0 ], [ -95.7761927, 29.8019681, 0.0 ], [ -95.7747374, 29.8087418, 0.0 ], [ -95.7747105, 29.8095049, 0.0 ], [ -95.769069, 29.8095213, 0.0 ], [ -95.7689792, 29.8020772, 0.0 ], [ -95.7611818, 29.8021006, 0.0 ], [ -95.7612017, 29.8053303, 0.0 ], [ -95.7604224, 29.8053468, 0.0 ], [ -95.7565555, 29.8053667, 0.0 ], [ -95.7565286, 29.8021785, 0.0 ], [ -95.7538246, 29.8021941, 0.0 ], [ -95.7545972, 29.8053745, 0.0 ], [ -95.7551182, 29.8067152, 0.0 ], [ -95.7606949, 29.8067007, 0.0 ], [ -95.7612107, 29.8067832, 0.0 ], [ -95.7612268, 29.8093965, 0.0 ], [ -95.7612986, 29.8170739, 0.0 ] ] ] ] } },
{ "type": "Feature", "properties": { "TRACT": "MUD157" }, "geometry": { "type": "Polygon", "coordinates": [ [ [ -95.7290956, 29.8903663, 0.0 ], [ -95.7290331, 29.8852029, 0.0 ], [ -95.7289683, 29.8798499, 0.0 ], [ -95.7289826, 29.8782807, 0.0 ], [ -95.7289054, 29.870526, 0.0 ], [ -95.7011208, 29.8707437, 0.0 ], [ -95.7003756, 29.8701095, 0.0 ], [ -95.700321, 29.8658988, 0.0 ], [ -95.6999167, 29.8658988, 0.0 ], [ -95.6999167, 29.8648315, 0.0 ], [ -95.6936555, 29.8648627, 0.0 ], [ -95.6922092, 29.8650808, 0.0 ], [ -95.6920295, 29.8670595, 0.0 ], [ -95.6922092, 29.8706273, 0.0 ], [ -95.7001752, 29.8707411, 0.0 ], [ -95.7005307, 29.8716846, 0.0 ], [ -95.7005725, 29.8772717, 0.0 ], [ -95.70086, 29.8773496, 0.0 ], [ -95.6991172, 29.8773418, 0.0 ], [ -95.6991442, 29.8797175, 0.0 ], [ -95.7237509, 29.8795763, 0.0 ], [ -95.7241105, 29.8805078, 0.0 ], [ -95.7240904, 29.8821087, 0.0 ], [ -95.7236772, 29.8835341, 0.0 ], [ -95.722716, 29.8849672, 0.0 ], [ -95.7215781, 29.8859235, 0.0 ], [ -95.7190236, 29.8852325, 0.0 ], [ -95.7175327, 29.8843675, 0.0 ], [ -95.7169578, 29.8839079, 0.0 ], [ -95.7156103, 29.8848192, 0.0 ], [ -95.7149456, 29.8858551, 0.0 ], [ -95.7148378, 29.8865093, 0.0 ], [ -95.7148917, 29.8902322, 0.0 ], [ -95.7146761, 29.8902322, 0.0 ], [ -95.714685, 29.8907384, 0.0 ], [ -95.7147569, 29.8943988, 0.0 ], [ -95.717398, 29.894352, 0.0 ], [ -95.717371, 29.8923038, 0.0 ], [ -95.7182963, 29.892296, 0.0 ], [ -95.7182693, 29.8906917, 0.0 ], [ -95.7172003, 29.8906761, 0.0 ], [ -95.7172003, 29.8905125, 0.0 ], [ -95.7182783, 29.8904502, 0.0 ], [ -95.718431, 29.8894533, 0.0 ], [ -95.7187903, 29.8885187, 0.0 ], [ -95.7183412, 29.8883552, 0.0 ], [ -95.7171734, 29.8883708, 0.0 ], [ -95.7171644, 29.8882072, 0.0 ], [ -95.7183142, 29.8881916, 0.0 ], [ -95.7189071, 29.8883084, 0.0 ], [ -95.7194551, 29.8874517, 0.0 ], [ -95.7201917, 29.8866495, 0.0 ], [ -95.7195629, 29.8861121, 0.0 ], [ -95.7199075, 29.8857685, 0.0 ], [ -95.7214881, 29.8865007, 0.0 ], [ -95.7235065, 29.8890873, 0.0 ], [ -95.7252313, 29.8924674, 0.0 ], [ -95.7260936, 29.8932617, 0.0 ], [ -95.7273962, 29.8938536, 0.0 ], [ -95.7291389, 29.8939393, 0.0 ], [ -95.7290956, 29.8903663, 0.0 ] ] ] } },
{ "type": "Feature", "properties": { "TRACT": "Cityofseabrook" }, "geometry": { "type": "Polygon", "coordinates": [ [ [ -95.0113458, 29.5883616, 0.0 ], [ -95.0191001, 29.5884318, 0.0 ], [ -95.0190964, 29.5885511, 0.0 ], [ -95.0264082, 29.5884979, 0.0 ], [ -95.026679, 29.5884959, 0.0 ], [ -95.0266551, 29.5886357, 0.0 ], [ -95.0266396, 29.5887599, 0.0 ], [ -95.0266328, 29.5888352, 0.0 ], [ -95.0266241, 29.5889414, 0.0 ], [ -95.0266195, 29.589013, 0.0 ], [ -95.0266173, 29.5890893, 0.0 ], [ -95.0266172, 29.5891532, 0.0 ], [ -95.0266188, 29.5892114, 0.0 ], [ -95.0266205, 29.5892457, 0.0 ], [ -95.0266221, 29.5892702, 0.0 ], [ -95.0266243, 29.5893037, 0.0 ], [ -95.0230574, 29.5893504, 0.0 ], [ -95.0191, 29.5893712, 0.0 ], [ -95.0191051, 29.5898795, 0.0 ], [ -95.0143047, 29.5899581, 0.0 ], [ -95.0143634, 29.592617, 0.0 ], [ -95.0132067, 29.5926339, 0.0 ], [ -95.0132453, 29.5943362, 0.0 ], [ -95.0191541, 29.5942159, 0.0 ], [ -95.029811, 29.5939868, 0.0 ], [ -95.0295316, 29.5921128, 0.0 ], [ -95.0297765, 29.5910722, 0.0 ], [ -95.0304913, 29.591083, 0.0 ], [ -95.0309977, 29.5939837, 0.0 ], [ -95.0369002, 29.5939143, 0.0 ], [ -95.0414772, 29.5913842, 0.0 ], [ -95.0414849, 29.5911002, 0.0 ], [ -95.0415026, 29.5905594, 0.0 ], [ -95.0415439, 29.5902287, 0.0 ], [ -95.0416449, 29.590074, 0.0 ], [ -95.0418627, 29.5899685, 0.0 ], [ -95.0424283, 29.5899562, 0.0 ], [ -95.0424804, 29.5898374, 0.0 ], [ -95.0424352, 29.5896535, 0.0 ], [ -95.0421358, 29.5892895, 0.0 ], [ -95.0419703, 29.5890274, 0.0 ], [ -95.0419973, 29.5888208, 0.0 ], [ -95.0422737, 29.5881818, 0.0 ], [ -95.0423365, 29.5879099, 0.0 ], [ -95.0422536, 29.5877207, 0.0 ], [ -95.0420392, 29.5875052, 0.0 ], [ -95.0420314, 29.5874272, 0.0 ], [ -95.0419925, 29.5871582, 0.0 ], [ -95.0419709, 29.5869389, 0.0 ], [ -95.0419422, 29.5868794, 0.0 ], [ -95.0420007, 29.5867822, 0.0 ], [ -95.0420175, 29.5867697, 0.0 ], [ -95.042167, 29.5866585, 0.0 ], [ -95.042459, 29.5865966, 0.0 ], [ -95.0428237, 29.5864995, 0.0 ], [ -95.0430764, 29.5864738, 0.0 ], [ -95.0433279, 29.5864771, 0.0 ], [ -95.0435752, 29.5864678, 0.0 ], [ -95.043831, 29.5863118, 0.0 ], [ -95.0444629, 29.5855048, 0.0 ], [ -95.0454559, 29.5849735, 0.0 ], [ -95.0463413, 29.5847107, 0.0 ], [ -95.0468902, 29.5840983, 0.0 ], [ -95.0470616, 29.5831857, 0.0 ], [ -95.0473023, 29.5824961, 0.0 ], [ -95.0476516, 29.5820137, 0.0 ], [ -95.0471103, 29.5799165, 0.0 ], [ -95.0470408, 29.5796596, 0.0 ], [ -95.036858, 29.582149, 0.0 ], [ -95.0359126, 29.5821356, 0.0 ], [ -95.0353704, 29.5793038, 0.0 ], [ -95.0337056, 29.5793387, 0.0 ], [ -95.0336539, 29.5782727, 0.0 ], [ -95.0345612, 29.5782592, 0.0 ], [ -95.0341709, 29.5757946, 0.0 ], [ -95.0345867, 29.5757626, 0.0 ], [ -95.0347784, 29.5756409, 0.0 ], [ -95.0367475, 29.5757107, 0.0 ], [ -95.0382307, 29.5735049, 0.0 ], [ -95.0404567, 29.5733711, 0.0 ], [ -95.0412291, 29.5721993, 0.0 ], [ -95.0390354, 29.5722925, 0.0 ], [ -95.0439795, 29.5649489, 0.0 ], [ -95.0466228, 29.5655905, 0.0 ], [ -95.0472441, 29.5651322, 0.0 ], [ -95.0482724, 29.5643731, 0.0 ], [ -95.0483351, 29.5643271, 0.0 ], [ -95.0502468, 29.5642386, 0.0 ], [ -95.0499099, 29.5628802, 0.0 ], [ -95.0494515, 29.5591843, 0.0 ], [ -95.0459504, 29.5574998, 0.0 ], [ -95.045685, 29.5572548, 0.0 ], [ -95.0456766, 29.5572499, 0.0 ], [ -95.0456372, 29.5572271, 0.0 ], [ -95.0455978, 29.5572044, 0.0 ], [ -95.0455584, 29.5571817, 0.0 ], [ -95.0455189, 29.5571591, 0.0 ], [ -95.0454794, 29.5571366, 0.0 ], [ -95.0454398, 29.5571141, 0.0 ], [ -95.0454002, 29.5570917, 0.0 ], [ -95.0453605, 29.5570693, 0.0 ], [ -95.0453208, 29.5570471, 0.0 ], [ -95.045281, 29.557025, 0.0 ], [ -95.0452411, 29.557003, 0.0 ], [ -95.0452011, 29.556981, 0.0 ], [ -95.0451611, 29.5569592, 0.0 ], [ -95.0451209, 29.5569376, 0.0 ], [ -95.0450807, 29.556916, 0.0 ], [ -95.0450405, 29.5568945, 0.0 ], [ -95.0450002, 29.5568729, 0.0 ], [ -95.04496, 29.5568514, 0.0 ], [ -95.0449197, 29.5568299, 0.0 ], [ -95.0448794, 29.5568084, 0.0 ], [ -95.0448391, 29.556787, 0.0 ], [ -95.0447987, 29.5567655, 0.0 ], [ -95.0447584, 29.5567442, 0.0 ], [ -95.0447179, 29.5567228, 0.0 ], [ -95.0446775, 29.5567016, 0.0 ], [ -95.044637, 29.5566803, 0.0 ], [ -95.0445965, 29.5566592, 0.0 ], [ -95.0445559, 29.5566381, 0.0 ], [ -95.0445153, 29.556617, 0.0 ], [ -95.0444747, 29.5565961, 0.0 ], [ -95.044434, 29.5565752, 0.0 ], [ -95.0443932, 29.5565544, 0.0 ], [ -95.0443524, 29.5565336, 0.0 ], [ -95.0443115, 29.556513, 0.0 ], [ -95.0442706, 29.5564924, 0.0 ], [ -95.0442297, 29.556472, 0.0 ], [ -95.0441886, 29.5564516, 0.0 ], [ -95.0441475, 29.5564314, 0.0 ], [ -95.0441063, 29.5564113, 0.0 ], [ -95.0440651, 29.5563913, 0.0 ], [ -95.0440238, 29.5563714, 0.0 ], [ -95.0439824, 29.5563516, 0.0 ], [ -95.0439409, 29.5563319, 0.0 ], [ -95.0438994, 29.5563124, 0.0 ], [ -95.0438578, 29.5562929, 0.0 ], [ -95.0438162, 29.5562736, 0.0 ], [ -95.0437745, 29.5562543, 0.0 ], [ -95.0437328, 29.5562351, 0.0 ], [ -95.043691, 29.5562159, 0.0 ], [ -95.0436491, 29.5561969, 0.0 ], [ -95.0436072, 29.5561779, 0.0 ], [ -95.0435653, 29.556159, 0.0 ], [ -95.0435233, 29.5561402, 0.0 ], [ -95.0434813, 29.5561214, 0.0 ], [ -95.0434392, 29.5561027, 0.0 ], [ -95.0433971, 29.5560841, 0.0 ], [ -95.0433549, 29.5560655, 0.0 ], [ -95.0433128, 29.556047, 0.0 ], [ -95.0432705, 29.5560285, 0.0 ], [ -95.0432283, 29.5560102, 0.0 ], [ -95.043186, 29.5559918, 0.0 ], [ -95.0431437, 29.5559735, 0.0 ], [ -95.0431013, 29.5559553, 0.0 ], [ -95.043059, 29.5559371, 0.0 ], [ -95.0430165, 29.555919, 0.0 ], [ -95.0429741, 29.5559009, 0.0 ], [ -95.0429317, 29.5558829, 0.0 ], [ -95.0428892, 29.5558649, 0.0 ], [ -95.0428467, 29.5558469, 0.0 ], [ -95.0428042, 29.555829, 0.0 ], [ -95.0427617, 29.5558111, 0.0 ], [ -95.0427191, 29.5557933, 0.0 ], [ -95.0426766, 29.5557754, 0.0 ], [ -95.042634, 29.5557577, 0.0 ], [ -95.0425914, 29.5557399, 0.0 ], [ -95.0425488, 29.5557222, 0.0 ], [ -95.0425061, 29.5557046, 0.0 ], [ -95.0424633, 29.5556873, 0.0 ], [ -95.0424204, 29.5556702, 0.0 ], [ -95.0423774, 29.5556532, 0.0 ], [ -95.0423343, 29.5556364, 0.0 ], [ -95.0422912, 29.5556197, 0.0 ], [ -95.0422479, 29.5556031, 0.0 ], [ -95.0422047, 29.5555866, 0.0 ], [ -95.0421613, 29.5555702, 0.0 ], [ -95.042118, 29.5555539, 0.0 ], [ -95.0420746, 29.5555376, 0.0 ], [ -95.0420312, 29.5555214, 0.0 ], [ -95.0419878, 29.5555051, 0.0 ], [ -95.0419444, 29.5554889, 0.0 ], [ -95.041901, 29.5554726, 0.0 ], [ -95.0418577, 29.5554563, 0.0 ], [ -95.0418143, 29.5554399, 0.0 ], [ -95.0417711, 29.5554235, 0.0 ], [ -95.0417278, 29.5554069, 0.0 ], [ -95.0416847, 29.5553903, 0.0 ], [ -95.0416416, 29.5553735, 0.0 ], [ -95.0415985, 29.5553565, 0.0 ], [ -95.0415556, 29.5553394, 0.0 ], [ -95.0415128, 29.5553222, 0.0 ], [ -95.0414701, 29.5553047, 0.0 ], [ -95.0414275, 29.5552869, 0.0 ], [ -95.0413851, 29.555269, 0.0 ], [ -95.0413428, 29.5552508, 0.0 ], [ -95.0413006, 29.5552324, 0.0 ], [ -95.0412586, 29.5552137, 0.0 ], [ -95.0412166, 29.5551948, 0.0 ], [ -95.0411748, 29.5551758, 0.0 ], [ -95.0411331, 29.5551566, 0.0 ], [ -95.0410915, 29.5551372, 0.0 ], [ -95.0410499, 29.5551176, 0.0 ], [ -95.0410084, 29.555098, 0.0 ], [ -95.040967, 29.5550782, 0.0 ], [ -95.0409256, 29.5550583, 0.0 ], [ -95.0408843, 29.5550384, 0.0 ], [ -95.040843, 29.5550184, 0.0 ], [ -95.0408017, 29.5549984, 0.0 ], [ -95.0407605, 29.5549783, 0.0 ], [ -95.0407192, 29.5549583, 0.0 ], [ -95.040678, 29.5549382, 0.0 ], [ -95.0406367, 29.5549182, 0.0 ], [ -95.0405954, 29.5548982, 0.0 ], [ -95.040554, 29.5548783, 0.0 ], [ -95.0405126, 29.5548585, 0.0 ], [ -95.0404712, 29.5548387, 0.0 ], [ -95.0404297, 29.5548191, 0.0 ], [ -95.0403881, 29.5547996, 0.0 ], [ -95.0403464, 29.5547802, 0.0 ], [ -95.0403047, 29.554761, 0.0 ], [ -95.0402628, 29.554742, 0.0 ], [ -95.0402209, 29.5547231, 0.0 ], [ -95.0401789, 29.5547043, 0.0 ], [ -95.0401369, 29.5546854, 0.0 ], [ -95.040095, 29.5546665, 0.0 ], [ -95.040053, 29.5546476, 0.0 ], [ -95.0400111, 29.5546288, 0.0 ], [ -95.0399691, 29.5546099, 0.0 ], [ -95.0399271, 29.554591, 0.0 ], [ -95.0398851, 29.5545722, 0.0 ], [ -95.0398431, 29.5545534, 0.0 ], [ -95.0398011, 29.5545346, 0.0 ], [ -95.039759, 29.5545158, 0.0 ], [ -95.039717, 29.554497, 0.0 ], [ -95.0396749, 29.5544783, 0.0 ], [ -95.0396328, 29.5544596, 0.0 ], [ -95.0395907, 29.554441, 0.0 ], [ -95.0395486, 29.5544224, 0.0 ], [ -95.0395064, 29.5544038, 0.0 ], [ -95.0394642, 29.5543853, 0.0 ], [ -95.039422, 29.5543669, 0.0 ], [ -95.0393798, 29.5543485, 0.0 ], [ -95.0393375, 29.5543302, 0.0 ], [ -95.0392952, 29.5543119, 0.0 ], [ -95.0392528, 29.5542937, 0.0 ], [ -95.0392104, 29.5542756, 0.0 ], [ -95.039168, 29.5542575, 0.0 ], [ -95.0391255, 29.5542395, 0.0 ], [ -95.039083, 29.5542216, 0.0 ], [ -95.0390405, 29.5542038, 0.0 ], [ -95.0389979, 29.5541861, 0.0 ], [ -95.0389552, 29.5541685, 0.0 ], [ -95.0389126, 29.554151, 0.0 ], [ -95.0388698, 29.5541336, 0.0 ], [ -95.038827, 29.5541162, 0.0 ], [ -95.0387842, 29.554099, 0.0 ], [ -95.0387413, 29.5540819, 0.0 ], [ -95.0386983, 29.554065, 0.0 ], [ -95.038657, 29.5540488, 0.0 ], [ -95.0382984, 29.5539898, 0.0 ], [ -95.0380427, 29.5538239, 0.0 ], [ -95.0380021, 29.5538098, 0.0 ], [ -95.0379582, 29.5537946, 0.0 ], [ -95.0379143, 29.5537795, 0.0 ], [ -95.0378704, 29.5537644, 0.0 ], [ -95.0378264, 29.5537494, 0.0 ], [ -95.0377824, 29.5537344, 0.0 ], [ -95.0377384, 29.5537195, 0.0 ], [ -95.0376944, 29.5537046, 0.0 ], [ -95.0376503, 29.5536897, 0.0 ], [ -95.0376063, 29.5536749, 0.0 ], [ -95.0375622, 29.55366, 0.0 ], [ -95.0375182, 29.5536452, 0.0 ], [ -95.0374741, 29.5536305, 0.0 ], [ -95.0374301, 29.5536157, 0.0 ], [ -95.0373861, 29.5536009, 0.0 ], [ -95.037342, 29.5535862, 0.0 ], [ -95.0372979, 29.5535716, 0.0 ], [ -95.0372538, 29.553557, 0.0 ], [ -95.0372096, 29.5535424, 0.0 ], [ -95.0371654, 29.5535279, 0.0 ], [ -95.0371212, 29.5535135, 0.0 ], [ -95.037077, 29.553499, 0.0 ], [ -95.0370328, 29.5534847, 0.0 ], [ -95.0369885, 29.5534704, 0.0 ], [ -95.0369443, 29.5534561, 0.0 ], [ -95.0369, 29.5534419, 0.0 ], [ -95.0368557, 29.5534277, 0.0 ], [ -95.0368113, 29.5534136, 0.0 ], [ -95.036767, 29.5533995, 0.0 ], [ -95.0367226, 29.5533855, 0.0 ], [ -95.0366782, 29.5533715, 0.0 ], [ -95.0366338, 29.5533575, 0.0 ], [ -95.0365894, 29.5533436, 0.0 ], [ -95.036545, 29.5533297, 0.0 ], [ -95.0365005, 29.5533158, 0.0 ], [ -95.036456, 29.553302, 0.0 ], [ -95.0364116, 29.5532882, 0.0 ], [ -95.0363671, 29.5532745, 0.0 ], [ -95.0363226, 29.5532608, 0.0 ], [ -95.036278, 29.5532471, 0.0 ], [ -95.0362335, 29.5532335, 0.0 ], [ -95.036189, 29.5532199, 0.0 ], [ -95.0361444, 29.5532063, 0.0 ], [ -95.0360998, 29.5531928, 0.0 ], [ -95.0360553, 29.5531793, 0.0 ], [ -95.0360107, 29.5531658, 0.0 ], [ -95.0359661, 29.5531523, 0.0 ], [ -95.0359215, 29.5531388, 0.0 ], [ -95.0358769, 29.5531253, 0.0 ], [ -95.0358323, 29.5531118, 0.0 ], [ -95.0357877, 29.5530983, 0.0 ], [ -95.0357431, 29.5530848, 0.0 ], [ -95.0356985, 29.5530713, 0.0 ], [ -95.0356538, 29.5530579, 0.0 ], [ -95.0356092, 29.5530445, 0.0 ], [ -95.0355645, 29.5530312, 0.0 ], [ -95.0355198, 29.5530179, 0.0 ], [ -95.035475, 29.5530048, 0.0 ], [ -95.0354302, 29.5529917, 0.0 ], [ -95.0353854, 29.5529787, 0.0 ], [ -95.0353406, 29.5529658, 0.0 ], [ -95.0352957, 29.5529531, 0.0 ], [ -95.0352508, 29.5529405, 0.0 ], [ -95.0352058, 29.552928, 0.0 ], [ -95.0351608, 29.5529157, 0.0 ], [ -95.0351157, 29.5529036, 0.0 ], [ -95.0350705, 29.5528916, 0.0 ], [ -95.0350253, 29.5528798, 0.0 ], [ -95.0349801, 29.5528682, 0.0 ], [ -95.0349347, 29.5528568, 0.0 ], [ -95.0348893, 29.5528457, 0.0 ], [ -95.0348439, 29.5528347, 0.0 ], [ -95.0347983, 29.5528239, 0.0 ], [ -95.0347528, 29.5528131, 0.0 ], [ -95.0347073, 29.5528023, 0.0 ], [ -95.0346617, 29.5527915, 0.0 ], [ -95.0346161, 29.5527806, 0.0 ], [ -95.0345706, 29.5527697, 0.0 ], [ -95.034525, 29.5527589, 0.0 ], [ -95.0344794, 29.552748, 0.0 ], [ -95.0344338, 29.5527371, 0.0 ], [ -95.0343882, 29.5527262, 0.0 ], [ -95.0343425, 29.5527153, 0.0 ], [ -95.0342969, 29.5527044, 0.0 ], [ -95.0342513, 29.5526935, 0.0 ], [ -95.0342056, 29.5526826, 0.0 ], [ -95.03416, 29.5526717, 0.0 ], [ -95.0341143, 29.5526608, 0.0 ], [ -95.0340686, 29.5526498, 0.0 ], [ -95.0340229, 29.552639, 0.0 ], [ -95.0339773, 29.5526281, 0.0 ], [ -95.0339316, 29.5526172, 0.0 ], [ -95.0338859, 29.5526063, 0.0 ], [ -95.0338402, 29.5525954, 0.0 ], [ -95.0337944, 29.5525846, 0.0 ], [ -95.0337487, 29.5525737, 0.0 ], [ -95.033703, 29.5525629, 0.0 ], [ -95.0336573, 29.552552, 0.0 ], [ -95.0336115, 29.5525412, 0.0 ], [ -95.0335658, 29.5525305, 0.0 ], [ -95.0335201, 29.5525197, 0.0 ], [ -95.0334743, 29.5525089, 0.0 ], [ -95.0334286, 29.5524982, 0.0 ], [ -95.0333828, 29.5524875, 0.0 ], [ -95.033337, 29.5524768, 0.0 ], [ -95.0332913, 29.5524661, 0.0 ], [ -95.0332455, 29.5524555, 0.0 ], [ -95.0331997, 29.5524449, 0.0 ], [ -95.0331539, 29.5524343, 0.0 ], [ -95.0331082, 29.5524238, 0.0 ], [ -95.0330624, 29.5524133, 0.0 ], [ -95.0330166, 29.5524028, 0.0 ], [ -95.0329708, 29.5523923, 0.0 ], [ -95.032925, 29.5523819, 0.0 ], [ -95.0328792, 29.5523715, 0.0 ], [ -95.0328334, 29.5523612, 0.0 ], [ -95.0327876, 29.5523509, 0.0 ], [ -95.0327418, 29.5523406, 0.0 ], [ -95.032696, 29.5523304, 0.0 ], [ -95.0326502, 29.5523202, 0.0 ], [ -95.0326044, 29.5523101, 0.0 ], [ -95.0325586, 29.5523, 0.0 ], [ -95.0325128, 29.55229, 0.0 ], [ -95.032467, 29.55228, 0.0 ], [ -95.0324212, 29.55227, 0.0 ], [ -95.0323754, 29.5522601, 0.0 ], [ -95.0323296, 29.5522503, 0.0 ], [ -95.0322838, 29.5522405, 0.0 ], [ -95.032238, 29.5522307, 0.0 ], [ -95.0321922, 29.5522211, 0.0 ], [ -95.0321464, 29.5522114, 0.0 ], [ -95.0321006, 29.5522019, 0.0 ], [ -95.0320823, 29.5521981, 0.0 ], [ -95.0318543, 29.5521898, 0.0 ], [ -95.0316333, 29.5522328, 0.0 ], [ -95.0314483, 29.5522688, 0.0 ], [ -95.0309713, 29.5523608, 0.0 ], [ -95.0307513, 29.5524038, 0.0 ], [ -95.0299493, 29.5524988, 0.0 ], [ -95.0298803, 29.5524948, 0.0 ], [ -95.0292533, 29.5524598, 0.0 ], [ -95.0287893, 29.5522658, 0.0 ], [ -95.0284953, 29.5515468, 0.0 ], [ -95.0284573, 29.5508268, 0.0 ], [ -95.0284533, 29.5507518, 0.0 ], [ -95.0285803, 29.5499608, 0.0 ], [ -95.0286193, 29.5494708, 0.0 ], [ -95.0286343, 29.5492858, 0.0 ], [ -95.0287623, 29.5481178, 0.0 ], [ -95.0287843, 29.5480528, 0.0 ], [ -95.0287663, 29.5479208, 0.0 ], [ -95.0287433, 29.5477638, 0.0 ], [ -95.0286593, 29.5478538, 0.0 ], [ -95.0286383, 29.5478048, 0.0 ], [ -95.0285913, 29.5476938, 0.0 ], [ -95.0284253, 29.5475048, 0.0 ], [ -95.0282232, 29.5474699, 0.0 ], [ -95.0280893, 29.5474468, 0.0 ], [ -95.0273105, 29.5478229, 0.0 ], [ -95.0260453, 29.5484338, 0.0 ], [ -95.0249773, 29.5487378, 0.0 ], [ -95.0248553, 29.5487728, 0.0 ], [ -95.0242363, 29.5489488, 0.0 ], [ -95.0239483, 29.5489278, 0.0 ], [ -95.0237303, 29.5489118, 0.0 ], [ -95.0236943, 29.5489778, 0.0 ], [ -95.0236183, 29.5491278, 0.0 ], [ -95.0235803, 29.5492048, 0.0 ], [ -95.0235443, 29.5492778, 0.0 ], [ -95.0234493, 29.5493318, 0.0 ], [ -95.0233937, 29.5493632, 0.0 ], [ -95.0234207, 29.5493639, 0.0 ], [ -95.0234678, 29.549365, 0.0 ], [ -95.023515, 29.5493659, 0.0 ], [ -95.0235622, 29.5493668, 0.0 ], [ -95.0236093, 29.5493675, 0.0 ], [ -95.0236565, 29.5493682, 0.0 ], [ -95.0237037, 29.5493688, 0.0 ], [ -95.023751, 29.5493697, 0.0 ], [ -95.0237984, 29.5493705, 0.0 ], [ -95.0238457, 29.5493713, 0.0 ], [ -95.0238931, 29.5493717, 0.0 ], [ -95.0239404, 29.5493717, 0.0 ], [ -95.0239877, 29.549371, 0.0 ], [ -95.0240348, 29.5493694, 0.0 ], [ -95.0240817, 29.549367, 0.0 ], [ -95.0241285, 29.5493633, 0.0 ], [ -95.0241752, 29.5493584, 0.0 ], [ -95.0242222, 29.549353, 0.0 ], [ -95.0242694, 29.549347, 0.0 ], [ -95.0243167, 29.5493404, 0.0 ], [ -95.0243639, 29.5493328, 0.0 ], [ -95.0244108, 29.5493242, 0.0 ], [ -95.0244571, 29.5493145, 0.0 ], [ -95.0245027, 29.5493034, 0.0 ], [ -95.0245474, 29.5492909, 0.0 ], [ -95.024591, 29.5492767, 0.0 ], [ -95.0246331, 29.5492605, 0.0 ], [ -95.0246722, 29.5492394, 0.0 ], [ -95.0247084, 29.5492133, 0.0 ], [ -95.0247429, 29.5491842, 0.0 ], [ -95.0247766, 29.5491537, 0.0 ], [ -95.0248108, 29.5491238, 0.0 ], [ -95.0248466, 29.5490963, 0.0 ], [ -95.0248849, 29.5490729, 0.0 ], [ -95.0249259, 29.5490524, 0.0 ], [ -95.0249685, 29.5490332, 0.0 ], [ -95.0250123, 29.5490157, 0.0 ], [ -95.025057, 29.5490003, 0.0 ], [ -95.0251023, 29.5489874, 0.0 ], [ -95.0251476, 29.5489774, 0.0 ], [ -95.0251929, 29.5489714, 0.0 ], [ -95.0252394, 29.5489757, 0.0 ], [ -95.0252869, 29.5489866, 0.0 ], [ -95.0253343, 29.5489979, 0.0 ], [ -95.0253808, 29.5490029, 0.0 ], [ -95.0254259, 29.5489973, 0.0 ], [ -95.0254526, 29.5489911, 0.0 ], [ -95.0247515, 29.549376, 0.0 ], [ -95.0232705, 29.5494329, 0.0 ], [ -95.0232283, 29.5494568, 0.0 ], [ -95.0231593, 29.5494468, 0.0 ], [ -95.0231039, 29.5494393, 0.0 ], [ -95.0229034, 29.549447, 0.0 ], [ -95.0222388, 29.5492845, 0.0 ], [ -95.0222, 29.5492768, 0.0 ], [ -95.0221541, 29.5492672, 0.0 ], [ -95.0221082, 29.5492572, 0.0 ], [ -95.0220624, 29.5492467, 0.0 ], [ -95.0220167, 29.5492358, 0.0 ], [ -95.0219712, 29.5492244, 0.0 ], [ -95.0219258, 29.5492126, 0.0 ], [ -95.0218805, 29.5492003, 0.0 ], [ -95.0218355, 29.5491877, 0.0 ], [ -95.0217963, 29.5491763, 0.0 ], [ -95.0185584, 29.5483843, 0.0 ], [ -95.017922, 29.5484053, 0.0 ], [ -95.0176051, 29.5483959, 0.0 ], [ -95.0175877, 29.5484082, 0.0 ], [ -95.0175536, 29.5484353, 0.0 ], [ -95.0175222, 29.5484644, 0.0 ], [ -95.0174934, 29.5484963, 0.0 ], [ -95.0174705, 29.5485263, 0.0 ], [ -95.0174671, 29.5485306, 0.0 ], [ -95.017443, 29.5485668, 0.0 ], [ -95.0174208, 29.5486043, 0.0 ], [ -95.0174003, 29.5486428, 0.0 ], [ -95.0173812, 29.5486817, 0.0 ], [ -95.0173634, 29.5487206, 0.0 ], [ -95.0173465, 29.5487589, 0.0 ], [ -95.0173308, 29.5487977, 0.0 ], [ -95.0173167, 29.5488371, 0.0 ], [ -95.017304, 29.5488771, 0.0 ], [ -95.0172928, 29.5489176, 0.0 ], [ -95.0172831, 29.5489584, 0.0 ], [ -95.0172749, 29.5489994, 0.0 ], [ -95.0172681, 29.5490404, 0.0 ], [ -95.0172628, 29.5490813, 0.0 ], [ -95.017259, 29.5491221, 0.0 ], [ -95.0172568, 29.5491633, 0.0 ], [ -95.0172563, 29.5492049, 0.0 ], [ -95.0172576, 29.5492467, 0.0 ], [ -95.0172609, 29.5492883, 0.0 ], [ -95.0172662, 29.5493297, 0.0 ], [ -95.0172698, 29.5493495, 0.0 ], [ -95.0172737, 29.5493706, 0.0 ], [ -95.0172833, 29.5494107, 0.0 ], [ -95.0172951, 29.5494502, 0.0 ], [ -95.0173089, 29.5494895, 0.0 ], [ -95.0173244, 29.5495285, 0.0 ], [ -95.0173417, 29.5495673, 0.0 ], [ -95.0173604, 29.5496056, 0.0 ], [ -95.0173804, 29.5496434, 0.0 ], [ -95.0174017, 29.5496807, 0.0 ], [ -95.0174129, 29.549699, 0.0 ], [ -95.0174143, 29.5497268, 0.0 ], [ -95.0174761, 29.5497939, 0.0 ], [ -95.0174974, 29.5498225, 0.0 ], [ -95.0175246, 29.5498564, 0.0 ], [ -95.0175529, 29.5498897, 0.0 ], [ -95.0175824, 29.5499223, 0.0 ], [ -95.0176128, 29.5499542, 0.0 ], [ -95.0176443, 29.5499852, 0.0 ], [ -95.0176765, 29.5500154, 0.0 ], [ -95.0176953, 29.5500321, 0.0 ], [ -95.0177843, 29.5501288, 0.0 ], [ -95.0180453, 29.5504128, 0.0 ], [ -95.0188783, 29.5509798, 0.0 ], [ -95.0194608, 29.5512785, 0.0 ], [ -95.0194731, 29.5512866, 0.0 ], [ -95.0195107, 29.5513115, 0.0 ], [ -95.0195484, 29.5513363, 0.0 ], [ -95.0195861, 29.5513611, 0.0 ], [ -95.0196239, 29.5513858, 0.0 ], [ -95.0196617, 29.5514105, 0.0 ], [ -95.0196995, 29.5514352, 0.0 ], [ -95.0197373, 29.5514599, 0.0 ], [ -95.0197751, 29.5514846, 0.0 ], [ -95.0198129, 29.5515093, 0.0 ], [ -95.0198507, 29.551534, 0.0 ], [ -95.0198886, 29.5515586, 0.0 ], [ -95.0199264, 29.5515833, 0.0 ], [ -95.0199642, 29.551608, 0.0 ], [ -95.020002, 29.5516327, 0.0 ], [ -95.0200397, 29.5516574, 0.0 ], [ -95.0200775, 29.5516822, 0.0 ], [ -95.0201152, 29.551707, 0.0 ], [ -95.0201529, 29.5517318, 0.0 ], [ -95.0201906, 29.5517566, 0.0 ], [ -95.0202282, 29.5517815, 0.0 ], [ -95.0202657, 29.5518065, 0.0 ], [ -95.0203033, 29.5518314, 0.0 ], [ -95.0203408, 29.5518565, 0.0 ], [ -95.0203782, 29.5518816, 0.0 ], [ -95.0204156, 29.5519068, 0.0 ], [ -95.0204529, 29.551932, 0.0 ], [ -95.0204901, 29.5519573, 0.0 ], [ -95.0205275, 29.5519826, 0.0 ], [ -95.0205652, 29.5520079, 0.0 ], [ -95.020603, 29.5520331, 0.0 ], [ -95.0206408, 29.5520585, 0.0 ], [ -95.0206553, 29.5520682, 0.0 ], [ -95.0206786, 29.552084, 0.0 ], [ -95.0207162, 29.5521096, 0.0 ], [ -95.0207534, 29.5521355, 0.0 ], [ -95.0207902, 29.5521617, 0.0 ], [ -95.0208265, 29.5521883, 0.0 ], [ -95.0208621, 29.5522153, 0.0 ], [ -95.020897, 29.5522428, 0.0 ], [ -95.0209309, 29.5522708, 0.0 ], [ -95.0209639, 29.5522993, 0.0 ], [ -95.0209956, 29.5523287, 0.0 ], [ -95.0210222, 29.5523624, 0.0 ], [ -95.0210423, 29.5524007, 0.0 ], [ -95.0210571, 29.5524415, 0.0 ], [ -95.0210674, 29.5524827, 0.0 ], [ -95.0210737, 29.5525228, 0.0 ], [ -95.0210739, 29.552564, 0.0 ], [ -95.0210688, 29.5526058, 0.0 ], [ -95.0210599, 29.5526471, 0.0 ], [ -95.0210487, 29.5526872, 0.0 ], [ -95.0210359, 29.552727, 0.0 ], [ -95.0210215, 29.5527667, 0.0 ], [ -95.021005, 29.5528058, 0.0 ], [ -95.0209862, 29.5528439, 0.0 ], [ -95.0209646, 29.5528805, 0.0 ], [ -95.0209401, 29.5529153, 0.0 ], [ -95.0209138, 29.5529492, 0.0 ], [ -95.0208934, 29.5529733, 0.0 ], [ -95.0208893, 29.5530138, 0.0 ], [ -95.0208373, 29.5530798, 0.0 ], [ -95.0205533, 29.5534458, 0.0 ], [ -95.0204273, 29.5535448, 0.0 ], [ -95.0195773, 29.5542138, 0.0 ], [ -95.0188183, 29.5544278, 0.0 ], [ -95.018724, 29.5544544, 0.0 ], [ -95.0182343, 29.5545928, 0.0 ], [ -95.0182173, 29.5545978, 0.0 ], [ -95.0181243, 29.5548538, 0.0 ], [ -95.0180312, 29.5551099, 0.0 ], [ -95.0178453, 29.5556218, 0.0 ], [ -95.0177533, 29.5558788, 0.0 ], [ -95.0175863, 29.5561958, 0.0 ], [ -95.0173333, 29.5566568, 0.0 ], [ -95.0173203, 29.5566748, 0.0 ], [ -95.0172003, 29.5567848, 0.0 ], [ -95.0168303, 29.5571588, 0.0 ], [ -95.0167023, 29.5572878, 0.0 ], [ -95.0166893, 29.5573008, 0.0 ], [ -95.0166723, 29.5573178, 0.0 ], [ -95.0166393, 29.5573538, 0.0 ], [ -95.0164583, 29.5575548, 0.0 ], [ -95.0164833, 29.5576698, 0.0 ], [ -95.0164323, 29.5577578, 0.0 ], [ -95.0164323, 29.5578128, 0.0 ], [ -95.0164763, 29.5578838, 0.0 ], [ -95.0165183, 29.5579128, 0.0 ], [ -95.0166973, 29.5580378, 0.0 ], [ -95.0167283, 29.5580768, 0.0 ], [ -95.0167283, 29.5581758, 0.0 ], [ -95.0166593, 29.5583128, 0.0 ], [ -95.0166593, 29.5583408, 0.0 ], [ -95.0166843, 29.5583898, 0.0 ], [ -95.0166963, 29.5583988, 0.0 ], [ -95.0167153, 29.5584118, 0.0 ], [ -95.0168103, 29.5584448, 0.0 ], [ -95.0168353, 29.5584728, 0.0 ], [ -95.0168403, 29.5585318, 0.0 ], [ -95.0168353, 29.5585878, 0.0 ], [ -95.0167903, 29.5588848, 0.0 ], [ -95.0167733, 29.5589258, 0.0 ], [ -95.0167533, 29.5589728, 0.0 ], [ -95.0167273, 29.5589948, 0.0 ], [ -95.0166843, 29.5590058, 0.0 ], [ -95.0165893, 29.5590058, 0.0 ], [ -95.0164513, 29.5589618, 0.0 ], [ -95.0163883, 29.5589618, 0.0 ], [ -95.0163313, 29.5589838, 0.0 ], [ -95.0162873, 29.5590168, 0.0 ], [ -95.0161863, 29.5591158, 0.0 ], [ -95.0161243, 29.5591768, 0.0 ], [ -95.0161173, 29.5592368, 0.0 ], [ -95.0161553, 29.5593198, 0.0 ], [ -95.0161613, 29.5593758, 0.0 ], [ -95.0161683, 29.5594458, 0.0 ], [ -95.0161053, 29.5596218, 0.0 ], [ -95.0159083, 29.5600388, 0.0 ], [ -95.0158843, 29.5600888, 0.0 ], [ -95.0158193, 29.5602358, 0.0 ], [ -95.0154973, 29.5609688, 0.0 ], [ -95.0154323, 29.5611168, 0.0 ], [ -95.0150993, 29.5618738, 0.0 ], [ -95.0150193, 29.5620548, 0.0 ], [ -95.0149023, 29.5623218, 0.0 ], [ -95.0148393, 29.5624148, 0.0 ], [ -95.0147703, 29.5624868, 0.0 ], [ -95.0146443, 29.5625028, 0.0 ], [ -95.0145183, 29.5624758, 0.0 ], [ -95.0144683, 29.5625358, 0.0 ], [ -95.0144413, 29.5626008, 0.0 ], [ -95.0144243, 29.5626408, 0.0 ], [ -95.0144073, 29.5626878, 0.0 ], [ -95.0141473, 29.5634318, 0.0 ], [ -95.0141473, 29.5634758, 0.0 ], [ -95.0141663, 29.5634928, 0.0 ], [ -95.0143163, 29.5635638, 0.0 ], [ -95.0143483, 29.5635878, 0.0 ], [ -95.0143733, 29.5636518, 0.0 ], [ -95.0143713, 29.5636878, 0.0 ], [ -95.0143673, 29.5637618, 0.0 ], [ -95.0142723, 29.5639438, 0.0 ], [ -95.0141723, 29.5640258, 0.0 ], [ -95.0140843, 29.5640478, 0.0 ], [ -95.0139833, 29.5640368, 0.0 ], [ -95.0138763, 29.5640428, 0.0 ], [ -95.0138513, 29.5640698, 0.0 ], [ -95.0138263, 29.5641418, 0.0 ], [ -95.0137693, 29.5642458, 0.0 ], [ -95.0136913, 29.5644748, 0.0 ], [ -95.0136243, 29.5646748, 0.0 ], [ -95.0135743, 29.5648998, 0.0 ], [ -95.0133663, 29.5652978, 0.0 ], [ -95.0133533, 29.5653238, 0.0 ], [ -95.0133293, 29.5653518, 0.0 ], [ -95.0133203, 29.5653788, 0.0 ], [ -95.0131643, 29.5656368, 0.0 ], [ -95.0130643, 29.5657748, 0.0 ], [ -95.0129943, 29.5660498, 0.0 ], [ -95.0129383, 29.5661998, 0.0 ], [ -95.0129243, 29.5662378, 0.0 ], [ -95.0128503, 29.5664338, 0.0 ], [ -95.0126153, 29.5671388, 0.0 ], [ -95.0125983, 29.5671568, 0.0 ], [ -95.0125943, 29.5671868, 0.0 ], [ -95.0123653, 29.5676548, 0.0 ], [ -95.0122323, 29.5678528, 0.0 ], [ -95.0121573, 29.5679078, 0.0 ], [ -95.0119963, 29.5679838, 0.0 ], [ -95.0118673, 29.5680448, 0.0 ], [ -95.0117173, 29.5681548, 0.0 ], [ -95.0115783, 29.5682928, 0.0 ], [ -95.0115403, 29.5683528, 0.0 ], [ -95.0115283, 29.5683918, 0.0 ], [ -95.0115213, 29.5684468, 0.0 ], [ -95.0115283, 29.5685128, 0.0 ], [ -95.0115093, 29.5686058, 0.0 ], [ -95.0114083, 29.5688258, 0.0 ], [ -95.0112513, 29.5692488, 0.0 ], [ -95.0108033, 29.5701128, 0.0 ], [ -95.0107273, 29.5702258, 0.0 ], [ -95.0106593, 29.5703268, 0.0 ], [ -95.0105453, 29.5704428, 0.0 ], [ -95.0105203, 29.5704588, 0.0 ], [ -95.0104643, 29.5704588, 0.0 ], [ -95.0103823, 29.5704318, 0.0 ], [ -95.0103133, 29.5704318, 0.0 ], [ -95.0102183, 29.5705088, 0.0 ], [ -95.0101623, 29.5705848, 0.0 ], [ -95.0099223, 29.5709538, 0.0 ], [ -95.0098403, 29.5710968, 0.0 ], [ -95.0098473, 29.5711298, 0.0 ], [ -95.0098723, 29.5711628, 0.0 ], [ -95.0098723, 29.5712118, 0.0 ], [ -95.0096713, 29.5715148, 0.0 ], [ -95.0093183, 29.5719598, 0.0 ], [ -95.0091173, 29.5722348, 0.0 ], [ -95.0090543, 29.5722678, 0.0 ], [ -95.0090293, 29.5722678, 0.0 ], [ -95.0089783, 29.5722948, 0.0 ], [ -95.0089653, 29.5723118, 0.0 ], [ -95.0089663, 29.5723558, 0.0 ], [ -95.0089783, 29.5723778, 0.0 ], [ -95.0090663, 29.5724438, 0.0 ], [ -95.0090723, 29.5725148, 0.0 ], [ -95.0090413, 29.5725318, 0.0 ], [ -95.0089973, 29.5725258, 0.0 ], [ -95.0088653, 29.5724598, 0.0 ], [ -95.0087963, 29.5724658, 0.0 ], [ -95.0087523, 29.5724928, 0.0 ], [ -95.0087323, 29.5725128, 0.0 ], [ -95.0087143, 29.5725318, 0.0 ], [ -95.0086953, 29.5726248, 0.0 ], [ -95.0087143, 29.5726578, 0.0 ], [ -95.0087703, 29.5727128, 0.0 ], [ -95.0087583, 29.5728008, 0.0 ], [ -95.0085943, 29.5730428, 0.0 ], [ -95.0083803, 29.5734168, 0.0 ], [ -95.0081783, 29.5737078, 0.0 ], [ -95.0081453, 29.5737588, 0.0 ], [ -95.0079673, 29.5740338, 0.0 ], [ -95.0078013, 29.5742908, 0.0 ], [ -95.0076943, 29.5744398, 0.0 ], [ -95.0073353, 29.5749398, 0.0 ], [ -95.0072463, 29.5749988, 0.0 ], [ -95.0071963, 29.5750218, 0.0 ], [ -95.0071273, 29.5750218, 0.0 ], [ -95.0070833, 29.5750498, 0.0 ], [ -95.0068313, 29.5753688, 0.0 ], [ -95.0066913, 29.5756768, 0.0 ], [ -95.0066743, 29.5757148, 0.0 ], [ -95.0064473, 29.5762918, 0.0 ], [ -95.0063783, 29.5764408, 0.0 ], [ -95.0062523, 29.5765448, 0.0 ], [ -95.0062273, 29.5765948, 0.0 ], [ -95.0062213, 29.5766548, 0.0 ], [ -95.0061203, 29.5770178, 0.0 ], [ -95.0060953, 29.5770678, 0.0 ], [ -95.0060253, 29.5771058, 0.0 ], [ -95.0059183, 29.5771278, 0.0 ], [ -95.0057043, 29.5771498, 0.0 ], [ -95.0055603, 29.5771548, 0.0 ], [ -95.0054023, 29.5771438, 0.0 ], [ -95.0053653, 29.5771658, 0.0 ], [ -95.0052963, 29.5771878, 0.0 ], [ -95.0052263, 29.5772268, 0.0 ], [ -95.0051573, 29.5772818, 0.0 ], [ -95.0050003, 29.5774298, 0.0 ], [ -95.0048363, 29.5775998, 0.0 ], [ -95.0046913, 29.5777868, 0.0 ], [ -95.0046793, 29.5778588, 0.0 ], [ -95.0047923, 29.5779358, 0.0 ], [ -95.0048043, 29.5779908, 0.0 ], [ -95.0047603, 29.5780458, 0.0 ], [ -95.0046283, 29.5781498, 0.0 ], [ -95.0046223, 29.5781998, 0.0 ], [ -95.0046343, 29.5782988, 0.0 ], [ -95.0046283, 29.5783538, 0.0 ], [ -95.0045973, 29.5784088, 0.0 ], [ -95.0044463, 29.5785238, 0.0 ], [ -95.0043513, 29.5787058, 0.0 ], [ -95.0043073, 29.5788708, 0.0 ], [ -95.0042633, 29.5789528, 0.0 ], [ -95.0042693, 29.5790078, 0.0 ], [ -95.0043383, 29.5790898, 0.0 ], [ -95.0043703, 29.5791788, 0.0 ], [ -95.0043703, 29.5792778, 0.0 ], [ -95.0043443, 29.5793428, 0.0 ], [ -95.0043133, 29.5793928, 0.0 ], [ -95.0042563, 29.5794368, 0.0 ], [ -95.0041933, 29.5794638, 0.0 ], [ -95.0041433, 29.5794748, 0.0 ], [ -95.0040803, 29.5794748, 0.0 ], [ -95.0040303, 29.5794638, 0.0 ], [ -95.0039293, 29.5794198, 0.0 ], [ -95.0038283, 29.5794258, 0.0 ], [ -95.0037723, 29.5794918, 0.0 ], [ -95.0037723, 29.5795248, 0.0 ], [ -95.0037913, 29.5795578, 0.0 ], [ -95.0038473, 29.5795798, 0.0 ], [ -95.0038723, 29.5796018, 0.0 ], [ -95.0038723, 29.5796238, 0.0 ], [ -95.0038533, 29.5796678, 0.0 ], [ -95.0037913, 29.5797008, 0.0 ], [ -95.0037023, 29.5796838, 0.0 ], [ -95.0035263, 29.5795578, 0.0 ], [ -95.0034133, 29.5795518, 0.0 ], [ -95.0033823, 29.5795738, 0.0 ], [ -95.0033573, 29.5796238, 0.0 ], [ -95.0033123, 29.5797938, 0.0 ], [ -95.0032683, 29.5798928, 0.0 ], [ -95.0031863, 29.5800138, 0.0 ], [ -95.0031303, 29.5800518, 0.0 ], [ -95.0030803, 29.5800688, 0.0 ], [ -95.0028343, 29.5800738, 0.0 ], [ -95.0025953, 29.5800688, 0.0 ], [ -95.0024883, 29.5801018, 0.0 ], [ -95.0024193, 29.5801398, 0.0 ], [ -95.0023503, 29.5802008, 0.0 ], [ -95.0021483, 29.5803978, 0.0 ], [ -95.0020543, 29.5805078, 0.0 ], [ -95.0020353, 29.5805518, 0.0 ], [ -95.0020353, 29.5806018, 0.0 ], [ -95.0020413, 29.5806398, 0.0 ], [ -95.0022803, 29.5808158, 0.0 ], [ -95.0023873, 29.5809208, 0.0 ], [ -95.0024313, 29.5809758, 0.0 ], [ -95.0024623, 29.5810858, 0.0 ], [ -95.0024503, 29.5811188, 0.0 ], [ -95.0024253, 29.5811408, 0.0 ], [ -95.0023243, 29.5811788, 0.0 ], [ -95.0020793, 29.5811678, 0.0 ], [ -95.0019973, 29.5811958, 0.0 ], [ -95.0019153, 29.5812948, 0.0 ], [ -95.0015753, 29.5817838, 0.0 ], [ -95.0015503, 29.5818658, 0.0 ], [ -95.0015563, 29.5819378, 0.0 ], [ -95.0016193, 29.5819868, 0.0 ], [ -95.0017513, 29.5820258, 0.0 ], [ -95.0017823, 29.5820428, 0.0 ], [ -95.0018083, 29.5820758, 0.0 ], [ -95.0018073, 29.5821198, 0.0 ], [ -95.0017953, 29.5821688, 0.0 ], [ -95.0015493, 29.5825808, 0.0 ], [ -95.0014493, 29.5827018, 0.0 ], [ -95.0013862, 29.5827628, 0.0 ], [ -95.0013102, 29.5828178, 0.0 ], [ -95.0012163, 29.5828618, 0.0 ], [ -95.0010522, 29.5829058, 0.0 ], [ -95.0007312, 29.5828838, 0.0 ], [ -95.0006372, 29.5828938, 0.0 ], [ -95.0005612, 29.5829268, 0.0 ], [ -95.0003982, 29.5830428, 0.0 ], [ -95.0002912, 29.5830978, 0.0 ], [ -95.0000132, 29.5832918, 0.0 ], [ -94.9997492, 29.5835998, 0.0 ], [ -94.9996172, 29.5837978, 0.0 ], [ -94.9995602, 29.5838418, 0.0 ], [ -94.9994282, 29.5839078, 0.0 ], [ -94.9993722, 29.5839518, 0.0 ], [ -94.9993032, 29.5840508, 0.0 ], [ -94.9991832, 29.5841828, 0.0 ], [ -94.9991142, 29.5842708, 0.0 ], [ -94.9990132, 29.5843538, 0.0 ], [ -94.9989382, 29.5843978, 0.0 ], [ -94.9988502, 29.5844358, 0.0 ], [ -94.9988062, 29.5844688, 0.0 ], [ -94.9987372, 29.5845458, 0.0 ], [ -94.9986872, 29.5846558, 0.0 ], [ -94.9986362, 29.5846728, 0.0 ], [ -94.9979062, 29.5847448, 0.0 ], [ -94.9976302, 29.5847558, 0.0 ], [ -94.9975102, 29.5847448, 0.0 ], [ -94.9974532, 29.5847618, 0.0 ], [ -94.9972902, 29.5848878, 0.0 ], [ -94.9972212, 29.5850418, 0.0 ], [ -94.9972152, 29.5850698, 0.0 ], [ -94.9973412, 29.5855918, 0.0 ], [ -94.9973222, 29.5859548, 0.0 ], [ -94.9969322, 29.5864668, 0.0 ], [ -94.9968882, 29.5865488, 0.0 ], [ -94.9967252, 29.5867358, 0.0 ], [ -94.9965992, 29.5867028, 0.0 ], [ -94.9964732, 29.5867308, 0.0 ], [ -94.9961842, 29.5867578, 0.0 ], [ -94.9961522, 29.5867858, 0.0 ], [ -94.9960962, 29.5868898, 0.0 ], [ -94.9960082, 29.5869888, 0.0 ], [ -94.9959012, 29.5870548, 0.0 ], [ -94.9958192, 29.5870888, 0.0 ], [ -94.9957002, 29.5871158, 0.0 ], [ -94.9956622, 29.5871378, 0.0 ], [ -94.9956432, 29.5871598, 0.0 ], [ -94.9956432, 29.5872148, 0.0 ], [ -94.9958002, 29.5873248, 0.0 ], [ -94.9957942, 29.5873628, 0.0 ], [ -94.9956932, 29.5874788, 0.0 ], [ -94.9956132, 29.5875778, 0.0 ], [ -94.9954112, 29.5878258, 0.0 ], [ -94.9950652, 29.5882267, 0.0 ], [ -94.9950142, 29.5882437, 0.0 ], [ -94.9948892, 29.5882327, 0.0 ], [ -94.9944672, 29.5882547, 0.0 ], [ -94.9942282, 29.5882387, 0.0 ], [ -94.9942032, 29.5882327, 0.0 ], [ -94.9942092, 29.5880897, 0.0 ], [ -94.9942532, 29.5878867, 0.0 ], [ -94.9942912, 29.5878037, 0.0 ], [ -94.9942912, 29.5877817, 0.0 ], [ -94.9942722, 29.5877657, 0.0 ], [ -94.9942152, 29.5877767, 0.0 ], [ -94.9941592, 29.5878097, 0.0 ], [ -94.9939452, 29.5880127, 0.0 ], [ -94.9938232, 29.5881607, 0.0 ], [ -94.9937622, 29.5883267, 0.0 ], [ -94.9937752, 29.5883817, 0.0 ], [ -94.9938882, 29.5884087, 0.0 ], [ -94.9939572, 29.5884417, 0.0 ], [ -94.9941282, 29.5885907, 0.0 ], [ -94.9941652, 29.5887057, 0.0 ], [ -94.9945052, 29.5889477, 0.0 ], [ -94.9946002, 29.5890737, 0.0 ], [ -94.9946002, 29.5891127, 0.0 ], [ -94.9945022, 29.5893817, 0.0 ], [ -94.9944552, 29.5895137, 0.0 ], [ -94.9944182, 29.5896957, 0.0 ], [ -94.9943672, 29.5898217, 0.0 ], [ -94.9943632, 29.5899087, 0.0 ], [ -94.9943592, 29.5899947, 0.0 ], [ -94.9943552, 29.5900807, 0.0 ], [ -94.9942922, 29.5900637, 0.0 ], [ -94.9942542, 29.5900747, 0.0 ], [ -94.9942172, 29.5901247, 0.0 ], [ -94.9942732, 29.5903277, 0.0 ], [ -94.9942542, 29.5903607, 0.0 ], [ -94.9938332, 29.5903997, 0.0 ], [ -94.9937512, 29.5904377, 0.0 ], [ -94.9936632, 29.5905207, 0.0 ], [ -94.9936002, 29.5905267, 0.0 ], [ -94.9935692, 29.5905157, 0.0 ], [ -94.9935182, 29.5904767, 0.0 ], [ -94.9934742, 29.5904767, 0.0 ], [ -94.9932232, 29.5906307, 0.0 ], [ -94.9928772, 29.5909387, 0.0 ], [ -94.9926192, 29.5912087, 0.0 ], [ -94.9923992, 29.5914617, 0.0 ], [ -94.9921492, 29.5917737, 0.0 ], [ -94.9920122, 29.5919447, 0.0 ], [ -94.9916572, 29.5923857, 0.0 ], [ -94.9913872, 29.5926497, 0.0 ], [ -94.9912552, 29.5928207, 0.0 ], [ -94.9911982, 29.5928427, 0.0 ], [ -94.9911762, 29.5928407, 0.0 ], [ -94.9910032, 29.5928257, 0.0 ], [ -94.9908582, 29.5928317, 0.0 ], [ -94.9908082, 29.5928487, 0.0 ], [ -94.9907832, 29.5928757, 0.0 ], [ -94.9907702, 29.5929857, 0.0 ], [ -94.9908022, 29.5930737, 0.0 ], [ -94.9908462, 29.5931337, 0.0 ], [ -94.9908772, 29.5931507, 0.0 ], [ -94.9908712, 29.5931887, 0.0 ], [ -94.9908022, 29.5933047, 0.0 ], [ -94.9907332, 29.5933437, 0.0 ], [ -94.9906702, 29.5933427, 0.0 ], [ -94.9905562, 29.5933107, 0.0 ], [ -94.9904682, 29.5933157, 0.0 ], [ -94.9903802, 29.5933437, 0.0 ], [ -94.9902802, 29.5934317, 0.0 ], [ -94.9901482, 29.5934317, 0.0 ], [ -94.9898672, 29.5933897, 0.0 ], [ -94.9898142, 29.5933817, 0.0 ], [ -94.9896952, 29.5935087, 0.0 ], [ -94.9894992, 29.5935907, 0.0 ], [ -94.9893862, 29.5936627, 0.0 ], [ -94.9892542, 29.5937787, 0.0 ], [ -94.9892482, 29.5938277, 0.0 ], [ -94.9892792, 29.5938827, 0.0 ], [ -94.9893552, 29.5939317, 0.0 ], [ -94.9893932, 29.5939427, 0.0 ], [ -94.9894562, 29.5939157, 0.0 ], [ -94.9895122, 29.5939047, 0.0 ], [ -94.9895562, 29.5939097, 0.0 ], [ -94.9896002, 29.5939377, 0.0 ], [ -94.9896382, 29.5939867, 0.0 ], [ -94.9896442, 29.5940147, 0.0 ], [ -94.9896432, 29.5940237, 0.0 ], [ -94.9896382, 29.5940637, 0.0 ], [ -94.9895692, 29.5942067, 0.0 ], [ -94.9894872, 29.5943277, 0.0 ], [ -94.9893682, 29.5944327, 0.0 ], [ -94.9892042, 29.5945917, 0.0 ], [ -94.9891282, 29.5946127, 0.0 ], [ -94.9890852, 29.5946177, 0.0 ], [ -94.9889842, 29.5946147, 0.0 ], [ -94.9889092, 29.5946087, 0.0 ], [ -94.9888272, 29.5945977, 0.0 ], [ -94.9886822, 29.5944717, 0.0 ], [ -94.9886422, 29.5944497, 0.0 ], [ -94.9885002, 29.5943727, 0.0 ], [ -94.9884052, 29.5943837, 0.0 ], [ -94.9883172, 29.5943557, 0.0 ], [ -94.9882162, 29.5943777, 0.0 ], [ -94.9881662, 29.5943777, 0.0 ], [ -94.9879212, 29.5942027, 0.0 ], [ -94.9879082, 29.5941367, 0.0 ], [ -94.9879582, 29.5940427, 0.0 ], [ -94.9879392, 29.5940267, 0.0 ], [ -94.9878642, 29.5940317, 0.0 ], [ -94.9877252, 29.5940537, 0.0 ], [ -94.9876002, 29.5941037, 0.0 ], [ -94.9875562, 29.5942187, 0.0 ], [ -94.9875122, 29.5942797, 0.0 ], [ -94.9874862, 29.5943677, 0.0 ], [ -94.9874872, 29.5944167, 0.0 ], [ -94.9875182, 29.5944497, 0.0 ], [ -94.9875432, 29.5946697, 0.0 ], [ -94.9875545, 29.5946816, 0.0 ], [ -94.9876508, 29.5946845, 0.0 ], [ -94.9960513, 29.5946141, 0.0 ], [ -94.9977043, 29.5946529, 0.0 ], [ -94.9979121, 29.5945409, 0.0 ], [ -94.9980067, 29.5945394, 0.0 ], [ -94.9988737, 29.5931605, 0.0 ], [ -95.0004916, 29.593156, 0.0 ], [ -95.0004738, 29.5924618, 0.0 ], [ -94.9993344, 29.5924704, 0.0 ], [ -95.0003731, 29.5908197, 0.0 ], [ -95.0007566, 29.5910307, 0.0 ], [ -95.0031303, 29.5898425, 0.0 ], [ -95.0054893, 29.5886615, 0.0 ], [ -95.0062603, 29.5884609, 0.0 ], [ -95.0080186, 29.5884182, 0.0 ], [ -95.0113458, 29.5883616, 0.0 ] ] ] } },
{ "type": "Feature", "properties": { "TRACT": "MUD104" }, "geometry": { "type": "MultiPolygon", "coordinates": [ [ [ [ -95.4572101, 30.0553241, 0.0 ], [ -95.4575132, 30.0551478, 0.0 ], [ -95.4576142, 30.0550891, 0.0 ], [ -95.4579286, 30.055509, 0.0 ], [ -95.4587281, 30.0548869, 0.0 ], [ -95.4580274, 30.053915, 0.0 ], [ -95.4588089, 30.053293, 0.0 ], [ -95.4595186, 30.0542649, 0.0 ], [ -95.460893, 30.0532074, 0.0 ], [ -95.4591323, 30.0510381, 0.0 ], [ -95.458737, 30.0509059, 0.0 ], [ -95.4575423, 30.0515746, 0.0 ], [ -95.457183, 30.0510847, 0.0 ], [ -95.4581891, 30.0505171, 0.0 ], [ -95.4557726, 30.0472435, 0.0 ], [ -95.453949, 30.0480289, 0.0 ], [ -95.4520895, 30.0475234, 0.0 ], [ -95.4493946, 30.0465359, 0.0 ], [ -95.4483435, 30.0458982, 0.0 ], [ -95.4476518, 30.0463804, 0.0 ], [ -95.4466906, 30.0456494, 0.0 ], [ -95.4465649, 30.0451284, 0.0 ], [ -95.4460259, 30.0447241, 0.0 ], [ -95.4444988, 30.0456183, 0.0 ], [ -95.4458822, 30.0474612, 0.0 ], [ -95.4432411, 30.0488997, 0.0 ], [ -95.4459181, 30.0525388, 0.0 ], [ -95.4456127, 30.0527098, 0.0 ], [ -95.4459989, 30.0532074, 0.0 ], [ -95.4466188, 30.0546303, 0.0 ], [ -95.4471398, 30.0550969, 0.0 ], [ -95.4485142, 30.0534718, 0.0 ], [ -95.4479752, 30.0526787, 0.0 ], [ -95.4474901, 30.0526709, 0.0 ], [ -95.447571, 30.0519089, 0.0 ], [ -95.4484424, 30.0519245, 0.0 ], [ -95.4484244, 30.0526709, 0.0 ], [ -95.4481639, 30.0526787, 0.0 ], [ -95.4486041, 30.0533863, 0.0 ], [ -95.4492329, 30.0526476, 0.0 ], [ -95.4517482, 30.051248, 0.0 ], [ -95.452889, 30.0527953, 0.0 ], [ -95.4505085, 30.0541327, 0.0 ], [ -95.4497269, 30.0555634, 0.0 ], [ -95.4493407, 30.0558433, 0.0 ], [ -95.4497808, 30.0563254, 0.0 ], [ -95.4498976, 30.057064, 0.0 ], [ -95.4520626, 30.057064, 0.0 ], [ -95.4520715, 30.0580437, 0.0 ], [ -95.452871, 30.0575927, 0.0 ], [ -95.4533202, 30.0581992, 0.0 ], [ -95.4538322, 30.0585801, 0.0 ], [ -95.4552606, 30.057064, 0.0 ], [ -95.456123, 30.0568074, 0.0 ], [ -95.4560241, 30.0566675, 0.0 ], [ -95.4561319, 30.0566053, 0.0 ], [ -95.4545419, 30.0544204, 0.0 ], [ -95.4547036, 30.0543349, 0.0 ], [ -95.4562846, 30.0565197, 0.0 ], [ -95.4573716, 30.0559288, 0.0 ], [ -95.4570392, 30.0554234, 0.0 ], [ -95.4572101, 30.0553241, 0.0 ] ] ], [ [ [ -95.4597722, 30.0591232, 0.0 ], [ -95.460166, 30.0596903, 0.0 ], [ -95.4613062, 30.0613325, 0.0 ], [ -95.465151, 30.0592177, 0.0 ], [ -95.4621956, 30.0549569, 0.0 ], [ -95.4610367, 30.0555712, 0.0 ], [ -95.4600755, 30.0541949, 0.0 ], [ -95.4578567, 30.0558044, 0.0 ], [ -95.4563385, 30.0567141, 0.0 ], [ -95.4571111, 30.0577404, 0.0 ], [ -95.4596623, 30.056372, 0.0 ], [ -95.4597432, 30.0564886, 0.0 ], [ -95.4603899, 30.0574217, 0.0 ], [ -95.4590874, 30.058137, 0.0 ], [ -95.4597722, 30.0591232, 0.0 ] ] ], [ [ [ -95.4487292, 30.0596127, 0.0 ], [ -95.4481732, 30.0588444, 0.0 ], [ -95.4442742, 30.0534563, 0.0 ], [ -95.4409953, 30.0552679, 0.0 ], [ -95.4469062, 30.0631284, 0.0 ], [ -95.4481549, 30.0624987, 0.0 ], [ -95.447571, 30.061729, 0.0 ], [ -95.4476788, 30.0615424, 0.0 ], [ -95.4483435, 30.0624598, 0.0 ], [ -95.4500863, 30.061488, 0.0 ], [ -95.4487292, 30.0596127, 0.0 ] ] ] ] } },
{ "type": "Feature", "properties": { "TRACT": "HCID18" }, "geometry": { "type": "MultiPolygon", "coordinates": [ [ [ [ -95.4509215, 30.0864747, 0.0 ], [ -95.4509123, 30.0849802, 0.0 ], [ -95.4509003, 30.0830301, 0.0 ], [ -95.4385647, 30.0831384, 0.0 ], [ -95.4385575, 30.0845329, 0.0 ], [ -95.450923, 30.0867323, 0.0 ], [ -95.4509215, 30.0864747, 0.0 ] ] ], [ [ [ -95.4718543, 30.0997135, 0.0 ], [ -95.4736875, 30.0992384, 0.0 ], [ -95.4737842, 30.0914595, 0.0 ], [ -95.4632219, 30.0895829, 0.0 ], [ -95.4632219, 30.0893023, 0.0 ], [ -95.4386686, 30.0849362, 0.0 ], [ -95.4386552, 30.0873118, 0.0 ], [ -95.4375425, 30.0873073, 0.0 ], [ -95.4375208, 30.087304, 0.0 ], [ -95.4372475, 30.0872162, 0.0 ], [ -95.4371891, 30.0873784, 0.0 ], [ -95.4363252, 30.0896412, 0.0 ], [ -95.4365902, 30.0896407, 0.0 ], [ -95.4366014, 30.0904684, 0.0 ], [ -95.438638, 30.0904479, 0.0 ], [ -95.4386302, 30.0918584, 0.0 ], [ -95.437568, 30.0918623, 0.0 ], [ -95.4375758, 30.0906234, 0.0 ], [ -95.4366036, 30.0906334, 0.0 ], [ -95.4366119, 30.0912973, 0.0 ], [ -95.4361141, 30.0913023, 0.0 ], [ -95.436128, 30.0920579, 0.0 ], [ -95.4358419, 30.0920568, 0.0 ], [ -95.4359413, 30.0940629, 0.0 ], [ -95.4360391, 30.0940618, 0.0 ], [ -95.4360402, 30.0941718, 0.0 ], [ -95.4361986, 30.0941701, 0.0 ], [ -95.4362102, 30.0952662, 0.0 ], [ -95.4360019, 30.0952695, 0.0 ], [ -95.436018, 30.0955973, 0.0 ], [ -95.4362141, 30.0955962, 0.0 ], [ -95.4362175, 30.0959257, 0.0 ], [ -95.4360347, 30.0959284, 0.0 ], [ -95.4360619, 30.096474, 0.0 ], [ -95.4360833, 30.0969422, 0.0 ], [ -95.4361007, 30.0974105, 0.0 ], [ -95.4361141, 30.097879, 0.0 ], [ -95.4362708, 30.0978757, 0.0 ], [ -95.4362852, 30.0986029, 0.0 ], [ -95.4361275, 30.098604, 0.0 ], [ -95.436128, 30.0986851, 0.0 ], [ -95.4361497, 30.1007179, 0.0 ], [ -95.4361719, 30.102914, 0.0 ], [ -95.4362041, 30.1034801, 0.0 ], [ -95.4363286, 30.1048118, 0.0 ], [ -95.4363563, 30.1053835, 0.0 ], [ -95.4365286, 30.1055385, 0.0 ], [ -95.4365602, 30.1055385, 0.0 ], [ -95.4365608, 30.1057585, 0.0 ], [ -95.4365291, 30.1057585, 0.0 ], [ -95.4364074, 30.1058751, 0.0 ], [ -95.4364352, 30.106149, 0.0 ], [ -95.4364736, 30.1069735, 0.0 ], [ -95.4367508, 30.1087468, 0.0 ], [ -95.437228, 30.1087396, 0.0 ], [ -95.4372714, 30.1100647, 0.0 ], [ -95.4373739, 30.1100643, 0.0 ], [ -95.4373753, 30.1100642, 0.0 ], [ -95.4373789, 30.1100642, 0.0 ], [ -95.4374718, 30.1101018, 0.0 ], [ -95.4374721, 30.1101019, 0.0 ], [ -95.4375606, 30.1101377, 0.0 ], [ -95.4376375, 30.1101627, 0.0 ], [ -95.4377169, 30.1101885, 0.0 ], [ -95.4377451, 30.1101977, 0.0 ], [ -95.4378171, 30.1101963, 0.0 ], [ -95.4379435, 30.1101938, 0.0 ], [ -95.4379918, 30.1101928, 0.0 ], [ -95.4381858, 30.1102127, 0.0 ], [ -95.4384475, 30.1100982, 0.0 ], [ -95.4387549, 30.1098483, 0.0 ], [ -95.4387571, 30.1098465, 0.0 ], [ -95.4387586, 30.1098453, 0.0 ], [ -95.4388864, 30.1097414, 0.0 ], [ -95.4392003, 30.1095891, 0.0 ], [ -95.4394896, 30.1095879, 0.0 ], [ -95.4399135, 30.1096351, 0.0 ], [ -95.4401743, 30.1096197, 0.0 ], [ -95.4404305, 30.1095563, 0.0 ], [ -95.4404338, 30.1095547, 0.0 ], [ -95.4404352, 30.109554, 0.0 ], [ -95.4404357, 30.1095538, 0.0 ], [ -95.4406831, 30.1094321, 0.0 ], [ -95.4407352, 30.1094065, 0.0 ], [ -95.4407903, 30.1093794, 0.0 ], [ -95.441065, 30.1092555, 0.0 ], [ -95.4410681, 30.1092541, 0.0 ], [ -95.4412713, 30.1091624, 0.0 ], [ -95.4416883, 30.109016, 0.0 ], [ -95.4420067, 30.1089601, 0.0 ], [ -95.4422255, 30.1090569, 0.0 ], [ -95.4422306, 30.1090591, 0.0 ], [ -95.4422313, 30.1090597, 0.0 ], [ -95.4424742, 30.1092322, 0.0 ], [ -95.4424749, 30.1092325, 0.0 ], [ -95.4427329, 30.1093456, 0.0 ], [ -95.4427337, 30.1093459, 0.0 ], [ -95.4428395, 30.1093873, 0.0 ], [ -95.4429643, 30.1094245, 0.0 ], [ -95.4429894, 30.1094359, 0.0 ], [ -95.4430098, 30.1094451, 0.0 ], [ -95.4430119, 30.1094461, 0.0 ], [ -95.443031, 30.1094547, 0.0 ], [ -95.4430326, 30.1094554, 0.0 ], [ -95.4430368, 30.1094574, 0.0 ], [ -95.4430434, 30.1094603, 0.0 ], [ -95.4430708, 30.1094727, 0.0 ], [ -95.4430718, 30.1094732, 0.0 ], [ -95.4431356, 30.1095021, 0.0 ], [ -95.4431388, 30.1095035, 0.0 ], [ -95.4432218, 30.1095411, 0.0 ], [ -95.4432694, 30.109556, 0.0 ], [ -95.4432727, 30.1095571, 0.0 ], [ -95.4432876, 30.1095618, 0.0 ], [ -95.4432922, 30.1095632, 0.0 ], [ -95.4433303, 30.1095752, 0.0 ], [ -95.4433332, 30.1095761, 0.0 ], [ -95.4433624, 30.1095853, 0.0 ], [ -95.4433794, 30.1095906, 0.0 ], [ -95.4433901, 30.109594, 0.0 ], [ -95.4434061, 30.109599, 0.0 ], [ -95.4434799, 30.1096279, 0.0 ], [ -95.4435127, 30.1096407, 0.0 ], [ -95.4436288, 30.1096366, 0.0 ], [ -95.4436493, 30.1096394, 0.0 ], [ -95.4437261, 30.10965, 0.0 ], [ -95.4438023, 30.1096604, 0.0 ], [ -95.4438869, 30.109672, 0.0 ], [ -95.4440365, 30.1096377, 0.0 ], [ -95.4440924, 30.1096277, 0.0 ], [ -95.4442783, 30.1095944, 0.0 ], [ -95.4443766, 30.1095767, 0.0 ], [ -95.444409, 30.1095709, 0.0 ], [ -95.4453265, 30.1096882, 0.0 ], [ -95.4455759, 30.1096845, 0.0 ], [ -95.4458237, 30.1096446, 0.0 ], [ -95.4458878, 30.1096336, 0.0 ], [ -95.4462027, 30.1095798, 0.0 ], [ -95.4463115, 30.1095612, 0.0 ], [ -95.4463323, 30.1095577, 0.0 ], [ -95.4464548, 30.1092229, 0.0 ], [ -95.4465822, 30.1090542, 0.0 ], [ -95.4466145, 30.1090114, 0.0 ], [ -95.4467546, 30.1089185, 0.0 ], [ -95.4469416, 30.1087946, 0.0 ], [ -95.4470002, 30.1087558, 0.0 ], [ -95.4470025, 30.1087542, 0.0 ], [ -95.4470028, 30.108754, 0.0 ], [ -95.4471571, 30.1086519, 0.0 ], [ -95.4471574, 30.1086517, 0.0 ], [ -95.4472155, 30.1086133, 0.0 ], [ -95.4472478, 30.1086165, 0.0 ], [ -95.4474984, 30.1086418, 0.0 ], [ -95.4482314, 30.1088322, 0.0 ], [ -95.4485068, 30.1089431, 0.0 ], [ -95.4487787, 30.109097, 0.0 ], [ -95.4490024, 30.1091679, 0.0 ], [ -95.4491103, 30.1091471, 0.0 ], [ -95.4491306, 30.1091432, 0.0 ], [ -95.4491374, 30.1091418, 0.0 ], [ -95.4491933, 30.109131, 0.0 ], [ -95.449349, 30.109101, 0.0 ], [ -95.4493545, 30.1091, 0.0 ], [ -95.4493571, 30.1090979, 0.0 ], [ -95.4493585, 30.1090968, 0.0 ], [ -95.4493623, 30.1090937, 0.0 ], [ -95.4493709, 30.1090868, 0.0 ], [ -95.4493732, 30.1090849, 0.0 ], [ -95.4494033, 30.1090606, 0.0 ], [ -95.4494522, 30.1090212, 0.0 ], [ -95.4494531, 30.1090205, 0.0 ], [ -95.4494948, 30.1089869, 0.0 ], [ -95.4495027, 30.1089806, 0.0 ], [ -95.4495033, 30.1089801, 0.0 ], [ -95.4495072, 30.1089769, 0.0 ], [ -95.4495268, 30.1089701, 0.0 ], [ -95.4495314, 30.1089685, 0.0 ], [ -95.4495346, 30.1089673, 0.0 ], [ -95.449552, 30.1089613, 0.0 ], [ -95.4495538, 30.1089606, 0.0 ], [ -95.4495569, 30.1089596, 0.0 ], [ -95.4496714, 30.108921, 0.0 ], [ -95.4497181, 30.1089053, 0.0 ], [ -95.4499184, 30.1088377, 0.0 ], [ -95.4499246, 30.1088357, 0.0 ], [ -95.450069, 30.108787, 0.0 ], [ -95.4501239, 30.1087684, 0.0 ], [ -95.4501258, 30.1087678, 0.0 ], [ -95.4501294, 30.1087665, 0.0 ], [ -95.4501651, 30.1087541, 0.0 ], [ -95.4504145, 30.1086969, 0.0 ], [ -95.4504458, 30.1086897, 0.0 ], [ -95.4504469, 30.1086894, 0.0 ], [ -95.4506508, 30.1086357, 0.0 ], [ -95.4507118, 30.1086196, 0.0 ], [ -95.4507128, 30.1086195, 0.0 ], [ -95.4509622, 30.1085795, 0.0 ], [ -95.4511637, 30.1085472, 0.0 ], [ -95.4511688, 30.1085446, 0.0 ], [ -95.4511708, 30.1085436, 0.0 ], [ -95.4511724, 30.1085428, 0.0 ], [ -95.4512726, 30.1084919, 0.0 ], [ -95.4514704, 30.108371, 0.0 ], [ -95.4514743, 30.1083686, 0.0 ], [ -95.4515978, 30.1082832, 0.0 ], [ -95.4516131, 30.1082727, 0.0 ], [ -95.4516159, 30.1082708, 0.0 ], [ -95.4516167, 30.1082702, 0.0 ], [ -95.4516184, 30.108269, 0.0 ], [ -95.451622, 30.1082665, 0.0 ], [ -95.4517504, 30.1081778, 0.0 ], [ -95.4518517, 30.1080673, 0.0 ], [ -95.452025, 30.10741, 0.0 ], [ -95.4520575, 30.1071648, 0.0 ], [ -95.452133, 30.1070132, 0.0 ], [ -95.4523043, 30.1068491, 0.0 ], [ -95.452305, 30.1068484, 0.0 ], [ -95.4523057, 30.1068477, 0.0 ], [ -95.4523182, 30.1068358, 0.0 ], [ -95.45233, 30.1068262, 0.0 ], [ -95.452332, 30.1068246, 0.0 ], [ -95.4524283, 30.1067466, 0.0 ], [ -95.4525704, 30.1066648, 0.0 ], [ -95.4527662, 30.1066581, 0.0 ], [ -95.4529039, 30.1066232, 0.0 ], [ -95.4530158, 30.1066041, 0.0 ], [ -95.4530164, 30.106604, 0.0 ], [ -95.4530685, 30.106595, 0.0 ], [ -95.4532726, 30.1065024, 0.0 ], [ -95.4533538, 30.106404, 0.0 ], [ -95.4534008, 30.1063201, 0.0 ], [ -95.4534521, 30.1062843, 0.0 ], [ -95.4535153, 30.1061149, 0.0 ], [ -95.4535151, 30.1061131, 0.0 ], [ -95.4534897, 30.1058772, 0.0 ], [ -95.4534765, 30.105785, 0.0 ], [ -95.4534559, 30.1056405, 0.0 ], [ -95.4534547, 30.1056363, 0.0 ], [ -95.4533834, 30.1051492, 0.0 ], [ -95.453378, 30.1051123, 0.0 ], [ -95.4533855, 30.1051005, 0.0 ], [ -95.4533878, 30.1050469, 0.0 ], [ -95.4535508, 30.1047787, 0.0 ], [ -95.4536905, 30.1046817, 0.0 ], [ -95.4539532, 30.1046166, 0.0 ], [ -95.4541799, 30.1045305, 0.0 ], [ -95.4543483, 30.1044509, 0.0 ], [ -95.4545201, 30.1043914, 0.0 ], [ -95.4545242, 30.10439, 0.0 ], [ -95.454527, 30.1043896, 0.0 ], [ -95.4547991, 30.1043508, 0.0 ], [ -95.4548893, 30.1043231, 0.0 ], [ -95.4549292, 30.1043108, 0.0 ], [ -95.4549798, 30.1042977, 0.0 ], [ -95.4549861, 30.1043004, 0.0 ], [ -95.454988, 30.1043013, 0.0 ], [ -95.455153, 30.1043737, 0.0 ], [ -95.455257, 30.1044331, 0.0 ], [ -95.4553307, 30.1044753, 0.0 ], [ -95.4554537, 30.1046213, 0.0 ], [ -95.4556651, 30.1047025, 0.0 ], [ -95.4556791, 30.1048004, 0.0 ], [ -95.4556473, 30.1049338, 0.0 ], [ -95.4556519, 30.1049415, 0.0 ], [ -95.4557193, 30.1050526, 0.0 ], [ -95.4558872, 30.1051359, 0.0 ], [ -95.45591, 30.105145, 0.0 ], [ -95.4560287, 30.1051918, 0.0 ], [ -95.4560314, 30.1051906, 0.0 ], [ -95.4560871, 30.1051667, 0.0 ], [ -95.4561262, 30.1051499, 0.0 ], [ -95.4570444, 30.1048036, 0.0 ], [ -95.4570778, 30.104791, 0.0 ], [ -95.4570859, 30.104788, 0.0 ], [ -95.4578125, 30.1044155, 0.0 ], [ -95.4578136, 30.104415, 0.0 ], [ -95.4578136, 30.104415, 0.0 ], [ -95.4583398, 30.1046827, 0.0 ], [ -95.4594408, 30.1052431, 0.0 ], [ -95.4601012, 30.1055793, 0.0 ], [ -95.4601018, 30.1055793, 0.0 ], [ -95.4607166, 30.1056103, 0.0 ], [ -95.4607172, 30.1056102, 0.0 ], [ -95.4607601, 30.1056011, 0.0 ], [ -95.4609991, 30.1055018, 0.0 ], [ -95.4614324, 30.1054584, 0.0 ], [ -95.4615152, 30.1054501, 0.0 ], [ -95.4617397, 30.1055823, 0.0 ], [ -95.4626625, 30.1056312, 0.0 ], [ -95.4629536, 30.1054346, 0.0 ], [ -95.4631313, 30.1052042, 0.0 ], [ -95.4632047, 30.105109, 0.0 ], [ -95.4632114, 30.0989673, 0.0 ], [ -95.4675297, 30.0989768, 0.0 ], [ -95.4675341, 30.1003173, 0.0 ], [ -95.4685475, 30.1003123, 0.0 ], [ -95.4685514, 30.1022801, 0.0 ], [ -95.4695669, 30.1022785, 0.0 ], [ -95.4695608, 30.1003079, 0.0 ], [ -95.4710651, 30.0999181, 0.0 ], [ -95.4718543, 30.0997135, 0.0 ] ] ] ] } },
{ "type": "Feature", "properties": { "TRACT": "MUD49" }, "geometry": { "type": "Polygon", "coordinates": [ [ [ -95.2415271, 29.9341432, 0.0 ], [ -95.2429578, 29.9343152, 0.0 ], [ -95.2470002, 29.9341206, 0.0 ], [ -95.2468745, 29.9258839, 0.0 ], [ -95.2385112, 29.9260474, 0.0 ], [ -95.2381788, 29.9263199, 0.0 ], [ -95.2369481, 29.9268259, 0.0 ], [ -95.2356186, 29.9270673, 0.0 ], [ -95.2349089, 29.927441, 0.0 ], [ -95.2334806, 29.9305395, 0.0 ], [ -95.2340591, 29.9332392, 0.0 ], [ -95.2344218, 29.9343076, 0.0 ], [ -95.2290968, 29.9344553, 0.0 ], [ -95.2271115, 29.9343463, 0.0 ], [ -95.2162419, 29.934502, 0.0 ], [ -95.212999, 29.934681, 0.0 ], [ -95.2102543, 29.9345136, 0.0 ], [ -95.2099357, 29.9344942, 0.0 ], [ -95.2062347, 29.934572, 0.0 ], [ -95.2038002, 29.9346265, 0.0 ], [ -95.198069, 29.940138, 0.0 ], [ -95.1990302, 29.9409709, 0.0 ], [ -95.2211108, 29.9409087, 0.0 ], [ -95.2285039, 29.940886, 0.0 ], [ -95.2312528, 29.9408775, 0.0 ], [ -95.2312528, 29.9400859, 0.0 ], [ -95.2312528, 29.9400368, 0.0 ], [ -95.2360123, 29.9400246, 0.0 ], [ -95.2373343, 29.9400213, 0.0 ], [ -95.2372266, 29.9348757, 0.0 ], [ -95.236975, 29.9348835, 0.0 ], [ -95.2369669, 29.934591, 0.0 ], [ -95.2365559, 29.9335859, 0.0 ], [ -95.2371277, 29.9336145, 0.0 ], [ -95.2414933, 29.9341392, 0.0 ], [ -95.2415271, 29.9341432, 0.0 ] ] ] } },
{ "type": "Feature", "properties": { "TRACT": "FondrenRd" }, "geometry": { "type": "Polygon", "coordinates": [ [ [ -95.5147982, 29.6414491, 0.0 ], [ -95.515068, 29.6414466, 0.0 ], [ -95.5169611, 29.6414203, 0.0 ], [ -95.5185973, 29.6413975, 0.0 ], [ -95.5188552, 29.6413905, 0.0 ], [ -95.5188871, 29.6413905, 0.0 ], [ -95.5196369, 29.6413896, 0.0 ], [ -95.5211264, 29.6413878, 0.0 ], [ -95.5211262, 29.6413694, 0.0 ], [ -95.5210846, 29.6379362, 0.0 ], [ -95.5286334, 29.6378556, 0.0 ], [ -95.5286059, 29.6359068, 0.0 ], [ -95.5292121, 29.6364161, 0.0 ], [ -95.5303381, 29.6373621, 0.0 ], [ -95.5306907, 29.6369574, 0.0 ], [ -95.5308257, 29.6367482, 0.0 ], [ -95.5186376, 29.6268574, 0.0 ], [ -95.5180426, 29.6270868, 0.0 ], [ -95.5081831, 29.6308881, 0.0 ], [ -95.5082122, 29.6333439, 0.0 ], [ -95.508216, 29.6336672, 0.0 ], [ -95.50822, 29.6340033, 0.0 ], [ -95.5082222, 29.6341902, 0.0 ], [ -95.5082362, 29.6353752, 0.0 ], [ -95.5082459, 29.6363478, 0.0 ], [ -95.508266, 29.638249, 0.0 ], [ -95.5083068, 29.6415261, 0.0 ], [ -95.508309, 29.6415261, 0.0 ], [ -95.5083228, 29.641526, 0.0 ], [ -95.5091836, 29.641519, 0.0 ], [ -95.5097156, 29.641513, 0.0 ], [ -95.5100368, 29.641509, 0.0 ], [ -95.5101516, 29.6415071, 0.0 ], [ -95.5101878, 29.6415065, 0.0 ], [ -95.5102068, 29.6415062, 0.0 ], [ -95.5102267, 29.6415056, 0.0 ], [ -95.5103528, 29.6415014, 0.0 ], [ -95.5103869, 29.6415003, 0.0 ], [ -95.510398, 29.6415003, 0.0 ], [ -95.510439, 29.6415003, 0.0 ], [ -95.5105365, 29.6415004, 0.0 ], [ -95.5105668, 29.6415001, 0.0 ], [ -95.5105842, 29.6414999, 0.0 ], [ -95.5106067, 29.6414996, 0.0 ], [ -95.511762, 29.6414854, 0.0 ], [ -95.5126055, 29.6414699, 0.0 ], [ -95.5128992, 29.6414656, 0.0 ], [ -95.5130123, 29.6414639, 0.0 ], [ -95.5134396, 29.6414593, 0.0 ], [ -95.5134397, 29.6414593, 0.0 ], [ -95.5134398, 29.6414593, 0.0 ], [ -95.513441, 29.6414593, 0.0 ], [ -95.5134416, 29.6414593, 0.0 ], [ -95.513446, 29.6414592, 0.0 ], [ -95.5134488, 29.6414592, 0.0 ], [ -95.5134509, 29.6414592, 0.0 ], [ -95.5134724, 29.641459, 0.0 ], [ -95.513488, 29.6414589, 0.0 ], [ -95.5135839, 29.6414581, 0.0 ], [ -95.5136253, 29.6414578, 0.0 ], [ -95.5144598, 29.6414516, 0.0 ], [ -95.5147777, 29.6414493, 0.0 ], [ -95.5147982, 29.6414491, 0.0 ] ] ] } },
{ "type": "Feature", "properties": { "TRACT": "TomballNorth" }, "geometry": { "type": "Polygon", "coordinates": [ [ [ -95.647477, 30.1107948, 0.0 ], [ -95.6474769, 30.1107523, 0.0 ], [ -95.647472, 30.1089338, 0.0 ], [ -95.6474682, 30.1075886, 0.0 ], [ -95.6474654, 30.1066642, 0.0 ], [ -95.6470157, 30.1069914, 0.0 ], [ -95.646732, 30.1071989, 0.0 ], [ -95.646354, 30.1074751, 0.0 ], [ -95.6463316, 30.1074915, 0.0 ], [ -95.6463121, 30.1071939, 0.0 ], [ -95.6449032, 30.1072248, 0.0 ], [ -95.6438908, 30.1072463, 0.0 ], [ -95.6428873, 30.1072652, 0.0 ], [ -95.6418789, 30.1072868, 0.0 ], [ -95.6409289, 30.1073099, 0.0 ], [ -95.6408681, 30.1071158, 0.0 ], [ -95.6408602, 30.1070221, 0.0 ], [ -95.6408455, 30.1061965, 0.0 ], [ -95.6408389, 30.1058222, 0.0 ], [ -95.6408345, 30.1055497, 0.0 ], [ -95.6410374, 30.1055479, 0.0 ], [ -95.6418852, 30.1055402, 0.0 ], [ -95.6418564, 30.1034654, 0.0 ], [ -95.6418341, 30.1032557, 0.0 ], [ -95.6422062, 30.103243, 0.0 ], [ -95.6423112, 30.1032291, 0.0 ], [ -95.6423673, 30.1025815, 0.0 ], [ -95.6423673, 30.1022459, 0.0 ], [ -95.6423673, 30.0991183, 0.0 ], [ -95.6370171, 30.0990188, 0.0 ], [ -95.6358807, 30.0975274, 0.0 ], [ -95.6365063, 30.0970524, 0.0 ], [ -95.6356033, 30.0953061, 0.0 ], [ -95.6355059, 30.0938732, 0.0 ], [ -95.6352137, 30.092356, 0.0 ], [ -95.6351649, 30.0909652, 0.0 ], [ -95.6355059, 30.0891108, 0.0 ], [ -95.635652, 30.0885629, 0.0 ], [ -95.635652, 30.0878886, 0.0 ], [ -95.6324372, 30.0878886, 0.0 ], [ -95.6320962, 30.0878886, 0.0 ], [ -95.632632, 30.089448, 0.0 ], [ -95.6314143, 30.0895744, 0.0 ], [ -95.6312112, 30.0896524, 0.0 ], [ -95.6313508, 30.0904982, 0.0 ], [ -95.6314905, 30.0904465, 0.0 ], [ -95.6316501, 30.0904465, 0.0 ], [ -95.6317698, 30.0917412, 0.0 ], [ -95.6301936, 30.0917757, 0.0 ], [ -95.6302335, 30.0929668, 0.0 ], [ -95.6302535, 30.0932603, 0.0 ], [ -95.6290963, 30.0933466, 0.0 ], [ -95.6289566, 30.0929668, 0.0 ], [ -95.6282583, 30.0930013, 0.0 ], [ -95.6281785, 30.0913614, 0.0 ], [ -95.6266622, 30.0920864, 0.0 ], [ -95.6267252, 30.0936939, 0.0 ], [ -95.6264316, 30.0936939, 0.0 ], [ -95.6254228, 30.0942242, 0.0 ], [ -95.6254356, 30.0938707, 0.0 ], [ -95.6245673, 30.0942794, 0.0 ], [ -95.6243885, 30.0939922, 0.0 ], [ -95.622703, 30.094633, 0.0 ], [ -95.6228945, 30.0949754, 0.0 ], [ -95.6229113, 30.096868, 0.0 ], [ -95.6284414, 30.0969561, 0.0 ], [ -95.6284778, 30.0978865, 0.0 ], [ -95.6250062, 30.0977829, 0.0 ], [ -95.6250062, 30.0985079, 0.0 ], [ -95.6241882, 30.0984388, 0.0 ], [ -95.6241882, 30.0988704, 0.0 ], [ -95.6235497, 30.0988704, 0.0 ], [ -95.6235497, 30.0992501, 0.0 ], [ -95.6229512, 30.0992501, 0.0 ], [ -95.6229113, 30.0975758, 0.0 ], [ -95.6207765, 30.0983871, 0.0 ], [ -95.6193399, 30.0957805, 0.0 ], [ -95.6138931, 30.0981627, 0.0 ], [ -95.6091446, 30.0903601, 0.0 ], [ -95.6069774, 30.0914963, 0.0 ], [ -95.6067904, 30.0911726, 0.0 ], [ -95.5995579, 30.0912535, 0.0 ], [ -95.5995267, 30.0923864, 0.0 ], [ -95.5953493, 30.0923864, 0.0 ], [ -95.5954429, 30.0950027, 0.0 ], [ -95.5939153, 30.0950027, 0.0 ], [ -95.5939169, 30.0950156, 0.0 ], [ -95.5939272, 30.0950155, 0.0 ], [ -95.5939282, 30.0950718, 0.0 ], [ -95.5939291, 30.0951138, 0.0 ], [ -95.5941998, 30.0972868, 0.0 ], [ -95.5941052, 30.0985965, 0.0 ], [ -95.5938855, 30.099587, 0.0 ], [ -95.5940023, 30.0995879, 0.0 ], [ -95.5940005, 30.0995936, 0.0 ], [ -95.5953381, 30.0996471, 0.0 ], [ -95.5952982, 30.0999578, 0.0 ], [ -95.5940812, 30.1000269, 0.0 ], [ -95.5937614, 30.1009953, 0.0 ], [ -95.6002398, 30.101206, 0.0 ], [ -95.6006782, 30.1025545, 0.0 ], [ -95.6006782, 30.10601, 0.0 ], [ -95.5927515, 30.1059682, 0.0 ], [ -95.5923247, 30.1066389, 0.0 ], [ -95.5923534, 30.1066385, 0.0 ], [ -95.5924538, 30.1066404, 0.0 ], [ -95.5924564, 30.1068, 0.0 ], [ -95.5924654, 30.1073339, 0.0 ], [ -95.5924718, 30.1084151, 0.0 ], [ -95.5924728, 30.1085032, 0.0 ], [ -95.5924697, 30.1090698, 0.0 ], [ -95.5924772, 30.1101648, 0.0 ], [ -95.5924836, 30.1112736, 0.0 ], [ -95.5924856, 30.111733, 0.0 ], [ -95.5924962, 30.1136809, 0.0 ], [ -95.5923028, 30.114614, 0.0 ], [ -95.5921843, 30.1149384, 0.0 ], [ -95.5921034, 30.1151344, 0.0 ], [ -95.5919862, 30.115445, 0.0 ], [ -95.5919078, 30.1156824, 0.0 ], [ -95.5918164, 30.1160019, 0.0 ], [ -95.5917764, 30.1161577, 0.0 ], [ -95.5917353, 30.1164152, 0.0 ], [ -95.5928578, 30.1163694, 0.0 ], [ -95.5938787, 30.116354, 0.0 ], [ -95.5950667, 30.1163373, 0.0 ], [ -95.5963299, 30.1163143, 0.0 ], [ -95.5963604, 30.1178858, 0.0 ], [ -95.5966328, 30.1178542, 0.0 ], [ -95.5966553, 30.1180803, 0.0 ], [ -95.596962, 30.1180385, 0.0 ], [ -95.596996, 30.1183695, 0.0 ], [ -95.5976827, 30.1182493, 0.0 ], [ -95.5978021, 30.1181808, 0.0 ], [ -95.5983882, 30.116977, 0.0 ], [ -95.5987055, 30.1163359, 0.0 ], [ -95.6000037, 30.1163109, 0.0 ], [ -95.6011476, 30.1162848, 0.0 ], [ -95.6022883, 30.1162366, 0.0 ], [ -95.6029075, 30.1162193, 0.0 ], [ -95.6035523, 30.1162163, 0.0 ], [ -95.6049414, 30.1162156, 0.0 ], [ -95.6065568, 30.1162124, 0.0 ], [ -95.6083115, 30.1162071, 0.0 ], [ -95.6083318, 30.1184974, 0.0 ], [ -95.6083353, 30.118896, 0.0 ], [ -95.608355, 30.1211157, 0.0 ], [ -95.604651, 30.1211185, 0.0 ], [ -95.6046858, 30.1268494, 0.0 ], [ -95.6073337, 30.1283659, 0.0 ], [ -95.6079952, 30.1287429, 0.0 ], [ -95.6089143, 30.1292695, 0.0 ], [ -95.6093118, 30.1294968, 0.0 ], [ -95.6095625, 30.1296902, 0.0 ], [ -95.6095235, 30.1260196, 0.0 ], [ -95.6106857, 30.1260187, 0.0 ], [ -95.6120724, 30.1259986, 0.0 ], [ -95.6121263, 30.131122, 0.0 ], [ -95.6145083, 30.1324803, 0.0 ], [ -95.6145511, 30.1328115, 0.0 ], [ -95.6121651, 30.131453, 0.0 ], [ -95.6121903, 30.1348757, 0.0 ], [ -95.6121947, 30.1348814, 0.0 ], [ -95.6122464, 30.1349483, 0.0 ], [ -95.6122509, 30.1349483, 0.0 ], [ -95.6123778, 30.1350155, 0.0 ], [ -95.6127549, 30.1352153, 0.0 ], [ -95.6129382, 30.1353448, 0.0 ], [ -95.6131331, 30.1353647, 0.0 ], [ -95.6134719, 30.1352693, 0.0 ], [ -95.6141889, 30.1351663, 0.0 ], [ -95.6146469, 30.1351203, 0.0 ], [ -95.6154559, 30.1348183, 0.0 ], [ -95.6159139, 30.1347693, 0.0 ], [ -95.6162799, 30.1348953, 0.0 ], [ -95.6167379, 30.1352693, 0.0 ], [ -95.6168988, 30.1355204, 0.0 ], [ -95.6169112, 30.1355306, 0.0 ], [ -95.6169297, 30.1355513, 0.0 ], [ -95.6169443, 30.1355742, 0.0 ], [ -95.6169499, 30.1355874, 0.0 ], [ -95.6169796, 30.1356067, 0.0 ], [ -95.6170916, 30.1356795, 0.0 ], [ -95.6171067, 30.1356808, 0.0 ], [ -95.6171188, 30.1356974, 0.0 ], [ -95.6171339, 30.1357073, 0.0 ], [ -95.6173939, 30.1356503, 0.0 ], [ -95.6174535, 30.1355992, 0.0 ], [ -95.6179765, 30.1351508, 0.0 ], [ -95.6180038, 30.135168, 0.0 ], [ -95.6180354, 30.1351962, 0.0 ], [ -95.6180609, 30.1352286, 0.0 ], [ -95.6180944, 30.1352518, 0.0 ], [ -95.6180982, 30.1352542, 0.0 ], [ -95.6181021, 30.1352565, 0.0 ], [ -95.6181059, 30.1352588, 0.0 ], [ -95.618106, 30.1352588, 0.0 ], [ -95.618122, 30.1352678, 0.0 ], [ -95.6181302, 30.135272, 0.0 ], [ -95.6181469, 30.1352801, 0.0 ], [ -95.6181553, 30.1352839, 0.0 ], [ -95.6181682, 30.1352892, 0.0 ], [ -95.6182035, 30.1353018, 0.0 ], [ -95.6182471, 30.1353133, 0.0 ], [ -95.6182918, 30.1353208, 0.0 ], [ -95.6183371, 30.1353243, 0.0 ], [ -95.6183705, 30.1353242, 0.0 ], [ -95.6184037, 30.135322, 0.0 ], [ -95.6184076, 30.1353216, 0.0 ], [ -95.6184082, 30.1353215, 0.0 ], [ -95.6184117, 30.1353212, 0.0 ], [ -95.6184122, 30.1353211, 0.0 ], [ -95.618413, 30.135321, 0.0 ], [ -95.6184131, 30.135321, 0.0 ], [ -95.6184142, 30.1353208, 0.0 ], [ -95.6184146, 30.1353208, 0.0 ], [ -95.6184152, 30.1353207, 0.0 ], [ -95.6184158, 30.1353206, 0.0 ], [ -95.6184165, 30.1353205, 0.0 ], [ -95.6184171, 30.1353205, 0.0 ], [ -95.6184175, 30.1353204, 0.0 ], [ -95.6184188, 30.1353203, 0.0 ], [ -95.6184215, 30.1353199, 0.0 ], [ -95.6184223, 30.1353198, 0.0 ], [ -95.6184258, 30.1353194, 0.0 ], [ -95.6184262, 30.1353193, 0.0 ], [ -95.6184271, 30.1353192, 0.0 ], [ -95.6184301, 30.1353187, 0.0 ], [ -95.6184308, 30.1353186, 0.0 ], [ -95.6184315, 30.1353185, 0.0 ], [ -95.6184345, 30.135318, 0.0 ], [ -95.6184357, 30.1353178, 0.0 ], [ -95.6184363, 30.1353177, 0.0 ], [ -95.6184373, 30.1353176, 0.0 ], [ -95.6184401, 30.1353171, 0.0 ], [ -95.6184409, 30.135317, 0.0 ], [ -95.6184777, 30.1353091, 0.0 ], [ -95.6185135, 30.1352985, 0.0 ], [ -95.6185144, 30.1352986, 0.0 ], [ -95.6185543, 30.1353083, 0.0 ], [ -95.6185916, 30.1353237, 0.0 ], [ -95.6186254, 30.1353445, 0.0 ], [ -95.6186546, 30.1353699, 0.0 ], [ -95.6186784, 30.1353994, 0.0 ], [ -95.618696, 30.1354319, 0.0 ], [ -95.618707, 30.1354665, 0.0 ], [ -95.6187161, 30.135526, 0.0 ], [ -95.6187324, 30.1355843, 0.0 ], [ -95.6187557, 30.1356408, 0.0 ], [ -95.6187858, 30.1356948, 0.0 ], [ -95.6188223, 30.1357457, 0.0 ], [ -95.6188648, 30.1357929, 0.0 ], [ -95.6189128, 30.135836, 0.0 ], [ -95.6189658, 30.1358744, 0.0 ], [ -95.6190261, 30.1359254, 0.0 ], [ -95.6190913, 30.1359715, 0.0 ], [ -95.6191609, 30.1360125, 0.0 ], [ -95.6192344, 30.1360481, 0.0 ], [ -95.6193111, 30.136078, 0.0 ], [ -95.6193906, 30.136102, 0.0 ], [ -95.6194721, 30.1361198, 0.0 ], [ -95.6195551, 30.1361314, 0.0 ], [ -95.619639, 30.1361367, 0.0 ], [ -95.6196398, 30.1361367, 0.0 ], [ -95.6196811, 30.136137, 0.0 ], [ -95.6197257, 30.1361303, 0.0 ], [ -95.6197686, 30.1361177, 0.0 ], [ -95.6198087, 30.1360995, 0.0 ], [ -95.6198451, 30.1360761, 0.0 ], [ -95.6198769, 30.1360482, 0.0 ], [ -95.6199034, 30.1360163, 0.0 ], [ -95.6199239, 30.1359812, 0.0 ], [ -95.6199311, 30.1359424, 0.0 ], [ -95.6199435, 30.1359047, 0.0 ], [ -95.619961, 30.1358685, 0.0 ], [ -95.6199616, 30.1358674, 0.0 ], [ -95.6199618, 30.135867, 0.0 ], [ -95.6199621, 30.1358666, 0.0 ], [ -95.6199623, 30.1358663, 0.0 ], [ -95.6199625, 30.1358658, 0.0 ], [ -95.619963, 30.135865, 0.0 ], [ -95.6199632, 30.1358645, 0.0 ], [ -95.6199635, 30.135864, 0.0 ], [ -95.6199638, 30.1358637, 0.0 ], [ -95.6199641, 30.1358631, 0.0 ], [ -95.6199643, 30.1358628, 0.0 ], [ -95.6199648, 30.1358619, 0.0 ], [ -95.619965, 30.1358615, 0.0 ], [ -95.6199653, 30.1358611, 0.0 ], [ -95.6199656, 30.1358606, 0.0 ], [ -95.6199658, 30.1358603, 0.0 ], [ -95.6199662, 30.1358596, 0.0 ], [ -95.6199666, 30.1358589, 0.0 ], [ -95.6199669, 30.1358585, 0.0 ], [ -95.6199671, 30.1358581, 0.0 ], [ -95.6199676, 30.1358572, 0.0 ], [ -95.6199679, 30.1358568, 0.0 ], [ -95.6199686, 30.1358557, 0.0 ], [ -95.619969, 30.1358551, 0.0 ], [ -95.6199694, 30.1358544, 0.0 ], [ -95.6199698, 30.1358538, 0.0 ], [ -95.61997, 30.1358535, 0.0 ], [ -95.6199704, 30.1358528, 0.0 ], [ -95.6199707, 30.1358524, 0.0 ], [ -95.6199709, 30.135852, 0.0 ], [ -95.6199712, 30.1358516, 0.0 ], [ -95.6199716, 30.1358509, 0.0 ], [ -95.6199721, 30.1358502, 0.0 ], [ -95.6199731, 30.1358488, 0.0 ], [ -95.6199736, 30.1358479, 0.0 ], [ -95.6199742, 30.1358471, 0.0 ], [ -95.6199764, 30.1358438, 0.0 ], [ -95.6199777, 30.1358419, 0.0 ], [ -95.6199788, 30.1358405, 0.0 ], [ -95.619979, 30.1358401, 0.0 ], [ -95.6199803, 30.1358383, 0.0 ], [ -95.6199811, 30.1358372, 0.0 ], [ -95.6199819, 30.1358361, 0.0 ], [ -95.6199827, 30.135835, 0.0 ], [ -95.6199835, 30.135834, 0.0 ], [ -95.6199839, 30.1358334, 0.0 ], [ -95.6199846, 30.1358324, 0.0 ], [ -95.6199854, 30.1358314, 0.0 ], [ -95.6199857, 30.1358311, 0.0 ], [ -95.6199859, 30.1358307, 0.0 ], [ -95.6199868, 30.1358296, 0.0 ], [ -95.6199872, 30.1358291, 0.0 ], [ -95.6199875, 30.1358287, 0.0 ], [ -95.6199881, 30.135828, 0.0 ], [ -95.6199884, 30.1358275, 0.0 ], [ -95.6199889, 30.135827, 0.0 ], [ -95.6199893, 30.1358264, 0.0 ], [ -95.6199897, 30.1358259, 0.0 ], [ -95.6199907, 30.1358247, 0.0 ], [ -95.619991, 30.1358243, 0.0 ], [ -95.6199914, 30.1358238, 0.0 ], [ -95.6199921, 30.1358229, 0.0 ], [ -95.6199926, 30.1358223, 0.0 ], [ -95.619993, 30.1358218, 0.0 ], [ -95.6199933, 30.1358215, 0.0 ], [ -95.6199935, 30.1358212, 0.0 ], [ -95.6199937, 30.1358209, 0.0 ], [ -95.619994, 30.1358207, 0.0 ], [ -95.6199943, 30.1358203, 0.0 ], [ -95.619995, 30.1358194, 0.0 ], [ -95.6199954, 30.135819, 0.0 ], [ -95.6199956, 30.1358187, 0.0 ], [ -95.6199958, 30.1358184, 0.0 ], [ -95.6199961, 30.1358181, 0.0 ], [ -95.6199967, 30.1358174, 0.0 ], [ -95.6199971, 30.1358169, 0.0 ], [ -95.6199975, 30.1358164, 0.0 ], [ -95.6199985, 30.1358153, 0.0 ], [ -95.6199988, 30.135815, 0.0 ], [ -95.6199995, 30.1358142, 0.0 ], [ -95.62, 30.1358136, 0.0 ], [ -95.6200004, 30.1358132, 0.0 ], [ -95.6200008, 30.1358126, 0.0 ], [ -95.6200012, 30.1358122, 0.0 ], [ -95.6200015, 30.1358119, 0.0 ], [ -95.6200033, 30.1358099, 0.0 ], [ -95.6200039, 30.1358092, 0.0 ], [ -95.6200043, 30.1358087, 0.0 ], [ -95.6200052, 30.1358078, 0.0 ], [ -95.6200056, 30.1358074, 0.0 ], [ -95.6200059, 30.135807, 0.0 ], [ -95.6200062, 30.1358067, 0.0 ], [ -95.6200069, 30.135806, 0.0 ], [ -95.6200073, 30.1358055, 0.0 ], [ -95.6200077, 30.1358051, 0.0 ], [ -95.620008, 30.1358047, 0.0 ], [ -95.6200083, 30.1358044, 0.0 ], [ -95.6200089, 30.1358038, 0.0 ], [ -95.6200094, 30.1358033, 0.0 ], [ -95.6200098, 30.1358029, 0.0 ], [ -95.6200106, 30.1358021, 0.0 ], [ -95.6200109, 30.1358017, 0.0 ], [ -95.6200112, 30.1358014, 0.0 ], [ -95.6200116, 30.135801, 0.0 ], [ -95.6200124, 30.1358002, 0.0 ], [ -95.6200126, 30.1357999, 0.0 ], [ -95.620013, 30.1357996, 0.0 ], [ -95.6200132, 30.1357993, 0.0 ], [ -95.620014, 30.1357985, 0.0 ], [ -95.6200148, 30.1357977, 0.0 ], [ -95.6200152, 30.1357973, 0.0 ], [ -95.6200155, 30.135797, 0.0 ], [ -95.620016, 30.1357965, 0.0 ], [ -95.6200166, 30.135796, 0.0 ], [ -95.620017, 30.1357955, 0.0 ], [ -95.6200173, 30.1357952, 0.0 ], [ -95.6200179, 30.1357946, 0.0 ], [ -95.6200184, 30.1357941, 0.0 ], [ -95.6200189, 30.1357937, 0.0 ], [ -95.6200196, 30.135793, 0.0 ], [ -95.62002, 30.1357926, 0.0 ], [ -95.6200207, 30.135792, 0.0 ], [ -95.6200212, 30.1357915, 0.0 ], [ -95.6200215, 30.1357912, 0.0 ], [ -95.6200218, 30.1357909, 0.0 ], [ -95.6200223, 30.1357904, 0.0 ], [ -95.6200228, 30.13579, 0.0 ], [ -95.6200237, 30.1357891, 0.0 ], [ -95.620024, 30.1357889, 0.0 ], [ -95.6200242, 30.1357886, 0.0 ], [ -95.6200248, 30.1357881, 0.0 ], [ -95.6200253, 30.1357876, 0.0 ], [ -95.6200256, 30.1357873, 0.0 ], [ -95.6200267, 30.1357863, 0.0 ], [ -95.620027, 30.135786, 0.0 ], [ -95.6200275, 30.1357856, 0.0 ], [ -95.6200287, 30.1357845, 0.0 ], [ -95.6200294, 30.1357838, 0.0 ], [ -95.62003, 30.1357834, 0.0 ], [ -95.6200304, 30.1357829, 0.0 ], [ -95.6200314, 30.1357821, 0.0 ], [ -95.6200329, 30.1357807, 0.0 ], [ -95.6200333, 30.1357804, 0.0 ], [ -95.6200337, 30.13578, 0.0 ], [ -95.6200362, 30.1357779, 0.0 ], [ -95.6200365, 30.1357776, 0.0 ], [ -95.6200394, 30.1357752, 0.0 ], [ -95.62004, 30.1357747, 0.0 ], [ -95.6200403, 30.1357744, 0.0 ], [ -95.6200414, 30.1357735, 0.0 ], [ -95.6200429, 30.1357724, 0.0 ], [ -95.6200432, 30.1357721, 0.0 ], [ -95.6200436, 30.1357718, 0.0 ], [ -95.6200443, 30.1357712, 0.0 ], [ -95.6200453, 30.1357704, 0.0 ], [ -95.6200457, 30.1357701, 0.0 ], [ -95.6200464, 30.1357695, 0.0 ], [ -95.6200472, 30.1357689, 0.0 ], [ -95.6200477, 30.1357685, 0.0 ], [ -95.6200481, 30.1357682, 0.0 ], [ -95.6200484, 30.1357679, 0.0 ], [ -95.6200487, 30.1357677, 0.0 ], [ -95.6200491, 30.1357674, 0.0 ], [ -95.6200497, 30.1357669, 0.0 ], [ -95.6200508, 30.1357661, 0.0 ], [ -95.6200511, 30.1357658, 0.0 ], [ -95.6200532, 30.1357643, 0.0 ], [ -95.6200536, 30.135764, 0.0 ], [ -95.6200545, 30.1357632, 0.0 ], [ -95.6200557, 30.1357624, 0.0 ], [ -95.6200567, 30.1357616, 0.0 ], [ -95.6200575, 30.135761, 0.0 ], [ -95.6200578, 30.1357608, 0.0 ], [ -95.6200586, 30.1357602, 0.0 ], [ -95.6200589, 30.13576, 0.0 ], [ -95.6200599, 30.1357593, 0.0 ], [ -95.620078, 30.135747, 0.0 ], [ -95.6200784, 30.1357468, 0.0 ], [ -95.6200789, 30.1357465, 0.0 ], [ -95.6200794, 30.1357461, 0.0 ], [ -95.62008, 30.1357458, 0.0 ], [ -95.6200804, 30.1357455, 0.0 ], [ -95.6200812, 30.135745, 0.0 ], [ -95.6200816, 30.1357448, 0.0 ], [ -95.6200828, 30.1357441, 0.0 ], [ -95.6200836, 30.1357435, 0.0 ], [ -95.6200847, 30.1357429, 0.0 ], [ -95.6200852, 30.1357425, 0.0 ], [ -95.6200861, 30.135742, 0.0 ], [ -95.6200869, 30.1357415, 0.0 ], [ -95.6200878, 30.135741, 0.0 ], [ -95.6200884, 30.1357407, 0.0 ], [ -95.6200888, 30.1357404, 0.0 ], [ -95.6200898, 30.1357398, 0.0 ], [ -95.6200904, 30.1357395, 0.0 ], [ -95.6200919, 30.1357386, 0.0 ], [ -95.6200928, 30.1357381, 0.0 ], [ -95.6200933, 30.1357378, 0.0 ], [ -95.620094, 30.1357374, 0.0 ], [ -95.6200945, 30.1357371, 0.0 ], [ -95.620095, 30.1357368, 0.0 ], [ -95.6200957, 30.1357364, 0.0 ], [ -95.6200964, 30.135736, 0.0 ], [ -95.6200969, 30.1357357, 0.0 ], [ -95.6200974, 30.1357355, 0.0 ], [ -95.6200978, 30.1357353, 0.0 ], [ -95.6200985, 30.1357348, 0.0 ], [ -95.6200991, 30.1357345, 0.0 ], [ -95.6200995, 30.1357343, 0.0 ], [ -95.6201, 30.135734, 0.0 ], [ -95.6201008, 30.1357336, 0.0 ], [ -95.6201016, 30.1357331, 0.0 ], [ -95.6201029, 30.1357325, 0.0 ], [ -95.6201032, 30.1357323, 0.0 ], [ -95.6201037, 30.1357321, 0.0 ], [ -95.6201041, 30.1357318, 0.0 ], [ -95.6201047, 30.1357315, 0.0 ], [ -95.6201053, 30.1357312, 0.0 ], [ -95.6201072, 30.1357302, 0.0 ], [ -95.6201078, 30.1357299, 0.0 ], [ -95.6201084, 30.1357296, 0.0 ], [ -95.6201092, 30.1357292, 0.0 ], [ -95.6201098, 30.1357288, 0.0 ], [ -95.6201102, 30.1357286, 0.0 ], [ -95.6201106, 30.1357284, 0.0 ], [ -95.620111, 30.1357282, 0.0 ], [ -95.6201116, 30.1357279, 0.0 ], [ -95.6201125, 30.1357275, 0.0 ], [ -95.6201129, 30.1357273, 0.0 ], [ -95.6201136, 30.1357269, 0.0 ], [ -95.6201155, 30.135726, 0.0 ], [ -95.6201158, 30.1357258, 0.0 ], [ -95.6201166, 30.1357254, 0.0 ], [ -95.6201173, 30.1357251, 0.0 ], [ -95.6201177, 30.1357249, 0.0 ], [ -95.6201194, 30.1357241, 0.0 ], [ -95.6201203, 30.1357237, 0.0 ], [ -95.6201211, 30.1357233, 0.0 ], [ -95.6201224, 30.1357226, 0.0 ], [ -95.6201233, 30.1357222, 0.0 ], [ -95.6201244, 30.1357217, 0.0 ], [ -95.6201249, 30.1357215, 0.0 ], [ -95.6201256, 30.1357212, 0.0 ], [ -95.6201264, 30.1357208, 0.0 ], [ -95.6201272, 30.1357204, 0.0 ], [ -95.6201281, 30.13572, 0.0 ], [ -95.6201311, 30.1357187, 0.0 ], [ -95.620132, 30.1357183, 0.0 ], [ -95.6201341, 30.1357174, 0.0 ], [ -95.620135, 30.135717, 0.0 ], [ -95.620136, 30.1357166, 0.0 ], [ -95.6201663, 30.135705, 0.0 ], [ -95.6201977, 30.1356959, 0.0 ], [ -95.6201985, 30.135696, 0.0 ], [ -95.6201986, 30.135696, 0.0 ], [ -95.6201986, 30.135696, 0.0 ], [ -95.6202129, 30.1356948, 0.0 ], [ -95.6202286, 30.1356937, 0.0 ], [ -95.6202444, 30.135693, 0.0 ], [ -95.6202468, 30.135693, 0.0 ], [ -95.6202601, 30.1356926, 0.0 ], [ -95.6202759, 30.1356924, 0.0 ], [ -95.620291, 30.1356924, 0.0 ], [ -95.6202918, 30.1356923, 0.0 ], [ -95.6202925, 30.1356924, 0.0 ], [ -95.6203069, 30.1356924, 0.0 ], [ -95.6203076, 30.1356924, 0.0 ], [ -95.6203084, 30.1356925, 0.0 ], [ -95.6203093, 30.1356925, 0.0 ], [ -95.6203101, 30.1356925, 0.0 ], [ -95.6203109, 30.1356925, 0.0 ], [ -95.6203227, 30.1356927, 0.0 ], [ -95.6203235, 30.1356927, 0.0 ], [ -95.6203242, 30.1356927, 0.0 ], [ -95.6203282, 30.1356928, 0.0 ], [ -95.620329, 30.1356928, 0.0 ], [ -95.6203297, 30.1356929, 0.0 ], [ -95.6203362, 30.135693, 0.0 ], [ -95.6203369, 30.1356931, 0.0 ], [ -95.6203377, 30.1356931, 0.0 ], [ -95.6203386, 30.1356931, 0.0 ], [ -95.6203393, 30.1356931, 0.0 ], [ -95.6203401, 30.1356931, 0.0 ], [ -95.6203544, 30.1356937, 0.0 ], [ -95.6203552, 30.1356937, 0.0 ], [ -95.6203707, 30.1356945, 0.0 ], [ -95.620371, 30.1356945, 0.0 ], [ -95.6203869, 30.1356955, 0.0 ], [ -95.6204027, 30.1356966, 0.0 ], [ -95.6204184, 30.135698, 0.0 ], [ -95.6204341, 30.1356995, 0.0 ], [ -95.6204498, 30.1357013, 0.0 ], [ -95.6204654, 30.1357032, 0.0 ], [ -95.620481, 30.1357054, 0.0 ], [ -95.6204965, 30.1357077, 0.0 ], [ -95.6205121, 30.1357102, 0.0 ], [ -95.6205277, 30.1357129, 0.0 ], [ -95.6205432, 30.1357157, 0.0 ], [ -95.6205587, 30.1357187, 0.0 ], [ -95.6205741, 30.1357218, 0.0 ], [ -95.6205895, 30.135725, 0.0 ], [ -95.6206049, 30.1357284, 0.0 ], [ -95.6206202, 30.1357319, 0.0 ], [ -95.6206355, 30.1357355, 0.0 ], [ -95.6206508, 30.1357392, 0.0 ], [ -95.6206659, 30.1357431, 0.0 ], [ -95.620681, 30.135747, 0.0 ], [ -95.620696, 30.1357513, 0.0 ], [ -95.6207109, 30.1357559, 0.0 ], [ -95.6207257, 30.1357607, 0.0 ], [ -95.6207405, 30.1357657, 0.0 ], [ -95.6207551, 30.1357708, 0.0 ], [ -95.6207698, 30.1357761, 0.0 ], [ -95.6207844, 30.1357813, 0.0 ], [ -95.6207991, 30.1357866, 0.0 ], [ -95.6208138, 30.1357918, 0.0 ], [ -95.6208285, 30.1357969, 0.0 ], [ -95.6208369, 30.1357997, 0.0 ], [ -95.6208433, 30.1358018, 0.0 ], [ -95.6208581, 30.1358065, 0.0 ], [ -95.6208731, 30.135811, 0.0 ], [ -95.6208881, 30.1358153, 0.0 ], [ -95.6209031, 30.1358196, 0.0 ], [ -95.6209181, 30.1358239, 0.0 ], [ -95.6209332, 30.1358282, 0.0 ], [ -95.6209482, 30.1358325, 0.0 ], [ -95.6209633, 30.1358367, 0.0 ], [ -95.6209783, 30.1358409, 0.0 ], [ -95.6209934, 30.1358451, 0.0 ], [ -95.6210085, 30.1358493, 0.0 ], [ -95.6210236, 30.1358534, 0.0 ], [ -95.6210387, 30.1358575, 0.0 ], [ -95.6210538, 30.1358615, 0.0 ], [ -95.621069, 30.1358655, 0.0 ], [ -95.6210841, 30.1358695, 0.0 ], [ -95.6210993, 30.1358735, 0.0 ], [ -95.6211144, 30.1358774, 0.0 ], [ -95.6211296, 30.1358812, 0.0 ], [ -95.6211448, 30.135885, 0.0 ], [ -95.62116, 30.1358888, 0.0 ], [ -95.6211753, 30.1358925, 0.0 ], [ -95.6211905, 30.1358962, 0.0 ], [ -95.6212058, 30.1358998, 0.0 ], [ -95.621221, 30.1359033, 0.0 ], [ -95.6212363, 30.1359068, 0.0 ], [ -95.6212516, 30.1359103, 0.0 ], [ -95.621267, 30.1359137, 0.0 ], [ -95.6212823, 30.1359171, 0.0 ], [ -95.6212977, 30.1359204, 0.0 ], [ -95.6213131, 30.1359236, 0.0 ], [ -95.6213285, 30.1359268, 0.0 ], [ -95.621344, 30.1359299, 0.0 ], [ -95.6213594, 30.1359329, 0.0 ], [ -95.6213749, 30.1359358, 0.0 ], [ -95.6213904, 30.1359386, 0.0 ], [ -95.6214059, 30.1359413, 0.0 ], [ -95.6214215, 30.1359439, 0.0 ], [ -95.621437, 30.1359464, 0.0 ], [ -95.6214526, 30.1359488, 0.0 ], [ -95.6214682, 30.135951, 0.0 ], [ -95.6214838, 30.1359531, 0.0 ], [ -95.6214994, 30.1359551, 0.0 ], [ -95.6215136, 30.1359567, 0.0 ], [ -95.6215151, 30.1359568, 0.0 ], [ -95.6215308, 30.1359584, 0.0 ], [ -95.6215465, 30.1359598, 0.0 ], [ -95.6215622, 30.1359611, 0.0 ], [ -95.621578, 30.1359622, 0.0 ], [ -95.6215937, 30.1359633, 0.0 ], [ -95.6216095, 30.1359643, 0.0 ], [ -95.6216253, 30.1359652, 0.0 ], [ -95.6216411, 30.135966, 0.0 ], [ -95.6216569, 30.1359668, 0.0 ], [ -95.6216728, 30.1359676, 0.0 ], [ -95.6216886, 30.1359684, 0.0 ], [ -95.6217044, 30.1359693, 0.0 ], [ -95.6217202, 30.1359702, 0.0 ], [ -95.621736, 30.1359711, 0.0 ], [ -95.6217518, 30.1359722, 0.0 ], [ -95.6217675, 30.1359733, 0.0 ], [ -95.6217833, 30.1359746, 0.0 ], [ -95.621799, 30.1359759, 0.0 ], [ -95.6218147, 30.1359775, 0.0 ], [ -95.6218304, 30.1359795, 0.0 ], [ -95.6218461, 30.1359818, 0.0 ], [ -95.6218617, 30.1359845, 0.0 ], [ -95.6218774, 30.1359873, 0.0 ], [ -95.621893, 30.1359903, 0.0 ], [ -95.6219086, 30.1359934, 0.0 ], [ -95.6219242, 30.1359964, 0.0 ], [ -95.6219398, 30.1359993, 0.0 ], [ -95.6219553, 30.136002, 0.0 ], [ -95.6219709, 30.1360043, 0.0 ], [ -95.6219865, 30.1360063, 0.0 ], [ -95.6220021, 30.1360078, 0.0 ], [ -95.622015, 30.1360086, 0.0 ], [ -95.6220162, 30.1360087, 0.0 ], [ -95.6220173, 30.1360088, 0.0 ], [ -95.6220174, 30.1360088, 0.0 ], [ -95.6220175, 30.1360088, 0.0 ], [ -95.6220176, 30.1360088, 0.0 ], [ -95.6220176, 30.1360088, 0.0 ], [ -95.6220176, 30.1360088, 0.0 ], [ -95.6220177, 30.1360088, 0.0 ], [ -95.6220177, 30.1360088, 0.0 ], [ -95.6220178, 30.1360088, 0.0 ], [ -95.622018, 30.1360088, 0.0 ], [ -95.6220181, 30.1360088, 0.0 ], [ -95.6220181, 30.1360088, 0.0 ], [ -95.6220182, 30.1360088, 0.0 ], [ -95.6220183, 30.1360088, 0.0 ], [ -95.6220184, 30.1360088, 0.0 ], [ -95.6220184, 30.1360088, 0.0 ], [ -95.6220301, 30.136009, 0.0 ], [ -95.6220308, 30.136009, 0.0 ], [ -95.6220316, 30.1360091, 0.0 ], [ -95.6220325, 30.1360091, 0.0 ], [ -95.6220332, 30.1360091, 0.0 ], [ -95.6220351, 30.1360091, 0.0 ], [ -95.6220489, 30.1360088, 0.0 ], [ -95.6220646, 30.1360083, 0.0 ], [ -95.6220776, 30.1360076, 0.0 ], [ -95.6220805, 30.1360075, 0.0 ], [ -95.6220964, 30.1360063, 0.0 ], [ -95.6221123, 30.1360048, 0.0 ], [ -95.6221282, 30.136003, 0.0 ], [ -95.6221441, 30.1360009, 0.0 ], [ -95.62216, 30.1359985, 0.0 ], [ -95.6221757, 30.1359957, 0.0 ], [ -95.6221913, 30.1359926, 0.0 ], [ -95.6222067, 30.1359891, 0.0 ], [ -95.622222, 30.1359853, 0.0 ], [ -95.622237, 30.1359811, 0.0 ], [ -95.6222518, 30.1359766, 0.0 ], [ -95.6222663, 30.1359716, 0.0 ], [ -95.6222805, 30.1359661, 0.0 ], [ -95.6222944, 30.1359601, 0.0 ], [ -95.6223081, 30.1359535, 0.0 ], [ -95.6223216, 30.1359465, 0.0 ], [ -95.622335, 30.1359392, 0.0 ], [ -95.6223482, 30.1359315, 0.0 ], [ -95.6223613, 30.1359237, 0.0 ], [ -95.6223744, 30.1359156, 0.0 ], [ -95.6223867, 30.135908, 0.0 ], [ -95.6223874, 30.1359076, 0.0 ], [ -95.6224004, 30.1358995, 0.0 ], [ -95.6224135, 30.1358914, 0.0 ], [ -95.6224267, 30.1358835, 0.0 ], [ -95.62244, 30.1358758, 0.0 ], [ -95.6224534, 30.1358684, 0.0 ], [ -95.6224669, 30.1358613, 0.0 ], [ -95.6224807, 30.1358545, 0.0 ], [ -95.6224945, 30.1358476, 0.0 ], [ -95.6225084, 30.1358407, 0.0 ], [ -95.6225224, 30.1358338, 0.0 ], [ -95.6225364, 30.1358269, 0.0 ], [ -95.6225506, 30.1358202, 0.0 ], [ -95.6225648, 30.1358138, 0.0 ], [ -95.6225791, 30.1358077, 0.0 ], [ -95.6225935, 30.1358021, 0.0 ], [ -95.6226081, 30.135797, 0.0 ], [ -95.6226228, 30.1357924, 0.0 ], [ -95.6226377, 30.1357886, 0.0 ], [ -95.6226527, 30.1357855, 0.0 ], [ -95.622668, 30.1357832, 0.0 ], [ -95.6226836, 30.1357816, 0.0 ], [ -95.6226994, 30.1357807, 0.0 ], [ -95.6227054, 30.1357806, 0.0 ], [ -95.6227154, 30.1357804, 0.0 ], [ -95.6227155, 30.1357804, 0.0 ], [ -95.6227155, 30.1357804, 0.0 ], [ -95.6227156, 30.1357804, 0.0 ], [ -95.6227156, 30.1357804, 0.0 ], [ -95.6227157, 30.1357804, 0.0 ], [ -95.6227157, 30.1357804, 0.0 ], [ -95.6227162, 30.1357804, 0.0 ], [ -95.6227162, 30.1357804, 0.0 ], [ -95.6227163, 30.1357804, 0.0 ], [ -95.6227163, 30.1357804, 0.0 ], [ -95.6227164, 30.1357804, 0.0 ], [ -95.6227164, 30.1357804, 0.0 ], [ -95.6227165, 30.1357804, 0.0 ], [ -95.6227172, 30.1357804, 0.0 ], [ -95.6227293, 30.1357805, 0.0 ], [ -95.6227301, 30.1357806, 0.0 ], [ -95.6227307, 30.1357806, 0.0 ], [ -95.6227308, 30.1357806, 0.0 ], [ -95.6227309, 30.1357806, 0.0 ], [ -95.6227315, 30.1357806, 0.0 ], [ -95.6227322, 30.1357806, 0.0 ], [ -95.6227346, 30.1357807, 0.0 ], [ -95.6227354, 30.1357807, 0.0 ], [ -95.6227361, 30.1357808, 0.0 ], [ -95.6227468, 30.1357812, 0.0 ], [ -95.6227476, 30.1357812, 0.0 ], [ -95.6227637, 30.1357823, 0.0 ], [ -95.6227797, 30.1357837, 0.0 ], [ -95.6227956, 30.1357853, 0.0 ], [ -95.6228113, 30.1357871, 0.0 ], [ -95.6228268, 30.1357891, 0.0 ], [ -95.6228424, 30.1357914, 0.0 ], [ -95.6228579, 30.135794, 0.0 ], [ -95.6228734, 30.1357969, 0.0 ], [ -95.6228889, 30.1358001, 0.0 ], [ -95.6229043, 30.1358035, 0.0 ], [ -95.6229196, 30.1358072, 0.0 ], [ -95.6229349, 30.1358111, 0.0 ], [ -95.6229501, 30.1358151, 0.0 ], [ -95.6229652, 30.1358194, 0.0 ], [ -95.6229802, 30.1358238, 0.0 ], [ -95.622995, 30.1358284, 0.0 ], [ -95.6230096, 30.1358336, 0.0 ], [ -95.6230236, 30.1358403, 0.0 ], [ -95.6230372, 30.135848, 0.0 ], [ -95.6230505, 30.135856, 0.0 ], [ -95.623064, 30.1358638, 0.0 ], [ -95.6230776, 30.1358706, 0.0 ], [ -95.6230917, 30.1358759, 0.0 ], [ -95.6231066, 30.1358793, 0.0 ], [ -95.6231193, 30.1358806, 0.0 ], [ -95.6231205, 30.1358808, 0.0 ], [ -95.6231225, 30.135881, 0.0 ], [ -95.6231228, 30.135881, 0.0 ], [ -95.6231229, 30.135881, 0.0 ], [ -95.6231229, 30.135881, 0.0 ], [ -95.6231236, 30.135881, 0.0 ], [ -95.6231386, 30.1358811, 0.0 ], [ -95.6231391, 30.1358811, 0.0 ], [ -95.6231392, 30.1358811, 0.0 ], [ -95.6231393, 30.1358811, 0.0 ], [ -95.6231399, 30.1358811, 0.0 ], [ -95.6231493, 30.1358801, 0.0 ], [ -95.6231564, 30.1358793, 0.0 ], [ -95.6231716, 30.1358755, 0.0 ], [ -95.6231845, 30.1358694, 0.0 ], [ -95.6231966, 30.1358611, 0.0 ], [ -95.623208, 30.135851, 0.0 ], [ -95.6232183, 30.1358395, 0.0 ], [ -95.6232272, 30.1358272, 0.0 ], [ -95.6232345, 30.1358145, 0.0 ], [ -95.6232398, 30.135802, 0.0 ], [ -95.6232432, 30.135789, 0.0 ], [ -95.6232449, 30.1357754, 0.0 ], [ -95.6232453, 30.1357614, 0.0 ], [ -95.6232452, 30.1357579, 0.0 ], [ -95.6232452, 30.1357573, 0.0 ], [ -95.6232448, 30.1357472, 0.0 ], [ -95.6232435, 30.135733, 0.0 ], [ -95.623242, 30.1357191, 0.0 ], [ -95.6232418, 30.1357179, 0.0 ], [ -95.6232402, 30.1357055, 0.0 ], [ -95.6232377, 30.1356919, 0.0 ], [ -95.6232344, 30.1356782, 0.0 ], [ -95.6232304, 30.1356648, 0.0 ], [ -95.6232256, 30.1356516, 0.0 ], [ -95.6232199, 30.1356389, 0.0 ], [ -95.6232125, 30.1356269, 0.0 ], [ -95.6232024, 30.135616, 0.0 ], [ -95.6231912, 30.1356056, 0.0 ], [ -95.6231808, 30.1355949, 0.0 ], [ -95.6231731, 30.1355834, 0.0 ], [ -95.6231688, 30.1355707, 0.0 ], [ -95.6231669, 30.1355569, 0.0 ], [ -95.6231668, 30.1355428, 0.0 ], [ -95.6231682, 30.1355287, 0.0 ], [ -95.6231705, 30.135515, 0.0 ], [ -95.6231733, 30.1355014, 0.0 ], [ -95.6231764, 30.1354877, 0.0 ], [ -95.62318, 30.1354741, 0.0 ], [ -95.6231842, 30.1354606, 0.0 ], [ -95.6231893, 30.1354474, 0.0 ], [ -95.6231951, 30.1354347, 0.0 ], [ -95.6232021, 30.1354226, 0.0 ], [ -95.6232102, 30.1354112, 0.0 ], [ -95.6232195, 30.1354002, 0.0 ], [ -95.6232298, 30.1353896, 0.0 ], [ -95.6232408, 30.1353795, 0.0 ], [ -95.6232525, 30.1353698, 0.0 ], [ -95.6232646, 30.1353606, 0.0 ], [ -95.623277, 30.1353518, 0.0 ], [ -95.6232894, 30.1353434, 0.0 ], [ -95.6233022, 30.1353354, 0.0 ], [ -95.6233154, 30.1353279, 0.0 ], [ -95.6233288, 30.1353207, 0.0 ], [ -95.6233425, 30.1353137, 0.0 ], [ -95.6233562, 30.1353068, 0.0 ], [ -95.62337, 30.1352999, 0.0 ], [ -95.6233838, 30.135293, 0.0 ], [ -95.6233974, 30.135286, 0.0 ], [ -95.6234109, 30.1352787, 0.0 ], [ -95.6234241, 30.1352711, 0.0 ], [ -95.623437, 30.1352632, 0.0 ], [ -95.6234499, 30.1352552, 0.0 ], [ -95.6234628, 30.1352471, 0.0 ], [ -95.6234756, 30.135239, 0.0 ], [ -95.6234884, 30.1352308, 0.0 ], [ -95.6235011, 30.1352226, 0.0 ], [ -95.6235137, 30.1352142, 0.0 ], [ -95.6235263, 30.1352057, 0.0 ], [ -95.6235387, 30.1351971, 0.0 ], [ -95.6235509, 30.1351884, 0.0 ], [ -95.6235629, 30.1351795, 0.0 ], [ -95.6235747, 30.1351704, 0.0 ], [ -95.6235864, 30.1351612, 0.0 ], [ -95.6235977, 30.1351518, 0.0 ], [ -95.6236086, 30.1351419, 0.0 ], [ -95.623619, 30.1351315, 0.0 ], [ -95.6236289, 30.1351209, 0.0 ], [ -95.6236385, 30.1351099, 0.0 ], [ -95.6236479, 30.1350987, 0.0 ], [ -95.623657, 30.1350874, 0.0 ], [ -95.6236661, 30.135076, 0.0 ], [ -95.6236751, 30.1350646, 0.0 ], [ -95.6236841, 30.1350534, 0.0 ], [ -95.6236927, 30.1350418, 0.0 ], [ -95.6237009, 30.1350301, 0.0 ], [ -95.6237089, 30.1350182, 0.0 ], [ -95.6237168, 30.1350063, 0.0 ], [ -95.6237249, 30.1349944, 0.0 ], [ -95.6237332, 30.1349827, 0.0 ], [ -95.6237417, 30.1349711, 0.0 ], [ -95.6237503, 30.1349596, 0.0 ], [ -95.6237589, 30.1349481, 0.0 ], [ -95.6237676, 30.1349366, 0.0 ], [ -95.6237763, 30.1349251, 0.0 ], [ -95.6237849, 30.1349136, 0.0 ], [ -95.6237937, 30.1349021, 0.0 ], [ -95.6238024, 30.1348906, 0.0 ], [ -95.6238111, 30.1348792, 0.0 ], [ -95.6238198, 30.1348677, 0.0 ], [ -95.6238285, 30.1348562, 0.0 ], [ -95.6238432, 30.1348369, 0.0 ], [ -95.6238498, 30.1348282, 0.0 ], [ -95.6238509, 30.1348268, 0.0 ], [ -95.6238535, 30.1348238, 0.0 ], [ -95.6239675, 30.1346793, 0.0 ], [ -95.6237874, 30.1342745, 0.0 ], [ -95.6239293, 30.1341064, 0.0 ], [ -95.6238994, 30.1337774, 0.0 ], [ -95.6241229, 30.1332942, 0.0 ], [ -95.6241229, 30.1331323, 0.0 ], [ -95.6241718, 30.1330697, 0.0 ], [ -95.6243143, 30.1328869, 0.0 ], [ -95.6243132, 30.1328809, 0.0 ], [ -95.6243068, 30.1328399, 0.0 ], [ -95.6242907, 30.1328014, 0.0 ], [ -95.6242703, 30.1327641, 0.0 ], [ -95.6242496, 30.1327268, 0.0 ], [ -95.6242297, 30.1326893, 0.0 ], [ -95.6242108, 30.1326513, 0.0 ], [ -95.6241972, 30.1326117, 0.0 ], [ -95.6241899, 30.1325706, 0.0 ], [ -95.6241976, 30.1325309, 0.0 ], [ -95.6242152, 30.132492, 0.0 ], [ -95.6242246, 30.1324511, 0.0 ], [ -95.6242329, 30.1324097, 0.0 ], [ -95.6242363, 30.1323688, 0.0 ], [ -95.6242288, 30.1323296, 0.0 ], [ -95.6242061, 30.1322926, 0.0 ], [ -95.624186, 30.1322547, 0.0 ], [ -95.6241715, 30.1322151, 0.0 ], [ -95.6241618, 30.1321748, 0.0 ], [ -95.6241586, 30.1321333, 0.0 ], [ -95.6241636, 30.1320919, 0.0 ], [ -95.6241796, 30.1320538, 0.0 ], [ -95.6242, 30.1320166, 0.0 ], [ -95.6242228, 30.1319801, 0.0 ], [ -95.6242468, 30.1319441, 0.0 ], [ -95.6242707, 30.1319084, 0.0 ], [ -95.6242959, 30.1318733, 0.0 ], [ -95.6243232, 30.1318395, 0.0 ], [ -95.6243534, 30.1318079, 0.0 ], [ -95.6243882, 30.1317796, 0.0 ], [ -95.6244205, 30.1317495, 0.0 ], [ -95.6244498, 30.131717, 0.0 ], [ -95.6244768, 30.1316831, 0.0 ], [ -95.6245008, 30.1316475, 0.0 ], [ -95.6245243, 30.1316116, 0.0 ], [ -95.6245489, 30.1315763, 0.0 ], [ -95.6245735, 30.1315411, 0.0 ], [ -95.6245975, 30.1315055, 0.0 ], [ -95.6246213, 30.1314697, 0.0 ], [ -95.6246426, 30.1314329, 0.0 ], [ -95.6246597, 30.1313974, 0.0 ], [ -95.6247889, 30.1313991, 0.0 ], [ -95.6247905, 30.1313991, 0.0 ], [ -95.6247913, 30.1313991, 0.0 ], [ -95.6248826, 30.1314003, 0.0 ], [ -95.6248249, 30.1308703, 0.0 ], [ -95.6248682, 30.1308067, 0.0 ], [ -95.6248409, 30.1296936, 0.0 ], [ -95.6248212, 30.1288861, 0.0 ], [ -95.6245646, 30.1287049, 0.0 ], [ -95.6242506, 30.128483, 0.0 ], [ -95.6241689, 30.1284253, 0.0 ], [ -95.623939, 30.127923, 0.0 ], [ -95.623732, 30.1273262, 0.0 ], [ -95.6237109, 30.1271813, 0.0 ], [ -95.6241229, 30.1268193, 0.0 ], [ -95.6247329, 30.1268003, 0.0 ], [ -95.6250379, 30.1266893, 0.0 ], [ -95.6253578, 30.1264988, 0.0 ], [ -95.6254516, 30.1264803, 0.0 ], [ -95.625533, 30.1264803, 0.0 ], [ -95.6263673, 30.1265043, 0.0 ], [ -95.6264119, 30.1265063, 0.0 ], [ -95.6266886, 30.126773, 0.0 ], [ -95.6267169, 30.1268003, 0.0 ], [ -95.6267192, 30.126804, 0.0 ], [ -95.6267196, 30.1268059, 0.0 ], [ -95.626723, 30.1268194, 0.0 ], [ -95.6267264, 30.1268329, 0.0 ], [ -95.6267299, 30.1268464, 0.0 ], [ -95.6267333, 30.1268598, 0.0 ], [ -95.6267364, 30.1268733, 0.0 ], [ -95.6267392, 30.1268868, 0.0 ], [ -95.6267418, 30.1269004, 0.0 ], [ -95.6267442, 30.126914, 0.0 ], [ -95.6267465, 30.1269276, 0.0 ], [ -95.6267486, 30.1269413, 0.0 ], [ -95.6267507, 30.126955, 0.0 ], [ -95.6267529, 30.1269686, 0.0 ], [ -95.6267551, 30.1269823, 0.0 ], [ -95.6267574, 30.1269959, 0.0 ], [ -95.6267598, 30.1270095, 0.0 ], [ -95.6267625, 30.127023, 0.0 ], [ -95.6267654, 30.1270365, 0.0 ], [ -95.6267686, 30.1270499, 0.0 ], [ -95.6267722, 30.1270633, 0.0 ], [ -95.6267762, 30.1270765, 0.0 ], [ -95.6267806, 30.1270897, 0.0 ], [ -95.6267855, 30.1271027, 0.0 ], [ -95.6267906, 30.1271157, 0.0 ], [ -95.626796, 30.1271286, 0.0 ], [ -95.6268017, 30.1271415, 0.0 ], [ -95.6268075, 30.1271543, 0.0 ], [ -95.6268134, 30.1271671, 0.0 ], [ -95.6268194, 30.1271799, 0.0 ], [ -95.6268253, 30.1271927, 0.0 ], [ -95.6268312, 30.1272055, 0.0 ], [ -95.626837, 30.1272183, 0.0 ], [ -95.6268426, 30.1272312, 0.0 ], [ -95.6268477, 30.1272443, 0.0 ], [ -95.6268524, 30.1272577, 0.0 ], [ -95.6268568, 30.1272714, 0.0 ], [ -95.6268611, 30.1272851, 0.0 ], [ -95.6268654, 30.1272988, 0.0 ], [ -95.6268699, 30.1273124, 0.0 ], [ -95.6268748, 30.1273257, 0.0 ], [ -95.6268803, 30.1273386, 0.0 ], [ -95.6268865, 30.127351, 0.0 ], [ -95.6268937, 30.1273628, 0.0 ], [ -95.626902, 30.1273739, 0.0 ], [ -95.6269115, 30.1273841, 0.0 ], [ -95.6269221, 30.1273936, 0.0 ], [ -95.6269336, 30.1274024, 0.0 ], [ -95.6269459, 30.1274107, 0.0 ], [ -95.6269588, 30.1274186, 0.0 ], [ -95.6269722, 30.1274261, 0.0 ], [ -95.626986, 30.1274335, 0.0 ], [ -95.6269999, 30.1274407, 0.0 ], [ -95.6270139, 30.1274479, 0.0 ], [ -95.6270278, 30.1274553, 0.0 ], [ -95.6270415, 30.1274628, 0.0 ], [ -95.6270548, 30.1274707, 0.0 ], [ -95.6270676, 30.127479, 0.0 ], [ -95.6270797, 30.1274878, 0.0 ], [ -95.6270913, 30.1274971, 0.0 ], [ -95.6271025, 30.1275069, 0.0 ], [ -95.6271134, 30.1275169, 0.0 ], [ -95.6271241, 30.1275272, 0.0 ], [ -95.6271347, 30.1275376, 0.0 ], [ -95.6271451, 30.1275481, 0.0 ], [ -95.6271556, 30.1275587, 0.0 ], [ -95.6271661, 30.1275691, 0.0 ], [ -95.6271768, 30.1275793, 0.0 ], [ -95.6271877, 30.1275893, 0.0 ], [ -95.6271988, 30.127599, 0.0 ], [ -95.6272103, 30.1276082, 0.0 ], [ -95.6272223, 30.127617, 0.0 ], [ -95.6272347, 30.1276252, 0.0 ], [ -95.6272476, 30.1276329, 0.0 ], [ -95.6272608, 30.1276402, 0.0 ], [ -95.6272743, 30.1276472, 0.0 ], [ -95.627288, 30.1276539, 0.0 ], [ -95.627302, 30.1276603, 0.0 ], [ -95.6273161, 30.1276665, 0.0 ], [ -95.6273304, 30.1276725, 0.0 ], [ -95.6273448, 30.1276784, 0.0 ], [ -95.6273593, 30.1276842, 0.0 ], [ -95.6273738, 30.1276899, 0.0 ], [ -95.6273884, 30.1276955, 0.0 ], [ -95.627403, 30.1277012, 0.0 ], [ -95.6274175, 30.1277069, 0.0 ], [ -95.627432, 30.1277126, 0.0 ], [ -95.6274463, 30.1277185, 0.0 ], [ -95.6274606, 30.1277245, 0.0 ], [ -95.6274748, 30.1277305, 0.0 ], [ -95.627489, 30.1277366, 0.0 ], [ -95.6275033, 30.1277426, 0.0 ], [ -95.6275176, 30.1277485, 0.0 ], [ -95.6275319, 30.1277544, 0.0 ], [ -95.6275462, 30.1277602, 0.0 ], [ -95.6275606, 30.1277659, 0.0 ], [ -95.6275751, 30.1277714, 0.0 ], [ -95.6275897, 30.1277768, 0.0 ], [ -95.6276043, 30.127782, 0.0 ], [ -95.627619, 30.127787, 0.0 ], [ -95.6276338, 30.1277922, 0.0 ], [ -95.6276485, 30.1277976, 0.0 ], [ -95.6276634, 30.127803, 0.0 ], [ -95.6276782, 30.1278086, 0.0 ], [ -95.6276931, 30.127814, 0.0 ], [ -95.6277081, 30.1278194, 0.0 ], [ -95.627723, 30.1278246, 0.0 ], [ -95.627738, 30.1278295, 0.0 ], [ -95.6277531, 30.1278341, 0.0 ], [ -95.6277681, 30.1278383, 0.0 ], [ -95.6277832, 30.127842, 0.0 ], [ -95.6277984, 30.1278451, 0.0 ], [ -95.6278136, 30.1278477, 0.0 ], [ -95.6278288, 30.1278495, 0.0 ], [ -95.6278429, 30.1278504, 0.0 ], [ -95.6278438, 30.1278505, 0.0 ], [ -95.6278438, 30.1278505, 0.0 ], [ -95.6278438, 30.1278505, 0.0 ], [ -95.6278439, 30.1278505, 0.0 ], [ -95.627844, 30.1278505, 0.0 ], [ -95.6278441, 30.1278505, 0.0 ], [ -95.6278445, 30.1278505, 0.0 ], [ -95.6278594, 30.1278503, 0.0 ], [ -95.6278748, 30.1278492, 0.0 ], [ -95.6278902, 30.1278471, 0.0 ], [ -95.6279057, 30.1278444, 0.0 ], [ -95.6279213, 30.1278412, 0.0 ], [ -95.6279368, 30.1278376, 0.0 ], [ -95.6279525, 30.1278339, 0.0 ], [ -95.6279681, 30.1278301, 0.0 ], [ -95.6279838, 30.1278265, 0.0 ], [ -95.6279994, 30.1278232, 0.0 ], [ -95.6280151, 30.1278204, 0.0 ], [ -95.6280309, 30.1278183, 0.0 ], [ -95.6280466, 30.127817, 0.0 ], [ -95.6280623, 30.127816, 0.0 ], [ -95.6280781, 30.1278152, 0.0 ], [ -95.6280939, 30.1278146, 0.0 ], [ -95.6281097, 30.1278142, 0.0 ], [ -95.6281255, 30.1278139, 0.0 ], [ -95.6281413, 30.1278136, 0.0 ], [ -95.6281571, 30.1278135, 0.0 ], [ -95.628173, 30.1278135, 0.0 ], [ -95.6281889, 30.1278135, 0.0 ], [ -95.6282047, 30.1278135, 0.0 ], [ -95.6282206, 30.1278136, 0.0 ], [ -95.6282364, 30.1278136, 0.0 ], [ -95.6282523, 30.1278136, 0.0 ], [ -95.6282681, 30.1278135, 0.0 ], [ -95.628284, 30.1278134, 0.0 ], [ -95.6282998, 30.1278132, 0.0 ], [ -95.6283156, 30.1278129, 0.0 ], [ -95.6283314, 30.1278124, 0.0 ], [ -95.6283472, 30.1278118, 0.0 ], [ -95.6283629, 30.127811, 0.0 ], [ -95.6283787, 30.1278101, 0.0 ], [ -95.6283919, 30.1278089, 0.0 ], [ -95.6283926, 30.1278088, 0.0 ], [ -95.6283943, 30.1278087, 0.0 ], [ -95.6284099, 30.1278065, 0.0 ], [ -95.6284236, 30.1278039, 0.0 ], [ -95.6284243, 30.1278038, 0.0 ], [ -95.6284254, 30.1278036, 0.0 ], [ -95.6284408, 30.1278003, 0.0 ], [ -95.6284562, 30.1277967, 0.0 ], [ -95.6284715, 30.127793, 0.0 ], [ -95.6284869, 30.1277895, 0.0 ], [ -95.6285023, 30.1277863, 0.0 ], [ -95.6285178, 30.1277837, 0.0 ], [ -95.6285334, 30.1277818, 0.0 ], [ -95.6285491, 30.1277806, 0.0 ], [ -95.6285649, 30.1277796, 0.0 ], [ -95.6285806, 30.1277788, 0.0 ], [ -95.6285964, 30.1277781, 0.0 ], [ -95.6286121, 30.1277775, 0.0 ], [ -95.6286279, 30.127777, 0.0 ], [ -95.6286437, 30.1277766, 0.0 ], [ -95.6286595, 30.1277763, 0.0 ], [ -95.6286754, 30.127776, 0.0 ], [ -95.6286912, 30.1277759, 0.0 ], [ -95.628707, 30.1277757, 0.0 ], [ -95.6287229, 30.1277756, 0.0 ], [ -95.6287387, 30.1277755, 0.0 ], [ -95.6287546, 30.1277755, 0.0 ], [ -95.6287704, 30.1277754, 0.0 ], [ -95.6287863, 30.1277754, 0.0 ], [ -95.6288021, 30.1277753, 0.0 ], [ -95.6288179, 30.1277752, 0.0 ], [ -95.6288338, 30.1277751, 0.0 ], [ -95.6288496, 30.1277749, 0.0 ], [ -95.6288654, 30.1277747, 0.0 ], [ -95.6288813, 30.1277744, 0.0 ], [ -95.6288819, 30.1277742, 0.0 ], [ -95.6289117, 30.1277625, 0.0 ], [ -95.6289262, 30.127757, 0.0 ], [ -95.6289407, 30.1277513, 0.0 ], [ -95.6289549, 30.1277453, 0.0 ], [ -95.628969, 30.127739, 0.0 ], [ -95.6289838, 30.1277326, 0.0 ], [ -95.6289982, 30.1277258, 0.0 ], [ -95.6290104, 30.1277174, 0.0 ], [ -95.6290188, 30.1277066, 0.0 ], [ -95.6290258, 30.1276945, 0.0 ], [ -95.6290296, 30.1276862, 0.0 ], [ -95.6290318, 30.1276816, 0.0 ], [ -95.6290368, 30.1276681, 0.0 ], [ -95.6290407, 30.1276543, 0.0 ], [ -95.6290435, 30.1276405, 0.0 ], [ -95.6290451, 30.1276269, 0.0 ], [ -95.6290459, 30.1276133, 0.0 ], [ -95.6290462, 30.1275996, 0.0 ], [ -95.6290459, 30.1275857, 0.0 ], [ -95.6290451, 30.1275719, 0.0 ], [ -95.6290437, 30.127558, 0.0 ], [ -95.6290419, 30.1275442, 0.0 ], [ -95.6290397, 30.1275304, 0.0 ], [ -95.629037, 30.1275169, 0.0 ], [ -95.6290339, 30.1275035, 0.0 ], [ -95.6290292, 30.1274905, 0.0 ], [ -95.6290227, 30.127478, 0.0 ], [ -95.6290152, 30.1274656, 0.0 ], [ -95.6290077, 30.1274532, 0.0 ], [ -95.6290009, 30.1274406, 0.0 ], [ -95.6289959, 30.1274278, 0.0 ], [ -95.6289928, 30.1274145, 0.0 ], [ -95.6289908, 30.127401, 0.0 ], [ -95.6289895, 30.1273873, 0.0 ], [ -95.6289888, 30.1273735, 0.0 ], [ -95.6289886, 30.1273596, 0.0 ], [ -95.6289886, 30.1273457, 0.0 ], [ -95.6289886, 30.1273318, 0.0 ], [ -95.6289885, 30.1273181, 0.0 ], [ -95.6289883, 30.1273042, 0.0 ], [ -95.6289885, 30.1272903, 0.0 ], [ -95.6289894, 30.1272766, 0.0 ], [ -95.6289917, 30.127263, 0.0 ], [ -95.6289955, 30.1272498, 0.0 ], [ -95.6289999, 30.1272367, 0.0 ], [ -95.6290048, 30.1272236, 0.0 ], [ -95.6290101, 30.1272106, 0.0 ], [ -95.6290157, 30.1271977, 0.0 ], [ -95.6290217, 30.1271848, 0.0 ], [ -95.6290279, 30.1271721, 0.0 ], [ -95.6290343, 30.1271595, 0.0 ], [ -95.629041, 30.1271471, 0.0 ], [ -95.629049, 30.1271351, 0.0 ], [ -95.6290581, 30.1271234, 0.0 ], [ -95.6290675, 30.1271118, 0.0 ], [ -95.6290765, 30.1271003, 0.0 ], [ -95.6290844, 30.1270884, 0.0 ], [ -95.6290906, 30.1270762, 0.0 ], [ -95.6290945, 30.1270634, 0.0 ], [ -95.6290963, 30.1270501, 0.0 ], [ -95.6290966, 30.1270365, 0.0 ], [ -95.6290958, 30.1270227, 0.0 ], [ -95.6290945, 30.1270087, 0.0 ], [ -95.629093, 30.1269946, 0.0 ], [ -95.6290919, 30.1269806, 0.0 ], [ -95.6290915, 30.1269668, 0.0 ], [ -95.6290919, 30.126953, 0.0 ], [ -95.6290923, 30.1269392, 0.0 ], [ -95.629093, 30.1269253, 0.0 ], [ -95.6290941, 30.1269116, 0.0 ], [ -95.6290958, 30.1268979, 0.0 ], [ -95.6290984, 30.1268844, 0.0 ], [ -95.6291021, 30.1268712, 0.0 ], [ -95.6291069, 30.1268581, 0.0 ], [ -95.6291127, 30.1268452, 0.0 ], [ -95.6291191, 30.1268325, 0.0 ], [ -95.629126, 30.12682, 0.0 ], [ -95.6291331, 30.1268078, 0.0 ], [ -95.6291402, 30.1267954, 0.0 ], [ -95.6291474, 30.126783, 0.0 ], [ -95.6291549, 30.1267707, 0.0 ], [ -95.6291628, 30.1267586, 0.0 ], [ -95.6291712, 30.1267469, 0.0 ], [ -95.6291802, 30.1267357, 0.0 ], [ -95.6291901, 30.1267252, 0.0 ], [ -95.629201, 30.1267155, 0.0 ], [ -95.6292127, 30.1267065, 0.0 ], [ -95.629225, 30.126698, 0.0 ], [ -95.6292379, 30.1266898, 0.0 ], [ -95.629251, 30.1266819, 0.0 ], [ -95.6292537, 30.1266802, 0.0 ], [ -95.6292642, 30.126674, 0.0 ], [ -95.6292772, 30.1266659, 0.0 ], [ -95.6292899, 30.1266577, 0.0 ], [ -95.6292907, 30.1266575, 0.0 ], [ -95.6293142, 30.1266514, 0.0 ], [ -95.6293231, 30.1266487, 0.0 ], [ -95.6293319, 30.1266459, 0.0 ], [ -95.6293407, 30.126643, 0.0 ], [ -95.6293482, 30.1266403, 0.0 ], [ -95.6293494, 30.1266399, 0.0 ], [ -95.629358, 30.1266367, 0.0 ], [ -95.6293665, 30.1266334, 0.0 ], [ -95.629375, 30.1266299, 0.0 ], [ -95.6293834, 30.1266262, 0.0 ], [ -95.6293917, 30.1266224, 0.0 ], [ -95.6294, 30.1266184, 0.0 ], [ -95.6294081, 30.1266143, 0.0 ], [ -95.6294162, 30.12661, 0.0 ], [ -95.6294243, 30.1266055, 0.0 ], [ -95.6294323, 30.1266009, 0.0 ], [ -95.6294402, 30.1265961, 0.0 ], [ -95.629448, 30.1265911, 0.0 ], [ -95.6294557, 30.1265859, 0.0 ], [ -95.6294634, 30.1265806, 0.0 ], [ -95.629471, 30.126575, 0.0 ], [ -95.6294786, 30.1265693, 0.0 ], [ -95.629486, 30.1265634, 0.0 ], [ -95.6294934, 30.1265574, 0.0 ], [ -95.6295007, 30.1265511, 0.0 ], [ -95.6295079, 30.1265447, 0.0 ], [ -95.629515, 30.1265382, 0.0 ], [ -95.629522, 30.1265315, 0.0 ], [ -95.6295289, 30.1265246, 0.0 ], [ -95.6295357, 30.1265176, 0.0 ], [ -95.6295424, 30.1265105, 0.0 ], [ -95.629549, 30.1265033, 0.0 ], [ -95.6295554, 30.126496, 0.0 ], [ -95.6295616, 30.1264887, 0.0 ], [ -95.6295677, 30.1264812, 0.0 ], [ -95.6295737, 30.1264737, 0.0 ], [ -95.6295795, 30.1264661, 0.0 ], [ -95.6295851, 30.1264584, 0.0 ], [ -95.6295905, 30.1264508, 0.0 ], [ -95.6295958, 30.126443, 0.0 ], [ -95.6296009, 30.1264353, 0.0 ], [ -95.6296058, 30.1264275, 0.0 ], [ -95.6296105, 30.1264197, 0.0 ], [ -95.6296151, 30.1264118, 0.0 ], [ -95.6296194, 30.126404, 0.0 ], [ -95.6296236, 30.126396, 0.0 ], [ -95.6296276, 30.1263881, 0.0 ], [ -95.6296315, 30.12638, 0.0 ], [ -95.6296352, 30.1263719, 0.0 ], [ -95.6296387, 30.1263638, 0.0 ], [ -95.6296421, 30.1263556, 0.0 ], [ -95.629646, 30.1263455, 0.0 ], [ -95.6296526, 30.1263384, 0.0 ], [ -95.6296587, 30.126332, 0.0 ], [ -95.629665, 30.1263257, 0.0 ], [ -95.6296713, 30.1263196, 0.0 ], [ -95.6296778, 30.1263135, 0.0 ], [ -95.6296844, 30.1263075, 0.0 ], [ -95.6296912, 30.1263017, 0.0 ], [ -95.629698, 30.1262959, 0.0 ], [ -95.629705, 30.1262903, 0.0 ], [ -95.6297121, 30.1262848, 0.0 ], [ -95.6297193, 30.1262794, 0.0 ], [ -95.6297266, 30.1262741, 0.0 ], [ -95.629734, 30.1262689, 0.0 ], [ -95.6297415, 30.1262639, 0.0 ], [ -95.6297491, 30.1262589, 0.0 ], [ -95.6297568, 30.1262541, 0.0 ], [ -95.6297646, 30.1262494, 0.0 ], [ -95.6297724, 30.1262448, 0.0 ], [ -95.6297804, 30.1262404, 0.0 ], [ -95.6297885, 30.126236, 0.0 ], [ -95.6297966, 30.1262318, 0.0 ], [ -95.6298049, 30.1262277, 0.0 ], [ -95.6298132, 30.1262237, 0.0 ], [ -95.6298216, 30.1262199, 0.0 ], [ -95.6298301, 30.1262161, 0.0 ], [ -95.6298386, 30.1262125, 0.0 ], [ -95.6298472, 30.126209, 0.0 ], [ -95.6298559, 30.1262057, 0.0 ], [ -95.6298647, 30.1262024, 0.0 ], [ -95.6298735, 30.1261994, 0.0 ], [ -95.6298824, 30.1261964, 0.0 ], [ -95.6298938, 30.1261837, 0.0 ], [ -95.6299047, 30.126172, 0.0 ], [ -95.6299159, 30.1261604, 0.0 ], [ -95.6299272, 30.126149, 0.0 ], [ -95.6299388, 30.1261378, 0.0 ], [ -95.6299506, 30.1261268, 0.0 ], [ -95.6299627, 30.126116, 0.0 ], [ -95.6299749, 30.1261054, 0.0 ], [ -95.6299874, 30.126095, 0.0 ], [ -95.63, 30.1260848, 0.0 ], [ -95.6300128, 30.1260747, 0.0 ], [ -95.6300259, 30.1260649, 0.0 ], [ -95.6300391, 30.1260553, 0.0 ], [ -95.6300525, 30.1260458, 0.0 ], [ -95.6300662, 30.1260366, 0.0 ], [ -95.6300799, 30.1260276, 0.0 ], [ -95.6300939, 30.1260188, 0.0 ], [ -95.630108, 30.1260102, 0.0 ], [ -95.6301224, 30.1260019, 0.0 ], [ -95.6301368, 30.1259937, 0.0 ], [ -95.6301515, 30.1259858, 0.0 ], [ -95.6301663, 30.125978, 0.0 ], [ -95.6301812, 30.1259705, 0.0 ], [ -95.6301963, 30.1259633, 0.0 ], [ -95.6302115, 30.1259562, 0.0 ], [ -95.6302269, 30.1259494, 0.0 ], [ -95.6302424, 30.1259428, 0.0 ], [ -95.630258, 30.1259364, 0.0 ], [ -95.6302738, 30.1259303, 0.0 ], [ -95.6302897, 30.1259244, 0.0 ], [ -95.6303057, 30.1259188, 0.0 ], [ -95.6303218, 30.1259133, 0.0 ], [ -95.630338, 30.1259082, 0.0 ], [ -95.6303543, 30.1259033, 0.0 ], [ -95.6303707, 30.1258986, 0.0 ], [ -95.6303872, 30.1258942, 0.0 ], [ -95.6304038, 30.12589, 0.0 ], [ -95.6304204, 30.1258861, 0.0 ], [ -95.6304372, 30.1258824, 0.0 ], [ -95.630454, 30.125879, 0.0 ], [ -95.6304709, 30.1258759, 0.0 ], [ -95.6304878, 30.125873, 0.0 ], [ -95.6305048, 30.1258704, 0.0 ], [ -95.6305218, 30.1258681, 0.0 ], [ -95.6305389, 30.125866, 0.0 ], [ -95.630556, 30.1258643, 0.0 ], [ -95.6305731, 30.1258627, 0.0 ], [ -95.6305903, 30.1258615, 0.0 ], [ -95.6306075, 30.1258605, 0.0 ], [ -95.6306247, 30.1258598, 0.0 ], [ -95.6306419, 30.1258594, 0.0 ], [ -95.6306591, 30.1258593, 0.0 ], [ -95.6306598, 30.1258593, 0.0 ], [ -95.6306662, 30.1258594, 0.0 ], [ -95.6306755, 30.1258594, 0.0 ], [ -95.6306763, 30.1258594, 0.0 ], [ -95.630677, 30.1258595, 0.0 ], [ -95.6306903, 30.1258598, 0.0 ], [ -95.6306911, 30.1258598, 0.0 ], [ -95.6306918, 30.1258598, 0.0 ], [ -95.6306927, 30.1258598, 0.0 ], [ -95.6306935, 30.1258599, 0.0 ], [ -95.6306942, 30.1258599, 0.0 ], [ -95.6307099, 30.1258605, 0.0 ], [ -95.6307107, 30.1258606, 0.0 ], [ -95.6307279, 30.1258615, 0.0 ], [ -95.630745, 30.1258628, 0.0 ], [ -95.6307621, 30.1258643, 0.0 ], [ -95.6307792, 30.1258661, 0.0 ], [ -95.6307963, 30.1258682, 0.0 ], [ -95.6308133, 30.1258706, 0.0 ], [ -95.6308302, 30.1258732, 0.0 ], [ -95.6308471, 30.1258761, 0.0 ], [ -95.630864, 30.1258793, 0.0 ], [ -95.6308808, 30.1258828, 0.0 ], [ -95.6308975, 30.1258865, 0.0 ], [ -95.6309141, 30.1258905, 0.0 ], [ -95.6309307, 30.1258947, 0.0 ], [ -95.6309471, 30.1258992, 0.0 ], [ -95.6309635, 30.125904, 0.0 ], [ -95.6309798, 30.125909, 0.0 ], [ -95.630996, 30.1259143, 0.0 ], [ -95.631012, 30.1259198, 0.0 ], [ -95.631028, 30.1259256, 0.0 ], [ -95.6310439, 30.1259316, 0.0 ], [ -95.6310596, 30.1259378, 0.0 ], [ -95.6310752, 30.1259443, 0.0 ], [ -95.6310907, 30.1259511, 0.0 ], [ -95.631106, 30.125958, 0.0 ], [ -95.6311213, 30.1259652, 0.0 ], [ -95.6311363, 30.1259727, 0.0 ], [ -95.6311513, 30.1259803, 0.0 ], [ -95.631166, 30.1259882, 0.0 ], [ -95.6311807, 30.1259963, 0.0 ], [ -95.6311951, 30.1260046, 0.0 ], [ -95.6312095, 30.1260131, 0.0 ], [ -95.6312236, 30.1260219, 0.0 ], [ -95.6312376, 30.1260308, 0.0 ], [ -95.6312514, 30.12604, 0.0 ], [ -95.631265, 30.1260493, 0.0 ], [ -95.6312784, 30.1260589, 0.0 ], [ -95.6312917, 30.1260686, 0.0 ], [ -95.6313047, 30.1260786, 0.0 ], [ -95.6313176, 30.1260887, 0.0 ], [ -95.6313213, 30.1260907, 0.0 ], [ -95.631325, 30.1260926, 0.0 ], [ -95.6313288, 30.1260944, 0.0 ], [ -95.6313326, 30.1260962, 0.0 ], [ -95.6313364, 30.1260979, 0.0 ], [ -95.6313403, 30.1260996, 0.0 ], [ -95.6313442, 30.1261012, 0.0 ], [ -95.6313481, 30.1261027, 0.0 ], [ -95.6313521, 30.1261042, 0.0 ], [ -95.6313561, 30.1261056, 0.0 ], [ -95.6313601, 30.126107, 0.0 ], [ -95.6313641, 30.1261083, 0.0 ], [ -95.6313681, 30.1261095, 0.0 ], [ -95.6313722, 30.1261107, 0.0 ], [ -95.6313763, 30.1261118, 0.0 ], [ -95.6313804, 30.1261129, 0.0 ], [ -95.6313845, 30.1261139, 0.0 ], [ -95.6313886, 30.1261148, 0.0 ], [ -95.6313927, 30.1261156, 0.0 ], [ -95.6313969, 30.1261164, 0.0 ], [ -95.6314011, 30.1261171, 0.0 ], [ -95.6314053, 30.1261178, 0.0 ], [ -95.6314095, 30.1261184, 0.0 ], [ -95.6314138, 30.1261189, 0.0 ], [ -95.631418, 30.1261193, 0.0 ], [ -95.6314223, 30.1261196, 0.0 ], [ -95.6314265, 30.1261199, 0.0 ], [ -95.6314308, 30.1261201, 0.0 ], [ -95.6314316, 30.1261202, 0.0 ], [ -95.631432, 30.1261202, 0.0 ], [ -95.6314328, 30.1261202, 0.0 ], [ -95.6314328, 30.1261202, 0.0 ], [ -95.6314329, 30.1261202, 0.0 ], [ -95.6314329, 30.1261202, 0.0 ], [ -95.6314329, 30.1261202, 0.0 ], [ -95.631433, 30.1261202, 0.0 ], [ -95.6314331, 30.1261202, 0.0 ], [ -95.6314331, 30.1261202, 0.0 ], [ -95.6314332, 30.1261202, 0.0 ], [ -95.6314332, 30.1261202, 0.0 ], [ -95.6314333, 30.1261202, 0.0 ], [ -95.6314334, 30.1261202, 0.0 ], [ -95.6314334, 30.1261202, 0.0 ], [ -95.6314335, 30.1261202, 0.0 ], [ -95.6314337, 30.1261202, 0.0 ], [ -95.6314338, 30.1261202, 0.0 ], [ -95.6314339, 30.1261202, 0.0 ], [ -95.631434, 30.1261202, 0.0 ], [ -95.631434, 30.1261202, 0.0 ], [ -95.6314341, 30.1261202, 0.0 ], [ -95.6314341, 30.1261202, 0.0 ], [ -95.6314342, 30.1261202, 0.0 ], [ -95.6314342, 30.1261202, 0.0 ], [ -95.6314344, 30.1261202, 0.0 ], [ -95.6314344, 30.1261202, 0.0 ], [ -95.6314345, 30.1261203, 0.0 ], [ -95.6314346, 30.1261203, 0.0 ], [ -95.6314346, 30.1261203, 0.0 ], [ -95.6314351, 30.1261203, 0.0 ], [ -95.6314359, 30.1261203, 0.0 ], [ -95.6314387, 30.1261203, 0.0 ], [ -95.6314395, 30.1261203, 0.0 ], [ -95.6314402, 30.1261203, 0.0 ], [ -95.6314438, 30.1261203, 0.0 ], [ -95.6314481, 30.1261203, 0.0 ], [ -95.6314524, 30.1261201, 0.0 ], [ -95.6314567, 30.1261199, 0.0 ], [ -95.6314611, 30.1261196, 0.0 ], [ -95.6314654, 30.1261193, 0.0 ], [ -95.6314697, 30.1261189, 0.0 ], [ -95.631474, 30.1261184, 0.0 ], [ -95.6314783, 30.1261179, 0.0 ], [ -95.6314848, 30.126117, 0.0 ], [ -95.6315035, 30.1261114, 0.0 ], [ -95.631522, 30.1261056, 0.0 ], [ -95.6315405, 30.1260995, 0.0 ], [ -95.6315588, 30.1260932, 0.0 ], [ -95.6315769, 30.1260866, 0.0 ], [ -95.6315949, 30.1260796, 0.0 ], [ -95.6316128, 30.1260724, 0.0 ], [ -95.6316304, 30.126065, 0.0 ], [ -95.6316479, 30.1260572, 0.0 ], [ -95.6316652, 30.1260492, 0.0 ], [ -95.6316823, 30.126041, 0.0 ], [ -95.6316993, 30.1260324, 0.0 ], [ -95.6317161, 30.1260237, 0.0 ], [ -95.6317326, 30.1260146, 0.0 ], [ -95.6317491, 30.1260054, 0.0 ], [ -95.6317653, 30.1259958, 0.0 ], [ -95.6317813, 30.1259861, 0.0 ], [ -95.6317972, 30.1259761, 0.0 ], [ -95.6318129, 30.1259659, 0.0 ], [ -95.6318284, 30.1259555, 0.0 ], [ -95.6318438, 30.1259449, 0.0 ], [ -95.6318589, 30.1259341, 0.0 ], [ -95.6318739, 30.1259231, 0.0 ], [ -95.6318886, 30.1259119, 0.0 ], [ -95.6319032, 30.1259005, 0.0 ], [ -95.6319176, 30.1258889, 0.0 ], [ -95.6319318, 30.1258771, 0.0 ], [ -95.6319458, 30.1258651, 0.0 ], [ -95.6319595, 30.125853, 0.0 ], [ -95.631973, 30.1258406, 0.0 ], [ -95.6319963, 30.1258184, 0.0 ], [ -95.6320127, 30.1257948, 0.0 ], [ -95.632023, 30.1257848, 0.0 ], [ -95.6320368, 30.125781, 0.0 ], [ -95.6320516, 30.1257791, 0.0 ], [ -95.632067, 30.1257781, 0.0 ], [ -95.6320827, 30.1257778, 0.0 ], [ -95.6320834, 30.1257778, 0.0 ], [ -95.6320968, 30.125778, 0.0 ], [ -95.6320976, 30.1257781, 0.0 ], [ -95.632098, 30.1257781, 0.0 ], [ -95.6320981, 30.1257781, 0.0 ], [ -95.6320982, 30.1257781, 0.0 ], [ -95.6320982, 30.1257781, 0.0 ], [ -95.6320983, 30.1257781, 0.0 ], [ -95.6320983, 30.1257781, 0.0 ], [ -95.6320987, 30.1257781, 0.0 ], [ -95.6320995, 30.1257781, 0.0 ], [ -95.6321142, 30.1257786, 0.0 ], [ -95.632115, 30.1257786, 0.0 ], [ -95.6321157, 30.1257787, 0.0 ], [ -95.6321305, 30.1257793, 0.0 ], [ -95.6321313, 30.1257794, 0.0 ], [ -95.632132, 30.1257794, 0.0 ], [ -95.6321468, 30.12578, 0.0 ], [ -95.6321476, 30.1257801, 0.0 ], [ -95.6321483, 30.1257801, 0.0 ], [ -95.6321606, 30.1257805, 0.0 ], [ -95.6321613, 30.1257805, 0.0 ], [ -95.6321614, 30.1257805, 0.0 ], [ -95.6321614, 30.1257805, 0.0 ], [ -95.6321617, 30.1257805, 0.0 ], [ -95.632162, 30.1257805, 0.0 ], [ -95.6321621, 30.1257805, 0.0 ], [ -95.6321622, 30.1257805, 0.0 ], [ -95.6321625, 30.1257805, 0.0 ], [ -95.6321627, 30.1257805, 0.0 ], [ -95.6321628, 30.1257805, 0.0 ], [ -95.6321628, 30.1257805, 0.0 ], [ -95.632163, 30.1257805, 0.0 ], [ -95.6321638, 30.1257806, 0.0 ], [ -95.6321645, 30.1257806, 0.0 ], [ -95.632179, 30.1257807, 0.0 ], [ -95.6321798, 30.1257807, 0.0 ], [ -95.6321956, 30.1257805, 0.0 ], [ -95.6322114, 30.1257802, 0.0 ], [ -95.6322272, 30.1257798, 0.0 ], [ -95.632243, 30.1257794, 0.0 ], [ -95.6322588, 30.1257791, 0.0 ], [ -95.6322746, 30.1257788, 0.0 ], [ -95.6322905, 30.1257786, 0.0 ], [ -95.6323063, 30.1257786, 0.0 ], [ -95.6323109, 30.1257786, 0.0 ], [ -95.6323221, 30.1257786, 0.0 ], [ -95.6323381, 30.1257783, 0.0 ], [ -95.6323543, 30.1257776, 0.0 ], [ -95.6323706, 30.1257767, 0.0 ], [ -95.6323869, 30.1257758, 0.0 ], [ -95.6324032, 30.1257751, 0.0 ], [ -95.6324193, 30.1257748, 0.0 ], [ -95.63242, 30.1257748, 0.0 ], [ -95.632433, 30.1257749, 0.0 ], [ -95.6324337, 30.1257749, 0.0 ], [ -95.6324345, 30.1257749, 0.0 ], [ -95.6324345, 30.1257749, 0.0 ], [ -95.6324346, 30.1257749, 0.0 ], [ -95.6324346, 30.1257749, 0.0 ], [ -95.6324347, 30.1257749, 0.0 ], [ -95.6324348, 30.1257749, 0.0 ], [ -95.6324349, 30.1257749, 0.0 ], [ -95.6324352, 30.1257749, 0.0 ], [ -95.6324353, 30.1257749, 0.0 ], [ -95.6324353, 30.1257749, 0.0 ], [ -95.6324355, 30.1257749, 0.0 ], [ -95.6324509, 30.1257757, 0.0 ], [ -95.6324663, 30.1257774, 0.0 ], [ -95.6324812, 30.1257801, 0.0 ], [ -95.6324957, 30.125784, 0.0 ], [ -95.6325096, 30.1257892, 0.0 ], [ -95.6325231, 30.1257955, 0.0 ], [ -95.6325362, 30.1258027, 0.0 ], [ -95.6325491, 30.1258107, 0.0 ], [ -95.6325617, 30.1258192, 0.0 ], [ -95.6325742, 30.1258282, 0.0 ], [ -95.6325757, 30.1258293, 0.0 ], [ -95.6325866, 30.1258374, 0.0 ], [ -95.6325989, 30.1258466, 0.0 ], [ -95.6326114, 30.1258557, 0.0 ], [ -95.632624, 30.1258645, 0.0 ], [ -95.6326367, 30.1258729, 0.0 ], [ -95.6326497, 30.1258807, 0.0 ], [ -95.6326628, 30.1258885, 0.0 ], [ -95.6326759, 30.1258962, 0.0 ], [ -95.632689, 30.1259039, 0.0 ], [ -95.6327021, 30.1259116, 0.0 ], [ -95.6327153, 30.1259192, 0.0 ], [ -95.6327285, 30.1259268, 0.0 ], [ -95.6327416, 30.1259344, 0.0 ], [ -95.6327549, 30.125942, 0.0 ], [ -95.6327681, 30.1259495, 0.0 ], [ -95.6327813, 30.1259571, 0.0 ], [ -95.6327945, 30.1259646, 0.0 ], [ -95.6328078, 30.1259721, 0.0 ], [ -95.632821, 30.1259797, 0.0 ], [ -95.632834, 30.1259878, 0.0 ], [ -95.632847, 30.1259962, 0.0 ], [ -95.6328599, 30.1260049, 0.0 ], [ -95.6328728, 30.1260135, 0.0 ], [ -95.6328857, 30.1260221, 0.0 ], [ -95.6328987, 30.1260305, 0.0 ], [ -95.6329118, 30.1260385, 0.0 ], [ -95.6329251, 30.1260461, 0.0 ], [ -95.6329386, 30.1260529, 0.0 ], [ -95.6329524, 30.126059, 0.0 ], [ -95.6329665, 30.1260642, 0.0 ], [ -95.632981, 30.1260683, 0.0 ], [ -95.6329959, 30.1260716, 0.0 ], [ -95.6330113, 30.1260744, 0.0 ], [ -95.633027, 30.1260768, 0.0 ], [ -95.6330431, 30.1260788, 0.0 ], [ -95.6330593, 30.1260802, 0.0 ], [ -95.6330757, 30.1260812, 0.0 ], [ -95.6330765, 30.1260813, 0.0 ], [ -95.6330897, 30.1260817, 0.0 ], [ -95.6330904, 30.1260817, 0.0 ], [ -95.6330912, 30.1260817, 0.0 ], [ -95.6330913, 30.1260817, 0.0 ], [ -95.6330915, 30.1260818, 0.0 ], [ -95.6330922, 30.1260818, 0.0 ], [ -95.6331086, 30.1260818, 0.0 ], [ -95.633125, 30.1260814, 0.0 ], [ -95.6331412, 30.1260805, 0.0 ], [ -95.6331572, 30.1260791, 0.0 ], [ -95.6331728, 30.1260772, 0.0 ], [ -95.6331881, 30.1260748, 0.0 ], [ -95.6332028, 30.1260719, 0.0 ], [ -95.633217, 30.1260681, 0.0 ], [ -95.6332304, 30.1260621, 0.0 ], [ -95.633243, 30.1260544, 0.0 ], [ -95.6332551, 30.1260453, 0.0 ], [ -95.6332668, 30.1260352, 0.0 ], [ -95.6332781, 30.1260246, 0.0 ], [ -95.6332893, 30.1260137, 0.0 ], [ -95.6333004, 30.126003, 0.0 ], [ -95.6333116, 30.125993, 0.0 ], [ -95.6333225, 30.1259829, 0.0 ], [ -95.6333313, 30.1259735, 0.0 ], [ -95.6333327, 30.1259721, 0.0 ], [ -95.6333425, 30.1259608, 0.0 ], [ -95.6333522, 30.1259494, 0.0 ], [ -95.6333621, 30.1259385, 0.0 ], [ -95.6333725, 30.1259283, 0.0 ], [ -95.6333837, 30.1259192, 0.0 ], [ -95.6333961, 30.1259115, 0.0 ], [ -95.6334101, 30.1259052, 0.0 ], [ -95.6334254, 30.1259002, 0.0 ], [ -95.6334414, 30.1258965, 0.0 ], [ -95.6334577, 30.1258943, 0.0 ], [ -95.6334611, 30.1258942, 0.0 ], [ -95.6334726, 30.1258938, 0.0 ], [ -95.6334733, 30.1258938, 0.0 ], [ -95.6334734, 30.1258938, 0.0 ], [ -95.6334734, 30.1258938, 0.0 ], [ -95.6334741, 30.1258938, 0.0 ], [ -95.6334889, 30.1258949, 0.0 ], [ -95.6335043, 30.1258971, 0.0 ], [ -95.6335199, 30.1259003, 0.0 ], [ -95.6335355, 30.1259044, 0.0 ], [ -95.6335508, 30.1259095, 0.0 ], [ -95.6335656, 30.1259154, 0.0 ], [ -95.6335797, 30.1259221, 0.0 ], [ -95.6335929, 30.1259297, 0.0 ], [ -95.633605, 30.125938, 0.0 ], [ -95.6336166, 30.1259471, 0.0 ], [ -95.6336278, 30.1259566, 0.0 ], [ -95.6336386, 30.1259666, 0.0 ], [ -95.6336491, 30.125977, 0.0 ], [ -95.6336595, 30.1259876, 0.0 ], [ -95.6336697, 30.1259984, 0.0 ], [ -95.6336799, 30.1260092, 0.0 ], [ -95.6336901, 30.12602, 0.0 ], [ -95.6337004, 30.1260307, 0.0 ], [ -95.633711, 30.1260411, 0.0 ], [ -95.6337217, 30.1260512, 0.0 ], [ -95.6337329, 30.1260609, 0.0 ], [ -95.6337445, 30.1260701, 0.0 ], [ -95.6337566, 30.1260787, 0.0 ], [ -95.6337693, 30.126087, 0.0 ], [ -95.6337827, 30.1260952, 0.0 ], [ -95.6337966, 30.1261031, 0.0 ], [ -95.6338109, 30.1261105, 0.0 ], [ -95.6338255, 30.1261172, 0.0 ], [ -95.6338403, 30.126123, 0.0 ], [ -95.6338553, 30.1261278, 0.0 ], [ -95.6338703, 30.1261314, 0.0 ], [ -95.6338852, 30.1261336, 0.0 ], [ -95.6338859, 30.1261336, 0.0 ], [ -95.6338972, 30.1261341, 0.0 ], [ -95.633898, 30.1261342, 0.0 ], [ -95.6338987, 30.1261342, 0.0 ], [ -95.6338993, 30.1261342, 0.0 ], [ -95.6338999, 30.1261342, 0.0 ], [ -95.6339, 30.1261342, 0.0 ], [ -95.6339, 30.1261342, 0.0 ], [ -95.6339149, 30.1261333, 0.0 ], [ -95.6339299, 30.1261311, 0.0 ], [ -95.6339405, 30.1261287, 0.0 ], [ -95.6339451, 30.1261277, 0.0 ], [ -95.6339603, 30.1261234, 0.0 ], [ -95.6339756, 30.1261185, 0.0 ], [ -95.6339909, 30.1261132, 0.0 ], [ -95.6340062, 30.1261076, 0.0 ], [ -95.6340214, 30.1261021, 0.0 ], [ -95.6340365, 30.1260969, 0.0 ], [ -95.6340516, 30.1260921, 0.0 ], [ -95.6340665, 30.1260874, 0.0 ], [ -95.6340812, 30.1260825, 0.0 ], [ -95.6340959, 30.1260773, 0.0 ], [ -95.6341106, 30.126072, 0.0 ], [ -95.6341252, 30.1260667, 0.0 ], [ -95.6341398, 30.1260613, 0.0 ], [ -95.6341545, 30.1260561, 0.0 ], [ -95.6341692, 30.1260511, 0.0 ], [ -95.634184, 30.1260463, 0.0 ], [ -95.6341989, 30.1260419, 0.0 ], [ -95.634214, 30.1260379, 0.0 ], [ -95.6342295, 30.1260339, 0.0 ], [ -95.6342454, 30.1260302, 0.0 ], [ -95.6342614, 30.1260271, 0.0 ], [ -95.6342773, 30.126025, 0.0 ], [ -95.6342918, 30.1260244, 0.0 ], [ -95.6342925, 30.1260244, 0.0 ], [ -95.6342926, 30.1260244, 0.0 ], [ -95.6342927, 30.1260244, 0.0 ], [ -95.6342933, 30.1260244, 0.0 ], [ -95.6343079, 30.1260256, 0.0 ], [ -95.6343225, 30.126029, 0.0 ], [ -95.634337, 30.1260344, 0.0 ], [ -95.6343511, 30.1260413, 0.0 ], [ -95.6343647, 30.1260494, 0.0 ], [ -95.6343753, 30.1260566, 0.0 ], [ -95.6343776, 30.1260582, 0.0 ], [ -95.6343897, 30.1260674, 0.0 ], [ -95.6344011, 30.1260768, 0.0 ], [ -95.6344122, 30.1260864, 0.0 ], [ -95.6344231, 30.1260963, 0.0 ], [ -95.6344338, 30.1261064, 0.0 ], [ -95.6344443, 30.1261167, 0.0 ], [ -95.6344547, 30.1261271, 0.0 ], [ -95.634465, 30.1261376, 0.0 ], [ -95.6344751, 30.1261483, 0.0 ], [ -95.6344852, 30.126159, 0.0 ], [ -95.6344953, 30.1261696, 0.0 ], [ -95.6344979, 30.1261724, 0.0 ], [ -95.6345054, 30.1261803, 0.0 ], [ -95.6345155, 30.1261909, 0.0 ], [ -95.6345256, 30.1262015, 0.0 ], [ -95.6345353, 30.1262126, 0.0 ], [ -95.6345447, 30.1262239, 0.0 ], [ -95.6345538, 30.1262355, 0.0 ], [ -95.6345629, 30.1262472, 0.0 ], [ -95.634572, 30.1262588, 0.0 ], [ -95.6345813, 30.1262701, 0.0 ], [ -95.6345908, 30.1262812, 0.0 ], [ -95.6346008, 30.1262918, 0.0 ], [ -95.6346112, 30.1263018, 0.0 ], [ -95.6346223, 30.126311, 0.0 ], [ -95.6346342, 30.1263194, 0.0 ], [ -95.634647, 30.1263269, 0.0 ], [ -95.6346606, 30.1263336, 0.0 ], [ -95.6346749, 30.1263395, 0.0 ], [ -95.6346898, 30.1263448, 0.0 ], [ -95.6347051, 30.1263495, 0.0 ], [ -95.6347207, 30.1263537, 0.0 ], [ -95.6347363, 30.1263574, 0.0 ], [ -95.634752, 30.1263607, 0.0 ], [ -95.6347675, 30.1263637, 0.0 ], [ -95.6347828, 30.1263663, 0.0 ], [ -95.6347984, 30.1263684, 0.0 ], [ -95.634814, 30.1263701, 0.0 ], [ -95.6348298, 30.1263714, 0.0 ], [ -95.6348456, 30.1263723, 0.0 ], [ -95.6348464, 30.1263723, 0.0 ], [ -95.6348607, 30.1263729, 0.0 ], [ -95.6348615, 30.126373, 0.0 ], [ -95.6348623, 30.126373, 0.0 ], [ -95.6348743, 30.1263733, 0.0 ], [ -95.6348743, 30.1263733, 0.0 ], [ -95.6348744, 30.1263733, 0.0 ], [ -95.6348744, 30.1263733, 0.0 ], [ -95.6348745, 30.1263733, 0.0 ], [ -95.6348746, 30.1263733, 0.0 ], [ -95.634875, 30.1263733, 0.0 ], [ -95.6348751, 30.1263733, 0.0 ], [ -95.6348752, 30.1263733, 0.0 ], [ -95.6348753, 30.1263733, 0.0 ], [ -95.6348753, 30.1263733, 0.0 ], [ -95.6348758, 30.1263734, 0.0 ], [ -95.6348759, 30.1263734, 0.0 ], [ -95.6348759, 30.1263734, 0.0 ], [ -95.6348759, 30.1263734, 0.0 ], [ -95.634876, 30.1263734, 0.0 ], [ -95.6348761, 30.1263734, 0.0 ], [ -95.6348767, 30.1263734, 0.0 ], [ -95.6348774, 30.1263734, 0.0 ], [ -95.6348782, 30.1263734, 0.0 ], [ -95.6348926, 30.1263736, 0.0 ], [ -95.6348934, 30.1263736, 0.0 ], [ -95.6348941, 30.1263736, 0.0 ], [ -95.6349085, 30.1263737, 0.0 ], [ -95.6349093, 30.1263737, 0.0 ], [ -95.6349101, 30.1263737, 0.0 ], [ -95.6349252, 30.1263737, 0.0 ], [ -95.634941, 30.1263737, 0.0 ], [ -95.6349568, 30.1263734, 0.0 ], [ -95.6349634, 30.1263731, 0.0 ], [ -95.6349726, 30.1263728, 0.0 ], [ -95.6349884, 30.1263719, 0.0 ], [ -95.6350042, 30.1263708, 0.0 ], [ -95.6350201, 30.1263695, 0.0 ], [ -95.6350359, 30.1263682, 0.0 ], [ -95.6350517, 30.1263668, 0.0 ], [ -95.6350675, 30.1263656, 0.0 ], [ -95.6350833, 30.1263644, 0.0 ], [ -95.6350991, 30.1263635, 0.0 ], [ -95.6351148, 30.1263629, 0.0 ], [ -95.6351305, 30.1263626, 0.0 ], [ -95.6351313, 30.1263626, 0.0 ], [ -95.6351455, 30.1263626, 0.0 ], [ -95.6351462, 30.1263626, 0.0 ], [ -95.635147, 30.1263627, 0.0 ], [ -95.6351592, 30.1263629, 0.0 ], [ -95.63516, 30.1263629, 0.0 ], [ -95.6351607, 30.1263629, 0.0 ], [ -95.6351616, 30.126363, 0.0 ], [ -95.6351623, 30.126363, 0.0 ], [ -95.6351631, 30.126363, 0.0 ], [ -95.635176, 30.1263633, 0.0 ], [ -95.6351768, 30.1263634, 0.0 ], [ -95.6351776, 30.1263634, 0.0 ], [ -95.6351784, 30.1263634, 0.0 ], [ -95.6351792, 30.1263634, 0.0 ], [ -95.6351961, 30.1263645, 0.0 ], [ -95.6352125, 30.1263668, 0.0 ], [ -95.6352277, 30.1263708, 0.0 ], [ -95.6352411, 30.126377, 0.0 ], [ -95.6352523, 30.1263856, 0.0 ], [ -95.6352627, 30.1263951, 0.0 ], [ -95.6352728, 30.1264051, 0.0 ], [ -95.6352826, 30.1264154, 0.0 ], [ -95.6352921, 30.1264261, 0.0 ], [ -95.6353013, 30.1264371, 0.0 ], [ -95.6353104, 30.1264484, 0.0 ], [ -95.6353193, 30.1264599, 0.0 ], [ -95.635328, 30.1264716, 0.0 ], [ -95.6353367, 30.1264835, 0.0 ], [ -95.6353452, 30.1264954, 0.0 ], [ -95.6353537, 30.1265074, 0.0 ], [ -95.6353623, 30.1265194, 0.0 ], [ -95.6353708, 30.1265313, 0.0 ], [ -95.6353794, 30.1265432, 0.0 ], [ -95.6353881, 30.126555, 0.0 ], [ -95.6353969, 30.1265666, 0.0 ], [ -95.6354059, 30.1265779, 0.0 ], [ -95.6355624, 30.1266876, 0.0 ], [ -95.6357216, 30.1267956, 0.0 ], [ -95.6357224, 30.1267956, 0.0 ], [ -95.635858, 30.1268014, 0.0 ], [ -95.6358587, 30.1268014, 0.0 ], [ -95.6358595, 30.1268014, 0.0 ], [ -95.6358602, 30.1268015, 0.0 ], [ -95.6359774, 30.1268035, 0.0 ], [ -95.6359986, 30.1268038, 0.0 ], [ -95.6359994, 30.1268039, 0.0 ], [ -95.6359957, 30.1266019, 0.0 ], [ -95.6361344, 30.1265997, 0.0 ], [ -95.6361359, 30.1265997, 0.0 ], [ -95.6361367, 30.1265997, 0.0 ], [ -95.6362302, 30.1266671, 0.0 ], [ -95.6363597, 30.1267648, 0.0 ], [ -95.6363602, 30.1267652, 0.0 ], [ -95.6363609, 30.1267652, 0.0 ], [ -95.6366631, 30.1266898, 0.0 ], [ -95.6368774, 30.1266878, 0.0 ], [ -95.6369352, 30.1265257, 0.0 ], [ -95.6368947, 30.1263311, 0.0 ], [ -95.6369184, 30.1262974, 0.0 ], [ -95.6369788, 30.1262115, 0.0 ], [ -95.6371709, 30.1260065, 0.0 ], [ -95.6372159, 30.1258111, 0.0 ], [ -95.6373284, 30.1258091, 0.0 ], [ -95.6374198, 30.1258075, 0.0 ], [ -95.637696, 30.1257091, 0.0 ], [ -95.6378241, 30.1254771, 0.0 ], [ -95.6378448, 30.1254095, 0.0 ], [ -95.6379162, 30.1251764, 0.0 ], [ -95.6380698, 30.1250415, 0.0 ], [ -95.6380716, 30.1250395, 0.0 ], [ -95.638073, 30.1250379, 0.0 ], [ -95.6380745, 30.1250363, 0.0 ], [ -95.6380758, 30.1250347, 0.0 ], [ -95.6380772, 30.125033, 0.0 ], [ -95.6380784, 30.1250313, 0.0 ], [ -95.6380797, 30.1250296, 0.0 ], [ -95.6380809, 30.1250279, 0.0 ], [ -95.6380821, 30.1250262, 0.0 ], [ -95.6380833, 30.1250244, 0.0 ], [ -95.6380844, 30.1250227, 0.0 ], [ -95.6380855, 30.1250209, 0.0 ], [ -95.6380866, 30.1250191, 0.0 ], [ -95.6380876, 30.1250173, 0.0 ], [ -95.6380886, 30.1250154, 0.0 ], [ -95.6380895, 30.1250136, 0.0 ], [ -95.6380904, 30.1250117, 0.0 ], [ -95.6380913, 30.1250098, 0.0 ], [ -95.6380921, 30.125008, 0.0 ], [ -95.6380929, 30.1250061, 0.0 ], [ -95.6380937, 30.1250041, 0.0 ], [ -95.6380944, 30.1250022, 0.0 ], [ -95.6380951, 30.1250003, 0.0 ], [ -95.6380957, 30.1249984, 0.0 ], [ -95.6380963, 30.1249964, 0.0 ], [ -95.6380969, 30.1249944, 0.0 ], [ -95.6380974, 30.1249925, 0.0 ], [ -95.6380979, 30.1249905, 0.0 ], [ -95.6380983, 30.1249885, 0.0 ], [ -95.6380988, 30.1249865, 0.0 ], [ -95.6380991, 30.1249845, 0.0 ], [ -95.6380994, 30.1249825, 0.0 ], [ -95.6380997, 30.1249805, 0.0 ], [ -95.6381, 30.1249785, 0.0 ], [ -95.6381002, 30.1249765, 0.0 ], [ -95.6381003, 30.1249745, 0.0 ], [ -95.6381004, 30.1249725, 0.0 ], [ -95.6381005, 30.1249704, 0.0 ], [ -95.6381006, 30.1249684, 0.0 ], [ -95.6381006, 30.1249664, 0.0 ], [ -95.6381005, 30.1249644, 0.0 ], [ -95.6381004, 30.1249624, 0.0 ], [ -95.6381003, 30.1249603, 0.0 ], [ -95.6381002, 30.1249583, 0.0 ], [ -95.6381, 30.1249563, 0.0 ], [ -95.6380997, 30.1249543, 0.0 ], [ -95.6380994, 30.1249523, 0.0 ], [ -95.6380991, 30.1249503, 0.0 ], [ -95.6380987, 30.1249483, 0.0 ], [ -95.6380983, 30.1249463, 0.0 ], [ -95.6380979, 30.1249443, 0.0 ], [ -95.6380974, 30.1249423, 0.0 ], [ -95.6380969, 30.1249404, 0.0 ], [ -95.6380963, 30.1249384, 0.0 ], [ -95.6380957, 30.1249365, 0.0 ], [ -95.6380951, 30.1249345, 0.0 ], [ -95.6380944, 30.1249326, 0.0 ], [ -95.6380937, 30.1249307, 0.0 ], [ -95.6380929, 30.1249288, 0.0 ], [ -95.6380921, 30.1249269, 0.0 ], [ -95.6380913, 30.124925, 0.0 ], [ -95.6380904, 30.1249231, 0.0 ], [ -95.6380895, 30.1249212, 0.0 ], [ -95.6380886, 30.1249194, 0.0 ], [ -95.6380876, 30.1249176, 0.0 ], [ -95.6380866, 30.1249157, 0.0 ], [ -95.6380855, 30.1249139, 0.0 ], [ -95.6380844, 30.1249122, 0.0 ], [ -95.6380833, 30.1249104, 0.0 ], [ -95.6380821, 30.1249086, 0.0 ], [ -95.6380809, 30.1249069, 0.0 ], [ -95.6380797, 30.1249052, 0.0 ], [ -95.6380784, 30.1249035, 0.0 ], [ -95.6380771, 30.1249018, 0.0 ], [ -95.6380758, 30.1249002, 0.0 ], [ -95.6380744, 30.1248985, 0.0 ], [ -95.638073, 30.1248969, 0.0 ], [ -95.6380716, 30.1248953, 0.0 ], [ -95.6380701, 30.1248937, 0.0 ], [ -95.6380687, 30.1248922, 0.0 ], [ -95.6380671, 30.1248907, 0.0 ], [ -95.6380656, 30.1248892, 0.0 ], [ -95.638064, 30.1248877, 0.0 ], [ -95.6380624, 30.1248862, 0.0 ], [ -95.6380607, 30.1248848, 0.0 ], [ -95.638059, 30.1248834, 0.0 ], [ -95.6380573, 30.124882, 0.0 ], [ -95.6380556, 30.1248807, 0.0 ], [ -95.6380539, 30.1248793, 0.0 ], [ -95.6380521, 30.1248781, 0.0 ], [ -95.6380503, 30.1248768, 0.0 ], [ -95.6380484, 30.1248755, 0.0 ], [ -95.6380466, 30.1248743, 0.0 ], [ -95.6380447, 30.1248731, 0.0 ], [ -95.6380428, 30.124872, 0.0 ], [ -95.6380409, 30.1248708, 0.0 ], [ -95.6380389, 30.1248697, 0.0 ], [ -95.638037, 30.1248687, 0.0 ], [ -95.638035, 30.1248676, 0.0 ], [ -95.638033, 30.1248666, 0.0 ], [ -95.6380309, 30.1248656, 0.0 ], [ -95.6380289, 30.1248647, 0.0 ], [ -95.6380268, 30.1248638, 0.0 ], [ -95.6380247, 30.1248629, 0.0 ], [ -95.6380226, 30.124862, 0.0 ], [ -95.6380205, 30.1248612, 0.0 ], [ -95.6380183, 30.1248604, 0.0 ], [ -95.6380162, 30.1248597, 0.0 ], [ -95.638014, 30.1248589, 0.0 ], [ -95.6380118, 30.1248583, 0.0 ], [ -95.6380105, 30.1248579, 0.0 ], [ -95.6380096, 30.1248576, 0.0 ], [ -95.6380074, 30.124857, 0.0 ], [ -95.6380052, 30.1248564, 0.0 ], [ -95.638003, 30.1248558, 0.0 ], [ -95.6378134, 30.1248123, 0.0 ], [ -95.6376246, 30.1247076, 0.0 ], [ -95.6375766, 30.1244981, 0.0 ], [ -95.6376891, 30.1243482, 0.0 ], [ -95.6378587, 30.124207, 0.0 ], [ -95.6380644, 30.1242238, 0.0 ], [ -95.6381035, 30.124227, 0.0 ], [ -95.63807, 30.1241223, 0.0 ], [ -95.638421, 30.1239923, 0.0 ], [ -95.6385119, 30.1239519, 0.0 ], [ -95.6386505, 30.1238903, 0.0 ], [ -95.638772, 30.1238363, 0.0 ], [ -95.6386607, 30.1238053, 0.0 ], [ -95.63865, 30.1238023, 0.0 ], [ -95.638482, 30.1235503, 0.0 ], [ -95.6384996, 30.1233047, 0.0 ], [ -95.638513, 30.1231193, 0.0 ], [ -95.638681, 30.1232223, 0.0 ], [ -95.6386916, 30.1232277, 0.0 ], [ -95.6386665, 30.1231213, 0.0 ], [ -95.6385613, 30.1230011, 0.0 ], [ -95.6386107, 30.1229418, 0.0 ], [ -95.6388733, 30.1227142, 0.0 ], [ -95.6391043, 30.1224882, 0.0 ], [ -95.6391038, 30.1224497, 0.0 ], [ -95.6391913, 30.1224311, 0.0 ], [ -95.639199, 30.1223863, 0.0 ], [ -95.6392606, 30.1223344, 0.0 ], [ -95.639352, 30.1222573, 0.0 ], [ -95.639657, 30.1222223, 0.0 ], [ -95.6402742, 30.1219005, 0.0 ], [ -95.6403237, 30.1218314, 0.0 ], [ -95.6405149, 30.1215996, 0.0 ], [ -95.640681, 30.1214126, 0.0 ], [ -95.6407252, 30.1213628, 0.0 ], [ -95.6408261, 30.1212489, 0.0 ], [ -95.6408773, 30.1211911, 0.0 ], [ -95.6409189, 30.1211515, 0.0 ], [ -95.6409393, 30.1211321, 0.0 ], [ -95.6410681, 30.1208376, 0.0 ], [ -95.6410797, 30.120811, 0.0 ], [ -95.6411364, 30.1208013, 0.0 ], [ -95.6412842, 30.1207588, 0.0 ], [ -95.6414684, 30.1208135, 0.0 ], [ -95.6414769, 30.1208161, 0.0 ], [ -95.6414772, 30.120818, 0.0 ], [ -95.6414787, 30.1208279, 0.0 ], [ -95.6414858, 30.1208749, 0.0 ], [ -95.6415055, 30.121004, 0.0 ], [ -95.6415561, 30.1210538, 0.0 ], [ -95.6416857, 30.1213236, 0.0 ], [ -95.6417292, 30.1214745, 0.0 ], [ -95.6420022, 30.1212556, 0.0 ], [ -95.641881, 30.1208964, 0.0 ], [ -95.6421009, 30.1209718, 0.0 ], [ -95.64219, 30.1210023, 0.0 ], [ -95.64219, 30.1206583, 0.0 ], [ -95.6421758, 30.1205643, 0.0 ], [ -95.6422654, 30.1206091, 0.0 ], [ -95.6422687, 30.1206108, 0.0 ], [ -95.6424245, 30.1206887, 0.0 ], [ -95.6425348, 30.1207508, 0.0 ], [ -95.6426727, 30.1205601, 0.0 ], [ -95.642965, 30.1202992, 0.0 ], [ -95.6428975, 30.1202146, 0.0 ], [ -95.6428911, 30.1202065, 0.0 ], [ -95.6429185, 30.1199352, 0.0 ], [ -95.6429198, 30.1199217, 0.0 ], [ -95.6430079, 30.1199407, 0.0 ], [ -95.6431795, 30.1199779, 0.0 ], [ -95.6433331, 30.1200111, 0.0 ], [ -95.6435347, 30.1200547, 0.0 ], [ -95.6435348, 30.1200548, 0.0 ], [ -95.6435349, 30.1200548, 0.0 ], [ -95.6435798, 30.1200645, 0.0 ], [ -95.643609, 30.1200863, 0.0 ], [ -95.643884, 30.1203463, 0.0 ], [ -95.644173, 30.1201917, 0.0 ], [ -95.6442114, 30.1201984, 0.0 ], [ -95.6444073, 30.1201353, 0.0 ], [ -95.6446455, 30.1200723, 0.0 ], [ -95.644809, 30.1199271, 0.0 ], [ -95.6448071, 30.1198524, 0.0 ], [ -95.6453614, 30.1195558, 0.0 ], [ -95.6458087, 30.1193165, 0.0 ], [ -95.645852, 30.1192933, 0.0 ], [ -95.645958, 30.1191991, 0.0 ], [ -95.6460171, 30.1192147, 0.0 ], [ -95.6461675, 30.1190453, 0.0 ], [ -95.6461704, 30.1190347, 0.0 ], [ -95.6463562, 30.1189329, 0.0 ], [ -95.6463697, 30.1188942, 0.0 ], [ -95.6463878, 30.1188833, 0.0 ], [ -95.646524, 30.1188013, 0.0 ], [ -95.646829, 30.1187053, 0.0 ], [ -95.6469343, 30.1186908, 0.0 ], [ -95.647134, 30.1186633, 0.0 ], [ -95.647226, 30.1185303, 0.0 ], [ -95.6473295, 30.1181834, 0.0 ], [ -95.647352, 30.1181711, 0.0 ], [ -95.647397, 30.1181463, 0.0 ], [ -95.647481, 30.1181083, 0.0 ], [ -95.647481, 30.1180571, 0.0 ], [ -95.647483, 30.1165807, 0.0 ], [ -95.6474861, 30.1142607, 0.0 ], [ -95.647487, 30.1136103, 0.0 ], [ -95.6474838, 30.1133777, 0.0 ], [ -95.647477, 30.1107948, 0.0 ] ], [ [ -95.61962, 30.129383, 0.0 ], [ -95.619623, 30.1294845, 0.0 ], [ -95.6196279, 30.129652, 0.0 ], [ -95.6196365, 30.1301705, 0.0 ], [ -95.6196437, 30.1306042, 0.0 ], [ -95.6196506, 30.1309454, 0.0 ], [ -95.619654, 30.1310803, 0.0 ], [ -95.6168826, 30.1310546, 0.0 ], [ -95.6168322, 30.1267951, 0.0 ], [ -95.6171568, 30.1267868, 0.0 ], [ -95.6181421, 30.1267758, 0.0 ], [ -95.6181378, 30.1266684, 0.0 ], [ -95.618875, 30.1266704, 0.0 ], [ -95.6195875, 30.1266581, 0.0 ], [ -95.6196108, 30.1286129, 0.0 ], [ -95.6196117, 30.1286888, 0.0 ], [ -95.61962, 30.129383, 0.0 ] ], [ [ -95.6195318, 30.1242984, 0.0 ], [ -95.6195458, 30.1254384, 0.0 ], [ -95.6167896, 30.1254599, 0.0 ], [ -95.6167577, 30.122568, 0.0 ], [ -95.6166832, 30.1225716, 0.0 ], [ -95.6166461, 30.1200041, 0.0 ], [ -95.6161942, 30.1200093, 0.0 ], [ -95.6161977, 30.1202844, 0.0 ], [ -95.6144259, 30.1203031, 0.0 ], [ -95.6143698, 30.1161452, 0.0 ], [ -95.6187159, 30.1160922, 0.0 ], [ -95.6187398, 30.1171574, 0.0 ], [ -95.6194441, 30.1171504, 0.0 ], [ -95.6195017, 30.1218448, 0.0 ], [ -95.6195065, 30.1222379, 0.0 ], [ -95.6195185, 30.1232182, 0.0 ], [ -95.6195318, 30.1242984, 0.0 ] ], [ [ -95.6132504, 30.1231975, 0.0 ], [ -95.6132597, 30.1237013, 0.0 ], [ -95.6120496, 30.1236461, 0.0 ], [ -95.6120576, 30.1210121, 0.0 ], [ -95.6095683, 30.1210682, 0.0 ], [ -95.609555, 30.119622, 0.0 ], [ -95.6100296, 30.119623, 0.0 ], [ -95.6100284, 30.1194469, 0.0 ], [ -95.609553, 30.1194459, 0.0 ], [ -95.6095374, 30.1161885, 0.0 ], [ -95.6131195, 30.1161577, 0.0 ], [ -95.6132129, 30.1211823, 0.0 ], [ -95.6132141, 30.1212445, 0.0 ], [ -95.613234, 30.1223179, 0.0 ], [ -95.6132504, 30.1231975, 0.0 ] ] ] } },
{ "type": "Feature", "properties": { "TRACT": "CityofHumble" }, "geometry": { "type": "Polygon", "coordinates": [ [ [ -95.279642, 29.9747734, 0.0 ], [ -95.2805433, 29.9728623, 0.0 ], [ -95.2807857, 29.972302, 0.0 ], [ -95.2808298, 29.9722002, 0.0 ], [ -95.2814279, 29.9707719, 0.0 ], [ -95.2816768, 29.9702228, 0.0 ], [ -95.2817328, 29.9700992, 0.0 ], [ -95.2818124, 29.9699235, 0.0 ], [ -95.2818184, 29.9699103, 0.0 ], [ -95.2819182, 29.96969, 0.0 ], [ -95.2819256, 29.9696736, 0.0 ], [ -95.2820432, 29.9694143, 0.0 ], [ -95.2820613, 29.9693743, 0.0 ], [ -95.2822181, 29.9690282, 0.0 ], [ -95.2822187, 29.9689052, 0.0 ], [ -95.2823487, 29.9687173, 0.0 ], [ -95.282463, 29.9684611, 0.0 ], [ -95.2825734, 29.9682092, 0.0 ], [ -95.2825745, 29.9682068, 0.0 ], [ -95.2825753, 29.968205, 0.0 ], [ -95.2825993, 29.9682068, 0.0 ], [ -95.2826643, 29.9680456, 0.0 ], [ -95.2828349, 29.9675949, 0.0 ], [ -95.2829789, 29.9673169, 0.0 ], [ -95.2829982, 29.9673169, 0.0 ], [ -95.2831087, 29.9670343, 0.0 ], [ -95.2832096, 29.9667625, 0.0 ], [ -95.2834214, 29.9662876, 0.0 ], [ -95.2836327, 29.9658141, 0.0 ], [ -95.2836449, 29.9657732, 0.0 ], [ -95.2840006, 29.9649795, 0.0 ], [ -95.2840233, 29.9649386, 0.0 ], [ -95.2842345, 29.9644652, 0.0 ], [ -95.2847351, 29.9633542, 0.0 ], [ -95.2854391, 29.961792, 0.0 ], [ -95.2864716, 29.9594623, 0.0 ], [ -95.2868222, 29.9586203, 0.0 ], [ -95.2868225, 29.9586198, 0.0 ], [ -95.2868355, 29.9585859, 0.0 ], [ -95.286817, 29.9585743, 0.0 ], [ -95.2867984, 29.958563, 0.0 ], [ -95.2867794, 29.9585522, 0.0 ], [ -95.2867603, 29.9585417, 0.0 ], [ -95.2867409, 29.9585316, 0.0 ], [ -95.2867213, 29.9585219, 0.0 ], [ -95.2867015, 29.9585125, 0.0 ], [ -95.2866815, 29.9585035, 0.0 ], [ -95.2866613, 29.9584949, 0.0 ], [ -95.2866239, 29.9584802, 0.0 ], [ -95.286524, 29.9584357, 0.0 ], [ -95.2863715, 29.9583677, 0.0 ], [ -95.286356, 29.9583574, 0.0 ], [ -95.2863403, 29.9583474, 0.0 ], [ -95.2863245, 29.9583375, 0.0 ], [ -95.2863086, 29.9583279, 0.0 ], [ -95.2862925, 29.9583185, 0.0 ], [ -95.2862763, 29.9583094, 0.0 ], [ -95.286271, 29.9583054, 0.0 ], [ -95.2862637, 29.9582997, 0.0 ], [ -95.286251, 29.9582903, 0.0 ], [ -95.2862381, 29.9582813, 0.0 ], [ -95.2862251, 29.9582725, 0.0 ], [ -95.2862119, 29.9582641, 0.0 ], [ -95.2861986, 29.9582559, 0.0 ], [ -95.2861851, 29.9582481, 0.0 ], [ -95.2861715, 29.9582406, 0.0 ], [ -95.2861578, 29.9582334, 0.0 ], [ -95.286143, 29.9582273, 0.0 ], [ -95.2861252, 29.9582221, 0.0 ], [ -95.2861075, 29.9582154, 0.0 ], [ -95.2860898, 29.958209, 0.0 ], [ -95.2860719, 29.9582029, 0.0 ], [ -95.2860541, 29.9581971, 0.0 ], [ -95.2860362, 29.9581915, 0.0 ], [ -95.2860182, 29.9581862, 0.0 ], [ -95.2860002, 29.9581812, 0.0 ], [ -95.2859822, 29.9581765, 0.0 ], [ -95.2859641, 29.9581721, 0.0 ], [ -95.2859455, 29.9581678, 0.0 ], [ -95.2854344, 29.9580793, 0.0 ], [ -95.2842165, 29.9580823, 0.0 ], [ -95.2837302, 29.9580835, 0.0 ], [ -95.2836811, 29.9580734, 0.0 ], [ -95.2836522, 29.9580664, 0.0 ], [ -95.2836234, 29.9580589, 0.0 ], [ -95.2835948, 29.958051, 0.0 ], [ -95.2835663, 29.9580427, 0.0 ], [ -95.2835379, 29.9580339, 0.0 ], [ -95.2835097, 29.9580246, 0.0 ], [ -95.2834817, 29.9580149, 0.0 ], [ -95.2834539, 29.9580048, 0.0 ], [ -95.2834262, 29.9579942, 0.0 ], [ -95.2833987, 29.9579832, 0.0 ], [ -95.2833715, 29.9579718, 0.0 ], [ -95.2833444, 29.9579599, 0.0 ], [ -95.2833176, 29.9579476, 0.0 ], [ -95.2825301, 29.9575417, 0.0 ], [ -95.2818919, 29.9572128, 0.0 ], [ -95.2818352, 29.9571836, 0.0 ], [ -95.2816656, 29.9571039, 0.0 ], [ -95.2815481, 29.9570487, 0.0 ], [ -95.2815547, 29.9570299, 0.0 ], [ -95.2817264, 29.9565384, 0.0 ], [ -95.2817099, 29.9565255, 0.0 ], [ -95.2816908, 29.9565111, 0.0 ], [ -95.2816713, 29.9564969, 0.0 ], [ -95.2816627, 29.9564908, 0.0 ], [ -95.2816584, 29.9564878, 0.0 ], [ -95.2816516, 29.956483, 0.0 ], [ -95.2816317, 29.9564695, 0.0 ], [ -95.2816115, 29.9564563, 0.0 ], [ -95.281591, 29.9564433, 0.0 ], [ -95.2815703, 29.9564307, 0.0 ], [ -95.2815493, 29.9564185, 0.0 ], [ -95.2815281, 29.9564065, 0.0 ], [ -95.2815067, 29.9563949, 0.0 ], [ -95.2814851, 29.9563836, 0.0 ], [ -95.2814632, 29.9563726, 0.0 ], [ -95.2814411, 29.956362, 0.0 ], [ -95.2814189, 29.9563517, 0.0 ], [ -95.2813964, 29.9563418, 0.0 ], [ -95.2813738, 29.9563322, 0.0 ], [ -95.2813509, 29.956323, 0.0 ], [ -95.2813279, 29.9563142, 0.0 ], [ -95.2813047, 29.9563056, 0.0 ], [ -95.2812814, 29.9562975, 0.0 ], [ -95.2812579, 29.9562897, 0.0 ], [ -95.2812343, 29.9562823, 0.0 ], [ -95.2811965, 29.9562713, 0.0 ], [ -95.2807586, 29.9561383, 0.0 ], [ -95.2794743, 29.9557484, 0.0 ], [ -95.2783522, 29.9554077, 0.0 ], [ -95.27832, 29.9553957, 0.0 ], [ -95.278297, 29.9553879, 0.0 ], [ -95.2782742, 29.9553797, 0.0 ], [ -95.2782514, 29.9553711, 0.0 ], [ -95.2782289, 29.955362, 0.0 ], [ -95.2782064, 29.9553526, 0.0 ], [ -95.2781841, 29.9553428, 0.0 ], [ -95.2781619, 29.9553325, 0.0 ], [ -95.2781399, 29.9553219, 0.0 ], [ -95.278118, 29.9553108, 0.0 ], [ -95.2781046, 29.9553037, 0.0 ], [ -95.2780964, 29.9552994, 0.0 ], [ -95.2780749, 29.9552876, 0.0 ], [ -95.2780536, 29.9552753, 0.0 ], [ -95.2780324, 29.9552628, 0.0 ], [ -95.2780115, 29.9552498, 0.0 ], [ -95.2779908, 29.9552364, 0.0 ], [ -95.2779703, 29.9552227, 0.0 ], [ -95.27795, 29.9552086, 0.0 ], [ -95.2779299, 29.9551942, 0.0 ], [ -95.2779101, 29.9551794, 0.0 ], [ -95.2778904, 29.9551642, 0.0 ], [ -95.2778711, 29.9551487, 0.0 ], [ -95.2778519, 29.9551329, 0.0 ], [ -95.2778331, 29.9551167, 0.0 ], [ -95.2778144, 29.9551002, 0.0 ], [ -95.2777961, 29.9550833, 0.0 ], [ -95.277778, 29.9550662, 0.0 ], [ -95.2770687, 29.9543115, 0.0 ], [ -95.2769425, 29.9541772, 0.0 ], [ -95.2769028, 29.9541367, 0.0 ], [ -95.2768869, 29.9541163, 0.0 ], [ -95.2768706, 29.9540962, 0.0 ], [ -95.2768539, 29.9540764, 0.0 ], [ -95.2768368, 29.954057, 0.0 ], [ -95.2768193, 29.9540379, 0.0 ], [ -95.2768014, 29.9540192, 0.0 ], [ -95.2767831, 29.9540009, 0.0 ], [ -95.2767645, 29.953983, 0.0 ], [ -95.2767455, 29.9539654, 0.0 ], [ -95.2767261, 29.9539483, 0.0 ], [ -95.2767064, 29.9539315, 0.0 ], [ -95.2766798, 29.9539099, 0.0 ], [ -95.2766593, 29.9538941, 0.0 ], [ -95.2766384, 29.9538786, 0.0 ], [ -95.2766172, 29.9538636, 0.0 ], [ -95.2765957, 29.953849, 0.0 ], [ -95.2765739, 29.9538348, 0.0 ], [ -95.2765517, 29.953821, 0.0 ], [ -95.2765292, 29.9538077, 0.0 ], [ -95.2765065, 29.9537948, 0.0 ], [ -95.2764835, 29.9537823, 0.0 ], [ -95.2764601, 29.9537703, 0.0 ], [ -95.2764365, 29.9537587, 0.0 ], [ -95.2764127, 29.9537476, 0.0 ], [ -95.2763885, 29.9537369, 0.0 ], [ -95.2763641, 29.9537267, 0.0 ], [ -95.2763395, 29.9537169, 0.0 ], [ -95.2763146, 29.9537076, 0.0 ], [ -95.2762895, 29.9536988, 0.0 ], [ -95.2762642, 29.9536904, 0.0 ], [ -95.2762387, 29.9536826, 0.0 ], [ -95.2762108, 29.9536728, 0.0 ], [ -95.2761815, 29.9536622, 0.0 ], [ -95.2761521, 29.9536521, 0.0 ], [ -95.2761289, 29.9536446, 0.0 ], [ -95.2761225, 29.9536425, 0.0 ], [ -95.2760927, 29.9536334, 0.0 ], [ -95.2760627, 29.9536248, 0.0 ], [ -95.2760326, 29.9536166, 0.0 ], [ -95.2760023, 29.953609, 0.0 ], [ -95.2759719, 29.9536018, 0.0 ], [ -95.2759414, 29.9535952, 0.0 ], [ -95.2759107, 29.953589, 0.0 ], [ -95.2758799, 29.9535834, 0.0 ], [ -95.2758491, 29.9535782, 0.0 ], [ -95.2758181, 29.9535735, 0.0 ], [ -95.2757871, 29.9535694, 0.0 ], [ -95.275756, 29.9535658, 0.0 ], [ -95.2757249, 29.9535626, 0.0 ], [ -95.2756937, 29.95356, 0.0 ], [ -95.2756624, 29.9535579, 0.0 ], [ -95.2756311, 29.9535563, 0.0 ], [ -95.2755998, 29.9535552, 0.0 ], [ -95.2755685, 29.9535546, 0.0 ], [ -95.2755371, 29.9535546, 0.0 ], [ -95.2755058, 29.953555, 0.0 ], [ -95.2754745, 29.953556, 0.0 ], [ -95.2754432, 29.9535574, 0.0 ], [ -95.2754112, 29.9535591, 0.0 ], [ -95.275358, 29.9535624, 0.0 ], [ -95.2748633, 29.9536695, 0.0 ], [ -95.2745362, 29.9537403, 0.0 ], [ -95.2744275, 29.9537631, 0.0 ], [ -95.2743184, 29.9537842, 0.0 ], [ -95.274209, 29.9538035, 0.0 ], [ -95.2740991, 29.9538212, 0.0 ], [ -95.273989, 29.9538371, 0.0 ], [ -95.2738786, 29.9538512, 0.0 ], [ -95.2737679, 29.9538636, 0.0 ], [ -95.2737305, 29.9538672, 0.0 ], [ -95.2736569, 29.9538743, 0.0 ], [ -95.2735458, 29.9538806, 0.0 ], [ -95.2734344, 29.9538844, 0.0 ], [ -95.2733229, 29.9538866, 0.0 ], [ -95.2732114, 29.9538871, 0.0 ], [ -95.2730998, 29.953886, 0.0 ], [ -95.2729882, 29.9538832, 0.0 ], [ -95.2728766, 29.9538787, 0.0 ], [ -95.272765, 29.9538726, 0.0 ], [ -95.2726535, 29.9538649, 0.0 ], [ -95.2725422, 29.9538555, 0.0 ], [ -95.2724337, 29.9538452, 0.0 ], [ -95.272431, 29.953845, 0.0 ], [ -95.2723202, 29.9538342, 0.0 ], [ -95.2722096, 29.9538218, 0.0 ], [ -95.2720993, 29.9538077, 0.0 ], [ -95.2719892, 29.9537919, 0.0 ], [ -95.2718794, 29.9537745, 0.0 ], [ -95.2717256, 29.9537472, 0.0 ], [ -95.2712138, 29.9536507, 0.0 ], [ -95.2712073, 29.9536494, 0.0 ], [ -95.2711759, 29.9536438, 0.0 ], [ -95.2711444, 29.9536386, 0.0 ], [ -95.2711129, 29.9536339, 0.0 ], [ -95.2710812, 29.9536296, 0.0 ], [ -95.2710495, 29.9536259, 0.0 ], [ -95.2710177, 29.9536226, 0.0 ], [ -95.2709859, 29.9536198, 0.0 ], [ -95.270954, 29.9536175, 0.0 ], [ -95.270922, 29.9536156, 0.0 ], [ -95.27089, 29.9536143, 0.0 ], [ -95.2708581, 29.9536134, 0.0 ], [ -95.2708241, 29.9536126, 0.0 ], [ -95.2707884, 29.953612, 0.0 ], [ -95.2707528, 29.9536119, 0.0 ], [ -95.2707173, 29.9536123, 0.0 ], [ -95.2706819, 29.9536132, 0.0 ], [ -95.2706466, 29.9536145, 0.0 ], [ -95.2706114, 29.9536164, 0.0 ], [ -95.2705764, 29.9536188, 0.0 ], [ -95.2705415, 29.9536217, 0.0 ], [ -95.2705068, 29.953625, 0.0 ], [ -95.2704722, 29.9536289, 0.0 ], [ -95.2704379, 29.9536332, 0.0 ], [ -95.2704037, 29.953638, 0.0 ], [ -95.2703697, 29.9536434, 0.0 ], [ -95.2703359, 29.9536492, 0.0 ], [ -95.2703023, 29.9536555, 0.0 ], [ -95.2702689, 29.9536623, 0.0 ], [ -95.2702358, 29.9536695, 0.0 ], [ -95.2702029, 29.9536773, 0.0 ], [ -95.2701703, 29.9536855, 0.0 ], [ -95.270138, 29.9536942, 0.0 ], [ -95.2701059, 29.9537033, 0.0 ], [ -95.2700742, 29.953713, 0.0 ], [ -95.2700519, 29.9537201, 0.0 ], [ -95.2700427, 29.9537231, 0.0 ], [ -95.2700115, 29.9537336, 0.0 ], [ -95.2699807, 29.9537446, 0.0 ], [ -95.2699501, 29.9537561, 0.0 ], [ -95.2699199, 29.9537681, 0.0 ], [ -95.2698901, 29.9537804, 0.0 ], [ -95.2698606, 29.9537933, 0.0 ], [ -95.2698315, 29.9538065, 0.0 ], [ -95.2698027, 29.9538202, 0.0 ], [ -95.2697743, 29.9538344, 0.0 ], [ -95.2697463, 29.9538489, 0.0 ], [ -95.2697187, 29.9538639, 0.0 ], [ -95.2696915, 29.9538793, 0.0 ], [ -95.2696648, 29.9538952, 0.0 ], [ -95.2696384, 29.9539114, 0.0 ], [ -95.2696125, 29.9539281, 0.0 ], [ -95.269587, 29.9539451, 0.0 ], [ -95.269562, 29.9539625, 0.0 ], [ -95.2695374, 29.9539804, 0.0 ], [ -95.2695132, 29.9539986, 0.0 ], [ -95.2694896, 29.9540172, 0.0 ], [ -95.2694664, 29.9540361, 0.0 ], [ -95.2694437, 29.9540555, 0.0 ], [ -95.2694215, 29.9540752, 0.0 ], [ -95.2693998, 29.9540951, 0.0 ], [ -95.2693788, 29.9541149, 0.0 ], [ -95.2693583, 29.9541351, 0.0 ], [ -95.2693383, 29.9541557, 0.0 ], [ -95.2693188, 29.9541766, 0.0 ], [ -95.2692998, 29.9541979, 0.0 ], [ -95.2692813, 29.9542195, 0.0 ], [ -95.2692634, 29.9542415, 0.0 ], [ -95.2692411, 29.9542702, 0.0 ], [ -95.2692205, 29.9542896, 0.0 ], [ -95.2690703, 29.9544304, 0.0 ], [ -95.2690692, 29.9544313, 0.0 ], [ -95.2690682, 29.9544323, 0.0 ], [ -95.2690671, 29.9544333, 0.0 ], [ -95.2690661, 29.9544342, 0.0 ], [ -95.269065, 29.9544352, 0.0 ], [ -95.2690639, 29.9544361, 0.0 ], [ -95.2690629, 29.9544371, 0.0 ], [ -95.2690618, 29.954438, 0.0 ], [ -95.2690607, 29.954439, 0.0 ], [ -95.2690596, 29.9544399, 0.0 ], [ -95.2690585, 29.9544408, 0.0 ], [ -95.2690574, 29.9544418, 0.0 ], [ -95.2690563, 29.9544427, 0.0 ], [ -95.2690552, 29.9544436, 0.0 ], [ -95.2690541, 29.9544445, 0.0 ], [ -95.269053, 29.9544454, 0.0 ], [ -95.2690518, 29.9544463, 0.0 ], [ -95.2690507, 29.9544472, 0.0 ], [ -95.2690496, 29.9544481, 0.0 ], [ -95.2690484, 29.954449, 0.0 ], [ -95.2690473, 29.9544499, 0.0 ], [ -95.2690461, 29.9544508, 0.0 ], [ -95.269045, 29.9544517, 0.0 ], [ -95.2690438, 29.9544525, 0.0 ], [ -95.2690426, 29.9544534, 0.0 ], [ -95.2690414, 29.9544543, 0.0 ], [ -95.2690403, 29.9544551, 0.0 ], [ -95.2690391, 29.954456, 0.0 ], [ -95.2690379, 29.9544569, 0.0 ], [ -95.2690367, 29.9544577, 0.0 ], [ -95.2690355, 29.9544585, 0.0 ], [ -95.2690343, 29.9544594, 0.0 ], [ -95.2690331, 29.9544602, 0.0 ], [ -95.2690319, 29.954461, 0.0 ], [ -95.2690307, 29.9544619, 0.0 ], [ -95.2690294, 29.9544627, 0.0 ], [ -95.2690282, 29.9544635, 0.0 ], [ -95.269027, 29.9544643, 0.0 ], [ -95.2690257, 29.9544651, 0.0 ], [ -95.2690245, 29.9544659, 0.0 ], [ -95.2690232, 29.9544667, 0.0 ], [ -95.269022, 29.9544675, 0.0 ], [ -95.2690207, 29.9544683, 0.0 ], [ -95.2690195, 29.9544691, 0.0 ], [ -95.2690182, 29.9544698, 0.0 ], [ -95.269017, 29.9544706, 0.0 ], [ -95.2690157, 29.9544714, 0.0 ], [ -95.2690144, 29.9544721, 0.0 ], [ -95.2690131, 29.9544729, 0.0 ], [ -95.2690118, 29.9544737, 0.0 ], [ -95.2690105, 29.9544744, 0.0 ], [ -95.2690092, 29.9544751, 0.0 ], [ -95.2690079, 29.9544759, 0.0 ], [ -95.2690066, 29.9544766, 0.0 ], [ -95.2690053, 29.9544773, 0.0 ], [ -95.269004, 29.9544781, 0.0 ], [ -95.2690027, 29.9544788, 0.0 ], [ -95.2690013, 29.9544795, 0.0 ], [ -95.269, 29.9544802, 0.0 ], [ -95.2689987, 29.9544809, 0.0 ], [ -95.2689973, 29.9544816, 0.0 ], [ -95.268996, 29.9544823, 0.0 ], [ -95.2689947, 29.954483, 0.0 ], [ -95.2689933, 29.9544837, 0.0 ], [ -95.268992, 29.9544844, 0.0 ], [ -95.2689906, 29.954485, 0.0 ], [ -95.2689892, 29.9544857, 0.0 ], [ -95.2689879, 29.9544864, 0.0 ], [ -95.2689865, 29.954487, 0.0 ], [ -95.2689851, 29.9544877, 0.0 ], [ -95.2689837, 29.9544883, 0.0 ], [ -95.2689824, 29.954489, 0.0 ], [ -95.268981, 29.9544896, 0.0 ], [ -95.2689796, 29.9544902, 0.0 ], [ -95.2689782, 29.9544909, 0.0 ], [ -95.2689768, 29.9544915, 0.0 ], [ -95.2689754, 29.9544921, 0.0 ], [ -95.268974, 29.9544927, 0.0 ], [ -95.2689726, 29.9544933, 0.0 ], [ -95.2689711, 29.9544939, 0.0 ], [ -95.2689697, 29.9544945, 0.0 ], [ -95.2689683, 29.9544951, 0.0 ], [ -95.2689669, 29.9544957, 0.0 ], [ -95.2689654, 29.9544963, 0.0 ], [ -95.268964, 29.9544969, 0.0 ], [ -95.2689626, 29.9544974, 0.0 ], [ -95.2689611, 29.954498, 0.0 ], [ -95.2689597, 29.9544986, 0.0 ], [ -95.2689582, 29.9544991, 0.0 ], [ -95.2689568, 29.9544997, 0.0 ], [ -95.2689553, 29.9545002, 0.0 ], [ -95.2689538, 29.9545008, 0.0 ], [ -95.2689524, 29.9545013, 0.0 ], [ -95.2689509, 29.9545018, 0.0 ], [ -95.2689494, 29.9545024, 0.0 ], [ -95.268948, 29.9545029, 0.0 ], [ -95.2689465, 29.9545034, 0.0 ], [ -95.268945, 29.9545039, 0.0 ], [ -95.2689435, 29.9545044, 0.0 ], [ -95.268942, 29.9545049, 0.0 ], [ -95.2689405, 29.9545054, 0.0 ], [ -95.268939, 29.9545059, 0.0 ], [ -95.2689375, 29.9545064, 0.0 ], [ -95.268936, 29.9545069, 0.0 ], [ -95.2689345, 29.9545073, 0.0 ], [ -95.268933, 29.9545078, 0.0 ], [ -95.2689315, 29.9545083, 0.0 ], [ -95.26893, 29.9545087, 0.0 ], [ -95.2689285, 29.9545092, 0.0 ], [ -95.2689269, 29.9545096, 0.0 ], [ -95.2689254, 29.9545101, 0.0 ], [ -95.2689239, 29.9545105, 0.0 ], [ -95.2689223, 29.9545109, 0.0 ], [ -95.2689208, 29.9545113, 0.0 ], [ -95.2689193, 29.9545118, 0.0 ], [ -95.2689177, 29.9545122, 0.0 ], [ -95.2689162, 29.9545126, 0.0 ], [ -95.2689146, 29.954513, 0.0 ], [ -95.2689131, 29.9545134, 0.0 ], [ -95.2689115, 29.9545138, 0.0 ], [ -95.26891, 29.9545142, 0.0 ], [ -95.2689084, 29.9545145, 0.0 ], [ -95.2689068, 29.9545149, 0.0 ], [ -95.2689053, 29.9545153, 0.0 ], [ -95.2689037, 29.9545156, 0.0 ], [ -95.2689021, 29.954516, 0.0 ], [ -95.2689005, 29.9545164, 0.0 ], [ -95.268899, 29.9545167, 0.0 ], [ -95.2688974, 29.9545171, 0.0 ], [ -95.2688958, 29.9545174, 0.0 ], [ -95.2688942, 29.9545177, 0.0 ], [ -95.2688926, 29.954518, 0.0 ], [ -95.268891, 29.9545184, 0.0 ], [ -95.2688894, 29.9545187, 0.0 ], [ -95.2688878, 29.954519, 0.0 ], [ -95.2688862, 29.9545193, 0.0 ], [ -95.2688846, 29.9545196, 0.0 ], [ -95.268883, 29.9545199, 0.0 ], [ -95.2688814, 29.9545202, 0.0 ], [ -95.2688798, 29.9545205, 0.0 ], [ -95.2688782, 29.9545207, 0.0 ], [ -95.2688765, 29.954521, 0.0 ], [ -95.2688749, 29.9545213, 0.0 ], [ -95.2688733, 29.9545215, 0.0 ], [ -95.2688717, 29.9545218, 0.0 ], [ -95.2688701, 29.954522, 0.0 ], [ -95.2688684, 29.9545223, 0.0 ], [ -95.2688668, 29.9545225, 0.0 ], [ -95.2688652, 29.9545228, 0.0 ], [ -95.2688635, 29.954523, 0.0 ], [ -95.2688619, 29.9545232, 0.0 ], [ -95.2688602, 29.9545234, 0.0 ], [ -95.2688586, 29.9545236, 0.0 ], [ -95.268857, 29.9545238, 0.0 ], [ -95.2688553, 29.954524, 0.0 ], [ -95.2688536, 29.9545242, 0.0 ], [ -95.268852, 29.9545244, 0.0 ], [ -95.2688503, 29.9545246, 0.0 ], [ -95.2688487, 29.9545248, 0.0 ], [ -95.268847, 29.9545249, 0.0 ], [ -95.2688454, 29.9545251, 0.0 ], [ -95.2688437, 29.9545253, 0.0 ], [ -95.268842, 29.9545254, 0.0 ], [ -95.2688404, 29.9545256, 0.0 ], [ -95.2688387, 29.9545257, 0.0 ], [ -95.268837, 29.9545258, 0.0 ], [ -95.2688354, 29.954526, 0.0 ], [ -95.2688337, 29.9545261, 0.0 ], [ -95.268832, 29.9545262, 0.0 ], [ -95.2688303, 29.9545263, 0.0 ], [ -95.2688287, 29.9545264, 0.0 ], [ -95.268827, 29.9545266, 0.0 ], [ -95.2688253, 29.9545266, 0.0 ], [ -95.2688236, 29.9545267, 0.0 ], [ -95.2688219, 29.9545268, 0.0 ], [ -95.2688202, 29.9545269, 0.0 ], [ -95.2688185, 29.954527, 0.0 ], [ -95.2688168, 29.9545271, 0.0 ], [ -95.2688152, 29.9545271, 0.0 ], [ -95.2688135, 29.9545272, 0.0 ], [ -95.2688118, 29.9545272, 0.0 ], [ -95.2688101, 29.9545273, 0.0 ], [ -95.2688083, 29.9545273, 0.0 ], [ -95.2688067, 29.9545274, 0.0 ], [ -95.268805, 29.9545274, 0.0 ], [ -95.2688033, 29.9545274, 0.0 ], [ -95.2688015, 29.9545274, 0.0 ], [ -95.2687998, 29.9545274, 0.0 ], [ -95.2687981, 29.9545275, 0.0 ], [ -95.2687964, 29.9545275, 0.0 ], [ -95.2687947, 29.9545274, 0.0 ], [ -95.268793, 29.9545274, 0.0 ], [ -95.2687913, 29.9545274, 0.0 ], [ -95.2687896, 29.9545274, 0.0 ], [ -95.2687879, 29.9545274, 0.0 ], [ -95.2687861, 29.9545273, 0.0 ], [ -95.2687844, 29.9545273, 0.0 ], [ -95.2687827, 29.9545273, 0.0 ], [ -95.268781, 29.9545272, 0.0 ], [ -95.2687793, 29.9545272, 0.0 ], [ -95.2687775, 29.9545271, 0.0 ], [ -95.2687758, 29.954527, 0.0 ], [ -95.2687741, 29.954527, 0.0 ], [ -95.2687724, 29.9545269, 0.0 ], [ -95.2687706, 29.9545268, 0.0 ], [ -95.2687689, 29.9545267, 0.0 ], [ -95.2687672, 29.9545266, 0.0 ], [ -95.2687654, 29.9545265, 0.0 ], [ -95.2687637, 29.9545264, 0.0 ], [ -95.268762, 29.9545263, 0.0 ], [ -95.2687602, 29.9545262, 0.0 ], [ -95.2687585, 29.9545261, 0.0 ], [ -95.2687568, 29.9545259, 0.0 ], [ -95.268755, 29.9545258, 0.0 ], [ -95.2687533, 29.9545257, 0.0 ], [ -95.2687516, 29.9545255, 0.0 ], [ -95.2687498, 29.9545254, 0.0 ], [ -95.2687481, 29.9545252, 0.0 ], [ -95.2687464, 29.9545251, 0.0 ], [ -95.2687446, 29.9545249, 0.0 ], [ -95.2687429, 29.9545247, 0.0 ], [ -95.2687412, 29.9545246, 0.0 ], [ -95.2687394, 29.9545244, 0.0 ], [ -95.2687377, 29.9545242, 0.0 ], [ -95.2687359, 29.954524, 0.0 ], [ -95.2687342, 29.9545238, 0.0 ], [ -95.2687324, 29.9545236, 0.0 ], [ -95.2687307, 29.9545234, 0.0 ], [ -95.268729, 29.9545232, 0.0 ], [ -95.2687272, 29.9545229, 0.0 ], [ -95.2687255, 29.9545227, 0.0 ], [ -95.2687237, 29.9545225, 0.0 ], [ -95.268722, 29.9545222, 0.0 ], [ -95.2687203, 29.954522, 0.0 ], [ -95.2687185, 29.9545217, 0.0 ], [ -95.2687168, 29.9545215, 0.0 ], [ -95.268715, 29.9545212, 0.0 ], [ -95.2687133, 29.9545209, 0.0 ], [ -95.2687115, 29.9545207, 0.0 ], [ -95.2687098, 29.9545204, 0.0 ], [ -95.268708, 29.9545201, 0.0 ], [ -95.2687063, 29.9545198, 0.0 ], [ -95.2687046, 29.9545195, 0.0 ], [ -95.2687028, 29.9545192, 0.0 ], [ -95.2687011, 29.9545189, 0.0 ], [ -95.2686993, 29.9545186, 0.0 ], [ -95.2686976, 29.9545183, 0.0 ], [ -95.2686958, 29.954518, 0.0 ], [ -95.2686941, 29.9545177, 0.0 ], [ -95.2686924, 29.9545173, 0.0 ], [ -95.2686906, 29.954517, 0.0 ], [ -95.2686889, 29.9545166, 0.0 ], [ -95.2686871, 29.9545163, 0.0 ], [ -95.2686854, 29.9545159, 0.0 ], [ -95.2686837, 29.9545156, 0.0 ], [ -95.2686819, 29.9545152, 0.0 ], [ -95.2686802, 29.9545148, 0.0 ], [ -95.2686784, 29.9545145, 0.0 ], [ -95.2686767, 29.9545141, 0.0 ], [ -95.268675, 29.9545137, 0.0 ], [ -95.2686732, 29.9545133, 0.0 ], [ -95.2686715, 29.9545129, 0.0 ], [ -95.2686697, 29.9545125, 0.0 ], [ -95.268668, 29.9545121, 0.0 ], [ -95.2686663, 29.9545117, 0.0 ], [ -95.2686645, 29.9545113, 0.0 ], [ -95.2686628, 29.9545108, 0.0 ], [ -95.2686611, 29.9545104, 0.0 ], [ -95.2686593, 29.95451, 0.0 ], [ -95.2686576, 29.9545095, 0.0 ], [ -95.2686559, 29.9545091, 0.0 ], [ -95.2686541, 29.9545086, 0.0 ], [ -95.2686524, 29.9545082, 0.0 ], [ -95.2686507, 29.9545077, 0.0 ], [ -95.2686489, 29.9545072, 0.0 ], [ -95.2686472, 29.9545068, 0.0 ], [ -95.2686455, 29.9545063, 0.0 ], [ -95.2686438, 29.9545058, 0.0 ], [ -95.2686421, 29.9545053, 0.0 ], [ -95.2686403, 29.9545048, 0.0 ], [ -95.2686386, 29.9545043, 0.0 ], [ -95.2686369, 29.9545038, 0.0 ], [ -95.2686352, 29.9545033, 0.0 ], [ -95.2686334, 29.9545028, 0.0 ], [ -95.2686317, 29.9545023, 0.0 ], [ -95.26863, 29.9545017, 0.0 ], [ -95.2686283, 29.9545012, 0.0 ], [ -95.2686266, 29.9545007, 0.0 ], [ -95.2686249, 29.9545001, 0.0 ], [ -95.2686231, 29.9544996, 0.0 ], [ -95.2686214, 29.954499, 0.0 ], [ -95.2686197, 29.9544985, 0.0 ], [ -95.268618, 29.9544979, 0.0 ], [ -95.2686163, 29.9544973, 0.0 ], [ -95.2686146, 29.9544968, 0.0 ], [ -95.2686129, 29.9544962, 0.0 ], [ -95.2686112, 29.9544956, 0.0 ], [ -95.2686095, 29.954495, 0.0 ], [ -95.2686078, 29.9544944, 0.0 ], [ -95.2686061, 29.9544938, 0.0 ], [ -95.2686044, 29.9544932, 0.0 ], [ -95.2686027, 29.9544926, 0.0 ], [ -95.268601, 29.954492, 0.0 ], [ -95.2685993, 29.9544914, 0.0 ], [ -95.2685976, 29.9544907, 0.0 ], [ -95.268596, 29.9544901, 0.0 ], [ -95.2685943, 29.9544895, 0.0 ], [ -95.2685926, 29.9544888, 0.0 ], [ -95.2685909, 29.9544882, 0.0 ], [ -95.2685892, 29.9544875, 0.0 ], [ -95.2685875, 29.9544869, 0.0 ], [ -95.2685859, 29.9544862, 0.0 ], [ -95.2685842, 29.9544856, 0.0 ], [ -95.2685825, 29.9544849, 0.0 ], [ -95.2685808, 29.9544842, 0.0 ], [ -95.2685792, 29.9544835, 0.0 ], [ -95.2685775, 29.9544829, 0.0 ], [ -95.2685758, 29.9544822, 0.0 ], [ -95.2685742, 29.9544815, 0.0 ], [ -95.2685725, 29.9544808, 0.0 ], [ -95.2685708, 29.9544801, 0.0 ], [ -95.2685692, 29.9544794, 0.0 ], [ -95.2685675, 29.9544786, 0.0 ], [ -95.2685659, 29.9544779, 0.0 ], [ -95.2685642, 29.9544772, 0.0 ], [ -95.2685626, 29.9544765, 0.0 ], [ -95.2685609, 29.9544757, 0.0 ], [ -95.2685593, 29.954475, 0.0 ], [ -95.2685576, 29.9544742, 0.0 ], [ -95.268556, 29.9544735, 0.0 ], [ -95.2685544, 29.9544727, 0.0 ], [ -95.2685527, 29.954472, 0.0 ], [ -95.2685511, 29.9544712, 0.0 ], [ -95.2685495, 29.9544705, 0.0 ], [ -95.2685478, 29.9544697, 0.0 ], [ -95.2685462, 29.9544689, 0.0 ], [ -95.2685446, 29.9544681, 0.0 ], [ -95.268543, 29.9544673, 0.0 ], [ -95.2685413, 29.9544665, 0.0 ], [ -95.2685397, 29.9544657, 0.0 ], [ -95.2685381, 29.9544649, 0.0 ], [ -95.2685365, 29.9544641, 0.0 ], [ -95.2685349, 29.9544633, 0.0 ], [ -95.2685333, 29.9544625, 0.0 ], [ -95.2685317, 29.9544617, 0.0 ], [ -95.2685301, 29.9544609, 0.0 ], [ -95.2685285, 29.95446, 0.0 ], [ -95.2685269, 29.9544592, 0.0 ], [ -95.2685253, 29.9544584, 0.0 ], [ -95.2685237, 29.9544575, 0.0 ], [ -95.2685221, 29.9544567, 0.0 ], [ -95.2685205, 29.9544558, 0.0 ], [ -95.268519, 29.954455, 0.0 ], [ -95.2685174, 29.9544541, 0.0 ], [ -95.2685158, 29.9544532, 0.0 ], [ -95.2685142, 29.9544524, 0.0 ], [ -95.2685127, 29.9544515, 0.0 ], [ -95.2685111, 29.9544506, 0.0 ], [ -95.2685095, 29.9544497, 0.0 ], [ -95.268508, 29.9544488, 0.0 ], [ -95.2685064, 29.9544479, 0.0 ], [ -95.2685049, 29.954447, 0.0 ], [ -95.2685033, 29.9544462, 0.0 ], [ -95.2685018, 29.9544452, 0.0 ], [ -95.2685002, 29.9544443, 0.0 ], [ -95.2684987, 29.9544434, 0.0 ], [ -95.2684971, 29.9544425, 0.0 ], [ -95.2684956, 29.9544416, 0.0 ], [ -95.2684941, 29.9544406, 0.0 ], [ -95.2684925, 29.9544397, 0.0 ], [ -95.268491, 29.9544388, 0.0 ], [ -95.2684895, 29.9544378, 0.0 ], [ -95.268488, 29.9544369, 0.0 ], [ -95.2684864, 29.9544359, 0.0 ], [ -95.2684849, 29.954435, 0.0 ], [ -95.2684834, 29.954434, 0.0 ], [ -95.2684819, 29.9544331, 0.0 ], [ -95.2684804, 29.9544321, 0.0 ], [ -95.2684789, 29.9544311, 0.0 ], [ -95.2684774, 29.9544302, 0.0 ], [ -95.2684759, 29.9544292, 0.0 ], [ -95.2684744, 29.9544282, 0.0 ], [ -95.268473, 29.9544272, 0.0 ], [ -95.2684715, 29.9544262, 0.0 ], [ -95.26847, 29.9544252, 0.0 ], [ -95.2684685, 29.9544242, 0.0 ], [ -95.268467, 29.9544232, 0.0 ], [ -95.2684656, 29.9544222, 0.0 ], [ -95.2684641, 29.9544212, 0.0 ], [ -95.2684627, 29.9544202, 0.0 ], [ -95.2684612, 29.9544192, 0.0 ], [ -95.2684597, 29.9544181, 0.0 ], [ -95.2684583, 29.9544171, 0.0 ], [ -95.2684569, 29.9544161, 0.0 ], [ -95.2684554, 29.954415, 0.0 ], [ -95.268454, 29.954414, 0.0 ], [ -95.2684525, 29.954413, 0.0 ], [ -95.2684511, 29.9544119, 0.0 ], [ -95.2684497, 29.9544109, 0.0 ], [ -95.2684483, 29.9544098, 0.0 ], [ -95.2684468, 29.9544087, 0.0 ], [ -95.2684454, 29.9544077, 0.0 ], [ -95.268444, 29.9544066, 0.0 ], [ -95.2684426, 29.9544055, 0.0 ], [ -95.2684407, 29.9544041, 0.0 ], [ -95.2684088, 29.9543795, 0.0 ], [ -95.2683721, 29.9544134, 0.0 ], [ -95.2682134, 29.9545592, 0.0 ], [ -95.2670194, 29.9556561, 0.0 ], [ -95.2668385, 29.9558332, 0.0 ], [ -95.2667912, 29.9558773, 0.0 ], [ -95.2667637, 29.9559021, 0.0 ], [ -95.2667404, 29.9559239, 0.0 ], [ -95.2667169, 29.9559456, 0.0 ], [ -95.2666931, 29.9559672, 0.0 ], [ -95.2666747, 29.9559879, 0.0 ], [ -95.2666563, 29.9560085, 0.0 ], [ -95.2666379, 29.956029, 0.0 ], [ -95.2666196, 29.9560493, 0.0 ], [ -95.2666014, 29.9560695, 0.0 ], [ -95.2665831, 29.9560895, 0.0 ], [ -95.2658981, 29.956319, 0.0 ], [ -95.2653142, 29.9565691, 0.0 ], [ -95.264884, 29.9567783, 0.0 ], [ -95.2633742, 29.9575123, 0.0 ], [ -95.2632785, 29.9575548, 0.0 ], [ -95.2616413, 29.9582813, 0.0 ], [ -95.2614337, 29.9583843, 0.0 ], [ -95.2608505, 29.9586531, 0.0 ], [ -95.2605965, 29.9587702, 0.0 ], [ -95.2604274, 29.9588447, 0.0 ], [ -95.260414, 29.9588472, 0.0 ], [ -95.2603993, 29.9588538, 0.0 ], [ -95.2596433, 29.9592241, 0.0 ], [ -95.2593305, 29.9593718, 0.0 ], [ -95.2590127, 29.9595143, 0.0 ], [ -95.258693, 29.9596576, 0.0 ], [ -95.2583763, 29.9597996, 0.0 ], [ -95.2580866, 29.9599352, 0.0 ], [ -95.2578384, 29.9600603, 0.0 ], [ -95.2577758, 29.9600919, 0.0 ], [ -95.2560652, 29.9608652, 0.0 ], [ -95.2542067, 29.9617014, 0.0 ], [ -95.2539703, 29.9618077, 0.0 ], [ -95.253961, 29.9618121, 0.0 ], [ -95.2536557, 29.9618919, 0.0 ], [ -95.2535909, 29.9619039, 0.0 ], [ -95.253553, 29.9619106, 0.0 ], [ -95.2535266, 29.9619152, 0.0 ], [ -95.2534227, 29.9619326, 0.0 ], [ -95.2533195, 29.9619485, 0.0 ], [ -95.2531683, 29.9619696, 0.0 ], [ -95.2530181, 29.961988, 0.0 ], [ -95.2527245, 29.9620153, 0.0 ], [ -95.2525731, 29.9620258, 0.0 ], [ -95.2524892, 29.9620315, 0.0 ], [ -95.2524062, 29.9620365, 0.0 ], [ -95.2522663, 29.9620381, 0.0 ], [ -95.2519364, 29.9620417, 0.0 ], [ -95.2505173, 29.9620606, 0.0 ], [ -95.2502958, 29.9620639, 0.0 ], [ -95.2499801, 29.9620687, 0.0 ], [ -95.2492024, 29.9620804, 0.0 ], [ -95.2487907, 29.9620866, 0.0 ], [ -95.2487722, 29.9620869, 0.0 ], [ -95.2487373, 29.9620874, 0.0 ], [ -95.2481857, 29.9620958, 0.0 ], [ -95.2479213, 29.9621101, 0.0 ], [ -95.2467185, 29.9621223, 0.0 ], [ -95.2465132, 29.9621244, 0.0 ], [ -95.2464551, 29.9621247, 0.0 ], [ -95.2463971, 29.9621258, 0.0 ], [ -95.2463392, 29.9621278, 0.0 ], [ -95.2462815, 29.9621306, 0.0 ], [ -95.246224, 29.9621342, 0.0 ], [ -95.2461668, 29.9621387, 0.0 ], [ -95.2461097, 29.9621441, 0.0 ], [ -95.246053, 29.9621502, 0.0 ], [ -95.2459964, 29.9621573, 0.0 ], [ -95.2459402, 29.9621651, 0.0 ], [ -95.2458842, 29.9621738, 0.0 ], [ -95.2458286, 29.9621833, 0.0 ], [ -95.2457733, 29.9621937, 0.0 ], [ -95.2457184, 29.9622049, 0.0 ], [ -95.2456638, 29.9622169, 0.0 ], [ -95.2456096, 29.9622297, 0.0 ], [ -95.2455558, 29.9622433, 0.0 ], [ -95.2455025, 29.9622578, 0.0 ], [ -95.2454309, 29.9622786, 0.0 ], [ -95.2455158, 29.9660235, 0.0 ], [ -95.2455216, 29.9666877, 0.0 ], [ -95.2455274, 29.9674578, 0.0 ], [ -95.2455275, 29.9674715, 0.0 ], [ -95.2455709, 29.9691359, 0.0 ], [ -95.245574, 29.9692531, 0.0 ], [ -95.2442318, 29.9692699, 0.0 ], [ -95.2442352, 29.9700909, 0.0 ], [ -95.2442653, 29.9714027, 0.0 ], [ -95.2442868, 29.9734889, 0.0 ], [ -95.2454104, 29.9734854, 0.0 ], [ -95.2457737, 29.9734842, 0.0 ], [ -95.2459632, 29.9734836, 0.0 ], [ -95.2459609, 29.9741333, 0.0 ], [ -95.2459592, 29.9746167, 0.0 ], [ -95.2459585, 29.9747855, 0.0 ], [ -95.2459583, 29.9748425, 0.0 ], [ -95.2459568, 29.9752421, 0.0 ], [ -95.2456385, 29.9752445, 0.0 ], [ -95.2455619, 29.9752451, 0.0 ], [ -95.2453345, 29.9752468, 0.0 ], [ -95.2452082, 29.9752478, 0.0 ], [ -95.245177, 29.975248, 0.0 ], [ -95.2450818, 29.9752487, 0.0 ], [ -95.2449791, 29.9752495, 0.0 ], [ -95.2449555, 29.9752497, 0.0 ], [ -95.2448869, 29.9752502, 0.0 ], [ -95.2448931, 29.9756066, 0.0 ], [ -95.2448974, 29.9758484, 0.0 ], [ -95.244907, 29.9763932, 0.0 ], [ -95.2449128, 29.9767208, 0.0 ], [ -95.2449531, 29.9790022, 0.0 ], [ -95.2449318, 29.9790195, 0.0 ], [ -95.2449327, 29.9790195, 0.0 ], [ -95.2449408, 29.9790194, 0.0 ], [ -95.2449525, 29.9790193, 0.0 ], [ -95.2449428, 29.9792815, 0.0 ], [ -95.2449387, 29.979302, 0.0 ], [ -95.2440879, 29.9793118, 0.0 ], [ -95.2437971, 29.9793121, 0.0 ], [ -95.2435064, 29.9793063, 0.0 ], [ -95.2432159, 29.9792945, 0.0 ], [ -95.2429258, 29.9792767, 0.0 ], [ -95.2426363, 29.9792529, 0.0 ], [ -95.242217, 29.9792066, 0.0 ], [ -95.242233, 29.9792099, 0.0 ], [ -95.242248, 29.9792154, 0.0 ], [ -95.2422618, 29.9792231, 0.0 ], [ -95.2422738, 29.9792328, 0.0 ], [ -95.2422837, 29.9792441, 0.0 ], [ -95.2422913, 29.9792567, 0.0 ], [ -95.2422962, 29.9792703, 0.0 ], [ -95.2422984, 29.9792844, 0.0 ], [ -95.2422978, 29.9792986, 0.0 ], [ -95.2422743, 29.9794638, 0.0 ], [ -95.2422611, 29.9795826, 0.0 ], [ -95.2422554, 29.9797019, 0.0 ], [ -95.2422567, 29.979812, 0.0 ], [ -95.2422643, 29.979922, 0.0 ], [ -95.2422782, 29.9800315, 0.0 ], [ -95.2422985, 29.9801403, 0.0 ], [ -95.2423249, 29.980248, 0.0 ], [ -95.2423328, 29.9802743, 0.0 ], [ -95.2424417, 29.9806472, 0.0 ], [ -95.2424674, 29.9807455, 0.0 ], [ -95.2424878, 29.9808448, 0.0 ], [ -95.2425027, 29.9809448, 0.0 ], [ -95.2425121, 29.9810454, 0.0 ], [ -95.242516, 29.9811462, 0.0 ], [ -95.2411095, 29.981161, 0.0 ], [ -95.2408602, 29.9824148, 0.0 ], [ -95.2414505, 29.9823926, 0.0 ], [ -95.2414667, 29.9827172, 0.0 ], [ -95.2424023, 29.9826819, 0.0 ], [ -95.2424072, 29.9827808, 0.0 ], [ -95.2411745, 29.9828272, 0.0 ], [ -95.2411815, 29.9831482, 0.0 ], [ -95.2399607, 29.9830839, 0.0 ], [ -95.2396046, 29.9848932, 0.0 ], [ -95.2395831, 29.9850121, 0.0 ], [ -95.2395641, 29.9851313, 0.0 ], [ -95.2401347, 29.985122, 0.0 ], [ -95.2402911, 29.9854521, 0.0 ], [ -95.2402924, 29.9855109, 0.0 ], [ -95.2396042, 29.9855222, 0.0 ], [ -95.2396084, 29.9857154, 0.0 ], [ -95.2395081, 29.9857171, 0.0 ], [ -95.2395208, 29.9855099, 0.0 ], [ -95.2395412, 29.9853031, 0.0 ], [ -95.2378234, 29.9853313, 0.0 ], [ -95.2378487, 29.9865696, 0.0 ], [ -95.2395008, 29.9865425, 0.0 ], [ -95.2400751, 29.986533, 0.0 ], [ -95.2400805, 29.9873148, 0.0 ], [ -95.2439587, 29.9872947, 0.0 ], [ -95.2439639, 29.9881225, 0.0 ], [ -95.2438167, 29.9881238, 0.0 ], [ -95.2438104, 29.9881241, 0.0 ], [ -95.2437541, 29.9881241, 0.0 ], [ -95.2431295, 29.9881251, 0.0 ], [ -95.2427898, 29.9881272, 0.0 ], [ -95.2427858, 29.9881272, 0.0 ], [ -95.2427857, 29.9881293, 0.0 ], [ -95.2427847, 29.9881836, 0.0 ], [ -95.2427842, 29.988212, 0.0 ], [ -95.2427815, 29.988409, 0.0 ], [ -95.2427723, 29.9890946, 0.0 ], [ -95.242767, 29.9894873, 0.0 ], [ -95.2427626, 29.989819, 0.0 ], [ -95.2427523, 29.9905787, 0.0 ], [ -95.2427504, 29.9907238, 0.0 ], [ -95.2427637, 29.991352, 0.0 ], [ -95.2427648, 29.9914063, 0.0 ], [ -95.2427791, 29.9920795, 0.0 ], [ -95.2427791, 29.9920795, 0.0 ], [ -95.2427869, 29.992452, 0.0 ], [ -95.2427904, 29.9926161, 0.0 ], [ -95.2427916, 29.9926727, 0.0 ], [ -95.2427945, 29.9928079, 0.0 ], [ -95.2427976, 29.9929543, 0.0 ], [ -95.2428003, 29.9930852, 0.0 ], [ -95.2428031, 29.9932163, 0.0 ], [ -95.2428061, 29.9933545, 0.0 ], [ -95.2428072, 29.9934101, 0.0 ], [ -95.2428082, 29.9934583, 0.0 ], [ -95.2428105, 29.9935654, 0.0 ], [ -95.2428093, 29.9936373, 0.0 ], [ -95.2428081, 29.9937081, 0.0 ], [ -95.242809, 29.9939376, 0.0 ], [ -95.2428143, 29.9953006, 0.0 ], [ -95.2428165, 29.9958633, 0.0 ], [ -95.2428195, 29.9965199, 0.0 ], [ -95.2428247, 29.9976454, 0.0 ], [ -95.2428265, 29.9980346, 0.0 ], [ -95.2428288, 29.9985288, 0.0 ], [ -95.2428316, 29.9991345, 0.0 ], [ -95.2431668, 29.999135, 0.0 ], [ -95.2431698, 29.999135, 0.0 ], [ -95.2436848, 29.9991357, 0.0 ], [ -95.2439345, 29.9991355, 0.0 ], [ -95.2439335, 29.9991176, 0.0 ], [ -95.2439335, 29.9991161, 0.0 ], [ -95.2439322, 29.9990924, 0.0 ], [ -95.2439372, 29.9990923, 0.0 ], [ -95.2448932, 29.9990833, 0.0 ], [ -95.2449004, 29.9990832, 0.0 ], [ -95.2452776, 29.9990832, 0.0 ], [ -95.245647, 29.9990785, 0.0 ], [ -95.2460253, 29.9990737, 0.0 ], [ -95.2462835, 29.9990758, 0.0 ], [ -95.2462835, 29.9990762, 0.0 ], [ -95.2463182, 29.9990761, 0.0 ], [ -95.2464866, 29.9990756, 0.0 ], [ -95.2469153, 29.9990743, 0.0 ], [ -95.2472469, 29.9990733, 0.0 ], [ -95.2473887, 29.9990728, 0.0 ], [ -95.2473921, 29.9990728, 0.0 ], [ -95.2478479, 29.9990714, 0.0 ], [ -95.2478689, 29.9990713, 0.0 ], [ -95.2483828, 29.9990698, 0.0 ], [ -95.2483794, 29.9993388, 0.0 ], [ -95.2483874, 30.0002573, 0.0 ], [ -95.2483915, 30.000731, 0.0 ], [ -95.248392, 30.0007934, 0.0 ], [ -95.248392, 30.0007935, 0.0 ], [ -95.2483924, 30.0008417, 0.0 ], [ -95.2483925, 30.000845, 0.0 ], [ -95.2484757, 30.0008446, 0.0 ], [ -95.2484796, 30.0012971, 0.0 ], [ -95.2484882, 30.0013023, 0.0 ], [ -95.2485045, 30.0013121, 0.0 ], [ -95.2487005, 30.0014301, 0.0 ], [ -95.2488391, 30.0015135, 0.0 ], [ -95.2489215, 30.0015631, 0.0 ], [ -95.2491424, 30.0016961, 0.0 ], [ -95.2496076, 30.0019761, 0.0 ], [ -95.2497157, 30.0020292, 0.0 ], [ -95.2497501, 30.0020461, 0.0 ], [ -95.2497562, 30.0020491, 0.0 ], [ -95.2497604, 30.0020511, 0.0 ], [ -95.250022, 30.0022158, 0.0 ], [ -95.2500219, 30.0022162, 0.0 ], [ -95.2502009, 30.002319, 0.0 ], [ -95.2502765, 30.0023649, 0.0 ], [ -95.2502325, 30.0030626, 0.0 ], [ -95.2502218, 30.0031786, 0.0 ], [ -95.250215, 30.0032873, 0.0 ], [ -95.2502147, 30.003396, 0.0 ], [ -95.2502178, 30.0034487, 0.0 ], [ -95.250221, 30.0035047, 0.0 ], [ -95.2502337, 30.0036129, 0.0 ], [ -95.2502529, 30.0037204, 0.0 ], [ -95.2502785, 30.0038269, 0.0 ], [ -95.2503118, 30.003936, 0.0 ], [ -95.2503519, 30.0040434, 0.0 ], [ -95.250396, 30.0041431, 0.0 ], [ -95.2503985, 30.0041487, 0.0 ], [ -95.2505568, 30.0044258, 0.0 ], [ -95.2505929, 30.0044826, 0.0 ], [ -95.2506884, 30.0046477, 0.0 ], [ -95.2507409, 30.0047465, 0.0 ], [ -95.2507781, 30.0048309, 0.0 ], [ -95.2507857, 30.0048481, 0.0 ], [ -95.2508228, 30.0049521, 0.0 ], [ -95.2508444, 30.0050525, 0.0 ], [ -95.2508588, 30.0051538, 0.0 ], [ -95.2508659, 30.0052558, 0.0 ], [ -95.2508658, 30.0053342, 0.0 ], [ -95.2508658, 30.0053579, 0.0 ], [ -95.2508657, 30.0053618, 0.0 ], [ -95.2508664, 30.0053618, 0.0 ], [ -95.2508658, 30.0056637, 0.0 ], [ -95.2508657, 30.0057387, 0.0 ], [ -95.2508652, 30.005961, 0.0 ], [ -95.2508646, 30.0062067, 0.0 ], [ -95.2508645, 30.0062628, 0.0 ], [ -95.2508639, 30.0065653, 0.0 ], [ -95.2508632, 30.006867, 0.0 ], [ -95.2508623, 30.0071038, 0.0 ], [ -95.250862, 30.0071648, 0.0 ], [ -95.2508608, 30.007467, 0.0 ], [ -95.2508601, 30.00757, 0.0 ], [ -95.2508588, 30.0077795, 0.0 ], [ -95.2508596, 30.007998, 0.0 ], [ -95.2508598, 30.0080309, 0.0 ], [ -95.2508599, 30.0080363, 0.0 ], [ -95.2508711, 30.0084177, 0.0 ], [ -95.2508747, 30.0084178, 0.0 ], [ -95.2508741, 30.0084415, 0.0 ], [ -95.2508726, 30.0085042, 0.0 ], [ -95.2508717, 30.0085436, 0.0 ], [ -95.2508684, 30.0085637, 0.0 ], [ -95.2508554, 30.0086157, 0.0 ], [ -95.2508303, 30.0087212, 0.0 ], [ -95.2508115, 30.0088277, 0.0 ], [ -95.2508059, 30.0088768, 0.0 ], [ -95.2507992, 30.0089349, 0.0 ], [ -95.2507934, 30.0090425, 0.0 ], [ -95.2507928, 30.0090865, 0.0 ], [ -95.2507929, 30.0095538, 0.0 ], [ -95.2507884, 30.0102135, 0.0 ], [ -95.2507917, 30.0106822, 0.0 ], [ -95.250872, 30.0106823, 0.0 ], [ -95.250877, 30.0113778, 0.0 ], [ -95.2508925, 30.012322, 0.0 ], [ -95.2508964, 30.0125641, 0.0 ], [ -95.2508989, 30.0136277, 0.0 ], [ -95.250899, 30.013686, 0.0 ], [ -95.2509003, 30.0142522, 0.0 ], [ -95.2509015, 30.0147544, 0.0 ], [ -95.2509032, 30.0155093, 0.0 ], [ -95.2509059, 30.0155177, 0.0 ], [ -95.2509053, 30.016436, 0.0 ], [ -95.2514914, 30.0164311, 0.0 ], [ -95.2515352, 30.0164746, 0.0 ], [ -95.2516028, 30.0165283, 0.0 ], [ -95.2516215, 30.0165432, 0.0 ], [ -95.2516217, 30.0165433, 0.0 ], [ -95.251689, 30.0165924, 0.0 ], [ -95.251691, 30.0165939, 0.0 ], [ -95.2517688, 30.0166466, 0.0 ], [ -95.2518742, 30.0167107, 0.0 ], [ -95.2519834, 30.0167698, 0.0 ], [ -95.252096, 30.0168238, 0.0 ], [ -95.2522118, 30.0168725, 0.0 ], [ -95.2523303, 30.0169157, 0.0 ], [ -95.2523822, 30.0169327, 0.0 ], [ -95.2524661, 30.0169576, 0.0 ], [ -95.2525511, 30.0169799, 0.0 ], [ -95.252645, 30.0170011, 0.0 ], [ -95.2527824, 30.0170259, 0.0 ], [ -95.2529213, 30.0170437, 0.0 ], [ -95.2530611, 30.0170545, 0.0 ], [ -95.2532014, 30.0170582, 0.0 ], [ -95.2534829, 30.0170586, 0.0 ], [ -95.2544668, 30.0170602, 0.0 ], [ -95.2545464, 30.0170601, 0.0 ], [ -95.2546256, 30.01706, 0.0 ], [ -95.2547048, 30.0170599, 0.0 ], [ -95.2547841, 30.0170599, 0.0 ], [ -95.2549152, 30.0170594, 0.0 ], [ -95.2551913, 30.017058, 0.0 ], [ -95.2551991, 30.0170649, 0.0 ], [ -95.2552025, 30.0170678, 0.0 ], [ -95.2552219, 30.0170847, 0.0 ], [ -95.2552056, 30.0175901, 0.0 ], [ -95.2552016, 30.0177141, 0.0 ], [ -95.2552734, 30.0175143, 0.0 ], [ -95.2553232, 30.0174313, 0.0 ], [ -95.2553748, 30.0173491, 0.0 ], [ -95.2554282, 30.0172675, 0.0 ], [ -95.2554834, 30.0171868, 0.0 ], [ -95.2555037, 30.0171582, 0.0 ], [ -95.2557619, 30.017165, 0.0 ], [ -95.2566354, 30.0171816, 0.0 ], [ -95.2573701, 30.0171956, 0.0 ], [ -95.2580409, 30.0172083, 0.0 ], [ -95.2581554, 30.0172105, 0.0 ], [ -95.2584996, 30.0172168, 0.0 ], [ -95.2584911, 30.0172391, 0.0 ], [ -95.2585052, 30.0172403, 0.0 ], [ -95.2585052, 30.0172404, 0.0 ], [ -95.2583998, 30.0174891, 0.0 ], [ -95.2583675, 30.0175654, 0.0 ], [ -95.2583672, 30.0175661, 0.0 ], [ -95.2582817, 30.0177678, 0.0 ], [ -95.2580588, 30.0182938, 0.0 ], [ -95.2580613, 30.0183672, 0.0 ], [ -95.2580841, 30.019037, 0.0 ], [ -95.2580936, 30.0193132, 0.0 ], [ -95.2580981, 30.0194442, 0.0 ], [ -95.2581644, 30.0213855, 0.0 ], [ -95.2582814, 30.0221476, 0.0 ], [ -95.258308, 30.0238937, 0.0 ], [ -95.2586479, 30.0240515, 0.0 ], [ -95.2587646, 30.024112, 0.0 ], [ -95.2588517, 30.0241571, 0.0 ], [ -95.2588776, 30.0241956, 0.0 ], [ -95.260074, 30.0259695, 0.0 ], [ -95.2610295, 30.0269148, 0.0 ], [ -95.2617723, 30.027638, 0.0 ], [ -95.2624518, 30.0290196, 0.0 ], [ -95.262699, 30.0302195, 0.0 ], [ -95.263953, 30.0318631, 0.0 ], [ -95.2643268, 30.0318348, 0.0 ], [ -95.2695657, 30.03187, 0.0 ], [ -95.2719904, 30.0321891, 0.0 ], [ -95.273018, 30.0323243, 0.0 ], [ -95.2769103, 30.0313086, 0.0 ], [ -95.276913, 30.0314657, 0.0 ], [ -95.276913, 30.0314668, 0.0 ], [ -95.276913, 30.0314668, 0.0 ], [ -95.2772845, 30.031211, 0.0 ], [ -95.2773517, 30.0311647, 0.0 ], [ -95.2775018, 30.0311543, 0.0 ], [ -95.2776252, 30.0311458, 0.0 ], [ -95.2776252, 30.0311458, 0.0 ], [ -95.2776253, 30.0311457, 0.0 ], [ -95.2776461, 30.0311427, 0.0 ], [ -95.2776461, 30.0311427, 0.0 ], [ -95.2776462, 30.0311427, 0.0 ], [ -95.2776508, 30.0311419, 0.0 ], [ -95.2776863, 30.0311359, 0.0 ], [ -95.2777069, 30.0311318, 0.0 ], [ -95.2777277, 30.0311269, 0.0 ], [ -95.277748, 30.0311213, 0.0 ], [ -95.2777678, 30.0311153, 0.0 ], [ -95.2777874, 30.0311089, 0.0 ], [ -95.277807, 30.0311022, 0.0 ], [ -95.2778264, 30.0310953, 0.0 ], [ -95.2778456, 30.031088, 0.0 ], [ -95.2778691, 30.0310785, 0.0 ], [ -95.2780404, 30.0310138, 0.0 ], [ -95.2781103, 30.0309873, 0.0 ], [ -95.2781176, 30.030985, 0.0 ], [ -95.2781244, 30.0309829, 0.0 ], [ -95.2781313, 30.030981, 0.0 ], [ -95.2781382, 30.0309792, 0.0 ], [ -95.2781452, 30.0309775, 0.0 ], [ -95.2781522, 30.0309759, 0.0 ], [ -95.2781592, 30.0309744, 0.0 ], [ -95.2781663, 30.030973, 0.0 ], [ -95.2781733, 30.0309718, 0.0 ], [ -95.2781733, 30.0309718, 0.0 ], [ -95.2781734, 30.0309718, 0.0 ], [ -95.2781804, 30.0309706, 0.0 ], [ -95.2781805, 30.0309706, 0.0 ], [ -95.2781875, 30.0309696, 0.0 ], [ -95.2781876, 30.0309696, 0.0 ], [ -95.2781947, 30.0309687, 0.0 ], [ -95.2781947, 30.0309687, 0.0 ], [ -95.2781948, 30.0309687, 0.0 ], [ -95.2782019, 30.0309679, 0.0 ], [ -95.2782019, 30.0309679, 0.0 ], [ -95.2782019, 30.0309679, 0.0 ], [ -95.278209, 30.0309673, 0.0 ], [ -95.2782091, 30.0309672, 0.0 ], [ -95.2782091, 30.0309672, 0.0 ], [ -95.2782162, 30.0309667, 0.0 ], [ -95.2782163, 30.0309667, 0.0 ], [ -95.2782163, 30.0309667, 0.0 ], [ -95.278222, 30.0309664, 0.0 ], [ -95.2782235, 30.0309663, 0.0 ], [ -95.2782235, 30.0309663, 0.0 ], [ -95.2782235, 30.0309663, 0.0 ], [ -95.2782307, 30.0309659, 0.0 ], [ -95.2782307, 30.0309659, 0.0 ], [ -95.2782308, 30.0309659, 0.0 ], [ -95.2782375, 30.0309658, 0.0 ], [ -95.2782379, 30.0309657, 0.0 ], [ -95.278238, 30.0309657, 0.0 ], [ -95.278238, 30.0309657, 0.0 ], [ -95.2782452, 30.0309657, 0.0 ], [ -95.2782452, 30.0309657, 0.0 ], [ -95.2782452, 30.0309657, 0.0 ], [ -95.2782469, 30.0309657, 0.0 ], [ -95.2782469, 30.0309657, 0.0 ], [ -95.278247, 30.0309657, 0.0 ], [ -95.2782495, 30.0309657, 0.0 ], [ -95.2782524, 30.0309657, 0.0 ], [ -95.2782524, 30.0309657, 0.0 ], [ -95.2782525, 30.0309657, 0.0 ], [ -95.2782527, 30.0309657, 0.0 ], [ -95.278255, 30.0309657, 0.0 ], [ -95.2782577, 30.0309658, 0.0 ], [ -95.2782577, 30.0309658, 0.0 ], [ -95.2782578, 30.0309658, 0.0 ], [ -95.2782581, 30.0309658, 0.0 ], [ -95.2782581, 30.0309658, 0.0 ], [ -95.2782582, 30.0309658, 0.0 ], [ -95.2782596, 30.0309658, 0.0 ], [ -95.2782597, 30.0309658, 0.0 ], [ -95.2782597, 30.0309658, 0.0 ], [ -95.2782629, 30.030966, 0.0 ], [ -95.2782657, 30.0309661, 0.0 ], [ -95.2782658, 30.0309661, 0.0 ], [ -95.2782658, 30.0309661, 0.0 ], [ -95.2782669, 30.0309661, 0.0 ], [ -95.2782669, 30.0309661, 0.0 ], [ -95.278267, 30.0309661, 0.0 ], [ -95.2782708, 30.0309663, 0.0 ], [ -95.2782727, 30.0309664, 0.0 ], [ -95.2782741, 30.0309665, 0.0 ], [ -95.2782742, 30.0309665, 0.0 ], [ -95.2782742, 30.0309665, 0.0 ], [ -95.2782781, 30.0309668, 0.0 ], [ -95.2782781, 30.0309668, 0.0 ], [ -95.2782782, 30.0309668, 0.0 ], [ -95.2782782, 30.0309668, 0.0 ], [ -95.2782783, 30.0309668, 0.0 ], [ -95.2782813, 30.030967, 0.0 ], [ -95.2782814, 30.030967, 0.0 ], [ -95.2782814, 30.030967, 0.0 ], [ -95.2782853, 30.0309673, 0.0 ], [ -95.2782886, 30.0309676, 0.0 ], [ -95.2782886, 30.0309676, 0.0 ], [ -95.2782887, 30.0309676, 0.0 ], [ -95.2783058, 30.0309716, 0.0 ], [ -95.2783098, 30.0309725, 0.0 ], [ -95.2783099, 30.0309725, 0.0 ], [ -95.2783099, 30.0309725, 0.0 ], [ -95.2783312, 30.0309771, 0.0 ], [ -95.2783312, 30.0309771, 0.0 ], [ -95.2783312, 30.0309771, 0.0 ], [ -95.2783526, 30.0309813, 0.0 ], [ -95.2783526, 30.0309813, 0.0 ], [ -95.2783527, 30.0309813, 0.0 ], [ -95.2783741, 30.0309852, 0.0 ], [ -95.2783741, 30.0309852, 0.0 ], [ -95.2783741, 30.0309852, 0.0 ], [ -95.2783956, 30.0309887, 0.0 ], [ -95.2783956, 30.0309887, 0.0 ], [ -95.2783957, 30.0309887, 0.0 ], [ -95.2784172, 30.0309919, 0.0 ], [ -95.2784172, 30.0309919, 0.0 ], [ -95.2784173, 30.0309919, 0.0 ], [ -95.2784388, 30.0309947, 0.0 ], [ -95.2784389, 30.0309947, 0.0 ], [ -95.2784389, 30.0309948, 0.0 ], [ -95.2784605, 30.0309972, 0.0 ], [ -95.2784606, 30.0309972, 0.0 ], [ -95.2784606, 30.0309972, 0.0 ], [ -95.2784823, 30.0309994, 0.0 ], [ -95.2784823, 30.0309994, 0.0 ], [ -95.2784823, 30.0309994, 0.0 ], [ -95.278494, 30.0310003, 0.0 ], [ -95.278504, 30.0310011, 0.0 ], [ -95.278504, 30.0310011, 0.0 ], [ -95.2785041, 30.0310011, 0.0 ], [ -95.2785092, 30.0310015, 0.0 ], [ -95.278513, 30.0310017, 0.0 ], [ -95.2785207, 30.0310022, 0.0 ], [ -95.2785207, 30.0310022, 0.0 ], [ -95.2785208, 30.0310022, 0.0 ], [ -95.2785244, 30.0310024, 0.0 ], [ -95.2785275, 30.0310026, 0.0 ], [ -95.2785276, 30.0310026, 0.0 ], [ -95.2785276, 30.0310026, 0.0 ], [ -95.2785277, 30.0310026, 0.0 ], [ -95.2785277, 30.0310027, 0.0 ], [ -95.2785278, 30.0310027, 0.0 ], [ -95.2785278, 30.0310027, 0.0 ], [ -95.278528, 30.0310027, 0.0 ], [ -95.2785284, 30.0310027, 0.0 ], [ -95.2785284, 30.0310027, 0.0 ], [ -95.2785285, 30.0310027, 0.0 ], [ -95.2785285, 30.0310027, 0.0 ], [ -95.2785285, 30.0310027, 0.0 ], [ -95.2785286, 30.0310027, 0.0 ], [ -95.2785395, 30.0310026, 0.0 ], [ -95.2785396, 30.0310026, 0.0 ], [ -95.2785396, 30.0310026, 0.0 ], [ -95.278541, 30.0310026, 0.0 ], [ -95.278541, 30.0310026, 0.0 ], [ -95.2785411, 30.0310026, 0.0 ], [ -95.2785535, 30.0310023, 0.0 ], [ -95.2785535, 30.0310023, 0.0 ], [ -95.2785536, 30.0310023, 0.0 ], [ -95.278566, 30.0310018, 0.0 ], [ -95.278566, 30.0310018, 0.0 ], [ -95.278566, 30.0310017, 0.0 ], [ -95.2785712, 30.0310014, 0.0 ], [ -95.2785784, 30.031001, 0.0 ], [ -95.2785785, 30.031001, 0.0 ], [ -95.2785785, 30.031001, 0.0 ], [ -95.2785909, 30.0310001, 0.0 ], [ -95.2785909, 30.0310001, 0.0 ], [ -95.2785909, 30.0310001, 0.0 ], [ -95.2786033, 30.030999, 0.0 ], [ -95.2786033, 30.030999, 0.0 ], [ -95.2786034, 30.030999, 0.0 ], [ -95.2786157, 30.0309976, 0.0 ], [ -95.2786157, 30.0309976, 0.0 ], [ -95.2786157, 30.0309976, 0.0 ], [ -95.278628, 30.0309961, 0.0 ], [ -95.2786281, 30.0309961, 0.0 ], [ -95.2786281, 30.0309961, 0.0 ], [ -95.2786403, 30.0309944, 0.0 ], [ -95.2786404, 30.0309944, 0.0 ], [ -95.2786404, 30.0309944, 0.0 ], [ -95.2786526, 30.0309924, 0.0 ], [ -95.2786527, 30.0309924, 0.0 ], [ -95.2786527, 30.0309924, 0.0 ], [ -95.2786649, 30.0309903, 0.0 ], [ -95.2786771, 30.030988, 0.0 ], [ -95.2786893, 30.0309854, 0.0 ], [ -95.2787014, 30.0309827, 0.0 ], [ -95.2787134, 30.0309798, 0.0 ], [ -95.2787254, 30.0309767, 0.0 ], [ -95.2787373, 30.0309733, 0.0 ], [ -95.2787491, 30.0309698, 0.0 ], [ -95.2787635, 30.0309653, 0.0 ], [ -95.2787701, 30.0309632, 0.0 ], [ -95.2787751, 30.0309618, 0.0 ], [ -95.2787802, 30.0309605, 0.0 ], [ -95.2787852, 30.0309592, 0.0 ], [ -95.2787903, 30.0309581, 0.0 ], [ -95.2787954, 30.030957, 0.0 ], [ -95.2788006, 30.030956, 0.0 ], [ -95.2788056, 30.0309551, 0.0 ], [ -95.2788057, 30.0309551, 0.0 ], [ -95.2788057, 30.0309551, 0.0 ], [ -95.2788108, 30.0309542, 0.0 ], [ -95.2788108, 30.0309542, 0.0 ], [ -95.2788109, 30.0309542, 0.0 ], [ -95.278816, 30.0309535, 0.0 ], [ -95.278816, 30.0309535, 0.0 ], [ -95.2788161, 30.0309535, 0.0 ], [ -95.2788212, 30.0309528, 0.0 ], [ -95.2788212, 30.0309528, 0.0 ], [ -95.2788213, 30.0309528, 0.0 ], [ -95.2788264, 30.0309522, 0.0 ], [ -95.2788264, 30.0309522, 0.0 ], [ -95.2788265, 30.0309522, 0.0 ], [ -95.2788316, 30.0309517, 0.0 ], [ -95.2788316, 30.0309517, 0.0 ], [ -95.2788317, 30.0309517, 0.0 ], [ -95.2788368, 30.0309513, 0.0 ], [ -95.2788369, 30.0309513, 0.0 ], [ -95.2788369, 30.0309513, 0.0 ], [ -95.2788421, 30.030951, 0.0 ], [ -95.2788421, 30.030951, 0.0 ], [ -95.2788422, 30.030951, 0.0 ], [ -95.2788473, 30.0309508, 0.0 ], [ -95.2788474, 30.0309508, 0.0 ], [ -95.2788474, 30.0309508, 0.0 ], [ -95.2788526, 30.0309506, 0.0 ], [ -95.2788526, 30.0309506, 0.0 ], [ -95.2788527, 30.0309506, 0.0 ], [ -95.2788557, 30.0309506, 0.0 ], [ -95.2788569, 30.0309506, 0.0 ], [ -95.278857, 30.0309506, 0.0 ], [ -95.278857, 30.0309506, 0.0 ], [ -95.2788579, 30.0309505, 0.0 ], [ -95.2788579, 30.0309505, 0.0 ], [ -95.2788579, 30.0309505, 0.0 ], [ -95.2788631, 30.0309506, 0.0 ], [ -95.2788632, 30.0309506, 0.0 ], [ -95.2788632, 30.0309506, 0.0 ], [ -95.2788634, 30.0309506, 0.0 ], [ -95.2788664, 30.0309506, 0.0 ], [ -95.2788665, 30.0309506, 0.0 ], [ -95.2788665, 30.0309506, 0.0 ], [ -95.2788666, 30.0309506, 0.0 ], [ -95.2788668, 30.0309506, 0.0 ], [ -95.2788669, 30.0309506, 0.0 ], [ -95.2788669, 30.0309506, 0.0 ], [ -95.2788674, 30.0309506, 0.0 ], [ -95.2788674, 30.0309506, 0.0 ], [ -95.2788675, 30.0309506, 0.0 ], [ -95.2788684, 30.0309507, 0.0 ], [ -95.2788684, 30.0309507, 0.0 ], [ -95.2788685, 30.0309507, 0.0 ], [ -95.2788717, 30.0309508, 0.0 ], [ -95.2788717, 30.0309508, 0.0 ], [ -95.2788718, 30.0309508, 0.0 ], [ -95.2788721, 30.0309508, 0.0 ], [ -95.2788721, 30.0309508, 0.0 ], [ -95.2788722, 30.0309508, 0.0 ], [ -95.278873, 30.0309508, 0.0 ], [ -95.278873, 30.0309508, 0.0 ], [ -95.2788731, 30.0309508, 0.0 ], [ -95.2788732, 30.0309508, 0.0 ], [ -95.2788733, 30.0309508, 0.0 ], [ -95.2788736, 30.0309508, 0.0 ], [ -95.2788737, 30.0309508, 0.0 ], [ -95.2788758, 30.030951, 0.0 ], [ -95.2788758, 30.030951, 0.0 ], [ -95.2788758, 30.030951, 0.0 ], [ -95.2788789, 30.0309511, 0.0 ], [ -95.2788789, 30.0309511, 0.0 ], [ -95.278879, 30.0309511, 0.0 ], [ -95.2788842, 30.0309515, 0.0 ], [ -95.2788842, 30.0309515, 0.0 ], [ -95.2788842, 30.0309515, 0.0 ], [ -95.278887, 30.0309517, 0.0 ], [ -95.2788894, 30.0309519, 0.0 ], [ -95.2788895, 30.0309519, 0.0 ], [ -95.2788895, 30.0309519, 0.0 ], [ -95.2788947, 30.0309524, 0.0 ], [ -95.2788947, 30.0309525, 0.0 ], [ -95.2788947, 30.0309525, 0.0 ], [ -95.2788975, 30.0309528, 0.0 ], [ -95.2788999, 30.0309531, 0.0 ], [ -95.2788999, 30.0309531, 0.0 ], [ -95.2789, 30.0309531, 0.0 ], [ -95.2789048, 30.0309537, 0.0 ], [ -95.2789048, 30.0309537, 0.0 ], [ -95.2789049, 30.0309537, 0.0 ], [ -95.278905, 30.0309537, 0.0 ], [ -95.2789051, 30.0309538, 0.0 ], [ -95.2789051, 30.0309538, 0.0 ], [ -95.2789052, 30.0309538, 0.0 ], [ -95.2789221, 30.0309541, 0.0 ], [ -95.2789221, 30.0309541, 0.0 ], [ -95.2789236, 30.0309541, 0.0 ], [ -95.2789237, 30.0309541, 0.0 ], [ -95.2789237, 30.0309541, 0.0 ], [ -95.2792122, 30.0309599, 0.0 ], [ -95.2792123, 30.0309599, 0.0 ], [ -95.2792123, 30.0309599, 0.0 ], [ -95.2792124, 30.0309599, 0.0 ], [ -95.2792124, 30.0309599, 0.0 ], [ -95.2792125, 30.0309599, 0.0 ], [ -95.2792138, 30.0309599, 0.0 ], [ -95.2792138, 30.0309599, 0.0 ], [ -95.2792153, 30.0309586, 0.0 ], [ -95.2792206, 30.0309539, 0.0 ], [ -95.279226, 30.0309493, 0.0 ], [ -95.2792315, 30.0309448, 0.0 ], [ -95.2792371, 30.0309403, 0.0 ], [ -95.2792427, 30.030936, 0.0 ], [ -95.2792485, 30.0309317, 0.0 ], [ -95.2792543, 30.0309276, 0.0 ], [ -95.2792602, 30.0309235, 0.0 ], [ -95.2792662, 30.0309196, 0.0 ], [ -95.2792723, 30.0309157, 0.0 ], [ -95.2792784, 30.030912, 0.0 ], [ -95.2792846, 30.0309083, 0.0 ], [ -95.2792909, 30.0309047, 0.0 ], [ -95.2792973, 30.0309013, 0.0 ], [ -95.2793037, 30.030898, 0.0 ], [ -95.2793237, 30.0308973, 0.0 ], [ -95.279325, 30.0308973, 0.0 ], [ -95.279325, 30.0308973, 0.0 ], [ -95.2793251, 30.0308973, 0.0 ], [ -95.2793426, 30.0308965, 0.0 ], [ -95.2793464, 30.0308963, 0.0 ], [ -95.2793464, 30.0308963, 0.0 ], [ -95.2793464, 30.0308963, 0.0 ], [ -95.2793677, 30.030895, 0.0 ], [ -95.2793677, 30.030895, 0.0 ], [ -95.2793678, 30.030895, 0.0 ], [ -95.279389, 30.0308933, 0.0 ], [ -95.279389, 30.0308933, 0.0 ], [ -95.2793891, 30.0308933, 0.0 ], [ -95.2794103, 30.0308912, 0.0 ], [ -95.2794103, 30.0308912, 0.0 ], [ -95.2794103, 30.0308912, 0.0 ], [ -95.2794376, 30.0308881, 0.0 ], [ -95.2794376, 30.0308881, 0.0 ], [ -95.2794377, 30.0308881, 0.0 ], [ -95.279462, 30.0308857, 0.0 ], [ -95.279462, 30.0308857, 0.0 ], [ -95.2794621, 30.0308857, 0.0 ], [ -95.2794863, 30.030883, 0.0 ], [ -95.2794864, 30.030883, 0.0 ], [ -95.2794864, 30.030883, 0.0 ], [ -95.2795106, 30.0308798, 0.0 ], [ -95.2795106, 30.0308798, 0.0 ], [ -95.2795107, 30.0308798, 0.0 ], [ -95.2795348, 30.0308762, 0.0 ], [ -95.2795348, 30.0308762, 0.0 ], [ -95.2795349, 30.0308762, 0.0 ], [ -95.2795381, 30.0308757, 0.0 ], [ -95.279559, 30.0308723, 0.0 ], [ -95.279583, 30.0308679, 0.0 ], [ -95.2796069, 30.0308632, 0.0 ], [ -95.2796308, 30.0308581, 0.0 ], [ -95.2796726, 30.030848, 0.0 ], [ -95.2796799, 30.0308441, 0.0 ], [ -95.279686, 30.030841, 0.0 ], [ -95.2796921, 30.0308379, 0.0 ], [ -95.2796983, 30.030835, 0.0 ], [ -95.2797045, 30.0308322, 0.0 ], [ -95.2797108, 30.0308294, 0.0 ], [ -95.2797171, 30.0308268, 0.0 ], [ -95.2797235, 30.0308243, 0.0 ], [ -95.27973, 30.0308219, 0.0 ], [ -95.2797364, 30.0308196, 0.0 ], [ -95.279743, 30.0308174, 0.0 ], [ -95.2797495, 30.0308153, 0.0 ], [ -95.2797561, 30.0308133, 0.0 ], [ -95.2797628, 30.0308114, 0.0 ], [ -95.2797695, 30.0308097, 0.0 ], [ -95.2797762, 30.030808, 0.0 ], [ -95.279783, 30.0308065, 0.0 ], [ -95.2797897, 30.030805, 0.0 ], [ -95.2797966, 30.0308037, 0.0 ], [ -95.2798033, 30.0308025, 0.0 ], [ -95.2798033, 30.0308025, 0.0 ], [ -95.2798034, 30.0308025, 0.0 ], [ -95.2798102, 30.0308014, 0.0 ], [ -95.2798102, 30.0308014, 0.0 ], [ -95.2798103, 30.0308014, 0.0 ], [ -95.2798171, 30.0308004, 0.0 ], [ -95.2798171, 30.0308004, 0.0 ], [ -95.2798171, 30.0308004, 0.0 ], [ -95.279824, 30.0307995, 0.0 ], [ -95.279824, 30.0307995, 0.0 ], [ -95.279824, 30.0307995, 0.0 ], [ -95.2798309, 30.0307988, 0.0 ], [ -95.2798309, 30.0307987, 0.0 ], [ -95.279831, 30.0307987, 0.0 ], [ -95.2798378, 30.0307981, 0.0 ], [ -95.2798379, 30.0307981, 0.0 ], [ -95.2798379, 30.0307981, 0.0 ], [ -95.2798448, 30.0307976, 0.0 ], [ -95.2798448, 30.0307976, 0.0 ], [ -95.2798449, 30.0307976, 0.0 ], [ -95.2798517, 30.0307971, 0.0 ], [ -95.2798518, 30.0307971, 0.0 ], [ -95.2798518, 30.0307971, 0.0 ], [ -95.2798635, 30.0307968, 0.0 ], [ -95.2799639, 30.030794, 0.0 ], [ -95.279964, 30.030794, 0.0 ], [ -95.279964, 30.030794, 0.0 ], [ -95.2800397, 30.0307934, 0.0 ], [ -95.2800397, 30.0307934, 0.0 ], [ -95.2800398, 30.0307934, 0.0 ], [ -95.2801119, 30.030794, 0.0 ], [ -95.2801119, 30.030794, 0.0 ], [ -95.2801119, 30.030794, 0.0 ], [ -95.2801125, 30.030794, 0.0 ], [ -95.2801155, 30.030794, 0.0 ], [ -95.2801155, 30.030794, 0.0 ], [ -95.2801156, 30.030794, 0.0 ], [ -95.2801291, 30.0307944, 0.0 ], [ -95.2801292, 30.0307944, 0.0 ], [ -95.2801292, 30.0307944, 0.0 ], [ -95.2801307, 30.0307944, 0.0 ], [ -95.2801307, 30.0307944, 0.0 ], [ -95.2801308, 30.0307944, 0.0 ], [ -95.2801893, 30.0307958, 0.0 ], [ -95.2801893, 30.0307958, 0.0 ], [ -95.2801894, 30.0307958, 0.0 ], [ -95.2801897, 30.0307958, 0.0 ], [ -95.2801898, 30.0307958, 0.0 ], [ -95.2801898, 30.0307958, 0.0 ], [ -95.2801913, 30.0307959, 0.0 ], [ -95.2801913, 30.0307959, 0.0 ], [ -95.2801914, 30.0307959, 0.0 ], [ -95.2802321, 30.0307976, 0.0 ], [ -95.280267, 30.030799, 0.0 ], [ -95.2802671, 30.030799, 0.0 ], [ -95.2802671, 30.030799, 0.0 ], [ -95.2803079, 30.0308013, 0.0 ], [ -95.2803216, 30.0308021, 0.0 ], [ -95.2803428, 30.0308033, 0.0 ], [ -95.2803428, 30.0308033, 0.0 ], [ -95.2803429, 30.0308033, 0.0 ], [ -95.2803781, 30.0308059, 0.0 ], [ -95.2803836, 30.0308063, 0.0 ], [ -95.2804185, 30.0308089, 0.0 ], [ -95.2804185, 30.0308089, 0.0 ], [ -95.2804185, 30.0308089, 0.0 ], [ -95.2804566, 30.0308123, 0.0 ], [ -95.2804892, 30.0308152, 0.0 ], [ -95.2804893, 30.0308152, 0.0 ], [ -95.2804893, 30.0308152, 0.0 ], [ -95.2804911, 30.0308154, 0.0 ], [ -95.2804934, 30.0308156, 0.0 ], [ -95.2804935, 30.0308156, 0.0 ], [ -95.2804935, 30.0308156, 0.0 ], [ -95.2804936, 30.0308156, 0.0 ], [ -95.2804936, 30.0308156, 0.0 ], [ -95.2804938, 30.0308156, 0.0 ], [ -95.2804939, 30.0308156, 0.0 ], [ -95.2804939, 30.0308156, 0.0 ], [ -95.280494, 30.0308156, 0.0 ], [ -95.2804941, 30.0308156, 0.0 ], [ -95.2804941, 30.0308156, 0.0 ], [ -95.2805081, 30.0308156, 0.0 ], [ -95.2805081, 30.0308156, 0.0 ], [ -95.2805193, 30.0308156, 0.0 ], [ -95.2805193, 30.0308156, 0.0 ], [ -95.2805194, 30.0308156, 0.0 ], [ -95.2805446, 30.0308151, 0.0 ], [ -95.2805446, 30.0308151, 0.0 ], [ -95.2805447, 30.0308151, 0.0 ], [ -95.2805698, 30.0308143, 0.0 ], [ -95.2805699, 30.0308143, 0.0 ], [ -95.2805699, 30.0308143, 0.0 ], [ -95.2805811, 30.0308137, 0.0 ], [ -95.2805951, 30.030813, 0.0 ], [ -95.2805951, 30.030813, 0.0 ], [ -95.2805951, 30.030813, 0.0 ], [ -95.2806202, 30.0308113, 0.0 ], [ -95.2806203, 30.0308113, 0.0 ], [ -95.2806203, 30.0308113, 0.0 ], [ -95.2806454, 30.0308092, 0.0 ], [ -95.2806454, 30.0308092, 0.0 ], [ -95.2806454, 30.0308092, 0.0 ], [ -95.2806704, 30.0308067, 0.0 ], [ -95.2806705, 30.0308066, 0.0 ], [ -95.2806705, 30.0308066, 0.0 ], [ -95.2806955, 30.0308037, 0.0 ], [ -95.2806955, 30.0308037, 0.0 ], [ -95.2806956, 30.0308037, 0.0 ], [ -95.2807204, 30.0308004, 0.0 ], [ -95.2807205, 30.0308004, 0.0 ], [ -95.2807205, 30.0308004, 0.0 ], [ -95.2807454, 30.0307966, 0.0 ], [ -95.2807702, 30.0307925, 0.0 ], [ -95.2807966, 30.0307876, 0.0 ], [ -95.2807966, 30.0307876, 0.0 ], [ -95.2807966, 30.0307876, 0.0 ], [ -95.2808265, 30.0307836, 0.0 ], [ -95.2808265, 30.0307836, 0.0 ], [ -95.2808265, 30.0307836, 0.0 ], [ -95.2808528, 30.0307806, 0.0 ], [ -95.2808529, 30.0307806, 0.0 ], [ -95.2808529, 30.0307806, 0.0 ], [ -95.2808793, 30.030778, 0.0 ], [ -95.2808793, 30.0307779, 0.0 ], [ -95.2808794, 30.0307779, 0.0 ], [ -95.2809058, 30.0307758, 0.0 ], [ -95.2809058, 30.0307758, 0.0 ], [ -95.2809059, 30.0307758, 0.0 ], [ -95.2809323, 30.030774, 0.0 ], [ -95.2809324, 30.030774, 0.0 ], [ -95.2809324, 30.030774, 0.0 ], [ -95.2809589, 30.0307727, 0.0 ], [ -95.280959, 30.0307727, 0.0 ], [ -95.280959, 30.0307727, 0.0 ], [ -95.2809668, 30.0307724, 0.0 ], [ -95.2809856, 30.0307718, 0.0 ], [ -95.2809856, 30.0307718, 0.0 ], [ -95.2809856, 30.0307718, 0.0 ], [ -95.2810122, 30.0307713, 0.0 ], [ -95.2810122, 30.0307713, 0.0 ], [ -95.2810123, 30.0307713, 0.0 ], [ -95.2810389, 30.0307713, 0.0 ], [ -95.2810389, 30.0307713, 0.0 ], [ -95.2810389, 30.0307713, 0.0 ], [ -95.2810541, 30.0307715, 0.0 ], [ -95.2810542, 30.0307715, 0.0 ], [ -95.2810542, 30.0307715, 0.0 ], [ -95.2810543, 30.0307715, 0.0 ], [ -95.2810544, 30.0307715, 0.0 ], [ -95.2810544, 30.0307715, 0.0 ], [ -95.2810545, 30.0307715, 0.0 ], [ -95.2810655, 30.0307717, 0.0 ], [ -95.2810656, 30.0307717, 0.0 ], [ -95.2810714, 30.0307718, 0.0 ], [ -95.2810715, 30.0307718, 0.0 ], [ -95.2810715, 30.0307718, 0.0 ], [ -95.2810716, 30.0307719, 0.0 ], [ -95.2810717, 30.0307719, 0.0 ], [ -95.2810717, 30.0307719, 0.0 ], [ -95.2810718, 30.0307719, 0.0 ], [ -95.2810719, 30.0307719, 0.0 ], [ -95.2810719, 30.0307719, 0.0 ], [ -95.281072, 30.0307719, 0.0 ], [ -95.281072, 30.0307719, 0.0 ], [ -95.2810721, 30.0307719, 0.0 ], [ -95.2810721, 30.0307719, 0.0 ], [ -95.2810723, 30.0307719, 0.0 ], [ -95.2810723, 30.0307719, 0.0 ], [ -95.2810725, 30.0307719, 0.0 ], [ -95.2810725, 30.0307719, 0.0 ], [ -95.2810726, 30.0307719, 0.0 ], [ -95.2810726, 30.0307719, 0.0 ], [ -95.2810728, 30.0307719, 0.0 ], [ -95.2810729, 30.0307719, 0.0 ], [ -95.2810729, 30.0307719, 0.0 ], [ -95.2810729, 30.0307719, 0.0 ], [ -95.281073, 30.0307719, 0.0 ], [ -95.2810731, 30.0307719, 0.0 ], [ -95.2810731, 30.0307719, 0.0 ], [ -95.2810732, 30.0307719, 0.0 ], [ -95.2810732, 30.0307719, 0.0 ], [ -95.2810733, 30.0307719, 0.0 ], [ -95.2810733, 30.0307719, 0.0 ], [ -95.2810762, 30.030772, 0.0 ], [ -95.2810762, 30.030772, 0.0 ], [ -95.2810763, 30.030772, 0.0 ], [ -95.2810803, 30.0307721, 0.0 ], [ -95.2810803, 30.0307721, 0.0 ], [ -95.2810804, 30.0307721, 0.0 ], [ -95.2810857, 30.0307723, 0.0 ], [ -95.2810902, 30.0307724, 0.0 ], [ -95.2810903, 30.0307724, 0.0 ], [ -95.2810903, 30.0307724, 0.0 ], [ -95.2810906, 30.0307724, 0.0 ], [ -95.2810907, 30.0307724, 0.0 ], [ -95.2810907, 30.0307725, 0.0 ], [ -95.2810915, 30.0307725, 0.0 ], [ -95.2810922, 30.0307725, 0.0 ], [ -95.2810922, 30.0307725, 0.0 ], [ -95.2810923, 30.0307725, 0.0 ], [ -95.2811066, 30.0307732, 0.0 ], [ -95.2811188, 30.0307738, 0.0 ], [ -95.2811189, 30.0307738, 0.0 ], [ -95.2811189, 30.0307738, 0.0 ], [ -95.2811332, 30.0307747, 0.0 ], [ -95.2811455, 30.0307755, 0.0 ], [ -95.2811455, 30.0307755, 0.0 ], [ -95.2811456, 30.0307755, 0.0 ], [ -95.2811599, 30.0307766, 0.0 ], [ -95.2811641, 30.030777, 0.0 ], [ -95.2811721, 30.0307776, 0.0 ], [ -95.2811721, 30.0307776, 0.0 ], [ -95.2811722, 30.0307776, 0.0 ], [ -95.2811854, 30.0307789, 0.0 ], [ -95.2811902, 30.0307793, 0.0 ], [ -95.2811921, 30.0307795, 0.0 ], [ -95.2811987, 30.0307802, 0.0 ], [ -95.2811987, 30.0307802, 0.0 ], [ -95.2811987, 30.0307802, 0.0 ], [ -95.2812113, 30.030782, 0.0 ], [ -95.2812113, 30.030782, 0.0 ], [ -95.2812113, 30.030782, 0.0 ], [ -95.2812239, 30.0307837, 0.0 ], [ -95.2812239, 30.0307837, 0.0 ], [ -95.281224, 30.0307837, 0.0 ], [ -95.2812365, 30.0307852, 0.0 ], [ -95.2812366, 30.0307852, 0.0 ], [ -95.2812366, 30.0307852, 0.0 ], [ -95.2812492, 30.0307864, 0.0 ], [ -95.2812493, 30.0307864, 0.0 ], [ -95.2812493, 30.0307864, 0.0 ], [ -95.2812556, 30.030787, 0.0 ], [ -95.2812619, 30.0307875, 0.0 ], [ -95.2812619, 30.0307875, 0.0 ], [ -95.281262, 30.0307875, 0.0 ], [ -95.2812688, 30.0307879, 0.0 ], [ -95.2812746, 30.0307883, 0.0 ], [ -95.2812746, 30.0307883, 0.0 ], [ -95.2812747, 30.0307883, 0.0 ], [ -95.2812815, 30.0307887, 0.0 ], [ -95.2812873, 30.030789, 0.0 ], [ -95.2812873, 30.030789, 0.0 ], [ -95.2812874, 30.030789, 0.0 ], [ -95.2812934, 30.0307892, 0.0 ], [ -95.2812934, 30.0307892, 0.0 ], [ -95.2812935, 30.0307892, 0.0 ], [ -95.2812949, 30.0307892, 0.0 ], [ -95.281295, 30.0307892, 0.0 ], [ -95.281295, 30.0307892, 0.0 ], [ -95.2812967, 30.0307893, 0.0 ], [ -95.2812981, 30.0307893, 0.0 ], [ -95.2812981, 30.0307893, 0.0 ], [ -95.2812981, 30.0307893, 0.0 ], [ -95.2812985, 30.0307894, 0.0 ], [ -95.2812985, 30.0307894, 0.0 ], [ -95.2812986, 30.0307894, 0.0 ], [ -95.2812986, 30.0307894, 0.0 ], [ -95.2812987, 30.0307894, 0.0 ], [ -95.2812987, 30.0307894, 0.0 ], [ -95.2812988, 30.0307894, 0.0 ], [ -95.2812989, 30.0307894, 0.0 ], [ -95.2812989, 30.0307894, 0.0 ], [ -95.281299, 30.0307894, 0.0 ], [ -95.281299, 30.0307894, 0.0 ], [ -95.2812991, 30.0307894, 0.0 ], [ -95.2812992, 30.0307894, 0.0 ], [ -95.2812992, 30.0307894, 0.0 ], [ -95.2813, 30.0307894, 0.0 ], [ -95.2813001, 30.0307894, 0.0 ], [ -95.2813001, 30.0307894, 0.0 ], [ -95.2813112, 30.0307896, 0.0 ], [ -95.2813113, 30.0307896, 0.0 ], [ -95.2813113, 30.0307896, 0.0 ], [ -95.2813127, 30.0307896, 0.0 ], [ -95.2813128, 30.0307896, 0.0 ], [ -95.2813128, 30.0307897, 0.0 ], [ -95.2813138, 30.0307897, 0.0 ], [ -95.2813138, 30.0307897, 0.0 ], [ -95.2813139, 30.0307897, 0.0 ], [ -95.2813255, 30.0307897, 0.0 ], [ -95.2813255, 30.0307897, 0.0 ], [ -95.2813255, 30.0307897, 0.0 ], [ -95.2813382, 30.0307895, 0.0 ], [ -95.2813382, 30.0307895, 0.0 ], [ -95.2813382, 30.0307895, 0.0 ], [ -95.2813509, 30.0307891, 0.0 ], [ -95.2813509, 30.0307891, 0.0 ], [ -95.2813509, 30.0307891, 0.0 ], [ -95.2813635, 30.0307885, 0.0 ], [ -95.2813636, 30.0307885, 0.0 ], [ -95.2813636, 30.0307885, 0.0 ], [ -95.2813657, 30.0307884, 0.0 ], [ -95.2813762, 30.0307877, 0.0 ], [ -95.2813763, 30.0307877, 0.0 ], [ -95.2813763, 30.0307877, 0.0 ], [ -95.2813889, 30.0307867, 0.0 ], [ -95.2813889, 30.0307867, 0.0 ], [ -95.2813889, 30.0307867, 0.0 ], [ -95.2814015, 30.0307855, 0.0 ], [ -95.2814015, 30.0307855, 0.0 ], [ -95.2814016, 30.0307855, 0.0 ], [ -95.2814141, 30.0307841, 0.0 ], [ -95.2814141, 30.0307841, 0.0 ], [ -95.2814141, 30.0307841, 0.0 ], [ -95.2814266, 30.0307824, 0.0 ], [ -95.2814267, 30.0307824, 0.0 ], [ -95.2814267, 30.0307824, 0.0 ], [ -95.2814391, 30.0307806, 0.0 ], [ -95.2814392, 30.0307806, 0.0 ], [ -95.2814392, 30.0307806, 0.0 ], [ -95.2814572, 30.0307776, 0.0 ], [ -95.2814572, 30.0307776, 0.0 ], [ -95.2814742, 30.0307773, 0.0 ], [ -95.2815643, 30.0307757, 0.0 ], [ -95.2815643, 30.0307757, 0.0 ], [ -95.2815644, 30.0307757, 0.0 ], [ -95.2815762, 30.030775, 0.0 ], [ -95.2815912, 30.030774, 0.0 ], [ -95.2815912, 30.030774, 0.0 ], [ -95.2815913, 30.030774, 0.0 ], [ -95.2816076, 30.0307733, 0.0 ], [ -95.2816077, 30.0307733, 0.0 ], [ -95.2816077, 30.0307733, 0.0 ], [ -95.2816086, 30.0307733, 0.0 ], [ -95.2816241, 30.0307729, 0.0 ], [ -95.2816241, 30.0307729, 0.0 ], [ -95.2816242, 30.0307729, 0.0 ], [ -95.2816406, 30.0307728, 0.0 ], [ -95.2816406, 30.0307728, 0.0 ], [ -95.2816407, 30.0307728, 0.0 ], [ -95.2816547, 30.0307729, 0.0 ], [ -95.2816547, 30.0307729, 0.0 ], [ -95.2816548, 30.0307729, 0.0 ], [ -95.2816571, 30.0307729, 0.0 ], [ -95.2816571, 30.0307729, 0.0 ], [ -95.2816571, 30.0307729, 0.0 ], [ -95.2816716, 30.0307732, 0.0 ], [ -95.2816716, 30.0307732, 0.0 ], [ -95.2816717, 30.0307732, 0.0 ], [ -95.281672, 30.0307733, 0.0 ], [ -95.281672, 30.0307733, 0.0 ], [ -95.2816721, 30.0307733, 0.0 ], [ -95.2816726, 30.0307733, 0.0 ], [ -95.2816727, 30.0307733, 0.0 ], [ -95.2816727, 30.0307733, 0.0 ], [ -95.2816735, 30.0307733, 0.0 ], [ -95.2816736, 30.0307733, 0.0 ], [ -95.2816736, 30.0307733, 0.0 ], [ -95.2816825, 30.0307736, 0.0 ], [ -95.2816887, 30.0307739, 0.0 ], [ -95.28169, 30.030774, 0.0 ], [ -95.2816901, 30.030774, 0.0 ], [ -95.2816901, 30.030774, 0.0 ], [ -95.2816989, 30.0307745, 0.0 ], [ -95.2817065, 30.0307749, 0.0 ], [ -95.2817065, 30.0307749, 0.0 ], [ -95.2817066, 30.0307749, 0.0 ], [ -95.2817154, 30.0307755, 0.0 ], [ -95.2817163, 30.0307756, 0.0 ], [ -95.281723, 30.0307761, 0.0 ], [ -95.281723, 30.0307761, 0.0 ], [ -95.281723, 30.0307761, 0.0 ], [ -95.2817319, 30.0307769, 0.0 ], [ -95.2817394, 30.0307775, 0.0 ], [ -95.2817394, 30.0307775, 0.0 ], [ -95.2817395, 30.0307775, 0.0 ], [ -95.2817558, 30.0307793, 0.0 ], [ -95.2817559, 30.0307793, 0.0 ], [ -95.2817559, 30.0307793, 0.0 ], [ -95.2817722, 30.0307813, 0.0 ], [ -95.2817723, 30.0307813, 0.0 ], [ -95.2817723, 30.0307813, 0.0 ], [ -95.2817886, 30.0307835, 0.0 ], [ -95.2817886, 30.0307835, 0.0 ], [ -95.2817887, 30.0307835, 0.0 ], [ -95.2818049, 30.030786, 0.0 ], [ -95.2818049, 30.030786, 0.0 ], [ -95.281805, 30.030786, 0.0 ], [ -95.2818132, 30.0307865, 0.0 ], [ -95.2818206, 30.030787, 0.0 ], [ -95.2818339, 30.0307878, 0.0 ], [ -95.281834, 30.0307878, 0.0 ], [ -95.281834, 30.0307878, 0.0 ], [ -95.2818496, 30.0307885, 0.0 ], [ -95.281863, 30.0307891, 0.0 ], [ -95.281863, 30.0307891, 0.0 ], [ -95.281863, 30.0307891, 0.0 ], [ -95.2818786, 30.0307895, 0.0 ], [ -95.2818787, 30.0307895, 0.0 ], [ -95.2818787, 30.0307895, 0.0 ], [ -95.2818802, 30.0307896, 0.0 ], [ -95.2818802, 30.0307896, 0.0 ], [ -95.2818803, 30.0307896, 0.0 ], [ -95.2818901, 30.0307898, 0.0 ], [ -95.2818901, 30.0307898, 0.0 ], [ -95.2818901, 30.0307898, 0.0 ], [ -95.2818905, 30.0307898, 0.0 ], [ -95.2818905, 30.0307899, 0.0 ], [ -95.2818905, 30.0307899, 0.0 ], [ -95.281892, 30.0307899, 0.0 ], [ -95.2818921, 30.0307899, 0.0 ], [ -95.2818921, 30.0307899, 0.0 ], [ -95.281899, 30.03079, 0.0 ], [ -95.2818991, 30.03079, 0.0 ], [ -95.2818991, 30.03079, 0.0 ], [ -95.2819211, 30.0307902, 0.0 ], [ -95.2819211, 30.0307902, 0.0 ], [ -95.2819212, 30.0307902, 0.0 ], [ -95.2819495, 30.0307895, 0.0 ], [ -95.2819495, 30.0307895, 0.0 ], [ -95.2819496, 30.0307895, 0.0 ], [ -95.2819779, 30.0307883, 0.0 ], [ -95.2819779, 30.0307883, 0.0 ], [ -95.2819779, 30.0307883, 0.0 ], [ -95.2819818, 30.0307881, 0.0 ], [ -95.2820064, 30.0307868, 0.0 ], [ -95.2820064, 30.0307868, 0.0 ], [ -95.2820065, 30.0307868, 0.0 ], [ -95.282035, 30.030785, 0.0 ], [ -95.2820351, 30.030785, 0.0 ], [ -95.2820351, 30.030785, 0.0 ], [ -95.2820638, 30.0307828, 0.0 ], [ -95.2820638, 30.0307828, 0.0 ], [ -95.2820639, 30.0307828, 0.0 ], [ -95.2820927, 30.0307803, 0.0 ], [ -95.2820927, 30.0307803, 0.0 ], [ -95.2820928, 30.0307803, 0.0 ], [ -95.2821216, 30.0307775, 0.0 ], [ -95.2821217, 30.0307775, 0.0 ], [ -95.2821217, 30.0307775, 0.0 ], [ -95.2821507, 30.0307744, 0.0 ], [ -95.2821508, 30.0307744, 0.0 ], [ -95.2821508, 30.0307744, 0.0 ], [ -95.2821798, 30.0307709, 0.0 ], [ -95.2821799, 30.0307709, 0.0 ], [ -95.2821799, 30.0307709, 0.0 ], [ -95.2822091, 30.0307671, 0.0 ], [ -95.2822091, 30.0307671, 0.0 ], [ -95.2822091, 30.0307671, 0.0 ], [ -95.2822382, 30.0307629, 0.0 ], [ -95.2822382, 30.0307629, 0.0 ], [ -95.2822383, 30.0307629, 0.0 ], [ -95.2822404, 30.0307625, 0.0 ], [ -95.2822666, 30.0307576, 0.0 ], [ -95.2823002, 30.0307507, 0.0 ], [ -95.2830304, 30.0306058, 0.0 ], [ -95.2830427, 30.0306027, 0.0 ], [ -95.2830549, 30.0305994, 0.0 ], [ -95.283067, 30.0305961, 0.0 ], [ -95.283079, 30.0305926, 0.0 ], [ -95.2830909, 30.0305889, 0.0 ], [ -95.2831027, 30.0305852, 0.0 ], [ -95.2831144, 30.0305813, 0.0 ], [ -95.283126, 30.0305773, 0.0 ], [ -95.2831375, 30.0305732, 0.0 ], [ -95.2831489, 30.0305689, 0.0 ], [ -95.2831601, 30.0305646, 0.0 ], [ -95.2831713, 30.0305601, 0.0 ], [ -95.2831823, 30.0305555, 0.0 ], [ -95.2831931, 30.0305508, 0.0 ], [ -95.2832039, 30.0305459, 0.0 ], [ -95.2832145, 30.030541, 0.0 ], [ -95.283225, 30.0305359, 0.0 ], [ -95.2832353, 30.0305308, 0.0 ], [ -95.2832455, 30.0305255, 0.0 ], [ -95.2832556, 30.0305201, 0.0 ], [ -95.2832655, 30.0305146, 0.0 ], [ -95.2832846, 30.0305035, 0.0 ], [ -95.2832922, 30.0304972, 0.0 ], [ -95.2832964, 30.0304939, 0.0 ], [ -95.2833007, 30.0304907, 0.0 ], [ -95.2833051, 30.0304875, 0.0 ], [ -95.2833096, 30.0304843, 0.0 ], [ -95.2833142, 30.0304812, 0.0 ], [ -95.2833188, 30.0304781, 0.0 ], [ -95.2833236, 30.0304751, 0.0 ], [ -95.2833284, 30.0304721, 0.0 ], [ -95.2833333, 30.0304692, 0.0 ], [ -95.2833383, 30.0304663, 0.0 ], [ -95.2833434, 30.0304635, 0.0 ], [ -95.2833486, 30.0304607, 0.0 ], [ -95.2833538, 30.030458, 0.0 ], [ -95.2833591, 30.0304553, 0.0 ], [ -95.2833645, 30.0304527, 0.0 ], [ -95.2833699, 30.0304502, 0.0 ], [ -95.2833754, 30.0304477, 0.0 ], [ -95.283381, 30.0304453, 0.0 ], [ -95.2833867, 30.0304429, 0.0 ], [ -95.2835559, 30.0303752, 0.0 ], [ -95.2836555, 30.0303374, 0.0 ], [ -95.2837562, 30.0303006, 0.0 ], [ -95.2838578, 30.0302649, 0.0 ], [ -95.2838597, 30.0302648, 0.0 ], [ -95.2838598, 30.0302648, 0.0 ], [ -95.2838598, 30.0302648, 0.0 ], [ -95.2838617, 30.0302647, 0.0 ], [ -95.2838617, 30.0302647, 0.0 ], [ -95.2838618, 30.0302646, 0.0 ], [ -95.2838636, 30.0302645, 0.0 ], [ -95.2838637, 30.0302645, 0.0 ], [ -95.2838637, 30.0302645, 0.0 ], [ -95.2838656, 30.0302643, 0.0 ], [ -95.2838656, 30.0302643, 0.0 ], [ -95.2838657, 30.0302643, 0.0 ], [ -95.2838675, 30.0302641, 0.0 ], [ -95.2838676, 30.0302641, 0.0 ], [ -95.2838676, 30.0302641, 0.0 ], [ -95.2838695, 30.0302639, 0.0 ], [ -95.2838695, 30.0302639, 0.0 ], [ -95.2838696, 30.0302639, 0.0 ], [ -95.2838714, 30.0302636, 0.0 ], [ -95.2838715, 30.0302636, 0.0 ], [ -95.2838715, 30.0302636, 0.0 ], [ -95.2838733, 30.0302634, 0.0 ], [ -95.2838734, 30.0302634, 0.0 ], [ -95.2838734, 30.0302634, 0.0 ], [ -95.2838753, 30.0302631, 0.0 ], [ -95.2838753, 30.0302631, 0.0 ], [ -95.2838753, 30.0302631, 0.0 ], [ -95.2838772, 30.0302628, 0.0 ], [ -95.2838772, 30.0302628, 0.0 ], [ -95.2838773, 30.0302628, 0.0 ], [ -95.2838792, 30.0302624, 0.0 ], [ -95.2838811, 30.0302621, 0.0 ], [ -95.283883, 30.0302617, 0.0 ], [ -95.2838848, 30.0302613, 0.0 ], [ -95.2838867, 30.0302609, 0.0 ], [ -95.2838886, 30.0302605, 0.0 ], [ -95.2838904, 30.03026, 0.0 ], [ -95.2838922, 30.0302596, 0.0 ], [ -95.2838941, 30.0302591, 0.0 ], [ -95.2838959, 30.0302586, 0.0 ], [ -95.2838977, 30.030258, 0.0 ], [ -95.2838994, 30.0302575, 0.0 ], [ -95.2839012, 30.0302569, 0.0 ], [ -95.2839029, 30.0302564, 0.0 ], [ -95.2839047, 30.0302558, 0.0 ], [ -95.2839064, 30.0302551, 0.0 ], [ -95.2839081, 30.0302545, 0.0 ], [ -95.2839098, 30.0302538, 0.0 ], [ -95.2839114, 30.0302532, 0.0 ], [ -95.2839131, 30.0302525, 0.0 ], [ -95.2839147, 30.0302518, 0.0 ], [ -95.2839163, 30.030251, 0.0 ], [ -95.2839179, 30.0302503, 0.0 ], [ -95.2839195, 30.0302495, 0.0 ], [ -95.283921, 30.0302488, 0.0 ], [ -95.2839225, 30.030248, 0.0 ], [ -95.283924, 30.0302472, 0.0 ], [ -95.283926, 30.0302461, 0.0 ], [ -95.283926, 30.030246, 0.0 ], [ -95.2839261, 30.030246, 0.0 ], [ -95.2839262, 30.030246, 0.0 ], [ -95.2841243, 30.0301654, 0.0 ], [ -95.2844519, 30.030032, 0.0 ], [ -95.2846362, 30.0299528, 0.0 ], [ -95.2846362, 30.0299521, 0.0 ], [ -95.2846362, 30.0299517, 0.0 ], [ -95.284637, 30.0297905, 0.0 ], [ -95.2846607, 30.0247792, 0.0 ], [ -95.2846626, 30.0243791, 0.0 ], [ -95.2846627, 30.0242973, 0.0 ], [ -95.2846652, 30.0223639, 0.0 ], [ -95.2846603, 30.0213253, 0.0 ], [ -95.2846596, 30.0212707, 0.0 ], [ -95.2846584, 30.0211689, 0.0 ], [ -95.2846185, 30.0179041, 0.0 ], [ -95.2846208, 30.0177888, 0.0 ], [ -95.2846545, 30.0161298, 0.0 ], [ -95.2846538, 30.0160776, 0.0 ], [ -95.2846508, 30.0158745, 0.0 ], [ -95.2846469, 30.0156072, 0.0 ], [ -95.2846435, 30.0153811, 0.0 ], [ -95.2846391, 30.0150759, 0.0 ], [ -95.2846366, 30.0149109, 0.0 ], [ -95.2846336, 30.0147049, 0.0 ], [ -95.2846322, 30.0146057, 0.0 ], [ -95.2846319, 30.0145849, 0.0 ], [ -95.2846272, 30.0142344, 0.0 ], [ -95.2846252, 30.0140787, 0.0 ], [ -95.2846234, 30.0139495, 0.0 ], [ -95.2846217, 30.0138202, 0.0 ], [ -95.28462, 30.013691, 0.0 ], [ -95.2846183, 30.0135618, 0.0 ], [ -95.2846149, 30.0133104, 0.0 ], [ -95.2846149, 30.0133079, 0.0 ], [ -95.2846145, 30.0132772, 0.0 ], [ -95.2846123, 30.013113, 0.0 ], [ -95.2846123, 30.0131128, 0.0 ], [ -95.2846123, 30.0131102, 0.0 ], [ -95.2846123, 30.01311, 0.0 ], [ -95.2846121, 30.013098, 0.0 ], [ -95.2846119, 30.0130815, 0.0 ], [ -95.2846072, 30.0127272, 0.0 ], [ -95.2846055, 30.0126007, 0.0 ], [ -95.2846038, 30.0124742, 0.0 ], [ -95.2846021, 30.0123478, 0.0 ], [ -95.2846005, 30.0122213, 0.0 ], [ -95.2845988, 30.0120948, 0.0 ], [ -95.2845969, 30.0119575, 0.0 ], [ -95.2845966, 30.0119288, 0.0 ], [ -95.284592, 30.0115898, 0.0 ], [ -95.284588, 30.0112874, 0.0 ], [ -95.2845869, 30.0112009, 0.0 ], [ -95.2845859, 30.0111222, 0.0 ], [ -95.2845858, 30.0111146, 0.0 ], [ -95.2845858, 30.0111143, 0.0 ], [ -95.2845855, 30.0110892, 0.0 ], [ -95.2845853, 30.01108, 0.0 ], [ -95.2845893, 30.0109238, 0.0 ], [ -95.284584, 30.0105287, 0.0 ], [ -95.2845657, 30.0089797, 0.0 ], [ -95.2845445, 30.0070389, 0.0 ], [ -95.284542, 30.0067796, 0.0 ], [ -95.2845358, 30.0066002, 0.0 ], [ -95.284512, 30.0059153, 0.0 ], [ -95.2844883, 30.0052309, 0.0 ], [ -95.2844863, 30.0051728, 0.0 ], [ -95.2844623, 30.0035646, 0.0 ], [ -95.2844398, 30.0029764, 0.0 ], [ -95.2845103, 30.0029152, 0.0 ], [ -95.2845034, 30.0024415, 0.0 ], [ -95.2850815, 30.002449, 0.0 ], [ -95.2850655, 30.00208, 0.0 ], [ -95.2850459, 30.0015982, 0.0 ], [ -95.283925, 30.0015994, 0.0 ], [ -95.2838292, 30.0016031, 0.0 ], [ -95.2825505, 30.0016314, 0.0 ], [ -95.2822102, 30.0016385, 0.0 ], [ -95.2792161, 30.001672, 0.0 ], [ -95.2772223, 30.0016836, 0.0 ], [ -95.277135, 30.0014336, 0.0 ], [ -95.2771014, 30.000854, 0.0 ], [ -95.277091, 30.0003273, 0.0 ], [ -95.277086, 29.9999736, 0.0 ], [ -95.2770763, 29.9993167, 0.0 ], [ -95.2770645, 29.9977057, 0.0 ], [ -95.277063, 29.9975083, 0.0 ], [ -95.2771152, 29.9974921, 0.0 ], [ -95.2771155, 29.997492, 0.0 ], [ -95.2771162, 29.9974918, 0.0 ], [ -95.2771162, 29.9974918, 0.0 ], [ -95.2771162, 29.9974917, 0.0 ], [ -95.2771878, 29.9974667, 0.0 ], [ -95.2772412, 29.9974456, 0.0 ], [ -95.277258, 29.997439, 0.0 ], [ -95.2772825, 29.9974286, 0.0 ], [ -95.2772969, 29.9974213, 0.0 ], [ -95.2774062, 29.9973666, 0.0 ], [ -95.277409, 29.9973652, 0.0 ], [ -95.2774147, 29.9973618, 0.0 ], [ -95.2775096, 29.9973014, 0.0 ], [ -95.2775995, 29.9972355, 0.0 ], [ -95.2776842, 29.9971644, 0.0 ], [ -95.2777631, 29.9970886, 0.0 ], [ -95.2777832, 29.9970675, 0.0 ], [ -95.2778028, 29.9970462, 0.0 ], [ -95.2778219, 29.9970246, 0.0 ], [ -95.2778406, 29.9970028, 0.0 ], [ -95.2778588, 29.9969808, 0.0 ], [ -95.2778796, 29.9969545, 0.0 ], [ -95.2778968, 29.9969319, 0.0 ], [ -95.2779135, 29.9969091, 0.0 ], [ -95.2779296, 29.9968861, 0.0 ], [ -95.2779453, 29.9968629, 0.0 ], [ -95.2779605, 29.9968395, 0.0 ], [ -95.2779751, 29.9968158, 0.0 ], [ -95.2779893, 29.996792, 0.0 ], [ -95.2780029, 29.9967681, 0.0 ], [ -95.278016, 29.9967439, 0.0 ], [ -95.2780325, 29.9967117, 0.0 ], [ -95.2781062, 29.9967083, 0.0 ], [ -95.2781061, 29.9966872, 0.0 ], [ -95.2781051, 29.996546, 0.0 ], [ -95.2781094, 29.9965461, 0.0 ], [ -95.2781912, 29.9965476, 0.0 ], [ -95.2781912, 29.9965461, 0.0 ], [ -95.2781911, 29.9965009, 0.0 ], [ -95.2781911, 29.9964774, 0.0 ], [ -95.2781908, 29.9963531, 0.0 ], [ -95.2781893, 29.9952774, 0.0 ], [ -95.2781887, 29.9949213, 0.0 ], [ -95.2781882, 29.9945586, 0.0 ], [ -95.2781877, 29.9941981, 0.0 ], [ -95.2781877, 29.9941486, 0.0 ], [ -95.2781875, 29.99404, 0.0 ], [ -95.278186, 29.9929501, 0.0 ], [ -95.2781864, 29.9926281, 0.0 ], [ -95.2781876, 29.9918499, 0.0 ], [ -95.2781892, 29.990783, 0.0 ], [ -95.2781893, 29.99075, 0.0 ], [ -95.2781895, 29.9906125, 0.0 ], [ -95.2781911, 29.9895401, 0.0 ], [ -95.2781927, 29.9884676, 0.0 ], [ -95.2782192, 29.9883168, 0.0 ], [ -95.2781935, 29.9880125, 0.0 ], [ -95.2781934, 29.9880116, 0.0 ], [ -95.2779049, 29.9880203, 0.0 ], [ -95.2770941, 29.9880448, 0.0 ], [ -95.276981, 29.9880086, 0.0 ], [ -95.2757268, 29.9876231, 0.0 ], [ -95.2757601, 29.9875531, 0.0 ], [ -95.2758158, 29.9874361, 0.0 ], [ -95.2758802, 29.9873007, 0.0 ], [ -95.2761697, 29.9866602, 0.0 ], [ -95.2766315, 29.9855698, 0.0 ], [ -95.2767572, 29.9852343, 0.0 ], [ -95.277059, 29.984505, 0.0 ], [ -95.2770642, 29.9844928, 0.0 ], [ -95.277072, 29.9844743, 0.0 ], [ -95.2770831, 29.9844494, 0.0 ], [ -95.2770946, 29.9844246, 0.0 ], [ -95.2771057, 29.9844017, 0.0 ], [ -95.2771057, 29.9844016, 0.0 ], [ -95.2771058, 29.9844016, 0.0 ], [ -95.2771065, 29.9844001, 0.0 ], [ -95.277115, 29.9843832, 0.0 ], [ -95.2771151, 29.9843831, 0.0 ], [ -95.2771188, 29.9843756, 0.0 ], [ -95.2770797, 29.984088, 0.0 ], [ -95.2770496, 29.9812225, 0.0 ], [ -95.2776047, 29.9784999, 0.0 ], [ -95.2778351, 29.9781928, 0.0 ], [ -95.2779389, 29.9780572, 0.0 ], [ -95.2780971, 29.9778466, 0.0 ], [ -95.2781879, 29.9776967, 0.0 ], [ -95.2785423, 29.9771087, 0.0 ], [ -95.2787362, 29.9767447, 0.0 ], [ -95.2787631, 29.9766943, 0.0 ], [ -95.2788986, 29.9764206, 0.0 ], [ -95.2790274, 29.976144, 0.0 ], [ -95.2790665, 29.9760555, 0.0 ], [ -95.2791103, 29.9759306, 0.0 ], [ -95.279642, 29.9747734, 0.0 ] ] ] } },
{ "type": "Feature", "properties": { "TRACT": "MUD50" }, "geometry": { "type": "Polygon", "coordinates": [ [ [ -95.0522755, 29.8837094, 0.0 ], [ -95.0522896, 29.8841486, 0.0 ], [ -95.052438, 29.8887991, 0.0 ], [ -95.0611337, 29.8887057, 0.0 ], [ -95.0632448, 29.8853488, 0.0 ], [ -95.064691, 29.8843363, 0.0 ], [ -95.0654456, 29.8839936, 0.0 ], [ -95.067368, 29.8834484, 0.0 ], [ -95.0673321, 29.8833393, 0.0 ], [ -95.071653, 29.88221, 0.0 ], [ -95.0707547, 29.8799434, 0.0 ], [ -95.0729825, 29.87992, 0.0 ], [ -95.0709972, 29.8706818, 0.0 ], [ -95.0709703, 29.8698093, 0.0 ], [ -95.0712847, 29.8698171, 0.0 ], [ -95.0712847, 29.8689524, 0.0 ], [ -95.0660655, 29.868968, 0.0 ], [ -95.0660834, 29.8659221, 0.0 ], [ -95.0612864, 29.8659455, 0.0 ], [ -95.0613044, 29.866631, 0.0 ], [ -95.0466708, 29.8668336, 0.0 ], [ -95.0468775, 29.8799901, 0.0 ], [ -95.0521506, 29.8799434, 0.0 ], [ -95.0521596, 29.8800758, 0.0 ], [ -95.0522755, 29.8837094, 0.0 ] ] ] } },
{ "type": "Feature", "properties": { "TRACT": "Westmud4" }, "geometry": { "type": "Polygon", "coordinates": [ [ [ -95.6811191, 29.7136176, 0.0 ], [ -95.6825165, 29.7127274, 0.0 ], [ -95.6835674, 29.7120578, 0.0 ], [ -95.6835584, 29.7116443, 0.0 ], [ -95.6842411, 29.7116287, 0.0 ], [ -95.686469, 29.7102087, 0.0 ], [ -95.6829206, 29.7082035, 0.0 ], [ -95.6822828, 29.7082581, 0.0 ], [ -95.6821301, 29.7088277, 0.0 ], [ -95.6814564, 29.7088823, 0.0 ], [ -95.6813845, 29.7091398, 0.0 ], [ -95.6810252, 29.709171, 0.0 ], [ -95.6810252, 29.7089525, 0.0 ], [ -95.6791746, 29.7090696, 0.0 ], [ -95.6791297, 29.7084922, 0.0 ], [ -95.6774768, 29.708578, 0.0 ], [ -95.6775667, 29.7117614, 0.0 ], [ -95.6762551, 29.7118706, 0.0 ], [ -95.6762192, 29.7087419, 0.0 ], [ -95.6742339, 29.7089135, 0.0 ], [ -95.6714401, 29.7096314, 0.0 ], [ -95.671521, 29.712604, 0.0 ], [ -95.6715659, 29.7197036, 0.0 ], [ -95.6811191, 29.7136176, 0.0 ] ] ] } },
{ "type": "Feature", "properties": { "TRACT": "Greentrails" }, "geometry": { "type": "MultiPolygon", "coordinates": [ [ [ [ -95.718396, 29.7692274, 0.0 ], [ -95.7183591, 29.7690517, 0.0 ], [ -95.7163379, 29.7659482, 0.0 ], [ -95.715772, 29.7641468, 0.0 ], [ -95.715754, 29.7629537, 0.0 ], [ -95.7160056, 29.761862, 0.0 ], [ -95.7166523, 29.7606064, 0.0 ], [ -95.7176944, 29.7593977, 0.0 ], [ -95.7129782, 29.7559273, 0.0 ], [ -95.7130411, 29.759039, 0.0 ], [ -95.7129243, 29.75861, 0.0 ], [ -95.7128974, 29.7563329, 0.0 ], [ -95.710993, 29.7560677, 0.0 ], [ -95.7110019, 29.7589142, 0.0 ], [ -95.7122686, 29.7588596, 0.0 ], [ -95.7122865, 29.7590156, 0.0 ], [ -95.7112625, 29.7590702, 0.0 ], [ -95.7113882, 29.7601463, 0.0 ], [ -95.7077321, 29.7601853, 0.0 ], [ -95.707786, 29.7614253, 0.0 ], [ -95.7017134, 29.7614876, 0.0 ], [ -95.7017583, 29.7662367, 0.0 ], [ -95.7123854, 29.7661587, 0.0 ], [ -95.7128704, 29.7666266, 0.0 ], [ -95.7145921, 29.7682915, 0.0 ], [ -95.7153009, 29.768977, 0.0 ], [ -95.7172812, 29.7708919, 0.0 ], [ -95.7187377, 29.7708919, 0.0 ], [ -95.718396, 29.7692274, 0.0 ] ] ], [ [ [ -95.7187377, 29.7708919, 0.0 ], [ -95.7187457, 29.7709305, 0.0 ], [ -95.7187459, 29.7709643, 0.0 ], [ -95.7187593, 29.7731612, 0.0 ], [ -95.7187634, 29.7738393, 0.0 ], [ -95.7215122, 29.773816, 0.0 ], [ -95.7215482, 29.7708607, 0.0 ], [ -95.7187454, 29.7708919, 0.0 ], [ -95.7187377, 29.7708919, 0.0 ] ] ] ] } },
{ "type": "Feature", "properties": { "TRACT": "WCID70" }, "geometry": { "type": "Polygon", "coordinates": [ [ [ -95.1269514, 29.9482985, 0.0 ], [ -95.1313257, 29.9481458, 0.0 ], [ -95.1430157, 29.9477378, 0.0 ], [ -95.142871, 29.9487824, 0.0 ], [ -95.143305, 29.9491167, 0.0 ], [ -95.1455716, 29.9484899, 0.0 ], [ -95.1467772, 29.9485317, 0.0 ], [ -95.1473077, 29.9471946, 0.0 ], [ -95.1472112, 29.9464842, 0.0 ], [ -95.1466807, 29.9460664, 0.0 ], [ -95.1457645, 29.9452306, 0.0 ], [ -95.1450893, 29.9447292, 0.0 ], [ -95.1442213, 29.9445203, 0.0 ], [ -95.1434979, 29.9443113, 0.0 ], [ -95.1425335, 29.9437263, 0.0 ], [ -95.141569, 29.9442277, 0.0 ], [ -95.1406527, 29.9443113, 0.0 ], [ -95.1401222, 29.9449799, 0.0 ], [ -95.1398811, 29.9461081, 0.0 ], [ -95.1396882, 29.9450635, 0.0 ], [ -95.1394471, 29.9447292, 0.0 ], [ -95.1407009, 29.9435591, 0.0 ], [ -95.1410385, 29.9433084, 0.0 ], [ -95.1411349, 29.9430577, 0.0 ], [ -95.1410867, 29.9426816, 0.0 ], [ -95.1408938, 29.9422637, 0.0 ], [ -95.1404116, 29.9419712, 0.0 ], [ -95.1399293, 29.9416369, 0.0 ], [ -95.1396882, 29.9413444, 0.0 ], [ -95.1391578, 29.9413862, 0.0 ], [ -95.1388684, 29.9408429, 0.0 ], [ -95.1019768, 29.9409265, 0.0 ], [ -95.1014463, 29.9490749, 0.0 ], [ -95.1030377, 29.9489913, 0.0 ], [ -95.1029413, 29.9530026, 0.0 ], [ -95.1190482, 29.9524176, 0.0 ], [ -95.122665, 29.9484481, 0.0 ], [ -95.1269514, 29.9482985, 0.0 ] ] ] } },
{ "type": "Feature", "properties": { "TRACT": "ReidRoad" }, "geometry": { "type": "MultiPolygon", "coordinates": [ [ [ [ -95.5823233, 29.9334786, 0.0 ], [ -95.5824078, 29.9334786, 0.0 ], [ -95.5836029, 29.9334786, 0.0 ], [ -95.5846988, 29.9329025, 0.0 ], [ -95.5846898, 29.9305359, 0.0 ], [ -95.5833154, 29.9305515, 0.0 ], [ -95.5833064, 29.9300065, 0.0 ], [ -95.5846809, 29.9299987, 0.0 ], [ -95.5846449, 29.9275074, 0.0 ], [ -95.5832705, 29.9275308, 0.0 ], [ -95.5832795, 29.928356, 0.0 ], [ -95.5786801, 29.9283716, 0.0 ], [ -95.5787699, 29.9334786, 0.0 ], [ -95.5823233, 29.9334786, 0.0 ] ] ], [ [ [ -95.5705487, 29.9335246, 0.0 ], [ -95.572134, 29.9335194, 0.0 ], [ -95.5774764, 29.933502, 0.0 ], [ -95.5774494, 29.9315168, 0.0 ], [ -95.5779345, 29.931509, 0.0 ], [ -95.5779165, 29.9298586, 0.0 ], [ -95.5774225, 29.9298664, 0.0 ], [ -95.5772787, 29.9229685, 0.0 ], [ -95.5631065, 29.9230541, 0.0 ], [ -95.5630674, 29.9177597, 0.0 ], [ -95.5616301, 29.9177675, 0.0 ], [ -95.5616318, 29.9177641, 0.0 ], [ -95.5558995, 29.9177815, 0.0 ], [ -95.5553778, 29.9177831, 0.0 ], [ -95.5554137, 29.9217539, 0.0 ], [ -95.5517486, 29.9217539, 0.0 ], [ -95.5517396, 29.9207262, 0.0 ], [ -95.5479937, 29.9207573, 0.0 ], [ -95.5480386, 29.9267834, 0.0 ], [ -95.5517037, 29.92676, 0.0 ], [ -95.5517037, 29.9263474, 0.0 ], [ -95.5523325, 29.9259037, 0.0 ], [ -95.5521529, 29.9257635, 0.0 ], [ -95.5532266, 29.9257533, 0.0 ], [ -95.5554317, 29.9257324, 0.0 ], [ -95.5554317, 29.9260749, 0.0 ], [ -95.5540393, 29.9258258, 0.0 ], [ -95.5516049, 29.9273595, 0.0 ], [ -95.5516318, 29.9287687, 0.0 ], [ -95.5554048, 29.9287842, 0.0 ], [ -95.5554317, 29.9316725, 0.0 ], [ -95.5569049, 29.9317192, 0.0 ], [ -95.556896, 29.933572, 0.0 ], [ -95.5631842, 29.9335487, 0.0 ], [ -95.5705487, 29.9335246, 0.0 ] ] ], [ [ [ -95.5643184, 29.9357519, 0.0 ], [ -95.5643178, 29.9356926, 0.0 ], [ -95.5642981, 29.9337978, 0.0 ], [ -95.5640196, 29.9337511, 0.0 ], [ -95.5638579, 29.9337511, 0.0 ], [ -95.5638579, 29.9365146, 0.0 ], [ -95.564325, 29.9363901, 0.0 ], [ -95.5643184, 29.9357519, 0.0 ] ] ], [ [ [ -95.5808185, 29.9352043, 0.0 ], [ -95.5829202, 29.9339145, 0.0 ], [ -95.5827854, 29.933681, 0.0 ], [ -95.5821566, 29.9336654, 0.0 ], [ -95.5784555, 29.9337044, 0.0 ], [ -95.5785184, 29.9366158, 0.0 ], [ -95.5803613, 29.9354849, 0.0 ], [ -95.5808185, 29.9352043, 0.0 ] ] ], [ [ [ -95.5821565, 29.9382267, 0.0 ], [ -95.582743, 29.938238, 0.0 ], [ -95.584609, 29.9382739, 0.0 ], [ -95.584582, 29.9354326, 0.0 ], [ -95.5831088, 29.9361098, 0.0 ], [ -95.5822644, 29.9346775, 0.0 ], [ -95.5785184, 29.9369506, 0.0 ], [ -95.5785454, 29.9381572, 0.0 ], [ -95.5821565, 29.9382267, 0.0 ] ] ], [ [ [ -95.5720426, 29.940072, 0.0 ], [ -95.5725895, 29.9396907, 0.0 ], [ -95.5724379, 29.9393419, 0.0 ], [ -95.5720685, 29.9384919, 0.0 ], [ -95.5708288, 29.9384841, 0.0 ], [ -95.5694634, 29.9384997, 0.0 ], [ -95.5694005, 29.9421038, 0.0 ], [ -95.5719966, 29.9405626, 0.0 ], [ -95.5717631, 29.9402668, 0.0 ], [ -95.5720426, 29.940072, 0.0 ] ] ] ] } },
{ "type": "Feature", "properties": { "TRACT": "TomballSouth" }, "geometry": { "type": "MultiPolygon", "coordinates": [ [ [ [ -95.6186933, 30.0512567, 0.0 ], [ -95.6192142, 30.05126, 0.0 ], [ -95.6192293, 30.0512601, 0.0 ], [ -95.6192377, 30.0512602, 0.0 ], [ -95.6199414, 30.0512541, 0.0 ], [ -95.6201573, 30.0512522, 0.0 ], [ -95.6203598, 30.0512505, 0.0 ], [ -95.6204813, 30.0511513, 0.0 ], [ -95.6204766, 30.0509672, 0.0 ], [ -95.6204657, 30.0505479, 0.0 ], [ -95.6204654, 30.0505221, 0.0 ], [ -95.6204643, 30.0504332, 0.0 ], [ -95.6204639, 30.050403, 0.0 ], [ -95.6204581, 30.0499508, 0.0 ], [ -95.6204537, 30.0496021, 0.0 ], [ -95.6204495, 30.0494646, 0.0 ], [ -95.6204453, 30.0493272, 0.0 ], [ -95.6204412, 30.0491898, 0.0 ], [ -95.620437, 30.0490523, 0.0 ], [ -95.6204328, 30.0489149, 0.0 ], [ -95.6204046, 30.047988, 0.0 ], [ -95.6203618, 30.0465846, 0.0 ], [ -95.6203489, 30.04616, 0.0 ], [ -95.6203488, 30.04616, 0.0 ], [ -95.6203485, 30.04616, 0.0 ], [ -95.6203481, 30.04616, 0.0 ], [ -95.6201278, 30.0461675, 0.0 ], [ -95.6199077, 30.0461798, 0.0 ], [ -95.6196881, 30.046197, 0.0 ], [ -95.619469, 30.0462191, 0.0 ], [ -95.6192506, 30.046246, 0.0 ], [ -95.6190055, 30.046282, 0.0 ], [ -95.6187616, 30.0463242, 0.0 ], [ -95.6185192, 30.0463724, 0.0 ], [ -95.6182785, 30.0464266, 0.0 ], [ -95.6180397, 30.0464868, 0.0 ], [ -95.6177962, 30.0465549, 0.0 ], [ -95.617555, 30.0466292, 0.0 ], [ -95.6173165, 30.0467096, 0.0 ], [ -95.6170808, 30.0467961, 0.0 ], [ -95.6168481, 30.0468886, 0.0 ], [ -95.6166187, 30.0469871, 0.0 ], [ -95.6163926, 30.0470913, 0.0 ], [ -95.6161702, 30.0472013, 0.0 ], [ -95.6156052, 30.0474905, 0.0 ], [ -95.6149036, 30.0478495, 0.0 ], [ -95.6148718, 30.0478658, 0.0 ], [ -95.6142798, 30.0481687, 0.0 ], [ -95.6140127, 30.0483054, 0.0 ], [ -95.6139835, 30.0484517, 0.0 ], [ -95.6142586, 30.0488064, 0.0 ], [ -95.6146831, 30.0493535, 0.0 ], [ -95.6148669, 30.0496101, 0.0 ], [ -95.6149506, 30.0497425, 0.0 ], [ -95.6150288, 30.0498775, 0.0 ], [ -95.6151012, 30.0500149, 0.0 ], [ -95.6151679, 30.0501545, 0.0 ], [ -95.6152003, 30.0502258, 0.0 ], [ -95.6152668, 30.0503725, 0.0 ], [ -95.6153471, 30.0505495, 0.0 ], [ -95.6153951, 30.05065, 0.0 ], [ -95.615506, 30.0507344, 0.0 ], [ -95.6156213, 30.0508144, 0.0 ], [ -95.6158637, 30.0509604, 0.0 ], [ -95.6159903, 30.051026, 0.0 ], [ -95.6161048, 30.0510798, 0.0 ], [ -95.6162216, 30.0511295, 0.0 ], [ -95.6163406, 30.0511751, 0.0 ], [ -95.6165073, 30.051231, 0.0 ], [ -95.6166819, 30.0512517, 0.0 ], [ -95.6170987, 30.0512466, 0.0 ], [ -95.6171586, 30.051247, 0.0 ], [ -95.6178721, 30.0512515, 0.0 ], [ -95.6179932, 30.0512523, 0.0 ], [ -95.618186, 30.0512535, 0.0 ], [ -95.6186633, 30.0512565, 0.0 ], [ -95.6186933, 30.0512567, 0.0 ] ] ], [ [ [ -95.6300383, 30.0516197, 0.0 ], [ -95.6328892, 30.0517405, 0.0 ], [ -95.6336667, 30.0517735, 0.0 ], [ -95.634674, 30.0518037, 0.0 ], [ -95.6351779, 30.0518095, 0.0 ], [ -95.6356819, 30.0518091, 0.0 ], [ -95.6370378, 30.0517865, 0.0 ], [ -95.6370228, 30.0512266, 0.0 ], [ -95.6369764, 30.0495032, 0.0 ], [ -95.6369622, 30.0489752, 0.0 ], [ -95.6368778, 30.0458399, 0.0 ], [ -95.6331041, 30.045909, 0.0 ], [ -95.6294593, 30.0459756, 0.0 ], [ -95.6264479, 30.0460305, 0.0 ], [ -95.622633, 30.0461001, 0.0 ], [ -95.6205963, 30.0461372, 0.0 ], [ -95.6205499, 30.0461794, 0.0 ], [ -95.6205869, 30.0477514, 0.0 ], [ -95.6206271, 30.0494623, 0.0 ], [ -95.6206628, 30.05098, 0.0 ], [ -95.6206926, 30.0509786, 0.0 ], [ -95.6206962, 30.0511707, 0.0 ], [ -95.6208049, 30.051265, 0.0 ], [ -95.6219635, 30.0512822, 0.0 ], [ -95.6238032, 30.0513554, 0.0 ], [ -95.6270242, 30.051492, 0.0 ], [ -95.6300383, 30.0516197, 0.0 ] ] ], [ [ [ -95.5939169, 30.0950156, 0.0 ], [ -95.5939291, 30.0951138, 0.0 ], [ -95.5939282, 30.0950718, 0.0 ], [ -95.5939272, 30.0950155, 0.0 ], [ -95.5939169, 30.0950156, 0.0 ] ] ], [ [ [ -95.5939291, 30.0951138, 0.0 ], [ -95.5939889, 30.0978628, 0.0 ], [ -95.5940168, 30.0984467, 0.0 ], [ -95.5940331, 30.0985984, 0.0 ], [ -95.594026, 30.0986464, 0.0 ], [ -95.5940076, 30.098771, 0.0 ], [ -95.5932256, 30.0987627, 0.0 ], [ -95.5932256, 30.0995625, 0.0 ], [ -95.5938259, 30.0995866, 0.0 ], [ -95.5938855, 30.099587, 0.0 ], [ -95.5941052, 30.0985965, 0.0 ], [ -95.5941998, 30.0972868, 0.0 ], [ -95.5939291, 30.0951138, 0.0 ] ] ], [ [ [ -95.5939169, 30.0950156, 0.0 ], [ -95.5939153, 30.0950027, 0.0 ], [ -95.5954429, 30.0950027, 0.0 ], [ -95.5953493, 30.0923864, 0.0 ], [ -95.5995267, 30.0923864, 0.0 ], [ -95.5995579, 30.0912535, 0.0 ], [ -95.6067904, 30.0911726, 0.0 ], [ -95.6069774, 30.0914963, 0.0 ], [ -95.6091446, 30.0903601, 0.0 ], [ -95.6138931, 30.0981627, 0.0 ], [ -95.6193399, 30.0957805, 0.0 ], [ -95.6207765, 30.0983871, 0.0 ], [ -95.6229113, 30.0975758, 0.0 ], [ -95.6229512, 30.0992501, 0.0 ], [ -95.6235497, 30.0992501, 0.0 ], [ -95.6235497, 30.0988704, 0.0 ], [ -95.6241882, 30.0988704, 0.0 ], [ -95.6241882, 30.0984388, 0.0 ], [ -95.6250062, 30.0985079, 0.0 ], [ -95.6250062, 30.0977829, 0.0 ], [ -95.6284778, 30.0978865, 0.0 ], [ -95.6284414, 30.0969561, 0.0 ], [ -95.6229113, 30.096868, 0.0 ], [ -95.6228945, 30.0949754, 0.0 ], [ -95.622703, 30.094633, 0.0 ], [ -95.6243885, 30.0939922, 0.0 ], [ -95.6245673, 30.0942794, 0.0 ], [ -95.6254356, 30.0938707, 0.0 ], [ -95.6254228, 30.0942242, 0.0 ], [ -95.6264316, 30.0936939, 0.0 ], [ -95.6267252, 30.0936939, 0.0 ], [ -95.6266622, 30.0920864, 0.0 ], [ -95.6281785, 30.0913614, 0.0 ], [ -95.6282583, 30.0930013, 0.0 ], [ -95.6289566, 30.0929668, 0.0 ], [ -95.6290963, 30.0933466, 0.0 ], [ -95.6302535, 30.0932603, 0.0 ], [ -95.6302335, 30.0929668, 0.0 ], [ -95.6301936, 30.0917757, 0.0 ], [ -95.6317698, 30.0917412, 0.0 ], [ -95.6316501, 30.0904465, 0.0 ], [ -95.6314905, 30.0904465, 0.0 ], [ -95.6313508, 30.0904982, 0.0 ], [ -95.6312112, 30.0896524, 0.0 ], [ -95.6314143, 30.0895744, 0.0 ], [ -95.632632, 30.089448, 0.0 ], [ -95.6320962, 30.0878886, 0.0 ], [ -95.6324372, 30.0878886, 0.0 ], [ -95.635652, 30.0878886, 0.0 ], [ -95.635652, 30.0885629, 0.0 ], [ -95.6355059, 30.0891108, 0.0 ], [ -95.6351649, 30.0909652, 0.0 ], [ -95.6352137, 30.092356, 0.0 ], [ -95.6355059, 30.0938732, 0.0 ], [ -95.6356033, 30.0953061, 0.0 ], [ -95.6365063, 30.0970524, 0.0 ], [ -95.6358807, 30.0975274, 0.0 ], [ -95.6370171, 30.0990188, 0.0 ], [ -95.6423673, 30.0991183, 0.0 ], [ -95.6423673, 30.1029662, 0.0 ], [ -95.6449908, 30.1020298, 0.0 ], [ -95.6449987, 30.1022113, 0.0 ], [ -95.6450036, 30.1029172, 0.0 ], [ -95.6461755, 30.1029112, 0.0 ], [ -95.6461744, 30.1021387, 0.0 ], [ -95.6461112, 30.1020882, 0.0 ], [ -95.6459772, 30.1020978, 0.0 ], [ -95.6458147, 30.1021095, 0.0 ], [ -95.6458169, 30.101922, 0.0 ], [ -95.6458057, 30.101135, 0.0 ], [ -95.6475295, 30.1011009, 0.0 ], [ -95.647448, 30.0955835, 0.0 ], [ -95.6449147, 30.0956358, 0.0 ], [ -95.6449051, 30.089482, 0.0 ], [ -95.6451527, 30.0894799, 0.0 ], [ -95.6451738, 30.0906605, 0.0 ], [ -95.6472579, 30.0906547, 0.0 ], [ -95.6488298, 30.0906389, 0.0 ], [ -95.6488296, 30.0908837, 0.0 ], [ -95.6495081, 30.0908841, 0.0 ], [ -95.6496755, 30.0946845, 0.0 ], [ -95.6497503, 30.0955116, 0.0 ], [ -95.6517754, 30.095474, 0.0 ], [ -95.6516985, 30.0919978, 0.0 ], [ -95.6516775, 30.0908337, 0.0 ], [ -95.6516666, 30.0903712, 0.0 ], [ -95.6516583, 30.090096, 0.0 ], [ -95.6516578, 30.0898951, 0.0 ], [ -95.6516517, 30.0896942, 0.0 ], [ -95.6518632, 30.0895646, 0.0 ], [ -95.6540345, 30.0894784, 0.0 ], [ -95.6537037, 30.0883066, 0.0 ], [ -95.653871, 30.0881979, 0.0 ], [ -95.6546578, 30.0876701, 0.0 ], [ -95.6556706, 30.0870048, 0.0 ], [ -95.6571014, 30.0860611, 0.0 ], [ -95.6601165, 30.084117, 0.0 ], [ -95.6601717, 30.0858541, 0.0 ], [ -95.6601971, 30.0865755, 0.0 ], [ -95.6602076, 30.0868563, 0.0 ], [ -95.6602303, 30.0874896, 0.0 ], [ -95.66029, 30.0891388, 0.0 ], [ -95.6606248, 30.0891306, 0.0 ], [ -95.6614604, 30.0891156, 0.0 ], [ -95.6618735, 30.0891066, 0.0 ], [ -95.6629973, 30.0891042, 0.0 ], [ -95.6634718, 30.089105, 0.0 ], [ -95.6646074, 30.0890809, 0.0 ], [ -95.6646034, 30.0886489, 0.0 ], [ -95.6664904, 30.0885004, 0.0 ], [ -95.6663478, 30.0835399, 0.0 ], [ -95.6644931, 30.0835242, 0.0 ], [ -95.6644849, 30.0826437, 0.0 ], [ -95.6644764, 30.0818182, 0.0 ], [ -95.6644734, 30.0814743, 0.0 ], [ -95.6636198, 30.0814614, 0.0 ], [ -95.661736, 30.0814895, 0.0 ], [ -95.6620356, 30.0812895, 0.0 ], [ -95.662751, 30.0808014, 0.0 ], [ -95.6629361, 30.0806818, 0.0 ], [ -95.663359, 30.0804082, 0.0 ], [ -95.6637876, 30.0801744, 0.0 ], [ -95.6640894, 30.0800434, 0.0 ], [ -95.6644105, 30.0799302, 0.0 ], [ -95.6643983, 30.0795181, 0.0 ], [ -95.6643967, 30.0794049, 0.0 ], [ -95.6642356, 30.0794056, 0.0 ], [ -95.6642326, 30.0780998, 0.0 ], [ -95.66385, 30.0781264, 0.0 ], [ -95.6638739, 30.0786523, 0.0 ], [ -95.6629563, 30.0790044, 0.0 ], [ -95.6629371, 30.0780514, 0.0 ], [ -95.661481, 30.0781506, 0.0 ], [ -95.6615025, 30.0797689, 0.0 ], [ -95.6615124, 30.0802622, 0.0 ], [ -95.6615216, 30.0809418, 0.0 ], [ -95.661526, 30.0810613, 0.0 ], [ -95.6615256, 30.0811139, 0.0 ], [ -95.6615272, 30.0811338, 0.0 ], [ -95.6614682, 30.0812267, 0.0 ], [ -95.6600265, 30.0821682, 0.0 ], [ -95.6598754, 30.0822596, 0.0 ], [ -95.6598134, 30.0807851, 0.0 ], [ -95.6592827, 30.0811515, 0.0 ], [ -95.6591648, 30.0812329, 0.0 ], [ -95.6589845, 30.0813572, 0.0 ], [ -95.6588134, 30.0814749, 0.0 ], [ -95.6583677, 30.081771, 0.0 ], [ -95.6578883, 30.0820892, 0.0 ], [ -95.6572743, 30.0824838, 0.0 ], [ -95.6560786, 30.0832794, 0.0 ], [ -95.6548439, 30.0841069, 0.0 ], [ -95.6537192, 30.0848574, 0.0 ], [ -95.6525094, 30.0856718, 0.0 ], [ -95.6514472, 30.0863716, 0.0 ], [ -95.650618, 30.0869368, 0.0 ], [ -95.6502301, 30.0872133, 0.0 ], [ -95.6499978, 30.0873505, 0.0 ], [ -95.6497822, 30.0874882, 0.0 ], [ -95.649645, 30.08757, 0.0 ], [ -95.6493736, 30.0876953, 0.0 ], [ -95.6492323, 30.0877606, 0.0 ], [ -95.6490737, 30.0877979, 0.0 ], [ -95.6489207, 30.0878326, 0.0 ], [ -95.6487247, 30.0878772, 0.0 ], [ -95.6485243, 30.0879107, 0.0 ], [ -95.6482888, 30.0879296, 0.0 ], [ -95.6481739, 30.087935, 0.0 ], [ -95.6478553, 30.0879326, 0.0 ], [ -95.6473893, 30.0879402, 0.0 ], [ -95.6468777, 30.0879384, 0.0 ], [ -95.6460377, 30.0879422, 0.0 ], [ -95.645108, 30.0879328, 0.0 ], [ -95.6451253, 30.0885604, 0.0 ], [ -95.6439758, 30.088573, 0.0 ], [ -95.6439822, 30.0880918, 0.0 ], [ -95.6432963, 30.0880994, 0.0 ], [ -95.6432648, 30.086803, 0.0 ], [ -95.6432386, 30.0863016, 0.0 ], [ -95.6426623, 30.0865128, 0.0 ], [ -95.6426157, 30.085051, 0.0 ], [ -95.6423437, 30.0850497, 0.0 ], [ -95.6423166, 30.0840257, 0.0 ], [ -95.6415443, 30.0840642, 0.0 ], [ -95.6407785, 30.0840725, 0.0 ], [ -95.6401753, 30.0840932, 0.0 ], [ -95.639885, 30.084119, 0.0 ], [ -95.6396393, 30.0842064, 0.0 ], [ -95.6395301, 30.0842091, 0.0 ], [ -95.6394347, 30.0840087, 0.0 ], [ -95.6393798, 30.0834214, 0.0 ], [ -95.6379522, 30.0834297, 0.0 ], [ -95.6378517, 30.0828578, 0.0 ], [ -95.6353376, 30.0829104, 0.0 ], [ -95.634946, 30.0821991, 0.0 ], [ -95.6342711, 30.0809223, 0.0 ], [ -95.6338267, 30.0800364, 0.0 ], [ -95.6334385, 30.0793198, 0.0 ], [ -95.6333759, 30.0792027, 0.0 ], [ -95.6333125, 30.0790883, 0.0 ], [ -95.6331587, 30.0788121, 0.0 ], [ -95.6328984, 30.0783407, 0.0 ], [ -95.6325853, 30.0777662, 0.0 ], [ -95.6323439, 30.0772952, 0.0 ], [ -95.6321865, 30.0769392, 0.0 ], [ -95.6323214, 30.0770128, 0.0 ], [ -95.6326403, 30.077009, 0.0 ], [ -95.6326419, 30.0770889, 0.0 ], [ -95.6328007, 30.0770888, 0.0 ], [ -95.6327799, 30.07654, 0.0 ], [ -95.6327641, 30.0765403, 0.0 ], [ -95.6327665, 30.076609, 0.0 ], [ -95.63264, 30.0766112, 0.0 ], [ -95.6326376, 30.0765425, 0.0 ], [ -95.632527, 30.0765444, 0.0 ], [ -95.6325203, 30.076352, 0.0 ], [ -95.6327732, 30.0763476, 0.0 ], [ -95.632761, 30.0760432, 0.0 ], [ -95.6329971, 30.0757374, 0.0 ], [ -95.6334737, 30.0757219, 0.0 ], [ -95.6334746, 30.0752714, 0.0 ], [ -95.6329115, 30.0752775, 0.0 ], [ -95.6329036, 30.0748023, 0.0 ], [ -95.6331834, 30.0747993, 0.0 ], [ -95.6334592, 30.0747963, 0.0 ], [ -95.6339532, 30.0747909, 0.0 ], [ -95.6344027, 30.0747861, 0.0 ], [ -95.6348732, 30.074781, 0.0 ], [ -95.6353513, 30.0747758, 0.0 ], [ -95.6358277, 30.0747706, 0.0 ], [ -95.6360421, 30.0747683, 0.0 ], [ -95.6362917, 30.0747656, 0.0 ], [ -95.6362918, 30.0747656, 0.0 ], [ -95.6367824, 30.0747603, 0.0 ], [ -95.637298, 30.0747546, 0.0 ], [ -95.637395, 30.0747536, 0.0 ], [ -95.6380469, 30.0747465, 0.0 ], [ -95.638167, 30.0747452, 0.0 ], [ -95.6382441, 30.0747444, 0.0 ], [ -95.6383102, 30.0747436, 0.0 ], [ -95.6387185, 30.0747392, 0.0 ], [ -95.638985, 30.0747363, 0.0 ], [ -95.6389826, 30.0745713, 0.0 ], [ -95.642852, 30.0745304, 0.0 ], [ -95.6428552, 30.0746942, 0.0 ], [ -95.6429234, 30.0746934, 0.0 ], [ -95.643002, 30.0746926, 0.0 ], [ -95.6431081, 30.0746914, 0.0 ], [ -95.6431212, 30.0746913, 0.0 ], [ -95.643126, 30.0746912, 0.0 ], [ -95.6431713, 30.0746907, 0.0 ], [ -95.6431707, 30.0746488, 0.0 ], [ -95.6431674, 30.0744218, 0.0 ], [ -95.6431686, 30.074288, 0.0 ], [ -95.6431762, 30.0741543, 0.0 ], [ -95.6431902, 30.074021, 0.0 ], [ -95.6432105, 30.0738883, 0.0 ], [ -95.6432371, 30.0737564, 0.0 ], [ -95.64327, 30.0736257, 0.0 ], [ -95.6433091, 30.0734962, 0.0 ], [ -95.6433543, 30.0733682, 0.0 ], [ -95.6435281, 30.0729101, 0.0 ], [ -95.6435804, 30.0727614, 0.0 ], [ -95.6436251, 30.0726107, 0.0 ], [ -95.6436621, 30.0724586, 0.0 ], [ -95.6436912, 30.0723051, 0.0 ], [ -95.6437125, 30.0721507, 0.0 ], [ -95.6437259, 30.0719955, 0.0 ], [ -95.6437314, 30.0718401, 0.0 ], [ -95.643729, 30.0716845, 0.0 ], [ -95.6437186, 30.0715293, 0.0 ], [ -95.6437003, 30.0713745, 0.0 ], [ -95.6436741, 30.0712207, 0.0 ], [ -95.6436664, 30.07118, 0.0 ], [ -95.6436641, 30.071165, 0.0 ], [ -95.6436644, 30.0711499, 0.0 ], [ -95.6436675, 30.071135, 0.0 ], [ -95.6436732, 30.0711208, 0.0 ], [ -95.6436814, 30.0711075, 0.0 ], [ -95.6436919, 30.0710954, 0.0 ], [ -95.6437044, 30.071085, 0.0 ], [ -95.6437187, 30.0710763, 0.0 ], [ -95.6437343, 30.0710698, 0.0 ], [ -95.6437509, 30.0710654, 0.0 ], [ -95.6439725, 30.0710342, 0.0 ], [ -95.6441184, 30.0710107, 0.0 ], [ -95.6442629, 30.0709815, 0.0 ], [ -95.6444058, 30.0709468, 0.0 ], [ -95.6459868, 30.0705288, 0.0 ], [ -95.6461301, 30.0704943, 0.0 ], [ -95.6462752, 30.0704659, 0.0 ], [ -95.6464218, 30.0704439, 0.0 ], [ -95.6465694, 30.0704282, 0.0 ], [ -95.6467177, 30.0704189, 0.0 ], [ -95.6468664, 30.0704159, 0.0 ], [ -95.6472524, 30.0704166, 0.0 ], [ -95.6472464, 30.070144, 0.0 ], [ -95.6472464, 30.0701417, 0.0 ], [ -95.6468651, 30.0701438, 0.0 ], [ -95.6467492, 30.0701455, 0.0 ], [ -95.6466044, 30.0701527, 0.0 ], [ -95.6464601, 30.0701653, 0.0 ], [ -95.6463165, 30.0701834, 0.0 ], [ -95.646174, 30.0702069, 0.0 ], [ -95.6460328, 30.0702358, 0.0 ], [ -95.6458932, 30.0702701, 0.0 ], [ -95.6458114, 30.0702918, 0.0 ], [ -95.6443128, 30.0706901, 0.0 ], [ -95.6441836, 30.0707217, 0.0 ], [ -95.6440529, 30.0707482, 0.0 ], [ -95.6439209, 30.0707696, 0.0 ], [ -95.6436994, 30.0708011, 0.0 ], [ -95.6436801, 30.0708019, 0.0 ], [ -95.643661, 30.0707997, 0.0 ], [ -95.6436426, 30.0707947, 0.0 ], [ -95.6436255, 30.0707869, 0.0 ], [ -95.6436102, 30.0707767, 0.0 ], [ -95.6435971, 30.0707644, 0.0 ], [ -95.6435868, 30.0707503, 0.0 ], [ -95.6435794, 30.0707348, 0.0 ], [ -95.6435752, 30.0707184, 0.0 ], [ -95.6435673, 30.0706777, 0.0 ], [ -95.6435306, 30.0705001, 0.0 ], [ -95.6434873, 30.0703235, 0.0 ], [ -95.6434427, 30.070165, 0.0 ], [ -95.6433835, 30.0699803, 0.0 ], [ -95.6433171, 30.0697975, 0.0 ], [ -95.6432437, 30.0696168, 0.0 ], [ -95.6431632, 30.0694383, 0.0 ], [ -95.6430758, 30.0692623, 0.0 ], [ -95.6429815, 30.069089, 0.0 ], [ -95.6428805, 30.0689186, 0.0 ], [ -95.6427729, 30.0687512, 0.0 ], [ -95.6426589, 30.0685872, 0.0 ], [ -95.6425385, 30.0684266, 0.0 ], [ -95.6424119, 30.0682697, 0.0 ], [ -95.6422792, 30.0681166, 0.0 ], [ -95.6421406, 30.0679675, 0.0 ], [ -95.6419962, 30.0678226, 0.0 ], [ -95.6397048, 30.0656858, 0.0 ], [ -95.6396971, 30.0644184, 0.0 ], [ -95.6402344, 30.0644095, 0.0 ], [ -95.6402165, 30.0635848, 0.0 ], [ -95.6396461, 30.0635941, 0.0 ], [ -95.6393681, 30.062858, 0.0 ], [ -95.6393373, 30.0614604, 0.0 ], [ -95.640725, 30.061422, 0.0 ], [ -95.6407169, 30.0610482, 0.0 ], [ -95.6407145, 30.0609368, 0.0 ], [ -95.6407038, 30.0604431, 0.0 ], [ -95.6407024, 30.0603789, 0.0 ], [ -95.6407013, 30.0603242, 0.0 ], [ -95.6407002, 30.060273, 0.0 ], [ -95.6406985, 30.0601966, 0.0 ], [ -95.6406971, 30.0601319, 0.0 ], [ -95.6396969, 30.0601495, 0.0 ], [ -95.6377369, 30.0601839, 0.0 ], [ -95.6375846, 30.0601866, 0.0 ], [ -95.6375789, 30.0601867, 0.0 ], [ -95.6375787, 30.0601801, 0.0 ], [ -95.6375787, 30.0601798, 0.0 ], [ -95.6375178, 30.0579018, 0.0 ], [ -95.6374705, 30.0579521, 0.0 ], [ -95.6368676, 30.0585929, 0.0 ], [ -95.6367185, 30.0587242, 0.0 ], [ -95.6365693, 30.0588555, 0.0 ], [ -95.6363906, 30.0590137, 0.0 ], [ -95.6361301, 30.0591215, 0.0 ], [ -95.6357716, 30.0590799, 0.0 ], [ -95.635359, 30.0590468, 0.0 ], [ -95.6350148, 30.0589938, 0.0 ], [ -95.6347796, 30.0589655, 0.0 ], [ -95.6346715, 30.0589984, 0.0 ], [ -95.634308, 30.059138, 0.0 ], [ -95.63391, 30.059031, 0.0 ], [ -95.6338167, 30.059054, 0.0 ], [ -95.6334274, 30.0591019, 0.0 ], [ -95.6325505, 30.0595957, 0.0 ], [ -95.6325497, 30.0597585, 0.0 ], [ -95.6325491, 30.0598769, 0.0 ], [ -95.6325489, 30.0599278, 0.0 ], [ -95.6325482, 30.0600629, 0.0 ], [ -95.6325481, 30.0600821, 0.0 ], [ -95.6325512, 30.0602716, 0.0 ], [ -95.632543, 30.0602717, 0.0 ], [ -95.6323733, 30.0602747, 0.0 ], [ -95.6323732, 30.0602747, 0.0 ], [ -95.6316085, 30.0602881, 0.0 ], [ -95.6309766, 30.0602991, 0.0 ], [ -95.6303625, 30.0603099, 0.0 ], [ -95.6303626, 30.0603264, 0.0 ], [ -95.630364, 30.0604512, 0.0 ], [ -95.630365, 30.060547, 0.0 ], [ -95.630379, 30.061862, 0.0 ], [ -95.6303792, 30.0618845, 0.0 ], [ -95.630406, 30.0630244, 0.0 ], [ -95.6304255, 30.0638578, 0.0 ], [ -95.6304255, 30.0638591, 0.0 ], [ -95.6304258, 30.0638719, 0.0 ], [ -95.6304258, 30.0638733, 0.0 ], [ -95.6304259, 30.063874, 0.0 ], [ -95.6304276, 30.0639494, 0.0 ], [ -95.630463, 30.0654546, 0.0 ], [ -95.6304694, 30.0657295, 0.0 ], [ -95.6304835, 30.0663284, 0.0 ], [ -95.6304835, 30.0663288, 0.0 ], [ -95.6304835, 30.0663296, 0.0 ], [ -95.630509, 30.0674175, 0.0 ], [ -95.630509, 30.0674175, 0.0 ], [ -95.6305215, 30.0679509, 0.0 ], [ -95.6305305, 30.0679328, 0.0 ], [ -95.6305305, 30.0679327, 0.0 ], [ -95.6306277, 30.0677369, 0.0 ], [ -95.6306759, 30.0676352, 0.0 ], [ -95.6307205, 30.0675323, 0.0 ], [ -95.6307581, 30.0674368, 0.0 ], [ -95.6307926, 30.0673404, 0.0 ], [ -95.6307928, 30.0673404, 0.0 ], [ -95.6334705, 30.0672928, 0.0 ], [ -95.634323, 30.0678302, 0.0 ], [ -95.6327986, 30.0696607, 0.0 ], [ -95.6327998, 30.0698316, 0.0 ], [ -95.6328023, 30.0701957, 0.0 ], [ -95.630802, 30.0702061, 0.0 ], [ -95.6305884, 30.0702073, 0.0 ], [ -95.6305883, 30.0702073, 0.0 ], [ -95.6305759, 30.0702073, 0.0 ], [ -95.6305745, 30.0702073, 0.0 ], [ -95.6304401, 30.0702082, 0.0 ], [ -95.6303851, 30.0702085, 0.0 ], [ -95.6302679, 30.0702092, 0.0 ], [ -95.6300986, 30.0702102, 0.0 ], [ -95.6296593, 30.0702129, 0.0 ], [ -95.6296085, 30.0702132, 0.0 ], [ -95.6291422, 30.0702161, 0.0 ], [ -95.6291337, 30.0702161, 0.0 ], [ -95.6291026, 30.0702163, 0.0 ], [ -95.6289764, 30.0702171, 0.0 ], [ -95.6279669, 30.0702232, 0.0 ], [ -95.627967, 30.0702233, 0.0 ], [ -95.6279905, 30.0702461, 0.0 ], [ -95.6278965, 30.070246, 0.0 ], [ -95.6256965, 30.0683973, 0.0 ], [ -95.6253755, 30.0670385, 0.0 ], [ -95.6253932, 30.0667199, 0.0 ], [ -95.6236801, 30.0667126, 0.0 ], [ -95.6231351, 30.0667269, 0.0 ], [ -95.6225018, 30.0667435, 0.0 ], [ -95.6200127, 30.0667965, 0.0 ], [ -95.6176258, 30.0668162, 0.0 ], [ -95.6157906, 30.0668415, 0.0 ], [ -95.613981, 30.0668592, 0.0 ], [ -95.6111212, 30.0668835, 0.0 ], [ -95.6086575, 30.0669066, 0.0 ], [ -95.6086362, 30.0647026, 0.0 ], [ -95.6069233, 30.0647116, 0.0 ], [ -95.6069462, 30.0669404, 0.0 ], [ -95.6059727, 30.0669709, 0.0 ], [ -95.6054747, 30.0669665, 0.0 ], [ -95.6046079, 30.0671152, 0.0 ], [ -95.6036451, 30.0673, 0.0 ], [ -95.6025288, 30.0674836, 0.0 ], [ -95.6013221, 30.0676786, 0.0 ], [ -95.5998692, 30.067906, 0.0 ], [ -95.5986788, 30.0681074, 0.0 ], [ -95.5983712, 30.0667728, 0.0 ], [ -95.5978257, 30.0668679, 0.0 ], [ -95.5979655, 30.0674744, 0.0 ], [ -95.5980709, 30.0679319, 0.0 ], [ -95.5981333, 30.0682025, 0.0 ], [ -95.596825, 30.0684286, 0.0 ], [ -95.5965481, 30.0685289, 0.0 ], [ -95.5958571, 30.0672983, 0.0 ], [ -95.5922893, 30.0609358, 0.0 ], [ -95.5921029, 30.060601, 0.0 ], [ -95.5918097, 30.0605495, 0.0 ], [ -95.5914851, 30.0604697, 0.0 ], [ -95.5913584, 30.0605216, 0.0 ], [ -95.5911003, 30.0606746, 0.0 ], [ -95.5908485, 30.0608057, 0.0 ], [ -95.590711, 30.060849, 0.0 ], [ -95.5905676, 30.0609306, 0.0 ], [ -95.5904902, 30.0609974, 0.0 ], [ -95.5903817, 30.0612148, 0.0 ], [ -95.5902927, 30.0613693, 0.0 ], [ -95.5902266, 30.0614309, 0.0 ], [ -95.5901607, 30.0614622, 0.0 ], [ -95.5900659, 30.0615094, 0.0 ], [ -95.5899588, 30.0615672, 0.0 ], [ -95.5898314, 30.0616657, 0.0 ], [ -95.5896667, 30.0617413, 0.0 ], [ -95.5895633, 30.0618075, 0.0 ], [ -95.5895047, 30.0621416, 0.0 ], [ -95.589477, 30.0624022, 0.0 ], [ -95.5894637, 30.0625394, 0.0 ], [ -95.5894572, 30.0628501, 0.0 ], [ -95.5894457, 30.0634275, 0.0 ], [ -95.5894228, 30.0638286, 0.0 ], [ -95.5894335, 30.0638292, 0.0 ], [ -95.5894087, 30.0638493, 0.0 ], [ -95.5890654, 30.0641274, 0.0 ], [ -95.5890332, 30.0642523, 0.0 ], [ -95.5890016, 30.0644022, 0.0 ], [ -95.5889665, 30.0646245, 0.0 ], [ -95.5889482, 30.0648301, 0.0 ], [ -95.5889419, 30.0649968, 0.0 ], [ -95.588943, 30.065128, 0.0 ], [ -95.5889494, 30.0652591, 0.0 ], [ -95.5889581, 30.0653585, 0.0 ], [ -95.5890109, 30.0658579, 0.0 ], [ -95.5891285, 30.0669551, 0.0 ], [ -95.589142, 30.0670441, 0.0 ], [ -95.5891962, 30.0675865, 0.0 ], [ -95.5892159, 30.0677708, 0.0 ], [ -95.589233, 30.0679303, 0.0 ], [ -95.5892313, 30.0680398, 0.0 ], [ -95.589224, 30.0681831, 0.0 ], [ -95.5892143, 30.0683715, 0.0 ], [ -95.5892053, 30.0685454, 0.0 ], [ -95.5892018, 30.0686146, 0.0 ], [ -95.5891865, 30.0688936, 0.0 ], [ -95.5891785, 30.069051, 0.0 ], [ -95.5891702, 30.0691391, 0.0 ], [ -95.58917, 30.0692332, 0.0 ], [ -95.5891651, 30.0693292, 0.0 ], [ -95.5890203, 30.0693477, 0.0 ], [ -95.589018, 30.0694136, 0.0 ], [ -95.5890104, 30.0696885, 0.0 ], [ -95.5889954, 30.0701833, 0.0 ], [ -95.5889654, 30.0708648, 0.0 ], [ -95.5889084, 30.0716693, 0.0 ], [ -95.5888958, 30.0724228, 0.0 ], [ -95.5889149, 30.0725828, 0.0 ], [ -95.5876833, 30.072869, 0.0 ], [ -95.5867132, 30.0731025, 0.0 ], [ -95.5863843, 30.0732223, 0.0 ], [ -95.5860373, 30.0733362, 0.0 ], [ -95.5859201, 30.073383, 0.0 ], [ -95.5857058, 30.0734629, 0.0 ], [ -95.5856633, 30.0735001, 0.0 ], [ -95.5856208, 30.0735255, 0.0 ], [ -95.5855671, 30.0735653, 0.0 ], [ -95.5854299, 30.073679, 0.0 ], [ -95.5853772, 30.0737323, 0.0 ], [ -95.5852931, 30.0738288, 0.0 ], [ -95.5852049, 30.0739391, 0.0 ], [ -95.5850509, 30.0740903, 0.0 ], [ -95.5848919, 30.0742978, 0.0 ], [ -95.5846832, 30.0745618, 0.0 ], [ -95.5844916, 30.074826, 0.0 ], [ -95.5859262, 30.0760567, 0.0 ], [ -95.5841294, 30.0776555, 0.0 ], [ -95.5864604, 30.0799482, 0.0 ], [ -95.5905008, 30.0767164, 0.0 ], [ -95.5907796, 30.0774359, 0.0 ], [ -95.5912701, 30.0787028, 0.0 ], [ -95.5917001, 30.079814, 0.0 ], [ -95.5919179, 30.0803477, 0.0 ], [ -95.5921647, 30.0809592, 0.0 ], [ -95.5925628, 30.0819403, 0.0 ], [ -95.5930155, 30.0831072, 0.0 ], [ -95.5932091, 30.0836072, 0.0 ], [ -95.5904554, 30.0836364, 0.0 ], [ -95.5909493, 30.0856049, 0.0 ], [ -95.5930637, 30.0855869, 0.0 ], [ -95.5930604, 30.0852375, 0.0 ], [ -95.5937982, 30.0852369, 0.0 ], [ -95.5938902, 30.0855831, 0.0 ], [ -95.5938563, 30.0855823, 0.0 ], [ -95.5938596, 30.0857199, 0.0 ], [ -95.5938706, 30.0861933, 0.0 ], [ -95.5938842, 30.0867548, 0.0 ], [ -95.5939659, 30.090124, 0.0 ], [ -95.5940185, 30.0902766, 0.0 ], [ -95.5940323, 30.0926014, 0.0 ], [ -95.594027, 30.0927141, 0.0 ], [ -95.5940311, 30.0930168, 0.0 ], [ -95.5940193, 30.0931788, 0.0 ], [ -95.593977, 30.0937582, 0.0 ], [ -95.5939386, 30.0941946, 0.0 ], [ -95.5939352, 30.0942526, 0.0 ], [ -95.5938941, 30.0942555, 0.0 ], [ -95.5924534, 30.0942755, 0.0 ], [ -95.5924679, 30.0950395, 0.0 ], [ -95.5939169, 30.0950156, 0.0 ] ], [ [ -95.6418764, 30.0886942, 0.0 ], [ -95.6417392, 30.0886987, 0.0 ], [ -95.6417142, 30.0868688, 0.0 ], [ -95.6424756, 30.0865852, 0.0 ], [ -95.6424881, 30.0878169, 0.0 ], [ -95.6424964, 30.0886408, 0.0 ], [ -95.6425016, 30.0891524, 0.0 ], [ -95.6423164, 30.089156, 0.0 ], [ -95.6423199, 30.0890488, 0.0 ], [ -95.6423498, 30.0890551, 0.0 ], [ -95.6423543, 30.0886783, 0.0 ], [ -95.6419826, 30.0886906, 0.0 ], [ -95.6418764, 30.0886942, 0.0 ] ], [ [ -95.6427864, 30.0939736, 0.0 ], [ -95.6427901, 30.0925569, 0.0 ], [ -95.6438551, 30.0925422, 0.0 ], [ -95.6438527, 30.0956561, 0.0 ], [ -95.6436895, 30.0956591, 0.0 ], [ -95.6433727, 30.0956651, 0.0 ], [ -95.642782, 30.0956761, 0.0 ], [ -95.6427853, 30.0944032, 0.0 ], [ -95.6427864, 30.0939736, 0.0 ] ], [ [ -95.6358406, 30.0734837, 0.0 ], [ -95.6355976, 30.073495, 0.0 ], [ -95.6355577, 30.0729102, 0.0 ], [ -95.6343315, 30.0729246, 0.0 ], [ -95.6342644, 30.0729254, 0.0 ], [ -95.6341693, 30.0729265, 0.0 ], [ -95.6341738, 30.0739267, 0.0 ], [ -95.6324006, 30.0739127, 0.0 ], [ -95.6323571, 30.0739124, 0.0 ], [ -95.6323624, 30.0732237, 0.0 ], [ -95.6323651, 30.0728659, 0.0 ], [ -95.6323678, 30.0725133, 0.0 ], [ -95.6309485, 30.0725385, 0.0 ], [ -95.6306178, 30.0720492, 0.0 ], [ -95.6306375, 30.0720231, 0.0 ], [ -95.6305959, 30.0704822, 0.0 ], [ -95.6324588, 30.0704725, 0.0 ], [ -95.6330387, 30.0704694, 0.0 ], [ -95.6330449, 30.0718282, 0.0 ], [ -95.633048, 30.0725156, 0.0 ], [ -95.6339778, 30.0725015, 0.0 ], [ -95.6339729, 30.0714095, 0.0 ], [ -95.6339686, 30.0704646, 0.0 ], [ -95.6341583, 30.0704636, 0.0 ], [ -95.6342334, 30.0704632, 0.0 ], [ -95.6367008, 30.0704502, 0.0 ], [ -95.6367229, 30.0720503, 0.0 ], [ -95.6367235, 30.0720888, 0.0 ], [ -95.6368092, 30.0720907, 0.0 ], [ -95.6368966, 30.0720927, 0.0 ], [ -95.6369124, 30.0732324, 0.0 ], [ -95.6369152, 30.073434, 0.0 ], [ -95.6358406, 30.0734837, 0.0 ] ], [ [ -95.592252, 30.0690049, 0.0 ], [ -95.591614, 30.0690778, 0.0 ], [ -95.5904286, 30.0692018, 0.0 ], [ -95.5899264, 30.0692524, 0.0 ], [ -95.5899311, 30.0689567, 0.0 ], [ -95.589957, 30.0676129, 0.0 ], [ -95.5899839, 30.066411, 0.0 ], [ -95.5925491, 30.0661361, 0.0 ], [ -95.5941912, 30.0659741, 0.0 ], [ -95.5946071, 30.0668237, 0.0 ], [ -95.5948535, 30.0673279, 0.0 ], [ -95.5948062, 30.0674669, 0.0 ], [ -95.5947087, 30.0676873, 0.0 ], [ -95.594668, 30.0677908, 0.0 ], [ -95.5946428, 30.0679057, 0.0 ], [ -95.5946291, 30.0680319, 0.0 ], [ -95.5946288, 30.0681113, 0.0 ], [ -95.5947426, 30.0686345, 0.0 ], [ -95.5948134, 30.068716, 0.0 ], [ -95.5939533, 30.0688122, 0.0 ], [ -95.592252, 30.0690049, 0.0 ] ], [ [ -95.5953703, 30.0686532, 0.0 ], [ -95.5952143, 30.0686684, 0.0 ], [ -95.5951523, 30.0685596, 0.0 ], [ -95.5950904, 30.068448, 0.0 ], [ -95.5950609, 30.0683839, 0.0 ], [ -95.5950377, 30.0683201, 0.0 ], [ -95.5950243, 30.068273, 0.0 ], [ -95.595012, 30.0682149, 0.0 ], [ -95.595001, 30.0681183, 0.0 ], [ -95.5950021, 30.0680386, 0.0 ], [ -95.595013, 30.0679481, 0.0 ], [ -95.5950279, 30.0678824, 0.0 ], [ -95.5950445, 30.0678361, 0.0 ], [ -95.5950717, 30.067779, 0.0 ], [ -95.5952043, 30.0680567, 0.0 ], [ -95.5953785, 30.0684217, 0.0 ], [ -95.5954069, 30.0684811, 0.0 ], [ -95.5954825, 30.0686395, 0.0 ], [ -95.5953705, 30.0686531, 0.0 ], [ -95.5953703, 30.0686532, 0.0 ] ] ], [ [ [ -95.5901405, 30.1066686, 0.0 ], [ -95.5923247, 30.1066389, 0.0 ], [ -95.5927515, 30.1059682, 0.0 ], [ -95.6006782, 30.10601, 0.0 ], [ -95.6006782, 30.1025545, 0.0 ], [ -95.6002398, 30.101206, 0.0 ], [ -95.5937614, 30.1009953, 0.0 ], [ -95.5940812, 30.1000269, 0.0 ], [ -95.5952982, 30.0999578, 0.0 ], [ -95.5953381, 30.0996471, 0.0 ], [ -95.5940005, 30.0995936, 0.0 ], [ -95.5939097, 30.0998744, 0.0 ], [ -95.5937966, 30.0998784, 0.0 ], [ -95.5930856, 30.0998956, 0.0 ], [ -95.590098, 30.0999292, 0.0 ], [ -95.5880258, 30.0999596, 0.0 ], [ -95.5869646, 30.0999783, 0.0 ], [ -95.5869771, 30.1013597, 0.0 ], [ -95.585921, 30.1013633, 0.0 ], [ -95.5859305, 30.1044273, 0.0 ], [ -95.5901134, 30.1043763, 0.0 ], [ -95.5901405, 30.1066686, 0.0 ] ] ] ] } },
{ "type": "Feature", "properties": { "TRACT": "WCID89" }, "geometry": { "type": "Polygon", "coordinates": [ [ [ -95.3678704, 29.5994185, 0.0 ], [ -95.3677335, 29.5934372, 0.0 ], [ -95.362903, 29.5933917, 0.0 ], [ -95.3594602, 29.5933556, 0.0 ], [ -95.3593902, 29.5950917, 0.0 ], [ -95.3583813, 29.5950822, 0.0 ], [ -95.3583585, 29.59335, 0.0 ], [ -95.3522435, 29.5932922, 0.0 ], [ -95.3522469, 29.5936567, 0.0 ], [ -95.3522519, 29.59387, 0.0 ], [ -95.3522602, 29.5940506, 0.0 ], [ -95.3522724, 29.5942311, 0.0 ], [ -95.3522891, 29.5944128, 0.0 ], [ -95.3523063, 29.5945922, 0.0 ], [ -95.352333, 29.5947728, 0.0 ], [ -95.352358, 29.5949517, 0.0 ], [ -95.352388, 29.5951306, 0.0 ], [ -95.3524208, 29.5953089, 0.0 ], [ -95.3524574, 29.5954878, 0.0 ], [ -95.352498, 29.595665, 0.0 ], [ -95.3525441, 29.5958417, 0.0 ], [ -95.3525935, 29.5960183, 0.0 ], [ -95.3526435, 29.5961933, 0.0 ], [ -95.3551519, 29.6044633, 0.0 ], [ -95.3552169, 29.6046961, 0.0 ], [ -95.3552691, 29.6048778, 0.0 ], [ -95.3553119, 29.6050595, 0.0 ], [ -95.3553535, 29.6052417, 0.0 ], [ -95.3553902, 29.605425, 0.0 ], [ -95.3554241, 29.6056083, 0.0 ], [ -95.355453, 29.6057917, 0.0 ], [ -95.3554774, 29.6059761, 0.0 ], [ -95.3554996, 29.6061611, 0.0 ], [ -95.3555219, 29.6063461, 0.0 ], [ -95.3555363, 29.6065317, 0.0 ], [ -95.3555452, 29.6067172, 0.0 ], [ -95.3555546, 29.6069028, 0.0 ], [ -95.3555585, 29.6070889, 0.0 ], [ -95.3555574, 29.6072739, 0.0 ], [ -95.3555524, 29.6077556, 0.0 ], [ -95.3637146, 29.6078317, 0.0 ], [ -95.3637163, 29.6077956, 0.0 ], [ -95.3680618, 29.6077789, 0.0 ], [ -95.3679368, 29.6023187, 0.0 ], [ -95.3678704, 29.5994185, 0.0 ] ] ] } },
{ "type": "Feature", "properties": { "TRACT": "Cityofdeerpark" }, "geometry": { "type": "MultiPolygon", "coordinates": [ [ [ [ -95.1310253, 29.7115036, 0.0 ], [ -95.1347267, 29.7113328, 0.0 ], [ -95.1400139, 29.7114921, 0.0 ], [ -95.144075, 29.7115828, 0.0 ], [ -95.1440675, 29.711245, 0.0 ], [ -95.1440674, 29.7112409, 0.0 ], [ -95.1440665, 29.7112019, 0.0 ], [ -95.1440665, 29.7112019, 0.0 ], [ -95.1440665, 29.7112019, 0.0 ], [ -95.1440268, 29.7094237, 0.0 ], [ -95.1440268, 29.7094236, 0.0 ], [ -95.1440262, 29.7093961, 0.0 ], [ -95.1440258, 29.7093779, 0.0 ], [ -95.144005, 29.7084458, 0.0 ], [ -95.1440007, 29.7082547, 0.0 ], [ -95.143991, 29.7078201, 0.0 ], [ -95.1439761, 29.7071545, 0.0 ], [ -95.1439761, 29.7071545, 0.0 ], [ -95.1438868, 29.703151, 0.0 ], [ -95.1438868, 29.7031509, 0.0 ], [ -95.1438669, 29.7022598, 0.0 ], [ -95.1438046, 29.7013561, 0.0 ], [ -95.1438046, 29.701356, 0.0 ], [ -95.1438046, 29.7013286, 0.0 ], [ -95.1438046, 29.7013285, 0.0 ], [ -95.1438044, 29.7011085, 0.0 ], [ -95.1438044, 29.701081, 0.0 ], [ -95.1437904, 29.700739, 0.0 ], [ -95.1437511, 29.6988226, 0.0 ], [ -95.1437193, 29.6960224, 0.0 ], [ -95.1437107, 29.6952618, 0.0 ], [ -95.1437066, 29.6948965, 0.0 ], [ -95.1436934, 29.6946494, 0.0 ], [ -95.143311, 29.6946553, 0.0 ], [ -95.1433109, 29.6946449, 0.0 ], [ -95.1433101, 29.6946449, 0.0 ], [ -95.1428949, 29.6946492, 0.0 ], [ -95.1428949, 29.694649, 0.0 ], [ -95.1428949, 29.6946488, 0.0 ], [ -95.1428949, 29.6946479, 0.0 ], [ -95.1428889, 29.694371, 0.0 ], [ -95.1428899, 29.6943708, 0.0 ], [ -95.1428913, 29.6943704, 0.0 ], [ -95.1428938, 29.6943698, 0.0 ], [ -95.1428962, 29.6943691, 0.0 ], [ -95.1428986, 29.6943684, 0.0 ], [ -95.142901, 29.6943676, 0.0 ], [ -95.1429034, 29.6943668, 0.0 ], [ -95.1429057, 29.694366, 0.0 ], [ -95.1429081, 29.6943652, 0.0 ], [ -95.1429104, 29.6943643, 0.0 ], [ -95.1429127, 29.6943633, 0.0 ], [ -95.142915, 29.6943624, 0.0 ], [ -95.1429172, 29.6943613, 0.0 ], [ -95.1429195, 29.6943603, 0.0 ], [ -95.1429217, 29.6943592, 0.0 ], [ -95.1429239, 29.6943581, 0.0 ], [ -95.1429261, 29.694357, 0.0 ], [ -95.1429282, 29.6943558, 0.0 ], [ -95.1429304, 29.6943546, 0.0 ], [ -95.1429325, 29.6943534, 0.0 ], [ -95.1429346, 29.6943521, 0.0 ], [ -95.1429366, 29.6943508, 0.0 ], [ -95.1429387, 29.6943494, 0.0 ], [ -95.1429389, 29.6943493, 0.0 ], [ -95.142936, 29.6941436, 0.0 ], [ -95.1429344, 29.6940326, 0.0 ], [ -95.1429344, 29.6940295, 0.0 ], [ -95.1429298, 29.6937026, 0.0 ], [ -95.1429297, 29.6936984, 0.0 ], [ -95.1429275, 29.6935376, 0.0 ], [ -95.1429274, 29.6935327, 0.0 ], [ -95.1429251, 29.6933726, 0.0 ], [ -95.142925, 29.6933672, 0.0 ], [ -95.1429228, 29.6932076, 0.0 ], [ -95.1429227, 29.6932016, 0.0 ], [ -95.1429202, 29.6930289, 0.0 ], [ -95.1429202, 29.6930227, 0.0 ], [ -95.1429178, 29.6928502, 0.0 ], [ -95.1429177, 29.6928438, 0.0 ], [ -95.1429152, 29.6927309, 0.0 ], [ -95.1429138, 29.6926647, 0.0 ], [ -95.142909, 29.6924853, 0.0 ], [ -95.1429067, 29.6923, 0.0 ], [ -95.1429066, 29.6922975, 0.0 ], [ -95.1429066, 29.6922966, 0.0 ], [ -95.1429077, 29.6918908, 0.0 ], [ -95.1429077, 29.6918874, 0.0 ], [ -95.1429089, 29.6916817, 0.0 ], [ -95.1429062, 29.6914864, 0.0 ], [ -95.1429034, 29.6912946, 0.0 ], [ -95.1429001, 29.691097, 0.0 ], [ -95.142897, 29.6909088, 0.0 ], [ -95.1428938, 29.6907135, 0.0 ], [ -95.1428937, 29.6907105, 0.0 ], [ -95.1428736, 29.6905205, 0.0 ], [ -95.1428728, 29.6905128, 0.0 ], [ -95.14287, 29.6903202, 0.0 ], [ -95.1428664, 29.6901232, 0.0 ], [ -95.1428628, 29.689922, 0.0 ], [ -95.1428593, 29.6897315, 0.0 ], [ -95.1428586, 29.6896873, 0.0 ], [ -95.1428588, 29.6896663, 0.0 ], [ -95.1428587, 29.6896452, 0.0 ], [ -95.1428581, 29.6896242, 0.0 ], [ -95.1428571, 29.6896032, 0.0 ], [ -95.1428557, 29.6895823, 0.0 ], [ -95.1428534, 29.6895568, 0.0 ], [ -95.1428511, 29.689536, 0.0 ], [ -95.1428484, 29.6895152, 0.0 ], [ -95.1428452, 29.6894945, 0.0 ], [ -95.1428417, 29.6894738, 0.0 ], [ -95.1428377, 29.6894532, 0.0 ], [ -95.1428334, 29.6894327, 0.0 ], [ -95.1428286, 29.6894123, 0.0 ], [ -95.1428191, 29.689376, 0.0 ], [ -95.1428166, 29.6893681, 0.0 ], [ -95.142814, 29.6893602, 0.0 ], [ -95.1428088, 29.6893355, 0.0 ], [ -95.1428056, 29.689318, 0.0 ], [ -95.1428027, 29.6893004, 0.0 ], [ -95.1428002, 29.6892827, 0.0 ], [ -95.142798, 29.689265, 0.0 ], [ -95.1427961, 29.6892473, 0.0 ], [ -95.1427947, 29.6892295, 0.0 ], [ -95.1427935, 29.6892118, 0.0 ], [ -95.1427928, 29.689194, 0.0 ], [ -95.1427923, 29.6891763, 0.0 ], [ -95.1427923, 29.6891585, 0.0 ], [ -95.1427925, 29.6891407, 0.0 ], [ -95.1427938, 29.6891299, 0.0 ], [ -95.1428087, 29.6890069, 0.0 ], [ -95.1428089, 29.6890056, 0.0 ], [ -95.1428012, 29.6886541, 0.0 ], [ -95.1427993, 29.6885111, 0.0 ], [ -95.1427943, 29.6883863, 0.0 ], [ -95.1427937, 29.6883725, 0.0 ], [ -95.1427922, 29.6882982, 0.0 ], [ -95.1427922, 29.6882979, 0.0 ], [ -95.1427922, 29.6882975, 0.0 ], [ -95.1427914, 29.6882619, 0.0 ], [ -95.1427888, 29.6881414, 0.0 ], [ -95.1427863, 29.6880205, 0.0 ], [ -95.142784, 29.6879128, 0.0 ], [ -95.1427817, 29.6878016, 0.0 ], [ -95.1427791, 29.6876829, 0.0 ], [ -95.1427804, 29.6876321, 0.0 ], [ -95.1427831, 29.6875233, 0.0 ], [ -95.1427821, 29.6874819, 0.0 ], [ -95.1427771, 29.6872541, 0.0 ], [ -95.1427771, 29.6872506, 0.0 ], [ -95.1427739, 29.6870491, 0.0 ], [ -95.1427735, 29.6870231, 0.0 ], [ -95.1427701, 29.6868032, 0.0 ], [ -95.1427679, 29.6866613, 0.0 ], [ -95.1427654, 29.6865056, 0.0 ], [ -95.1427624, 29.6863115, 0.0 ], [ -95.1427537, 29.6860107, 0.0 ], [ -95.1427481, 29.6858196, 0.0 ], [ -95.1427404, 29.6854356, 0.0 ], [ -95.1427125, 29.6845325, 0.0 ], [ -95.1427073, 29.6840989, 0.0 ], [ -95.1427072, 29.684093, 0.0 ], [ -95.142707, 29.6840602, 0.0 ], [ -95.1427045, 29.6836098, 0.0 ], [ -95.1426991, 29.6832412, 0.0 ], [ -95.142694, 29.6828654, 0.0 ], [ -95.1426887, 29.6824944, 0.0 ], [ -95.1426772, 29.6818261, 0.0 ], [ -95.1426475, 29.6816547, 0.0 ], [ -95.1426473, 29.6816533, 0.0 ], [ -95.1426401, 29.6811762, 0.0 ], [ -95.1426379, 29.681026, 0.0 ], [ -95.1426356, 29.6808758, 0.0 ], [ -95.1426329, 29.680724, 0.0 ], [ -95.1426295, 29.6805447, 0.0 ], [ -95.1426262, 29.6803653, 0.0 ], [ -95.1426229, 29.6801859, 0.0 ], [ -95.1426196, 29.6800065, 0.0 ], [ -95.1426163, 29.6798272, 0.0 ], [ -95.142613, 29.6796478, 0.0 ], [ -95.1426097, 29.6794684, 0.0 ], [ -95.1426064, 29.679289, 0.0 ], [ -95.1426031, 29.6791097, 0.0 ], [ -95.1425998, 29.6789303, 0.0 ], [ -95.1425965, 29.6787509, 0.0 ], [ -95.1425936, 29.6785925, 0.0 ], [ -95.142592, 29.6783844, 0.0 ], [ -95.1425916, 29.6780999, 0.0 ], [ -95.1426258, 29.6780994, 0.0 ], [ -95.1427385, 29.6780977, 0.0 ], [ -95.1434259, 29.6780876, 0.0 ], [ -95.1434263, 29.6780876, 0.0 ], [ -95.1435668, 29.6780856, 0.0 ], [ -95.1436303, 29.6780846, 0.0 ], [ -95.1436416, 29.6780845, 0.0 ], [ -95.1440528, 29.6780784, 0.0 ], [ -95.1440529, 29.6780784, 0.0 ], [ -95.1442784, 29.678075, 0.0 ], [ -95.1442781, 29.678065, 0.0 ], [ -95.144277, 29.67802, 0.0 ], [ -95.1442726, 29.6778505, 0.0 ], [ -95.1442725, 29.6778448, 0.0 ], [ -95.1442631, 29.6778393, 0.0 ], [ -95.14391, 29.6776338, 0.0 ], [ -95.143905, 29.6776309, 0.0 ], [ -95.1437153, 29.6775205, 0.0 ], [ -95.1435214, 29.6774077, 0.0 ], [ -95.1433275, 29.6772948, 0.0 ], [ -95.1431178, 29.6771728, 0.0 ], [ -95.1430497, 29.677123, 0.0 ], [ -95.1429082, 29.6770508, 0.0 ], [ -95.1426985, 29.6769287, 0.0 ], [ -95.1424889, 29.6768067, 0.0 ], [ -95.1424686, 29.6767949, 0.0 ], [ -95.1422792, 29.6766847, 0.0 ], [ -95.1420696, 29.6765627, 0.0 ], [ -95.14186, 29.6764407, 0.0 ], [ -95.1416503, 29.6763187, 0.0 ], [ -95.1414407, 29.6761966, 0.0 ], [ -95.1412463, 29.6760835, 0.0 ], [ -95.141231, 29.6760746, 0.0 ], [ -95.1410214, 29.6759526, 0.0 ], [ -95.1408118, 29.6758306, 0.0 ], [ -95.1406021, 29.6757086, 0.0 ], [ -95.1404056, 29.6755942, 0.0 ], [ -95.1402091, 29.6754798, 0.0 ], [ -95.1400626, 29.6753999, 0.0 ], [ -95.14005, 29.6753907, 0.0 ], [ -95.1400249, 29.6753726, 0.0 ], [ -95.1398422, 29.6752663, 0.0 ], [ -95.1398327, 29.6752607, 0.0 ], [ -95.1398326, 29.6752607, 0.0 ], [ -95.1396981, 29.6751824, 0.0 ], [ -95.139693, 29.6751794, 0.0 ], [ -95.139556, 29.6750997, 0.0 ], [ -95.1392605, 29.6749273, 0.0 ], [ -95.1378061, 29.6740791, 0.0 ], [ -95.1376786, 29.6739996, 0.0 ], [ -95.137555, 29.6739156, 0.0 ], [ -95.1374354, 29.6738273, 0.0 ], [ -95.1373201, 29.6737347, 0.0 ], [ -95.1372093, 29.6736381, 0.0 ], [ -95.1372071, 29.6736362, 0.0 ], [ -95.1372023, 29.6736318, 0.0 ], [ -95.1371976, 29.6736275, 0.0 ], [ -95.1371881, 29.6736187, 0.0 ], [ -95.1370069, 29.6734389, 0.0 ], [ -95.1369049, 29.673325, 0.0 ], [ -95.1368087, 29.6732074, 0.0 ], [ -95.1367184, 29.6730862, 0.0 ], [ -95.1366342, 29.6729617, 0.0 ], [ -95.1365563, 29.6728341, 0.0 ], [ -95.1364895, 29.6727127, 0.0 ], [ -95.1364284, 29.672589, 0.0 ], [ -95.1360633, 29.6716908, 0.0 ], [ -95.1360161, 29.6715747, 0.0 ], [ -95.1358827, 29.6713028, 0.0 ], [ -95.1353599, 29.6701046, 0.0 ], [ -95.1353261, 29.670002, 0.0 ], [ -95.1352867, 29.6699475, 0.0 ], [ -95.1352604, 29.6699126, 0.0 ], [ -95.1351484, 29.669651, 0.0 ], [ -95.1350221, 29.6693561, 0.0 ], [ -95.1348985, 29.6690572, 0.0 ], [ -95.134769, 29.6687443, 0.0 ], [ -95.134625, 29.6684, 0.0 ], [ -95.1345952, 29.6683287, 0.0 ], [ -95.1345391, 29.6682047, 0.0 ], [ -95.1344027, 29.6678683, 0.0 ], [ -95.1342788, 29.6675721, 0.0 ], [ -95.1342371, 29.6674771, 0.0 ], [ -95.133873, 29.6666465, 0.0 ], [ -95.1336713, 29.6661866, 0.0 ], [ -95.1330948, 29.6648716, 0.0 ], [ -95.1330498, 29.6647663, 0.0 ], [ -95.1320763, 29.664794, 0.0 ], [ -95.1315313, 29.6648094, 0.0 ], [ -95.1313719, 29.6648153, 0.0 ], [ -95.1286584, 29.6648642, 0.0 ], [ -95.1286241, 29.6648576, 0.0 ], [ -95.1274123, 29.6648785, 0.0 ], [ -95.1269178, 29.6648879, 0.0 ], [ -95.1267306, 29.6649206, 0.0 ], [ -95.1256713, 29.6649424, 0.0 ], [ -95.1256401, 29.6649425, 0.0 ], [ -95.1255136, 29.6649429, 0.0 ], [ -95.1250412, 29.6649444, 0.0 ], [ -95.1250378, 29.6649444, 0.0 ], [ -95.1246635, 29.6649568, 0.0 ], [ -95.1246602, 29.6649569, 0.0 ], [ -95.1244556, 29.6649608, 0.0 ], [ -95.1242635, 29.6649645, 0.0 ], [ -95.1240715, 29.6649681, 0.0 ], [ -95.1238795, 29.6649718, 0.0 ], [ -95.1236874, 29.6649754, 0.0 ], [ -95.1234954, 29.6649791, 0.0 ], [ -95.1233034, 29.6649827, 0.0 ], [ -95.1230947, 29.6649867, 0.0 ], [ -95.1230915, 29.6649867, 0.0 ], [ -95.1227854, 29.6649829, 0.0 ], [ -95.1227849, 29.6651352, 0.0 ], [ -95.1218415, 29.6651521, 0.0 ], [ -95.1202805, 29.6651779, 0.0 ], [ -95.1197941, 29.6651859, 0.0 ], [ -95.1194163, 29.6651927, 0.0 ], [ -95.1192274, 29.665196, 0.0 ], [ -95.1189991, 29.6652001, 0.0 ], [ -95.1188637, 29.6652025, 0.0 ], [ -95.1187945, 29.6652038, 0.0 ], [ -95.1185899, 29.6652074, 0.0 ], [ -95.1183852, 29.6652111, 0.0 ], [ -95.1181806, 29.6652148, 0.0 ], [ -95.117976, 29.6652184, 0.0 ], [ -95.1177713, 29.6652221, 0.0 ], [ -95.1175667, 29.6652257, 0.0 ], [ -95.1172536, 29.6652313, 0.0 ], [ -95.116837, 29.6652388, 0.0 ], [ -95.1168347, 29.6652388, 0.0 ], [ -95.116831, 29.6650876, 0.0 ], [ -95.1168266, 29.6649089, 0.0 ], [ -95.116813, 29.664359, 0.0 ], [ -95.1168028, 29.6639466, 0.0 ], [ -95.116814, 29.6638079, 0.0 ], [ -95.1168124, 29.6638079, 0.0 ], [ -95.1126448, 29.6638926, 0.0 ], [ -95.1126419, 29.6637376, 0.0 ], [ -95.1126432, 29.6638926, 0.0 ], [ -95.1100715, 29.6639173, 0.0 ], [ -95.1067769, 29.6639688, 0.0 ], [ -95.1038017, 29.6640347, 0.0 ], [ -95.1023465, 29.6640584, 0.0 ], [ -95.1018359, 29.6640635, 0.0 ], [ -95.1018285, 29.6640636, 0.0 ], [ -95.1010163, 29.6640763, 0.0 ], [ -95.1010048, 29.6640765, 0.0 ], [ -95.1010032, 29.6640765, 0.0 ], [ -95.0996337, 29.6640979, 0.0 ], [ -95.0996316, 29.6640979, 0.0 ], [ -95.0984233, 29.6641168, 0.0 ], [ -95.0978058, 29.6641395, 0.0 ], [ -95.0943654, 29.6642017, 0.0 ], [ -95.0939228, 29.6642142, 0.0 ], [ -95.0904602, 29.6642452, 0.0 ], [ -95.0900992, 29.664255, 0.0 ], [ -95.0870993, 29.6642849, 0.0 ], [ -95.0870363, 29.6642856, 0.0 ], [ -95.0870385, 29.6643306, 0.0 ], [ -95.0870441, 29.6644472, 0.0 ], [ -95.0870624, 29.6648238, 0.0 ], [ -95.0870637, 29.6648513, 0.0 ], [ -95.0870829, 29.6652488, 0.0 ], [ -95.0870856, 29.6653037, 0.0 ], [ -95.0870903, 29.6654008, 0.0 ], [ -95.0870929, 29.6654557, 0.0 ], [ -95.0870962, 29.6656977, 0.0 ], [ -95.0872059, 29.668753, 0.0 ], [ -95.0872176, 29.6690787, 0.0 ], [ -95.0872358, 29.6696289, 0.0 ], [ -95.0872427, 29.6697083, 0.0 ], [ -95.0872468, 29.6697255, 0.0 ], [ -95.0872478, 29.6697667, 0.0 ], [ -95.0872505, 29.6698585, 0.0 ], [ -95.0872635, 29.6701052, 0.0 ], [ -95.0872838, 29.6703515, 0.0 ], [ -95.0873052, 29.670547, 0.0 ], [ -95.0873313, 29.6707421, 0.0 ], [ -95.0873619, 29.6709367, 0.0 ], [ -95.0874063, 29.671177, 0.0 ], [ -95.0874578, 29.6714164, 0.0 ], [ -95.0874616, 29.6714299, 0.0 ], [ -95.0874851, 29.6715107, 0.0 ], [ -95.0874882, 29.6715208, 0.0 ], [ -95.0876234, 29.6718527, 0.0 ], [ -95.0876776, 29.672025, 0.0 ], [ -95.087769, 29.6724356, 0.0 ], [ -95.0878459, 29.6729405, 0.0 ], [ -95.0878462, 29.6729444, 0.0 ], [ -95.0878715, 29.6734829, 0.0 ], [ -95.0878735, 29.6735654, 0.0 ], [ -95.0878977, 29.6745391, 0.0 ], [ -95.0878865, 29.674753, 0.0 ], [ -95.0878978, 29.6752452, 0.0 ], [ -95.0878997, 29.6753288, 0.0 ], [ -95.087909, 29.6757374, 0.0 ], [ -95.0879194, 29.6762684, 0.0 ], [ -95.087943, 29.6772276, 0.0 ], [ -95.0879879, 29.6790521, 0.0 ], [ -95.0880009, 29.6795796, 0.0 ], [ -95.0880233, 29.6802235, 0.0 ], [ -95.0880337, 29.6805864, 0.0 ], [ -95.0880474, 29.6809159, 0.0 ], [ -95.0880536, 29.6811886, 0.0 ], [ -95.0880625, 29.681557, 0.0 ], [ -95.0880714, 29.6819254, 0.0 ], [ -95.088083, 29.6823871, 0.0 ], [ -95.0881043, 29.683212, 0.0 ], [ -95.0881501, 29.6848651, 0.0 ], [ -95.0880971, 29.6850831, 0.0 ], [ -95.0881354, 29.6863094, 0.0 ], [ -95.0881354, 29.6863106, 0.0 ], [ -95.0881589, 29.6870626, 0.0 ], [ -95.0881742, 29.6875533, 0.0 ], [ -95.08818, 29.6878197, 0.0 ], [ -95.0882347, 29.6893731, 0.0 ], [ -95.0882503, 29.6900413, 0.0 ], [ -95.0882459, 29.6902631, 0.0 ], [ -95.088246, 29.6902666, 0.0 ], [ -95.0882417, 29.6902666, 0.0 ], [ -95.0882569, 29.6907752, 0.0 ], [ -95.0882673, 29.6910764, 0.0 ], [ -95.0882736, 29.6913513, 0.0 ], [ -95.0882762, 29.6917034, 0.0 ], [ -95.088299, 29.6921106, 0.0 ], [ -95.0883027, 29.6927173, 0.0 ], [ -95.0883177, 29.6931519, 0.0 ], [ -95.0883514, 29.6939678, 0.0 ], [ -95.0883775, 29.6952051, 0.0 ], [ -95.0883602, 29.6954346, 0.0 ], [ -95.0883709, 29.6954344, 0.0 ], [ -95.0884092, 29.6966618, 0.0 ], [ -95.0884195, 29.6972805, 0.0 ], [ -95.0884194, 29.6973933, 0.0 ], [ -95.0884189, 29.6979033, 0.0 ], [ -95.0884321, 29.6984669, 0.0 ], [ -95.0884763, 29.7003503, 0.0 ], [ -95.0884969, 29.7005954, 0.0 ], [ -95.0885262, 29.7016391, 0.0 ], [ -95.0885268, 29.7016602, 0.0 ], [ -95.0885291, 29.7017427, 0.0 ], [ -95.0885363, 29.7020772, 0.0 ], [ -95.0885403, 29.7022627, 0.0 ], [ -95.0885506, 29.7025029, 0.0 ], [ -95.0924367, 29.7036981, 0.0 ], [ -95.0934639, 29.704014, 0.0 ], [ -95.0932893, 29.7044456, 0.0 ], [ -95.0932888, 29.7044467, 0.0 ], [ -95.0932363, 29.7045764, 0.0 ], [ -95.0946205, 29.7049991, 0.0 ], [ -95.1007754, 29.7068784, 0.0 ], [ -95.1058168, 29.7083836, 0.0 ], [ -95.1126278, 29.7103735, 0.0 ], [ -95.1130044, 29.710473, 0.0 ], [ -95.113383, 29.7105666, 0.0 ], [ -95.1137634, 29.7106542, 0.0 ], [ -95.1141456, 29.7107359, 0.0 ], [ -95.1145376, 29.7108132, 0.0 ], [ -95.1149312, 29.7108842, 0.0 ], [ -95.1153262, 29.7109489, 0.0 ], [ -95.1157225, 29.7110073, 0.0 ], [ -95.11612, 29.7110594, 0.0 ], [ -95.1165185, 29.7111051, 0.0 ], [ -95.1169179, 29.7111445, 0.0 ], [ -95.117318, 29.7111775, 0.0 ], [ -95.1177188, 29.7112041, 0.0 ], [ -95.11812, 29.7112243, 0.0 ], [ -95.1185216, 29.7112382, 0.0 ], [ -95.1306951, 29.7115326, 0.0 ], [ -95.1310253, 29.7115036, 0.0 ] ] ], [ [ [ -95.0934798, 29.7067622, 0.0 ], [ -95.0932525, 29.7067153, 0.0 ], [ -95.0932235, 29.7067287, 0.0 ], [ -95.0931539, 29.7067536, 0.0 ], [ -95.0930819, 29.7067726, 0.0 ], [ -95.0930081, 29.7067856, 0.0 ], [ -95.0929333, 29.7067923, 0.0 ], [ -95.0928581, 29.7067928, 0.0 ], [ -95.0927831, 29.706787, 0.0 ], [ -95.0927802, 29.7067867, 0.0 ], [ -95.0927083, 29.7067748, 0.0 ], [ -95.092638, 29.7067572, 0.0 ], [ -95.0926376, 29.7067571, 0.0 ], [ -95.0926319, 29.7067554, 0.0 ], [ -95.0925754, 29.706737, 0.0 ], [ -95.0925669, 29.7067346, 0.0 ], [ -95.0925569, 29.7067322, 0.0 ], [ -95.0925567, 29.7067322, 0.0 ], [ -95.0925447, 29.70673, 0.0 ], [ -95.0925153, 29.7067277, 0.0 ], [ -95.0924858, 29.7067293, 0.0 ], [ -95.0924569, 29.706735, 0.0 ], [ -95.0924294, 29.7067445, 0.0 ], [ -95.092404, 29.7067576, 0.0 ], [ -95.0923812, 29.7067741, 0.0 ], [ -95.0923616, 29.7067935, 0.0 ], [ -95.0923457, 29.7068152, 0.0 ], [ -95.0923339, 29.7068389, 0.0 ], [ -95.0921256, 29.7073588, 0.0 ], [ -95.0921107, 29.7073543, 0.0 ], [ -95.0920555, 29.7074929, 0.0 ], [ -95.0917444, 29.7082735, 0.0 ], [ -95.0914024, 29.7091319, 0.0 ], [ -95.0914022, 29.7091324, 0.0 ], [ -95.0913866, 29.7091713, 0.0 ], [ -95.091332, 29.7093083, 0.0 ], [ -95.0913165, 29.7093473, 0.0 ], [ -95.090647, 29.7110363, 0.0 ], [ -95.0905203, 29.7113555, 0.0 ], [ -95.0901915, 29.7121839, 0.0 ], [ -95.0900112, 29.7126384, 0.0 ], [ -95.0899632, 29.7127697, 0.0 ], [ -95.0899222, 29.7129029, 0.0 ], [ -95.0898883, 29.7130375, 0.0 ], [ -95.0898615, 29.7131733, 0.0 ], [ -95.0898418, 29.7133101, 0.0 ], [ -95.0898294, 29.7134475, 0.0 ], [ -95.0898249, 29.7135484, 0.0 ], [ -95.0898243, 29.7136495, 0.0 ], [ -95.0898266, 29.7138716, 0.0 ], [ -95.0898356, 29.7147419, 0.0 ], [ -95.0898373, 29.7149106, 0.0 ], [ -95.0898373, 29.7149108, 0.0 ], [ -95.0898574, 29.7168629, 0.0 ], [ -95.0898817, 29.7192107, 0.0 ], [ -95.0915602, 29.7191952, 0.0 ], [ -95.0917246, 29.7189984, 0.0 ], [ -95.091714, 29.7179748, 0.0 ], [ -95.0917077, 29.7173671, 0.0 ], [ -95.091369, 29.7170812, 0.0 ], [ -95.091358, 29.7165137, 0.0 ], [ -95.0903403, 29.7165267, 0.0 ], [ -95.0903453, 29.7168568, 0.0 ], [ -95.0898606, 29.7168629, 0.0 ], [ -95.0898405, 29.7149116, 0.0 ], [ -95.0911079, 29.7148936, 0.0 ], [ -95.0911149, 29.715446, 0.0 ], [ -95.0919387, 29.7154339, 0.0 ], [ -95.0919273, 29.7148817, 0.0 ], [ -95.0933203, 29.7148617, 0.0 ], [ -95.0934445, 29.7148599, 0.0 ], [ -95.0934253, 29.7138462, 0.0 ], [ -95.0958386, 29.7138292, 0.0 ], [ -95.0958093, 29.7122906, 0.0 ], [ -95.0957953, 29.7115563, 0.0 ], [ -95.0948289, 29.7115699, 0.0 ], [ -95.0918561, 29.7116118, 0.0 ], [ -95.0918655, 29.7121493, 0.0 ], [ -95.0918657, 29.7121617, 0.0 ], [ -95.0918876, 29.7134202, 0.0 ], [ -95.0898326, 29.7134474, 0.0 ], [ -95.0898449, 29.7133105, 0.0 ], [ -95.0898643, 29.7131743, 0.0 ], [ -95.0898909, 29.7130389, 0.0 ], [ -95.0899246, 29.7129048, 0.0 ], [ -95.0899653, 29.7127721, 0.0 ], [ -95.0900129, 29.7126413, 0.0 ], [ -95.0901946, 29.7121839, 0.0 ], [ -95.0905236, 29.7113555, 0.0 ], [ -95.09065, 29.7110372, 0.0 ], [ -95.0913199, 29.7093473, 0.0 ], [ -95.091335, 29.7093092, 0.0 ], [ -95.0913899, 29.7091714, 0.0 ], [ -95.0914053, 29.7091333, 0.0 ], [ -95.0915658, 29.709182, 0.0 ], [ -95.0934832, 29.7091699, 0.0 ], [ -95.0934831, 29.7091147, 0.0 ], [ -95.0934815, 29.7081481, 0.0 ], [ -95.0936704, 29.7080725, 0.0 ], [ -95.0936695, 29.7074984, 0.0 ], [ -95.0936695, 29.7074981, 0.0 ], [ -95.0934811, 29.7075735, 0.0 ], [ -95.0934806, 29.7075737, 0.0 ], [ -95.0934803, 29.7074028, 0.0 ], [ -95.0934809, 29.7074027, 0.0 ], [ -95.0936692, 29.7073612, 0.0 ], [ -95.0937349, 29.7073435, 0.0 ], [ -95.093798, 29.7073198, 0.0 ], [ -95.0938579, 29.7072903, 0.0 ], [ -95.0939138, 29.7072555, 0.0 ], [ -95.0939652, 29.7072156, 0.0 ], [ -95.0940114, 29.7071713, 0.0 ], [ -95.094052, 29.7071229, 0.0 ], [ -95.0940865, 29.707071, 0.0 ], [ -95.0941145, 29.7070162, 0.0 ], [ -95.0941356, 29.7069591, 0.0 ], [ -95.0941496, 29.7069003, 0.0 ], [ -95.0941565, 29.7068406, 0.0 ], [ -95.0941571, 29.7068106, 0.0 ], [ -95.0941571, 29.7068101, 0.0 ], [ -95.0941571, 29.7068056, 0.0 ], [ -95.0941571, 29.7068051, 0.0 ], [ -95.0941509, 29.7064661, 0.0 ], [ -95.0938302, 29.7062169, 0.0 ], [ -95.0938251, 29.706222, 0.0 ], [ -95.0936112, 29.7064326, 0.0 ], [ -95.0936097, 29.706434, 0.0 ], [ -95.093767, 29.7064338, 0.0 ], [ -95.0937791, 29.7064338, 0.0 ], [ -95.093793, 29.7064446, 0.0 ], [ -95.093834, 29.7064812, 0.0 ], [ -95.0938688, 29.7065223, 0.0 ], [ -95.0938969, 29.7065672, 0.0 ], [ -95.0939176, 29.7066151, 0.0 ], [ -95.0939305, 29.706665, 0.0 ], [ -95.0939355, 29.706716, 0.0 ], [ -95.0939372, 29.706808, 0.0 ], [ -95.093934, 29.7068593, 0.0 ], [ -95.0939228, 29.7069097, 0.0 ], [ -95.0939038, 29.7069583, 0.0 ], [ -95.0938772, 29.7070041, 0.0 ], [ -95.0938437, 29.7070462, 0.0 ], [ -95.0938038, 29.707084, 0.0 ], [ -95.0937583, 29.7071165, 0.0 ], [ -95.0937082, 29.7071433, 0.0 ], [ -95.0936542, 29.7071638, 0.0 ], [ -95.0935976, 29.7071776, 0.0 ], [ -95.0935393, 29.7071844, 0.0 ], [ -95.0934805, 29.7071842, 0.0 ], [ -95.0934805, 29.7071832, 0.0 ], [ -95.0934798, 29.7067622, 0.0 ] ] ] ] } },
{ "type": "Feature", "properties": { "TRACT": "Bearcreek" }, "geometry": { "type": "Polygon", "coordinates": [ [ [ -95.6109619, 29.8355147, 0.0 ], [ -95.6121469, 29.8358847, 0.0 ], [ -95.6134741, 29.835967, 0.0 ], [ -95.618072, 29.8359259, 0.0 ], [ -95.6302066, 29.8359259, 0.0 ], [ -95.6301592, 29.8345278, 0.0 ], [ -95.6303962, 29.8339933, 0.0 ], [ -95.6305859, 29.8330064, 0.0 ], [ -95.6310125, 29.8320196, 0.0 ], [ -95.6313917, 29.8305804, 0.0 ], [ -95.6319605, 29.8293056, 0.0 ], [ -95.6325293, 29.8280309, 0.0 ], [ -95.6329085, 29.8271262, 0.0 ], [ -95.6339039, 29.8258514, 0.0 ], [ -95.6346149, 29.825029, 0.0 ], [ -95.6353259, 29.824371, 0.0 ], [ -95.6362266, 29.8236308, 0.0 ], [ -95.6367006, 29.8232607, 0.0 ], [ -95.637222, 29.8229728, 0.0 ], [ -95.6374116, 29.8228083, 0.0 ], [ -95.6377322, 29.8229571, 0.0 ], [ -95.6379061, 29.8230649, 0.0 ], [ -95.6381049, 29.8230865, 0.0 ], [ -95.6383783, 29.8231511, 0.0 ], [ -95.6390198, 29.8228244, 0.0 ], [ -95.6394081, 29.8227233, 0.0 ], [ -95.6399712, 29.8225549, 0.0 ], [ -95.6403983, 29.8225886, 0.0 ], [ -95.6411555, 29.8225549, 0.0 ], [ -95.6421069, 29.8225549, 0.0 ], [ -95.6428835, 29.822538, 0.0 ], [ -95.6431359, 29.8225717, 0.0 ], [ -95.643563, 29.8228412, 0.0 ], [ -95.6438737, 29.8229086, 0.0 ], [ -95.6441261, 29.8225886, 0.0 ], [ -95.6444367, 29.8226896, 0.0 ], [ -95.644825, 29.8228075, 0.0 ], [ -95.6453104, 29.8227907, 0.0 ], [ -95.6453749, 29.8152413, 0.0 ], [ -95.6452801, 29.8150357, 0.0 ], [ -95.6440477, 29.8152824, 0.0 ], [ -95.6440477, 29.8133906, 0.0 ], [ -95.6410141, 29.8133906, 0.0 ], [ -95.636748, 29.8133495, 0.0 ], [ -95.6318657, 29.813514, 0.0 ], [ -95.6275522, 29.813514, 0.0 ], [ -95.6248503, 29.8133083, 0.0 ], [ -95.6229069, 29.8133083, 0.0 ], [ -95.619731, 29.8132672, 0.0 ], [ -95.6175506, 29.8130616, 0.0 ], [ -95.6174084, 29.8130204, 0.0 ], [ -95.6174558, 29.8168864, 0.0 ], [ -95.6137111, 29.8169686, 0.0 ], [ -95.6113411, 29.8196006, 0.0 ], [ -95.6085918, 29.8224382, 0.0 ], [ -95.6071698, 29.8239186, 0.0 ], [ -95.6059848, 29.8253991, 0.0 ], [ -95.6053401, 29.8263679, 0.0 ], [ -95.6106538, 29.8262524, 0.0 ], [ -95.6109619, 29.8355147, 0.0 ] ], [ [ -95.6392481, 29.8160898, 0.0 ], [ -95.6383659, 29.8161006, 0.0 ], [ -95.6383162, 29.8147206, 0.0 ], [ -95.6392109, 29.8146883, 0.0 ], [ -95.6392481, 29.8160898, 0.0 ] ] ] } },
{ "type": "Feature", "properties": { "TRACT": "BaytownCentral" }, "geometry": { "type": "MultiPolygon", "coordinates": [ [ [ [ -94.9909313, 29.7237998, 0.0 ], [ -94.9909962, 29.7235722, 0.0 ], [ -94.9899554, 29.7231652, 0.0 ], [ -94.9896406, 29.7234086, 0.0 ], [ -94.9892208, 29.7235327, 0.0 ], [ -94.9889733, 29.7236551, 0.0 ], [ -94.9889203, 29.7238106, 0.0 ], [ -94.988999, 29.7239975, 0.0 ], [ -94.9892208, 29.7241234, 0.0 ], [ -94.9895197, 29.7242932, 0.0 ], [ -94.9898047, 29.7244197, 0.0 ], [ -94.9900951, 29.7245485, 0.0 ], [ -94.9905042, 29.7247394, 0.0 ], [ -94.9906784, 29.7249932, 0.0 ], [ -94.9906555, 29.7247672, 0.0 ], [ -94.9907316, 29.7245005, 0.0 ], [ -94.9907448, 29.7244541, 0.0 ], [ -94.990845, 29.7241027, 0.0 ], [ -94.9909313, 29.7237998, 0.0 ] ] ], [ [ [ -94.9958429, 29.7191674, 0.0 ], [ -94.9957042, 29.7193197, 0.0 ], [ -94.9952547, 29.7198132, 0.0 ], [ -94.9944298, 29.719212, 0.0 ], [ -94.9970752, 29.7164463, 0.0 ], [ -94.9976832, 29.7157505, 0.0 ], [ -94.9986065, 29.7147242, 0.0 ], [ -94.99855, 29.7145663, 0.0 ], [ -94.9981054, 29.7144357, 0.0 ], [ -94.9976246, 29.7132405, 0.0 ], [ -94.9977393, 29.7132446, 0.0 ], [ -94.9994912, 29.7128054, 0.0 ], [ -95.0021266, 29.7120408, 0.0 ], [ -95.0018422, 29.7109275, 0.0 ], [ -95.0016451, 29.710842, 0.0 ], [ -94.9994294, 29.7091295, 0.0 ], [ -94.9975271, 29.7079491, 0.0 ], [ -94.9959916, 29.70675, 0.0 ], [ -94.9947831, 29.7063484, 0.0 ], [ -94.9943138, 29.7066614, 0.0 ], [ -94.9939151, 29.7070524, 0.0 ], [ -94.9935343, 29.7078647, 0.0 ], [ -94.993788, 29.7089604, 0.0 ], [ -94.9932936, 29.7104876, 0.0 ], [ -94.9931516, 29.7109262, 0.0 ], [ -94.9924297, 29.7130573, 0.0 ], [ -94.9925302, 29.7130609, 0.0 ], [ -94.9934482, 29.7139867, 0.0 ], [ -94.9933044, 29.7141188, 0.0 ], [ -94.9936295, 29.7142913, 0.0 ], [ -94.993984, 29.714455, 0.0 ], [ -94.9937412, 29.7143499, 0.0 ], [ -94.9930271, 29.715624, 0.0 ], [ -94.9928162, 29.715529, 0.0 ], [ -94.9919174, 29.7171037, 0.0 ], [ -94.9930863, 29.7176224, 0.0 ], [ -94.9922897, 29.7190608, 0.0 ], [ -94.9931081, 29.7196287, 0.0 ], [ -94.9934355, 29.7200102, 0.0 ], [ -94.9943947, 29.7207106, 0.0 ], [ -94.9935581, 29.7217234, 0.0 ], [ -94.9928587, 29.7218272, 0.0 ], [ -94.9922233, 29.7227965, 0.0 ], [ -94.9918963, 29.7234642, 0.0 ], [ -94.9923152, 29.7236043, 0.0 ], [ -94.9921632, 29.7240096, 0.0 ], [ -94.9920405, 29.7244954, 0.0 ], [ -94.9919747, 29.7249495, 0.0 ], [ -94.9919831, 29.7254101, 0.0 ], [ -94.9919873, 29.725916, 0.0 ], [ -94.992112, 29.7265196, 0.0 ], [ -94.9922554, 29.7269492, 0.0 ], [ -94.9919885, 29.7270306, 0.0 ], [ -94.9923092, 29.7276949, 0.0 ], [ -94.9923046, 29.7277272, 0.0 ], [ -94.9919333, 29.7279661, 0.0 ], [ -94.9912163, 29.7277325, 0.0 ], [ -94.9910713, 29.7288495, 0.0 ], [ -94.9905064, 29.7305148, 0.0 ], [ -94.9889726, 29.7302878, 0.0 ], [ -94.9869956, 29.7299955, 0.0 ], [ -94.9862704, 29.729898, 0.0 ], [ -94.9840547, 29.7298691, 0.0 ], [ -94.9838183, 29.7300268, 0.0 ], [ -94.9783605, 29.7300692, 0.0 ], [ -94.9783583, 29.7296832, 0.0 ], [ -94.9790492, 29.7296745, 0.0 ], [ -94.9836963, 29.7296293, 0.0 ], [ -94.9839453, 29.7295976, 0.0 ], [ -94.9839435, 29.7292658, 0.0 ], [ -94.9838321, 29.7292663, 0.0 ], [ -94.9859488, 29.7292266, 0.0 ], [ -94.9890557, 29.7291822, 0.0 ], [ -94.9889871, 29.7269367, 0.0 ], [ -94.9892675, 29.7265813, 0.0 ], [ -94.9892106, 29.7262352, 0.0 ], [ -94.9886164, 29.7262789, 0.0 ], [ -94.9882604, 29.7263666, 0.0 ], [ -94.9880497, 29.7261401, 0.0 ], [ -94.9878829, 29.7259368, 0.0 ], [ -94.9876813, 29.7256749, 0.0 ], [ -94.9876408, 29.7256223, 0.0 ], [ -94.9874091, 29.7254185, 0.0 ], [ -94.9873723, 29.7252265, 0.0 ], [ -94.9872453, 29.7250035, 0.0 ], [ -94.9872363, 29.7248548, 0.0 ], [ -94.9872665, 29.7243809, 0.0 ], [ -94.9871816, 29.7240071, 0.0 ], [ -94.9871173, 29.7238295, 0.0 ], [ -94.9871497, 29.7234055, 0.0 ], [ -94.9872694, 29.7229324, 0.0 ], [ -94.9869562, 29.7226093, 0.0 ], [ -94.9867751, 29.7224226, 0.0 ], [ -94.9860189, 29.7222607, 0.0 ], [ -94.9857684, 29.7223151, 0.0 ], [ -94.9855946, 29.7223093, 0.0 ], [ -94.9856415, 29.7212305, 0.0 ], [ -94.9848023, 29.7211992, 0.0 ], [ -94.9838202, 29.7210619, 0.0 ], [ -94.9837796, 29.7205849, 0.0 ], [ -94.9836779, 29.7193899, 0.0 ], [ -94.9841461, 29.7193919, 0.0 ], [ -94.9842144, 29.7176574, 0.0 ], [ -94.9836547, 29.7175872, 0.0 ], [ -94.9834804, 29.7177309, 0.0 ], [ -94.9842866, 29.7160614, 0.0 ], [ -94.9825461, 29.7154868, 0.0 ], [ -94.9824375, 29.7157375, 0.0 ], [ -94.9818723, 29.7155496, 0.0 ], [ -94.9815861, 29.7154545, 0.0 ], [ -94.9807351, 29.7151715, 0.0 ], [ -94.9800761, 29.7166008, 0.0 ], [ -94.9790044, 29.7162794, 0.0 ], [ -94.9778815, 29.7159354, 0.0 ], [ -94.9777767, 29.7158994, 0.0 ], [ -94.9724058, 29.7177967, 0.0 ], [ -94.9703297, 29.7185375, 0.0 ], [ -94.9690452, 29.7189958, 0.0 ], [ -94.9678142, 29.719435, 0.0 ], [ -94.9661877, 29.7200777, 0.0 ], [ -94.9646158, 29.7207179, 0.0 ], [ -94.9638464, 29.7210313, 0.0 ], [ -94.9631156, 29.7215508, 0.0 ], [ -94.9622555, 29.7222277, 0.0 ], [ -94.9613371, 29.7229646, 0.0 ], [ -94.960573, 29.7238747, 0.0 ], [ -94.9603145, 29.7244298, 0.0 ], [ -94.9600495, 29.7250981, 0.0 ], [ -94.9598505, 29.7256687, 0.0 ], [ -94.9597053, 29.7260853, 0.0 ], [ -94.9604454, 29.726341, 0.0 ], [ -94.9612694, 29.7265757, 0.0 ], [ -94.9615384, 29.7266523, 0.0 ], [ -94.9621737, 29.7268333, 0.0 ], [ -94.9613961, 29.7285896, 0.0 ], [ -94.960832, 29.7298637, 0.0 ], [ -94.9607425, 29.7298489, 0.0 ], [ -94.9600069, 29.7296289, 0.0 ], [ -94.9603633, 29.7297358, 0.0 ], [ -94.9609046, 29.7299009, 0.0 ], [ -94.9603952, 29.7310597, 0.0 ], [ -94.9602125, 29.7311007, 0.0 ], [ -94.9591454, 29.7334959, 0.0 ], [ -94.9591563, 29.7334993, 0.0 ], [ -94.9593031, 29.7335449, 0.0 ], [ -94.9589725, 29.7342795, 0.0 ], [ -94.9592332, 29.7343648, 0.0 ], [ -94.959179, 29.734488, 0.0 ], [ -94.9592536, 29.7345216, 0.0 ], [ -94.9591294, 29.7347857, 0.0 ], [ -94.9605048, 29.7352218, 0.0 ], [ -94.9604202, 29.7354103, 0.0 ], [ -94.9600151, 29.7363131, 0.0 ], [ -94.9596409, 29.7371471, 0.0 ], [ -94.9589969, 29.73695, 0.0 ], [ -94.9579761, 29.7366374, 0.0 ], [ -94.9576328, 29.7374034, 0.0 ], [ -94.957344, 29.7380477, 0.0 ], [ -94.9580124, 29.7382921, 0.0 ], [ -94.9575482, 29.7392452, 0.0 ], [ -94.9570312, 29.7403067, 0.0 ], [ -94.9567384, 29.7402552, 0.0 ], [ -94.9572875, 29.7403658, 0.0 ], [ -94.957412, 29.7404037, 0.0 ], [ -94.9581414, 29.7406257, 0.0 ], [ -94.958723, 29.7408026, 0.0 ], [ -94.9591367, 29.7409285, 0.0 ], [ -94.9594844, 29.7410977, 0.0 ], [ -94.959925, 29.7413121, 0.0 ], [ -94.9597346, 29.74163, 0.0 ], [ -94.9597245, 29.7416469, 0.0 ], [ -94.9593821, 29.7422225, 0.0 ], [ -94.9592684, 29.7424225, 0.0 ], [ -94.9588383, 29.743179, 0.0 ], [ -94.9588922, 29.7434723, 0.0 ], [ -94.9584923, 29.7435423, 0.0 ], [ -94.9581865, 29.7435959, 0.0 ], [ -94.9579767, 29.7436327, 0.0 ], [ -94.9580123, 29.7437942, 0.0 ], [ -94.9575376, 29.7438395, 0.0 ], [ -94.9573598, 29.7438709, 0.0 ], [ -94.957093, 29.7439178, 0.0 ], [ -94.9568931, 29.7439516, 0.0 ], [ -94.956893, 29.7439517, 0.0 ], [ -94.9566327, 29.7439957, 0.0 ], [ -94.9566195, 29.7439311, 0.0 ], [ -94.9563292, 29.7439732, 0.0 ], [ -94.9560634, 29.7440118, 0.0 ], [ -94.9562562, 29.7450133, 0.0 ], [ -94.9564002, 29.7457615, 0.0 ], [ -94.9558981, 29.7458448, 0.0 ], [ -94.9553769, 29.7459313, 0.0 ], [ -94.9545075, 29.7460756, 0.0 ], [ -94.9542423, 29.7447409, 0.0 ], [ -94.9541353, 29.7442021, 0.0 ], [ -94.954093, 29.7439893, 0.0 ], [ -94.9533638, 29.7441265, 0.0 ], [ -94.9528767, 29.7442216, 0.0 ], [ -94.9529792, 29.7445925, 0.0 ], [ -94.9530911, 29.7450747, 0.0 ], [ -94.9510547, 29.7454021, 0.0 ], [ -94.9511482, 29.7459471, 0.0 ], [ -94.9512665, 29.7465535, 0.0 ], [ -94.9512665, 29.7465535, 0.0 ], [ -94.9514198, 29.74727, 0.0 ], [ -94.9515155, 29.7477252, 0.0 ], [ -94.9517623, 29.7488995, 0.0 ], [ -94.9508561, 29.7490225, 0.0 ], [ -94.9513021, 29.7507819, 0.0 ], [ -94.9513746, 29.751289, 0.0 ], [ -94.9558678, 29.750588, 0.0 ], [ -94.9549917, 29.7521062, 0.0 ], [ -94.9543567, 29.7532018, 0.0 ], [ -94.9540087, 29.7538062, 0.0 ], [ -94.9532703, 29.755089, 0.0 ], [ -94.9526644, 29.7561474, 0.0 ], [ -94.9520137, 29.7572843, 0.0 ], [ -94.9516043, 29.7579933, 0.0 ], [ -94.9510116, 29.7590196, 0.0 ], [ -94.9499654, 29.760831, 0.0 ], [ -94.9491463, 29.7622494, 0.0 ], [ -94.9484149, 29.7635155, 0.0 ], [ -94.94836, 29.763667, 0.0 ], [ -94.9481844, 29.7639737, 0.0 ], [ -94.9490232, 29.7638377, 0.0 ], [ -94.9492467, 29.7638014, 0.0 ], [ -94.9504272, 29.7636099, 0.0 ], [ -94.9519116, 29.7633691, 0.0 ], [ -94.9528164, 29.7632223, 0.0 ], [ -94.955226, 29.7628314, 0.0 ], [ -94.9552879, 29.7631204, 0.0 ], [ -94.9554062, 29.7636725, 0.0 ], [ -94.955582, 29.7644934, 0.0 ], [ -94.9564068, 29.7643894, 0.0 ], [ -94.9568265, 29.7643365, 0.0 ], [ -94.9571094, 29.7643008, 0.0 ], [ -94.9574603, 29.7642566, 0.0 ], [ -94.9583296, 29.764147, 0.0 ], [ -94.959405, 29.7639854, 0.0 ], [ -94.9614787, 29.7636655, 0.0 ], [ -94.9623453, 29.7635318, 0.0 ], [ -94.958583, 29.7641424, 0.0 ], [ -94.9588535, 29.7657536, 0.0 ], [ -94.9588896, 29.7660497, 0.0 ], [ -94.9590469, 29.7673401, 0.0 ], [ -94.9601228, 29.76714, 0.0 ], [ -94.9609122, 29.7670015, 0.0 ], [ -94.9625895, 29.7666813, 0.0 ], [ -94.962692, 29.7672176, 0.0 ], [ -94.9633804, 29.7671743, 0.0 ], [ -94.9638869, 29.7671424, 0.0 ], [ -94.9639355, 29.7662315, 0.0 ], [ -94.963964, 29.7656991, 0.0 ], [ -94.9640069, 29.7648952, 0.0 ], [ -94.964749, 29.7649037, 0.0 ], [ -94.9654304, 29.7649115, 0.0 ], [ -94.9654043, 29.7655722, 0.0 ], [ -94.9653847, 29.7660678, 0.0 ], [ -94.9659799, 29.7661512, 0.0 ], [ -94.9661188, 29.7661706, 0.0 ], [ -94.9661357, 29.7669357, 0.0 ], [ -94.967125, 29.7669306, 0.0 ], [ -94.9677921, 29.7669282, 0.0 ], [ -94.9678511, 29.7654353, 0.0 ], [ -94.9678817, 29.7646614, 0.0 ], [ -94.967977, 29.7631056, 0.0 ], [ -94.9685057, 29.7631161, 0.0 ], [ -94.9690329, 29.7631265, 0.0 ], [ -94.9701203, 29.7631481, 0.0 ], [ -94.9705429, 29.7627624, 0.0 ], [ -94.9720295, 29.7627468, 0.0 ], [ -94.974405, 29.762722, 0.0 ], [ -94.9744037, 29.7633686, 0.0 ], [ -94.9744016, 29.7645043, 0.0 ], [ -94.974401, 29.7648314, 0.0 ], [ -94.974402, 29.7664915, 0.0 ], [ -94.9743972, 29.7667987, 0.0 ], [ -94.9736017, 29.7668175, 0.0 ], [ -94.9735658, 29.7670746, 0.0 ], [ -94.9735211, 29.7673962, 0.0 ], [ -94.9733059, 29.7673903, 0.0 ], [ -94.9724721, 29.7674298, 0.0 ], [ -94.9712951, 29.7674857, 0.0 ], [ -94.971288, 29.7676657, 0.0 ], [ -94.9711041, 29.7676728, 0.0 ], [ -94.970356, 29.7677019, 0.0 ], [ -94.9704067, 29.7684695, 0.0 ], [ -94.9689846, 29.7684105, 0.0 ], [ -94.9688163, 29.7684217, 0.0 ], [ -94.968828, 29.7693341, 0.0 ], [ -94.9688315, 29.7696112, 0.0 ], [ -94.9677026, 29.7696391, 0.0 ], [ -94.9669203, 29.7696585, 0.0 ], [ -94.9669084, 29.7699593, 0.0 ], [ -94.9671871, 29.7701439, 0.0 ], [ -94.9675221, 29.7701539, 0.0 ], [ -94.9675393, 29.7709861, 0.0 ], [ -94.9675442, 29.7712233, 0.0 ], [ -94.9675732, 29.7726281, 0.0 ], [ -94.9731263, 29.772671, 0.0 ], [ -94.9755101, 29.7705461, 0.0 ], [ -94.9756112, 29.7705462, 0.0 ], [ -94.9756113, 29.7705462, 0.0 ], [ -94.9767722, 29.7705403, 0.0 ], [ -94.9773959, 29.770534, 0.0 ], [ -94.9777927, 29.7704907, 0.0 ], [ -94.9778189, 29.7719131, 0.0 ], [ -94.9793629, 29.7718786, 0.0 ], [ -94.9793892, 29.7727737, 0.0 ], [ -94.980397, 29.7727517, 0.0 ], [ -94.9807916, 29.7727432, 0.0 ], [ -94.9810439, 29.7727654, 0.0 ], [ -94.9812387, 29.7727825, 0.0 ], [ -94.9819439, 29.7758427, 0.0 ], [ -94.9820249, 29.7761941, 0.0 ], [ -94.9857941, 29.7752035, 0.0 ], [ -94.989792, 29.7741302, 0.0 ], [ -94.9905089, 29.7739377, 0.0 ], [ -94.9905102, 29.7739825, 0.0 ], [ -94.9905547, 29.7760383, 0.0 ], [ -94.9905794, 29.7768845, 0.0 ], [ -94.990608, 29.7774355, 0.0 ], [ -94.9890123, 29.7774729, 0.0 ], [ -94.9886167, 29.7774822, 0.0 ], [ -94.9886975, 29.7786878, 0.0 ], [ -94.9887627, 29.7796594, 0.0 ], [ -94.9901352, 29.7796642, 0.0 ], [ -94.9906502, 29.7796661, 0.0 ], [ -94.9908532, 29.7795916, 0.0 ], [ -94.991424, 29.779582, 0.0 ], [ -94.9918031, 29.7795756, 0.0 ], [ -94.991777, 29.7786527, 0.0 ], [ -94.9917549, 29.7778689, 0.0 ], [ -94.9917423, 29.7774217, 0.0 ], [ -94.9929422, 29.7774059, 0.0 ], [ -94.9936306, 29.7773968, 0.0 ], [ -94.9943395, 29.7773875, 0.0 ], [ -94.9957666, 29.7773872, 0.0 ], [ -94.9962318, 29.7773872, 0.0 ], [ -94.9962654, 29.7796373, 0.0 ], [ -94.9962885, 29.7811873, 0.0 ], [ -94.9971959, 29.7813347, 0.0 ], [ -94.9977919, 29.7814315, 0.0 ], [ -94.9982968, 29.7815136, 0.0 ], [ -94.9983965, 29.781052, 0.0 ], [ -94.9989787, 29.7811379, 0.0 ], [ -94.9992614, 29.7811796, 0.0 ], [ -94.9992981, 29.780649, 0.0 ], [ -94.9992902, 29.780235, 0.0 ], [ -94.9992789, 29.7795894, 0.0 ], [ -94.9992734, 29.7791289, 0.0 ], [ -94.9991997, 29.7789024, 0.0 ], [ -94.9990865, 29.7786194, 0.0 ], [ -94.9996564, 29.7784237, 0.0 ], [ -95.000467, 29.7783495, 0.0 ], [ -95.0007672, 29.7784047, 0.0 ], [ -95.000857, 29.7782083, 0.0 ], [ -95.000962, 29.7779788, 0.0 ], [ -95.0013873, 29.7779664, 0.0 ], [ -95.001052, 29.7776118, 0.0 ], [ -95.0007615, 29.7773045, 0.0 ], [ -95.0005642, 29.7769293, 0.0 ], [ -95.0007196, 29.7767182, 0.0 ], [ -95.0003244, 29.7761952, 0.0 ], [ -95.0001683, 29.7753529, 0.0 ], [ -95.0000296, 29.7745715, 0.0 ], [ -94.9999163, 29.7739216, 0.0 ], [ -94.999919, 29.7729343, 0.0 ], [ -94.9996273, 29.7719924, 0.0 ], [ -94.9997203, 29.7715194, 0.0 ], [ -95.0012434, 29.7711237, 0.0 ], [ -95.0025751, 29.7707778, 0.0 ], [ -95.005327, 29.7700628, 0.0 ], [ -95.0070701, 29.7696098, 0.0 ], [ -95.0089388, 29.768478, 0.0 ], [ -95.0099876, 29.7678633, 0.0 ], [ -95.0073572, 29.7652386, 0.0 ], [ -95.0059066, 29.7637461, 0.0 ], [ -95.0051453, 29.7629807, 0.0 ], [ -95.0046458, 29.7624896, 0.0 ], [ -95.0035791, 29.761441, 0.0 ], [ -95.0030494, 29.7609201, 0.0 ], [ -95.0021625, 29.7602291, 0.0 ], [ -95.0014365, 29.7597135, 0.0 ], [ -95.0005263, 29.7592198, 0.0 ], [ -94.9987252, 29.7582796, 0.0 ], [ -94.9959054, 29.7567726, 0.0 ], [ -94.9949751, 29.7562958, 0.0 ], [ -94.9936161, 29.7555619, 0.0 ], [ -94.992476, 29.7549265, 0.0 ], [ -94.9914011, 29.7542989, 0.0 ], [ -94.9909986, 29.7540639, 0.0 ], [ -94.9901182, 29.7530859, 0.0 ], [ -94.9895991, 29.7523791, 0.0 ], [ -94.9900976, 29.7529885, 0.0 ], [ -94.9905372, 29.751912, 0.0 ], [ -94.9893835, 29.7502987, 0.0 ], [ -94.9905775, 29.7519065, 0.0 ], [ -94.9914071, 29.75077, 0.0 ], [ -94.9922149, 29.7495119, 0.0 ], [ -94.990785, 29.748736, 0.0 ], [ -94.9890094, 29.7477726, 0.0 ], [ -94.9900967, 29.7462485, 0.0 ], [ -94.9913575, 29.7444813, 0.0 ], [ -94.9946357, 29.7398854, 0.0 ], [ -94.9949413, 29.7395291, 0.0 ], [ -94.9977973, 29.7354616, 0.0 ], [ -94.9992995, 29.7328653, 0.0 ], [ -95.003415, 29.73383, 0.0 ], [ -95.0035951, 29.7335625, 0.0 ], [ -95.0037604, 29.7335842, 0.0 ], [ -95.0044373, 29.7327224, 0.0 ], [ -95.0050838, 29.7317786, 0.0 ], [ -95.005674, 29.7309304, 0.0 ], [ -95.0062757, 29.7312596, 0.0 ], [ -95.0064843, 29.730999, 0.0 ], [ -95.0067775, 29.7311968, 0.0 ], [ -95.0070708, 29.731121, 0.0 ], [ -95.0072083, 29.7312528, 0.0 ], [ -95.0075167, 29.7314941, 0.0 ], [ -95.0085624, 29.730805, 0.0 ], [ -95.0087187, 29.7309017, 0.0 ], [ -95.0090452, 29.730639, 0.0 ], [ -95.0084139, 29.7302114, 0.0 ], [ -95.0091305, 29.7297355, 0.0 ], [ -95.0096026, 29.729577, 0.0 ], [ -95.0099818, 29.7296983, 0.0 ], [ -95.010308, 29.7297994, 0.0 ], [ -95.0110959, 29.7301375, 0.0 ], [ -95.0116373, 29.7297431, 0.0 ], [ -95.0111101, 29.7291588, 0.0 ], [ -95.0103282, 29.7286793, 0.0 ], [ -95.0097348, 29.7284167, 0.0 ], [ -95.0099694, 29.7271506, 0.0 ], [ -95.0070181, 29.7267417, 0.0 ], [ -95.0072339, 29.7254441, 0.0 ], [ -95.0056805, 29.7252058, 0.0 ], [ -95.0072347, 29.7254402, 0.0 ], [ -95.007605, 29.7231745, 0.0 ], [ -95.007635, 29.7229799, 0.0 ], [ -95.0077751, 29.7218782, 0.0 ], [ -95.0072908, 29.7216599, 0.0 ], [ -95.0064829, 29.7215035, 0.0 ], [ -95.0062178, 29.7213533, 0.0 ], [ -95.0052517, 29.7208452, 0.0 ], [ -95.0046946, 29.720639, 0.0 ], [ -95.0042515, 29.7203334, 0.0 ], [ -95.0035619, 29.7199373, 0.0 ], [ -95.003188, 29.7196039, 0.0 ], [ -95.0027499, 29.7192468, 0.0 ], [ -95.0023927, 29.718938, 0.0 ], [ -95.0019972, 29.7185026, 0.0 ], [ -95.0018323, 29.7182568, 0.0 ], [ -95.0015883, 29.7179996, 0.0 ], [ -95.0014463, 29.7176746, 0.0 ], [ -95.0013593, 29.7174725, 0.0 ], [ -95.0012993, 29.7171183, 0.0 ], [ -95.0003187, 29.7168016, 0.0 ], [ -94.9994509, 29.7164142, 0.0 ], [ -94.9990043, 29.716042, 0.0 ], [ -94.998468, 29.7163447, 0.0 ], [ -94.9972365, 29.7175465, 0.0 ], [ -94.9968793, 29.7180466, 0.0 ], [ -94.9962784, 29.7186955, 0.0 ], [ -94.9959351, 29.7190663, 0.0 ], [ -94.995843, 29.7191674, 0.0 ], [ -94.9958429, 29.7191674, 0.0 ] ] ] ] } },
{ "type": "Feature", "properties": { "TRACT": "ChelfordCity" }, "geometry": { "type": "Polygon", "coordinates": [ [ [ -95.6578334, 29.7094741, 0.0 ], [ -95.6612259, 29.7092093, 0.0 ], [ -95.666765, 29.7087769, 0.0 ], [ -95.6702684, 29.707864, 0.0 ], [ -95.6704391, 29.70802, 0.0 ], [ -95.670457, 29.7086676, 0.0 ], [ -95.676359, 29.7081995, 0.0 ], [ -95.6764218, 29.7045417, 0.0 ], [ -95.6763154, 29.7044798, 0.0 ], [ -95.6763081, 29.7044756, 0.0 ], [ -95.6759075, 29.7042426, 0.0 ], [ -95.6759072, 29.7042424, 0.0 ], [ -95.675905, 29.7042411, 0.0 ], [ -95.6758888, 29.7042317, 0.0 ], [ -95.6756661, 29.7041052, 0.0 ], [ -95.6746271, 29.703515, 0.0 ], [ -95.6742688, 29.7033114, 0.0 ], [ -95.6739942, 29.7031554, 0.0 ], [ -95.6738919, 29.7030973, 0.0 ], [ -95.6737001, 29.7029883, 0.0 ], [ -95.673515, 29.7028832, 0.0 ], [ -95.6733578, 29.7027939, 0.0 ], [ -95.6733303, 29.7027783, 0.0 ], [ -95.6732543, 29.7027351, 0.0 ], [ -95.6732055, 29.7027074, 0.0 ], [ -95.6729094, 29.7025392, 0.0 ], [ -95.6726328, 29.702382, 0.0 ], [ -95.6725929, 29.7023594, 0.0 ], [ -95.6725861, 29.7023555, 0.0 ], [ -95.6725861, 29.7023555, 0.0 ], [ -95.6725861, 29.7023555, 0.0 ], [ -95.6724327, 29.7022683, 0.0 ], [ -95.6723454, 29.7022188, 0.0 ], [ -95.6721172, 29.7020891, 0.0 ], [ -95.6721067, 29.7020832, 0.0 ], [ -95.6721051, 29.7020822, 0.0 ], [ -95.6710268, 29.7014724, 0.0 ], [ -95.6706861, 29.7012786, 0.0 ], [ -95.6706853, 29.7012781, 0.0 ], [ -95.6706851, 29.7012781, 0.0 ], [ -95.670685, 29.701278, 0.0 ], [ -95.6706094, 29.701235, 0.0 ], [ -95.6701595, 29.700979, 0.0 ], [ -95.6697863, 29.7007667, 0.0 ], [ -95.6685708, 29.7000752, 0.0 ], [ -95.6685672, 29.7000732, 0.0 ], [ -95.6648702, 29.6979936, 0.0 ], [ -95.6648528, 29.6979839, 0.0 ], [ -95.6648506, 29.6979826, 0.0 ], [ -95.6645422, 29.6978071, 0.0 ], [ -95.6645393, 29.6978054, 0.0 ], [ -95.6645321, 29.6978014, 0.0 ], [ -95.6639505, 29.6974734, 0.0 ], [ -95.661113, 29.6958733, 0.0 ], [ -95.6611098, 29.6958715, 0.0 ], [ -95.6606325, 29.6955992, 0.0 ], [ -95.6603656, 29.695447, 0.0 ], [ -95.6603256, 29.6954242, 0.0 ], [ -95.660234, 29.6953719, 0.0 ], [ -95.660011, 29.6952448, 0.0 ], [ -95.6598514, 29.6951537, 0.0 ], [ -95.6597733, 29.6951092, 0.0 ], [ -95.6595379, 29.6949749, 0.0 ], [ -95.6592241, 29.6947959, 0.0 ], [ -95.659074, 29.6947103, 0.0 ], [ -95.6590262, 29.694683, 0.0 ], [ -95.6568642, 29.6934579, 0.0 ], [ -95.6565402, 29.6932751, 0.0 ], [ -95.6549544, 29.6923804, 0.0 ], [ -95.6549141, 29.6923574, 0.0 ], [ -95.6549062, 29.6923529, 0.0 ], [ -95.6549061, 29.6923529, 0.0 ], [ -95.654906, 29.6923528, 0.0 ], [ -95.6548905, 29.6923439, 0.0 ], [ -95.6548848, 29.692344, 0.0 ], [ -95.6517007, 29.6905503, 0.0 ], [ -95.651594, 29.6904919, 0.0 ], [ -95.651469, 29.6904234, 0.0 ], [ -95.651262, 29.6903101, 0.0 ], [ -95.6510131, 29.6901738, 0.0 ], [ -95.6509971, 29.6901651, 0.0 ], [ -95.6509874, 29.6901598, 0.0 ], [ -95.6502899, 29.6897779, 0.0 ], [ -95.650257, 29.6897592, 0.0 ], [ -95.6502541, 29.6897575, 0.0 ], [ -95.6498107, 29.6895043, 0.0 ], [ -95.6498019, 29.6894993, 0.0 ], [ -95.6490876, 29.6890915, 0.0 ], [ -95.6490746, 29.6890841, 0.0 ], [ -95.6488942, 29.6889811, 0.0 ], [ -95.648881, 29.6889736, 0.0 ], [ -95.6475175, 29.6881951, 0.0 ], [ -95.6475157, 29.688194, 0.0 ], [ -95.6475144, 29.6881933, 0.0 ], [ -95.6474954, 29.6881825, 0.0 ], [ -95.6474849, 29.6881766, 0.0 ], [ -95.6473865, 29.6881206, 0.0 ], [ -95.6459043, 29.6872785, 0.0 ], [ -95.6458156, 29.6872281, 0.0 ], [ -95.645657, 29.687138, 0.0 ], [ -95.6454984, 29.6870479, 0.0 ], [ -95.6454109, 29.6869981, 0.0 ], [ -95.645337, 29.6869562, 0.0 ], [ -95.645324, 29.6869488, 0.0 ], [ -95.6453239, 29.6869488, 0.0 ], [ -95.6452744, 29.6869209, 0.0 ], [ -95.6452591, 29.6869123, 0.0 ], [ -95.6439673, 29.686186, 0.0 ], [ -95.6439649, 29.6861846, 0.0 ], [ -95.6439642, 29.6861842, 0.0 ], [ -95.6439567, 29.6861801, 0.0 ], [ -95.6439567, 29.68621, 0.0 ], [ -95.6434472, 29.6872874, 0.0 ], [ -95.6434447, 29.6870918, 0.0 ], [ -95.6343807, 29.6871698, 0.0 ], [ -95.6344227, 29.6927637, 0.0 ], [ -95.6344399, 29.6950454, 0.0 ], [ -95.634523, 29.7060992, 0.0 ], [ -95.6312187, 29.7061163, 0.0 ], [ -95.6312456, 29.7116325, 0.0 ], [ -95.6343807, 29.7113985, 0.0 ], [ -95.6343754, 29.7110511, 0.0 ], [ -95.6345602, 29.7110481, 0.0 ], [ -95.6348788, 29.7110431, 0.0 ], [ -95.6356368, 29.7110311, 0.0 ], [ -95.6356294, 29.7112814, 0.0 ], [ -95.6408007, 29.7108889, 0.0 ], [ -95.6408011, 29.7108889, 0.0 ], [ -95.6443519, 29.7106236, 0.0 ], [ -95.644352, 29.7106338, 0.0 ], [ -95.6451724, 29.7105623, 0.0 ], [ -95.6500743, 29.7101345, 0.0 ], [ -95.6499934, 29.7054764, 0.0 ], [ -95.6516175, 29.7054533, 0.0 ], [ -95.6516733, 29.709955, 0.0 ], [ -95.6578334, 29.7094741, 0.0 ] ] ] } },
{ "type": "Feature", "properties": { "TRACT": "WestHCMUD6" }, "geometry": { "type": "Polygon", "coordinates": [ [ [ -95.6268925, 29.7356495, 0.0 ], [ -95.6272987, 29.7356434, 0.0 ], [ -95.6280983, 29.7356314, 0.0 ], [ -95.6301985, 29.7356, 0.0 ], [ -95.6313894, 29.7355822, 0.0 ], [ -95.6310929, 29.7222117, 0.0 ], [ -95.631596, 29.7222117, 0.0 ], [ -95.631578, 29.7192003, 0.0 ], [ -95.6307965, 29.7192003, 0.0 ], [ -95.6307875, 29.7186776, 0.0 ], [ -95.6293142, 29.7186698, 0.0 ], [ -95.6293502, 29.7198791, 0.0 ], [ -95.6293592, 29.7222273, 0.0 ], [ -95.6250293, 29.7222585, 0.0 ], [ -95.6251281, 29.7356758, 0.0 ], [ -95.6268925, 29.7356495, 0.0 ] ] ] } },
{ "type": "Feature", "properties": { "TRACT": "MUD304" }, "geometry": { "type": "MultiPolygon", "coordinates": [ [ [ [ -95.4686734, 29.9689081, 0.0 ], [ -95.4686275, 29.9667066, 0.0 ], [ -95.4712596, 29.9666754, 0.0 ], [ -95.4712865, 29.967905, 0.0 ], [ -95.473712, 29.9678428, 0.0 ], [ -95.4736401, 29.9645976, 0.0 ], [ -95.4730023, 29.9644419, 0.0 ], [ -95.4718884, 29.9644652, 0.0 ], [ -95.4707385, 29.9646598, 0.0 ], [ -95.4539221, 29.9649789, 0.0 ], [ -95.4541287, 29.9665898, 0.0 ], [ -95.4549641, 29.9681774, 0.0 ], [ -95.460363, 29.9733602, 0.0 ], [ -95.4664266, 29.9772276, 0.0 ], [ -95.4677831, 29.9784571, 0.0 ], [ -95.4687173, 29.9779279, 0.0 ], [ -95.4685287, 29.9776634, 0.0 ], [ -95.4684928, 29.976395, 0.0 ], [ -95.4680346, 29.9751033, 0.0 ], [ -95.469939, 29.9735469, 0.0 ], [ -95.4707655, 29.9741772, 0.0 ], [ -95.4711967, 29.9749398, 0.0 ], [ -95.4712236, 29.9737259, 0.0 ], [ -95.4738647, 29.9736636, 0.0 ], [ -95.4738377, 29.9723641, 0.0 ], [ -95.4712057, 29.9724108, 0.0 ], [ -95.4711518, 29.9709711, 0.0 ], [ -95.4687173, 29.9710178, 0.0 ], [ -95.468713, 29.9708112, 0.0 ], [ -95.4686734, 29.9689081, 0.0 ] ] ], [ [ [ -95.4649267, 29.980028, 0.0 ], [ -95.4675226, 29.9786049, 0.0 ], [ -95.4663458, 29.9775155, 0.0 ], [ -95.4610727, 29.9742395, 0.0 ], [ -95.4597521, 29.9732201, 0.0 ], [ -95.4540658, 29.973329, 0.0 ], [ -95.4540838, 29.9746908, 0.0 ], [ -95.4525207, 29.974722, 0.0 ], [ -95.4525027, 29.9823087, 0.0 ], [ -95.4609649, 29.9821998, 0.0 ], [ -95.4630667, 29.9810476, 0.0 ], [ -95.4649267, 29.980028, 0.0 ] ] ] ] } },
{ "type": "Feature", "properties": { "TRACT": "CityofWestUniversityPlace" }, "geometry": { "type": "Polygon", "coordinates": [ [ [ -95.4338535, 29.7250443, 0.0 ], [ -95.4362542, 29.7237743, 0.0 ], [ -95.4376601, 29.7230643, 0.0 ], [ -95.4431423, 29.7202954, 0.0 ], [ -95.4431439, 29.7203788, 0.0 ], [ -95.443144, 29.7203841, 0.0 ], [ -95.443144, 29.7203843, 0.0 ], [ -95.4431448, 29.7204243, 0.0 ], [ -95.4431481, 29.7206584, 0.0 ], [ -95.443151, 29.7209327, 0.0 ], [ -95.4431553, 29.7210962, 0.0 ], [ -95.4431633, 29.7213741, 0.0 ], [ -95.4431664, 29.7216467, 0.0 ], [ -95.4431708, 29.7218119, 0.0 ], [ -95.4431768, 29.7220874, 0.0 ], [ -95.443182, 29.7223612, 0.0 ], [ -95.443185, 29.7225275, 0.0 ], [ -95.4431921, 29.7228022, 0.0 ], [ -95.4431975, 29.7230769, 0.0 ], [ -95.4432006, 29.7232409, 0.0 ], [ -95.4432063, 29.7235156, 0.0 ], [ -95.4432131, 29.7237904, 0.0 ], [ -95.443216, 29.7239558, 0.0 ], [ -95.443216, 29.7239558, 0.0 ], [ -95.4432261, 29.7242317, 0.0 ], [ -95.4432261, 29.7242317, 0.0 ], [ -95.4432355, 29.7245031, 0.0 ], [ -95.4434193, 29.7245004, 0.0 ], [ -95.4435753, 29.7244981, 0.0 ], [ -95.4437321, 29.7244958, 0.0 ], [ -95.4438888, 29.7244935, 0.0 ], [ -95.4440448, 29.7244913, 0.0 ], [ -95.4442015, 29.724489, 0.0 ], [ -95.4443583, 29.7244867, 0.0 ], [ -95.4445467, 29.7244839, 0.0 ], [ -95.4447349, 29.7244802, 0.0 ], [ -95.4448929, 29.7244779, 0.0 ], [ -95.4450529, 29.7244755, 0.0 ], [ -95.4452136, 29.7244731, 0.0 ], [ -95.4453721, 29.7244708, 0.0 ], [ -95.4455322, 29.7244684, 0.0 ], [ -95.4456907, 29.7244661, 0.0 ], [ -95.4458514, 29.7244637, 0.0 ], [ -95.44601, 29.7244613, 0.0 ], [ -95.4461651, 29.7244592, 0.0 ], [ -95.4463203, 29.724457, 0.0 ], [ -95.4464748, 29.7244548, 0.0 ], [ -95.446634, 29.7244527, 0.0 ], [ -95.4467919, 29.7244506, 0.0 ], [ -95.4469511, 29.7244484, 0.0 ], [ -95.44711, 29.7244463, 0.0 ], [ -95.4472902, 29.7244439, 0.0 ], [ -95.4472902, 29.7244459, 0.0 ], [ -95.4472904, 29.7244534, 0.0 ], [ -95.4472918, 29.7245349, 0.0 ], [ -95.4472919, 29.7245444, 0.0 ], [ -95.4472942, 29.7245444, 0.0 ], [ -95.4476509, 29.7245396, 0.0 ], [ -95.447655, 29.7245396, 0.0 ], [ -95.4476561, 29.7245395, 0.0 ], [ -95.4476571, 29.7245395, 0.0 ], [ -95.4476574, 29.7245395, 0.0 ], [ -95.4476573, 29.724535, 0.0 ], [ -95.447655, 29.7244021, 0.0 ], [ -95.447655, 29.724402, 0.0 ], [ -95.4476521, 29.7242645, 0.0 ], [ -95.4476521, 29.7242645, 0.0 ], [ -95.4476521, 29.7242644, 0.0 ], [ -95.447652, 29.7242571, 0.0 ], [ -95.447652, 29.7242566, 0.0 ], [ -95.4476502, 29.7241332, 0.0 ], [ -95.4476502, 29.7241271, 0.0 ], [ -95.4476502, 29.724127, 0.0 ], [ -95.4476478, 29.7239896, 0.0 ], [ -95.44763, 29.7239898, 0.0 ], [ -95.44763, 29.7239898, 0.0 ], [ -95.4476284, 29.7239098, 0.0 ], [ -95.4476273, 29.7238565, 0.0 ], [ -95.4476273, 29.7238564, 0.0 ], [ -95.4476242, 29.7237197, 0.0 ], [ -95.4476242, 29.7237196, 0.0 ], [ -95.4476215, 29.7235823, 0.0 ], [ -95.4476215, 29.7235823, 0.0 ], [ -95.4476184, 29.7234449, 0.0 ], [ -95.4476184, 29.7234449, 0.0 ], [ -95.4476155, 29.7233069, 0.0 ], [ -95.4476155, 29.7233069, 0.0 ], [ -95.447612, 29.7231695, 0.0 ], [ -95.447612, 29.7231694, 0.0 ], [ -95.447609, 29.7230314, 0.0 ], [ -95.447609, 29.7230314, 0.0 ], [ -95.4476063, 29.722894, 0.0 ], [ -95.4476063, 29.722894, 0.0 ], [ -95.4476033, 29.7227566, 0.0 ], [ -95.4476033, 29.7227566, 0.0 ], [ -95.4476005, 29.7226186, 0.0 ], [ -95.4476005, 29.7226186, 0.0 ], [ -95.4476005, 29.7226181, 0.0 ], [ -95.4475975, 29.7224813, 0.0 ], [ -95.4475975, 29.7224812, 0.0 ], [ -95.4475937, 29.7223444, 0.0 ], [ -95.4475937, 29.7223444, 0.0 ], [ -95.4475911, 29.7222127, 0.0 ], [ -95.4475911, 29.7222127, 0.0 ], [ -95.4475882, 29.722069, 0.0 ], [ -95.4475882, 29.722069, 0.0 ], [ -95.4475855, 29.7219329, 0.0 ], [ -95.4475855, 29.7219329, 0.0 ], [ -95.4475827, 29.7217949, 0.0 ], [ -95.4475827, 29.7217949, 0.0 ], [ -95.4475794, 29.7216575, 0.0 ], [ -95.4475794, 29.7216574, 0.0 ], [ -95.4475762, 29.72152, 0.0 ], [ -95.4475761, 29.7215199, 0.0 ], [ -95.4475719, 29.7213134, 0.0 ], [ -95.4475719, 29.7213134, 0.0 ], [ -95.447568, 29.7211063, 0.0 ], [ -95.447568, 29.7211063, 0.0 ], [ -95.4475649, 29.7209702, 0.0 ], [ -95.4475649, 29.7209701, 0.0 ], [ -95.4475619, 29.7208322, 0.0 ], [ -95.4475619, 29.7208321, 0.0 ], [ -95.4475584, 29.7206947, 0.0 ], [ -95.4475584, 29.7206947, 0.0 ], [ -95.4475553, 29.7205573, 0.0 ], [ -95.4475553, 29.7205573, 0.0 ], [ -95.4475527, 29.7204193, 0.0 ], [ -95.4475527, 29.7204193, 0.0 ], [ -95.4475497, 29.7202819, 0.0 ], [ -95.4475497, 29.7202819, 0.0 ], [ -95.4475469, 29.7201439, 0.0 ], [ -95.4475469, 29.7201439, 0.0 ], [ -95.4475436, 29.7200065, 0.0 ], [ -95.4475436, 29.7200065, 0.0 ], [ -95.4475403, 29.7198691, 0.0 ], [ -95.4475403, 29.719869, 0.0 ], [ -95.4475374, 29.7197311, 0.0 ], [ -95.4475374, 29.719731, 0.0 ], [ -95.4475324, 29.7195101, 0.0 ], [ -95.4475324, 29.71951, 0.0 ], [ -95.4475289, 29.7193284, 0.0 ], [ -95.4475289, 29.7193283, 0.0 ], [ -95.4475258, 29.7191903, 0.0 ], [ -95.4475258, 29.7191903, 0.0 ], [ -95.4475224, 29.7190453, 0.0 ], [ -95.4475224, 29.7190453, 0.0 ], [ -95.4475194, 29.7189073, 0.0 ], [ -95.4475194, 29.7189073, 0.0 ], [ -95.4475165, 29.7187699, 0.0 ], [ -95.4475165, 29.7187699, 0.0 ], [ -95.4475139, 29.7186325, 0.0 ], [ -95.4475139, 29.7186325, 0.0 ], [ -95.4475108, 29.7185022, 0.0 ], [ -95.4475108, 29.7185021, 0.0 ], [ -95.4475031, 29.7181717, 0.0 ], [ -95.4475031, 29.7181716, 0.0 ], [ -95.447503, 29.7181699, 0.0 ], [ -95.4474989, 29.7179434, 0.0 ], [ -95.4474982, 29.7179014, 0.0 ], [ -95.4474981, 29.7179013, 0.0 ], [ -95.4474398, 29.7151334, 0.0 ], [ -95.4474398, 29.7151334, 0.0 ], [ -95.447279, 29.7071189, 0.0 ], [ -95.447279, 29.7071189, 0.0 ], [ -95.4472737, 29.7068355, 0.0 ], [ -95.4472598, 29.7060871, 0.0 ], [ -95.4472598, 29.7060871, 0.0 ], [ -95.4472598, 29.7060856, 0.0 ], [ -95.4472564, 29.7059038, 0.0 ], [ -95.4472006, 29.7059044, 0.0 ], [ -95.4457296, 29.7059213, 0.0 ], [ -95.4457295, 29.7059213, 0.0 ], [ -95.4378097, 29.7060119, 0.0 ], [ -95.4378096, 29.706012, 0.0 ], [ -95.4378106, 29.706164, 0.0 ], [ -95.4378106, 29.7061641, 0.0 ], [ -95.4378129, 29.7063603, 0.0 ], [ -95.4378148, 29.7065243, 0.0 ], [ -95.437817, 29.7066742, 0.0 ], [ -95.4378191, 29.7068181, 0.0 ], [ -95.4378211, 29.7069533, 0.0 ], [ -95.4378233, 29.7070827, 0.0 ], [ -95.4378252, 29.7071947, 0.0 ], [ -95.4378255, 29.7072102, 0.0 ], [ -95.4378261, 29.7072465, 0.0 ], [ -95.4378276, 29.7073455, 0.0 ], [ -95.4378281, 29.7073818, 0.0 ], [ -95.4378286, 29.707504, 0.0 ], [ -95.437829, 29.7075189, 0.0 ], [ -95.4378304, 29.7076538, 0.0 ], [ -95.4378303, 29.7076568, 0.0 ], [ -95.4378334, 29.7078065, 0.0 ], [ -95.4378358, 29.707942, 0.0 ], [ -95.4378371, 29.7080143, 0.0 ], [ -95.4378376, 29.7080783, 0.0 ], [ -95.4378385, 29.7082208, 0.0 ], [ -95.4378401, 29.7083592, 0.0 ], [ -95.4378395, 29.7083724, 0.0 ], [ -95.4378419, 29.7084987, 0.0 ], [ -95.4378428, 29.7086461, 0.0 ], [ -95.4378433, 29.7086505, 0.0 ], [ -95.4378461, 29.708788, 0.0 ], [ -95.4378454, 29.7087898, 0.0 ], [ -95.4378469, 29.7089416, 0.0 ], [ -95.4378483, 29.7090607, 0.0 ], [ -95.4378479, 29.7090637, 0.0 ], [ -95.4378494, 29.709187, 0.0 ], [ -95.4378512, 29.7093258, 0.0 ], [ -95.4378545, 29.709338, 0.0 ], [ -95.4378571, 29.709469, 0.0 ], [ -95.4378582, 29.7095022, 0.0 ], [ -95.4378598, 29.709621, 0.0 ], [ -95.4378612, 29.7097768, 0.0 ], [ -95.4378616, 29.7098159, 0.0 ], [ -95.4378633, 29.7100152, 0.0 ], [ -95.437864, 29.7100516, 0.0 ], [ -95.4378662, 29.7102076, 0.0 ], [ -95.4378664, 29.7102167, 0.0 ], [ -95.437867, 29.7103481, 0.0 ], [ -95.4378674, 29.7104059, 0.0 ], [ -95.4378683, 29.7104921, 0.0 ], [ -95.4378696, 29.7106065, 0.0 ], [ -95.4378794, 29.7107673, 0.0 ], [ -95.4378784, 29.7108047, 0.0 ], [ -95.4378751, 29.710931, 0.0 ], [ -95.4378742, 29.7109477, 0.0 ], [ -95.4378711, 29.7110027, 0.0 ], [ -95.4378757, 29.7112042, 0.0 ], [ -95.4378801, 29.7113971, 0.0 ], [ -95.4378813, 29.7114146, 0.0 ], [ -95.437886, 29.7114826, 0.0 ], [ -95.4378849, 29.7115894, 0.0 ], [ -95.4378859, 29.7116562, 0.0 ], [ -95.4378867, 29.7117415, 0.0 ], [ -95.4378889, 29.7118933, 0.0 ], [ -95.4378888, 29.7119239, 0.0 ], [ -95.4378887, 29.7119324, 0.0 ], [ -95.4378909, 29.7121135, 0.0 ], [ -95.4378918, 29.7122059, 0.0 ], [ -95.4378938, 29.7122864, 0.0 ], [ -95.4378971, 29.7123491, 0.0 ], [ -95.437899, 29.7124239, 0.0 ], [ -95.4379049, 29.7125589, 0.0 ], [ -95.437906, 29.7125887, 0.0 ], [ -95.437908, 29.7126994, 0.0 ], [ -95.4379163, 29.7128648, 0.0 ], [ -95.4379178, 29.7128809, 0.0 ], [ -95.43792, 29.7129034, 0.0 ], [ -95.4379184, 29.7129397, 0.0 ], [ -95.4379134, 29.7130571, 0.0 ], [ -95.4379174, 29.7132091, 0.0 ], [ -95.437921, 29.7133458, 0.0 ], [ -95.4379215, 29.7133677, 0.0 ], [ -95.4379231, 29.7134273, 0.0 ], [ -95.4379246, 29.7134838, 0.0 ], [ -95.4379286, 29.7136213, 0.0 ], [ -95.4379305, 29.7136845, 0.0 ], [ -95.4379326, 29.7137587, 0.0 ], [ -95.4379313, 29.7138497, 0.0 ], [ -95.4379283, 29.7140887, 0.0 ], [ -95.4379297, 29.7141621, 0.0 ], [ -95.4379276, 29.7142323, 0.0 ], [ -95.4379274, 29.714365, 0.0 ], [ -95.4379296, 29.7144772, 0.0 ], [ -95.4379297, 29.7144811, 0.0 ], [ -95.4379332, 29.7146318, 0.0 ], [ -95.4379335, 29.7146453, 0.0 ], [ -95.4379332, 29.7146455, 0.0 ], [ -95.4376981, 29.7147826, 0.0 ], [ -95.4376021, 29.7148417, 0.0 ], [ -95.4376019, 29.7148417, 0.0 ], [ -95.4343465, 29.7148754, 0.0 ], [ -95.4332687, 29.7148866, 0.0 ], [ -95.4332654, 29.7147656, 0.0 ], [ -95.4332642, 29.7146589, 0.0 ], [ -95.4332638, 29.7146309, 0.0 ], [ -95.4332635, 29.7145998, 0.0 ], [ -95.4332618, 29.7144623, 0.0 ], [ -95.4332614, 29.7144266, 0.0 ], [ -95.4332598, 29.7142891, 0.0 ], [ -95.4332582, 29.7141516, 0.0 ], [ -95.4332575, 29.7140966, 0.0 ], [ -95.4332565, 29.7140141, 0.0 ], [ -95.4332559, 29.7139591, 0.0 ], [ -95.4332542, 29.7138216, 0.0 ], [ -95.4332526, 29.7136841, 0.0 ], [ -95.433251, 29.7135466, 0.0 ], [ -95.4332493, 29.7134091, 0.0 ], [ -95.4332477, 29.7132716, 0.0 ], [ -95.4332459, 29.7131204, 0.0 ], [ -95.4332443, 29.7129829, 0.0 ], [ -95.4332436, 29.7129279, 0.0 ], [ -95.4332423, 29.7128142, 0.0 ], [ -95.433242, 29.7127904, 0.0 ], [ -95.4332417, 29.7127629, 0.0 ], [ -95.43324, 29.7126254, 0.0 ], [ -95.4332384, 29.7124879, 0.0 ], [ -95.4332386, 29.7124779, 0.0 ], [ -95.4332378, 29.7124274, 0.0 ], [ -95.4332375, 29.7124127, 0.0 ], [ -95.4332368, 29.7123504, 0.0 ], [ -95.4332366, 29.7123368, 0.0 ], [ -95.4332348, 29.7121854, 0.0 ], [ -95.4332325, 29.7119929, 0.0 ], [ -95.4332306, 29.7118279, 0.0 ], [ -95.4332289, 29.7116904, 0.0 ], [ -95.4332261, 29.7114925, 0.0 ], [ -95.4332232, 29.7112945, 0.0 ], [ -95.4332204, 29.7110965, 0.0 ], [ -95.4332175, 29.7108985, 0.0 ], [ -95.4332147, 29.7107005, 0.0 ], [ -95.4332118, 29.7105025, 0.0 ], [ -95.4332089, 29.7103045, 0.0 ], [ -95.4332061, 29.7101065, 0.0 ], [ -95.4332032, 29.7099086, 0.0 ], [ -95.4332004, 29.7097106, 0.0 ], [ -95.433198, 29.7095456, 0.0 ], [ -95.4331957, 29.7093888, 0.0 ], [ -95.4331935, 29.7092321, 0.0 ], [ -95.4331912, 29.7090754, 0.0 ], [ -95.433189, 29.7089186, 0.0 ], [ -95.4331861, 29.7087206, 0.0 ], [ -95.4331839, 29.7085694, 0.0 ], [ -95.4331819, 29.7084319, 0.0 ], [ -95.4331799, 29.7082944, 0.0 ], [ -95.433178, 29.7081569, 0.0 ], [ -95.433176, 29.7080194, 0.0 ], [ -95.433174, 29.7078819, 0.0 ], [ -95.4331718, 29.7077307, 0.0 ], [ -95.4331696, 29.7075794, 0.0 ], [ -95.4331677, 29.707442, 0.0 ], [ -95.4331667, 29.7073782, 0.0 ], [ -95.4331657, 29.7073045, 0.0 ], [ -95.4331651, 29.7072678, 0.0 ], [ -95.4331637, 29.707167, 0.0 ], [ -95.4331617, 29.7070295, 0.0 ], [ -95.4331597, 29.706892, 0.0 ], [ -95.4331575, 29.7067407, 0.0 ], [ -95.4331554, 29.7065895, 0.0 ], [ -95.4331552, 29.7065758, 0.0 ], [ -95.4331532, 29.7064383, 0.0 ], [ -95.4331528, 29.7064091, 0.0 ], [ -95.4331504, 29.7062441, 0.0 ], [ -95.4331499, 29.7062136, 0.0 ], [ -95.4331499, 29.7062135, 0.0 ], [ -95.4331499, 29.7062134, 0.0 ], [ -95.4331473, 29.7062134, 0.0 ], [ -95.4329084, 29.7062111, 0.0 ], [ -95.4327882, 29.7062099, 0.0 ], [ -95.4327196, 29.7062093, 0.0 ], [ -95.432649, 29.7062089, 0.0 ], [ -95.4325817, 29.7062085, 0.0 ], [ -95.4325122, 29.7062082, 0.0 ], [ -95.4324411, 29.7062079, 0.0 ], [ -95.4323942, 29.7062077, 0.0 ], [ -95.4323571, 29.7062076, 0.0 ], [ -95.4321155, 29.7062067, 0.0 ], [ -95.4319579, 29.7062068, 0.0 ], [ -95.4318693, 29.7062072, 0.0 ], [ -95.4318634, 29.7062072, 0.0 ], [ -95.431783, 29.7062076, 0.0 ], [ -95.4317686, 29.7062077, 0.0 ], [ -95.4317052, 29.706208, 0.0 ], [ -95.4316744, 29.7062082, 0.0 ], [ -95.4316737, 29.7062082, 0.0 ], [ -95.4316274, 29.7062084, 0.0 ], [ -95.4315794, 29.7062086, 0.0 ], [ -95.4315496, 29.7062088, 0.0 ], [ -95.4314854, 29.7062091, 0.0 ], [ -95.431475, 29.7062092, 0.0 ], [ -95.4314718, 29.7062092, 0.0 ], [ -95.4313917, 29.7062096, 0.0 ], [ -95.4313909, 29.7062096, 0.0 ], [ -95.4313011, 29.70621, 0.0 ], [ -95.4312996, 29.7062101, 0.0 ], [ -95.4312964, 29.7062101, 0.0 ], [ -95.4312223, 29.7062104, 0.0 ], [ -95.4312127, 29.7062105, 0.0 ], [ -95.4312019, 29.7062105, 0.0 ], [ -95.4311436, 29.7062108, 0.0 ], [ -95.4311278, 29.7062109, 0.0 ], [ -95.4311073, 29.706211, 0.0 ], [ -95.4310137, 29.7062115, 0.0 ], [ -95.4310128, 29.7062115, 0.0 ], [ -95.4310128, 29.7062115, 0.0 ], [ -95.4308193, 29.706224, 0.0 ], [ -95.4308192, 29.706224, 0.0 ], [ -95.4305043, 29.7062273, 0.0 ], [ -95.4305043, 29.7062273, 0.0 ], [ -95.4302003, 29.7062306, 0.0 ], [ -95.4302002, 29.7062306, 0.0 ], [ -95.4301972, 29.7062306, 0.0 ], [ -95.4301971, 29.7062306, 0.0 ], [ -95.4298857, 29.706234, 0.0 ], [ -95.4298853, 29.7062339, 0.0 ], [ -95.4298835, 29.7062338, 0.0 ], [ -95.4297289, 29.7062271, 0.0 ], [ -95.4296983, 29.7062274, 0.0 ], [ -95.4296981, 29.7062274, 0.0 ], [ -95.429698, 29.7062274, 0.0 ], [ -95.429698, 29.7062274, 0.0 ], [ -95.4296979, 29.7062274, 0.0 ], [ -95.4296976, 29.7062274, 0.0 ], [ -95.4296976, 29.7062274, 0.0 ], [ -95.4293843, 29.7062295, 0.0 ], [ -95.4293842, 29.7062295, 0.0 ], [ -95.4293085, 29.70623, 0.0 ], [ -95.4293084, 29.7062301, 0.0 ], [ -95.4292813, 29.7062302, 0.0 ], [ -95.4292812, 29.7062302, 0.0 ], [ -95.4291847, 29.7062309, 0.0 ], [ -95.4291846, 29.7062309, 0.0 ], [ -95.4290895, 29.7062316, 0.0 ], [ -95.4290895, 29.7062316, 0.0 ], [ -95.428988, 29.7062323, 0.0 ], [ -95.4289879, 29.7062323, 0.0 ], [ -95.4288913, 29.7062329, 0.0 ], [ -95.4288912, 29.7062329, 0.0 ], [ -95.4287577, 29.7062338, 0.0 ], [ -95.4287576, 29.7062338, 0.0 ], [ -95.4285697, 29.7062354, 0.0 ], [ -95.4285696, 29.7062354, 0.0 ], [ -95.4284417, 29.7062363, 0.0 ], [ -95.4284416, 29.7062363, 0.0 ], [ -95.4283473, 29.7062369, 0.0 ], [ -95.4283472, 29.7062369, 0.0 ], [ -95.42825, 29.7062376, 0.0 ], [ -95.4282499, 29.7062376, 0.0 ], [ -95.4281456, 29.7062383, 0.0 ], [ -95.4281455, 29.7062383, 0.0 ], [ -95.4280453, 29.706239, 0.0 ], [ -95.4280452, 29.706239, 0.0 ], [ -95.4279437, 29.7062397, 0.0 ], [ -95.4279436, 29.7062397, 0.0 ], [ -95.4276266, 29.706242, 0.0 ], [ -95.4276265, 29.706242, 0.0 ], [ -95.4273135, 29.7062547, 0.0 ], [ -95.4271781, 29.7062559, 0.0 ], [ -95.427178, 29.7062559, 0.0 ], [ -95.4271144, 29.7062565, 0.0 ], [ -95.4271143, 29.7062565, 0.0 ], [ -95.4270523, 29.7062571, 0.0 ], [ -95.4270522, 29.7062571, 0.0 ], [ -95.4269901, 29.7062577, 0.0 ], [ -95.42699, 29.7062577, 0.0 ], [ -95.426928, 29.7062582, 0.0 ], [ -95.426928, 29.7062582, 0.0 ], [ -95.4268666, 29.7062588, 0.0 ], [ -95.4268665, 29.7062588, 0.0 ], [ -95.4268044, 29.7062594, 0.0 ], [ -95.4268043, 29.7062594, 0.0 ], [ -95.4267408, 29.70626, 0.0 ], [ -95.4267407, 29.70626, 0.0 ], [ -95.4266772, 29.7062605, 0.0 ], [ -95.4266771, 29.7062605, 0.0 ], [ -95.4265394, 29.7062618, 0.0 ], [ -95.4265393, 29.7062618, 0.0 ], [ -95.4264233, 29.7062629, 0.0 ], [ -95.4264232, 29.7062629, 0.0 ], [ -95.4263196, 29.7062638, 0.0 ], [ -95.4263195, 29.7062638, 0.0 ], [ -95.4262376, 29.7062645, 0.0 ], [ -95.4262375, 29.7062645, 0.0 ], [ -95.4261557, 29.7062653, 0.0 ], [ -95.4261556, 29.7062653, 0.0 ], [ -95.4260473, 29.7062663, 0.0 ], [ -95.4260472, 29.7062663, 0.0 ], [ -95.4258519, 29.7062677, 0.0 ], [ -95.4258519, 29.7062677, 0.0 ], [ -95.4255365, 29.7062703, 0.0 ], [ -95.4255364, 29.7062703, 0.0 ], [ -95.425398, 29.7062715, 0.0 ], [ -95.4253979, 29.7062715, 0.0 ], [ -95.425274, 29.7062725, 0.0 ], [ -95.4252739, 29.7062725, 0.0 ], [ -95.4251523, 29.7062735, 0.0 ], [ -95.4251522, 29.7062735, 0.0 ], [ -95.4250472, 29.7062744, 0.0 ], [ -95.4250471, 29.7062744, 0.0 ], [ -95.4249428, 29.7062752, 0.0 ], [ -95.4249427, 29.7062752, 0.0 ], [ -95.4248428, 29.7062761, 0.0 ], [ -95.4248427, 29.7062761, 0.0 ], [ -95.4247413, 29.7062769, 0.0 ], [ -95.4247412, 29.7062769, 0.0 ], [ -95.4245927, 29.7062781, 0.0 ], [ -95.4245926, 29.7062781, 0.0 ], [ -95.4244033, 29.7062885, 0.0 ], [ -95.4244032, 29.7062885, 0.0 ], [ -95.4240879, 29.7062914, 0.0 ], [ -95.4240878, 29.7062914, 0.0 ], [ -95.4237725, 29.7062942, 0.0 ], [ -95.4237724, 29.7062942, 0.0 ], [ -95.4234585, 29.7062971, 0.0 ], [ -95.4234584, 29.7062971, 0.0 ], [ -95.4231435, 29.7063, 0.0 ], [ -95.4231434, 29.7063, 0.0 ], [ -95.4229536, 29.7062872, 0.0 ], [ -95.4229535, 29.7062872, 0.0 ], [ -95.4226078, 29.7062892, 0.0 ], [ -95.4226077, 29.7062892, 0.0 ], [ -95.4224174, 29.7062913, 0.0 ], [ -95.4223412, 29.7062921, 0.0 ], [ -95.4222162, 29.7062933, 0.0 ], [ -95.4221115, 29.7062944, 0.0 ], [ -95.4219973, 29.7062955, 0.0 ], [ -95.4219089, 29.7062965, 0.0 ], [ -95.4219007, 29.7062965, 0.0 ], [ -95.4218925, 29.7062966, 0.0 ], [ -95.4217879, 29.7062979, 0.0 ], [ -95.4217118, 29.7062988, 0.0 ], [ -95.4216882, 29.706299, 0.0 ], [ -95.4216559, 29.7062993, 0.0 ], [ -95.4214986, 29.7063008, 0.0 ], [ -95.4213913, 29.7063018, 0.0 ], [ -95.4212522, 29.7063031, 0.0 ], [ -95.4211848, 29.7063037, 0.0 ], [ -95.4210268, 29.7063051, 0.0 ], [ -95.4208693, 29.7063066, 0.0 ], [ -95.4207129, 29.706308, 0.0 ], [ -95.4205556, 29.7063095, 0.0 ], [ -95.4202255, 29.7063125, 0.0 ], [ -95.4199712, 29.7063148, 0.0 ], [ -95.4198048, 29.7063156, 0.0 ], [ -95.4198034, 29.7063156, 0.0 ], [ -95.4196591, 29.7063163, 0.0 ], [ -95.4194961, 29.7063171, 0.0 ], [ -95.4193109, 29.7063179, 0.0 ], [ -95.4192678, 29.7063182, 0.0 ], [ -95.4191653, 29.7063186, 0.0 ], [ -95.4190031, 29.7063194, 0.0 ], [ -95.4188563, 29.7063201, 0.0 ], [ -95.418699, 29.7063209, 0.0 ], [ -95.4184482, 29.7063221, 0.0 ], [ -95.4182762, 29.7063217, 0.0 ], [ -95.4182731, 29.7063217, 0.0 ], [ -95.4183112, 29.7084549, 0.0 ], [ -95.4183808, 29.7125494, 0.0 ], [ -95.4185672, 29.725397, 0.0 ], [ -95.4185682, 29.7254624, 0.0 ], [ -95.421064, 29.7254285, 0.0 ], [ -95.4332078, 29.7252628, 0.0 ], [ -95.4333027, 29.7252615, 0.0 ], [ -95.4334466, 29.7252596, 0.0 ], [ -95.4334504, 29.7252575, 0.0 ], [ -95.4334507, 29.7252574, 0.0 ], [ -95.4336173, 29.7251692, 0.0 ], [ -95.4338535, 29.7250443, 0.0 ] ] ] } },
{ "type": "Feature", "properties": { "TRACT": "CJOB" }, "geometry": { "type": "MultiPolygon", "coordinates": [ [ [ [ -95.6405815, 29.8783289, 0.0 ], [ -95.6405699, 29.8769695, 0.0 ], [ -95.6405561, 29.8753477, 0.0 ], [ -95.6403135, 29.8753477, 0.0 ], [ -95.6391367, 29.8753711, 0.0 ], [ -95.6391816, 29.8790632, 0.0 ], [ -95.6402866, 29.8790554, 0.0 ], [ -95.6402776, 29.878518, 0.0 ], [ -95.640583, 29.8785102, 0.0 ], [ -95.6405815, 29.8783289, 0.0 ] ] ], [ [ [ -95.6406822, 29.891768, 0.0 ], [ -95.6419346, 29.889772, 0.0 ], [ -95.643278, 29.8876309, 0.0 ], [ -95.6443739, 29.8851853, 0.0 ], [ -95.6450836, 29.8822022, 0.0 ], [ -95.6451644, 29.8798655, 0.0 ], [ -95.6451465, 29.8792813, 0.0 ], [ -95.6449937, 29.8792813, 0.0 ], [ -95.6374659, 29.8792891, 0.0 ], [ -95.6375647, 29.8864704, 0.0 ], [ -95.6381755, 29.8868442, 0.0 ], [ -95.6387325, 29.8876075, 0.0 ], [ -95.64061, 29.8918833, 0.0 ], [ -95.6406822, 29.891768, 0.0 ] ] ], [ [ [ -95.6353848, 29.8941051, 0.0 ], [ -95.6346272, 29.8941187, 0.0 ], [ -95.6311597, 29.8941807, 0.0 ], [ -95.6282851, 29.8942274, 0.0 ], [ -95.6281683, 29.8955202, 0.0 ], [ -95.6282671, 29.9057529, 0.0 ], [ -95.631519, 29.9057373, 0.0 ], [ -95.6391367, 29.8939003, 0.0 ], [ -95.6385259, 29.8938458, 0.0 ], [ -95.6376904, 29.8940639, 0.0 ], [ -95.6353848, 29.8941051, 0.0 ] ] ], [ [ [ -95.627952, 29.9064687, 0.0 ], [ -95.6279363, 29.9063348, 0.0 ], [ -95.6278719, 29.905784, 0.0 ], [ -95.6262459, 29.9057763, 0.0 ], [ -95.6262369, 29.9068742, 0.0 ], [ -95.6279976, 29.9068586, 0.0 ], [ -95.627952, 29.9064687, 0.0 ] ] ], [ [ [ -95.6200843, 29.9092657, 0.0 ], [ -95.6201588, 29.9077529, 0.0 ], [ -95.6202541, 29.9058152, 0.0 ], [ -95.6142534, 29.9058152, 0.0 ], [ -95.6107949, 29.9035647, 0.0 ], [ -95.6107949, 29.9056439, 0.0 ], [ -95.610184, 29.9056439, 0.0 ], [ -95.6090611, 29.9068509, 0.0 ], [ -95.6122142, 29.9090779, 0.0 ], [ -95.6142714, 29.9090623, 0.0 ], [ -95.6142803, 29.910534, 0.0 ], [ -95.6147205, 29.9108377, 0.0 ], [ -95.6155739, 29.9100279, 0.0 ], [ -95.6175053, 29.9100434, 0.0 ], [ -95.6174963, 29.9104717, 0.0 ], [ -95.619284, 29.9104639, 0.0 ], [ -95.6194726, 29.9103004, 0.0 ], [ -95.6200296, 29.9103783, 0.0 ], [ -95.6200843, 29.9092657, 0.0 ] ] ], [ [ [ -95.6287723, 29.9084323, 0.0 ], [ -95.6287723, 29.9084322, 0.0 ], [ -95.628537, 29.9080687, 0.0 ], [ -95.6281054, 29.9070533, 0.0 ], [ -95.6251769, 29.9070611, 0.0 ], [ -95.6250691, 29.9071545, 0.0 ], [ -95.6249793, 29.9100824, 0.0 ], [ -95.6252847, 29.910861, 0.0 ], [ -95.6259854, 29.9116708, 0.0 ], [ -95.6278269, 29.9103393, 0.0 ], [ -95.6291834, 29.9090545, 0.0 ], [ -95.6287723, 29.9084323, 0.0 ] ] ], [ [ [ -95.6277676, 29.9147175, 0.0 ], [ -95.6303363, 29.9146965, 0.0 ], [ -95.6413645, 29.9146063, 0.0 ], [ -95.641313, 29.9082056, 0.0 ], [ -95.6535637, 29.9081357, 0.0 ], [ -95.653393, 29.8954657, 0.0 ], [ -95.6559255, 29.8954545, 0.0 ], [ -95.6576327, 29.8954279, 0.0 ], [ -95.6685027, 29.8953255, 0.0 ], [ -95.6684301, 29.890253, 0.0 ], [ -95.6683859, 29.8871558, 0.0 ], [ -95.6534648, 29.8872722, 0.0 ], [ -95.6534, 29.8823977, 0.0 ], [ -95.6533571, 29.8791723, 0.0 ], [ -95.6455327, 29.8792735, 0.0 ], [ -95.6454159, 29.8826306, 0.0 ], [ -95.6450117, 29.8845933, 0.0 ], [ -95.644329, 29.8864081, 0.0 ], [ -95.6422898, 29.8899596, 0.0 ], [ -95.6321299, 29.9057685, 0.0 ], [ -95.6310429, 29.9074349, 0.0 ], [ -95.6300009, 29.9087041, 0.0 ], [ -95.6274496, 29.9110791, 0.0 ], [ -95.6250601, 29.9125974, 0.0 ], [ -95.6211345, 29.9146063, 0.0 ], [ -95.6204069, 29.9147776, 0.0 ], [ -95.6277676, 29.9147175, 0.0 ] ] ] ] } },
{ "type": "Feature", "properties": { "TRACT": "MUD33" }, "geometry": { "type": "Polygon", "coordinates": [ [ [ -95.4570186, 29.9502128, 0.0 ], [ -95.463694, 29.9501431, 0.0 ], [ -95.464689, 29.9501327, 0.0 ], [ -95.464653, 29.948, 0.0 ], [ -95.4678241, 29.9479533, 0.0 ], [ -95.4634673, 29.9422399, 0.0 ], [ -95.4637727, 29.9421464, 0.0 ], [ -95.4661083, 29.9421231, 0.0 ], [ -95.4684619, 29.944108, 0.0 ], [ -95.4736991, 29.9446763, 0.0 ], [ -95.4734296, 29.9355141, 0.0 ], [ -95.4658747, 29.9356231, 0.0 ], [ -95.4659197, 29.9374369, 0.0 ], [ -95.4595147, 29.9374136, 0.0 ], [ -95.451331, 29.9376004, 0.0 ], [ -95.4514208, 29.9422321, 0.0 ], [ -95.4587241, 29.9421854, 0.0 ], [ -95.4587273, 29.9435302, 0.0 ], [ -95.4548393, 29.9460355, 0.0 ], [ -95.4512142, 29.9460618, 0.0 ], [ -95.4512771, 29.9502728, 0.0 ], [ -95.4570186, 29.9502128, 0.0 ] ] ] } },
{ "type": "Feature", "properties": { "TRACT": "TrailoftheLakes" }, "geometry": { "type": "Polygon", "coordinates": [ [ [ -95.2114738, 29.9819949, 0.0 ], [ -95.2124869, 29.9816587, 0.0 ], [ -95.2124803, 29.9815254, 0.0 ], [ -95.213385, 29.9811034, 0.0 ], [ -95.2137836, 29.9810989, 0.0 ], [ -95.2158398, 29.9811218, 0.0 ], [ -95.2190895, 29.9811218, 0.0 ], [ -95.2190895, 29.9811167, 0.0 ], [ -95.2190568, 29.9791605, 0.0 ], [ -95.2190579, 29.9792048, 0.0 ], [ -95.2190706, 29.9767633, 0.0 ], [ -95.2190626, 29.9631069, 0.0 ], [ -95.2052645, 29.9632703, 0.0 ], [ -95.2053183, 29.9746477, 0.0 ], [ -95.1984822, 29.9746321, 0.0 ], [ -95.1978084, 29.97478, 0.0 ], [ -95.1973593, 29.9751302, 0.0 ], [ -95.1959734, 29.9748393, 0.0 ], [ -95.1931911, 29.9740719, 0.0 ], [ -95.1915382, 29.9777447, 0.0 ], [ -95.1912148, 29.9787485, 0.0 ], [ -95.1934157, 29.979122, 0.0 ], [ -95.1953352, 29.9791426, 0.0 ], [ -95.1968225, 29.9789914, 0.0 ], [ -95.1975389, 29.9788886, 0.0 ], [ -95.2018149, 29.9778848, 0.0 ], [ -95.2053273, 29.9777525, 0.0 ], [ -95.2053722, 29.9810362, 0.0 ], [ -95.2060179, 29.9810745, 0.0 ], [ -95.2064166, 29.9830242, 0.0 ], [ -95.2064143, 29.983674, 0.0 ], [ -95.2114738, 29.9819949, 0.0 ] ] ] } }
]
}
