{
"type": "FeatureCollection",
"name": "final_coh_wastewater_service_areas",
"features": [
{ "type": "Feature", "properties": { "OBJECTID": 1, "TRACT": "MC MUD #48", "SERVICE_CO": "MP", "AREA_AC": 1644, "SHAPE_LENG": 52051.6707121, "INSIDE_X": -95.25571894, "INSIDE_Y": 30.05361207, "SHAPE_LE_1": 51989.708809800002, "LAT": 30.05360681, "LONG_": -95.25571195000001, "GLOBALID": "{40D151FA-B72D-4170-B858-D45495423D1F}", "SHAPESTLen": 51989.708809856165 }, "geometry": { "type": "Polygon", "coordinates": [ [ [ -95.2456213, 30.071542 ], [ -95.247846, 30.0716223 ], [ -95.2499956, 30.0716581 ], [ -95.2499965, 30.0714839 ], [ -95.25414, 30.0714213 ], [ -95.2553756, 30.0714121 ], [ -95.2604476, 30.0714102 ], [ -95.2628099, 30.0713965 ], [ -95.2627493, 30.0689848 ], [ -95.2626449, 30.0681679 ], [ -95.2626383, 30.0665451 ], [ -95.2625255, 30.0634766 ], [ -95.2625946, 30.0621278 ], [ -95.2624904, 30.0604431 ], [ -95.261377, 30.060382 ], [ -95.2613942, 30.0575826 ], [ -95.2627606, 30.0576181 ], [ -95.2627903, 30.0603383 ], [ -95.2652773, 30.0597605 ], [ -95.2642027, 30.0589059 ], [ -95.2639541, 30.0518183 ], [ -95.2627104, 30.0518394 ], [ -95.2627041, 30.0505917 ], [ -95.2627014, 30.0502985 ], [ -95.2626005, 30.0434048 ], [ -95.2625992, 30.0433774 ], [ -95.262597, 30.0433498 ], [ -95.2625941, 30.0433224 ], [ -95.2625911, 30.0432952 ], [ -95.2625874, 30.0432677 ], [ -95.2625828, 30.0432404 ], [ -95.2625783, 30.0432131 ], [ -95.2625738, 30.043186 ], [ -95.2625677, 30.0431588 ], [ -95.2625623, 30.0431319 ], [ -95.2625554, 30.0431048 ], [ -95.2625493, 30.0430779 ], [ -95.2625416, 30.0430512 ], [ -95.2625339, 30.0430245 ], [ -95.2625254, 30.0429977 ], [ -95.2625168, 30.0429714 ], [ -95.2625097, 30.0429504 ], [ -95.2625083, 30.042945 ], [ -95.2711447, 30.0429416 ], [ -95.2711315, 30.0425823 ], [ -95.2709548, 30.0419402 ], [ -95.2707084, 30.0412573 ], [ -95.2703277, 30.0409184 ], [ -95.2695726, 30.0405007 ], [ -95.2688433, 30.0402342 ], [ -95.2681276, 30.040235 ], [ -95.2667019, 30.0398875 ], [ -95.2657879, 30.0386582 ], [ -95.2643238, 30.0361414 ], [ -95.2643444, 30.0355811 ], [ -95.2641582, 30.0350834 ], [ -95.2638356, 30.032311 ], [ -95.2628793, 30.0318056 ], [ -95.2622022, 30.0309797 ], [ -95.2615842, 30.0301937 ], [ -95.2604902, 30.029222 ], [ -95.2597434, 30.0290097 ], [ -95.2589808, 30.0287969 ], [ -95.2580127, 30.0287139 ], [ -95.2569219, 30.0283933 ], [ -95.2562839, 30.0310936 ], [ -95.2554809, 30.034492 ], [ -95.2539644, 30.0409096 ], [ -95.2537062, 30.0420018 ], [ -95.2537062, 30.0420022 ], [ -95.2535766, 30.0420042 ], [ -95.2536178, 30.0419371 ], [ -95.2517534, 30.0419487 ], [ -95.2512077, 30.0423918 ], [ -95.2508413, 30.0426894 ], [ -95.2506759, 30.0426514 ], [ -95.2502063, 30.043731 ], [ -95.2500138, 30.0441796 ], [ -95.2498327, 30.0445899 ], [ -95.249679, 30.045026 ], [ -95.2497208, 30.0452801 ], [ -95.2497216, 30.04533 ], [ -95.249729, 30.0457809 ], [ -95.2497492, 30.0471956 ], [ -95.2491054, 30.0469832 ], [ -95.2490991, 30.0469818 ], [ -95.2490977, 30.0469856 ], [ -95.2488128, 30.0477804 ], [ -95.2486547, 30.0481777 ], [ -95.2472417, 30.05198 ], [ -95.2475212, 30.0520075 ], [ -95.2472174, 30.0531522 ], [ -95.2477926, 30.0531554 ], [ -95.2478529, 30.0540994 ], [ -95.2468897, 30.0541187 ], [ -95.2462888, 30.0557531 ], [ -95.2498392, 30.0556455 ], [ -95.2498609, 30.0575925 ], [ -95.2460643, 30.057702 ], [ -95.2459084, 30.058229 ], [ -95.2453898, 30.0582466 ], [ -95.2449526, 30.0595677 ], [ -95.2444607, 30.0611496 ], [ -95.2441728, 30.0612089 ], [ -95.2439964, 30.061607 ], [ -95.2432179, 30.0638667 ], [ -95.2428719, 30.0648627 ], [ -95.2424352, 30.0660671 ], [ -95.2409998, 30.070326 ], [ -95.2448176, 30.0702744 ], [ -95.2456213, 30.071542 ] ] ] } },
{ "type": "Feature", "properties": { "OBJECTID": 2, "TRACT": "Blackhawk", "SERVICE_CO": "BA", "AREA_AC": 358, "SHAPE_LENG": 16768.640330499999, "INSIDE_X": -95.14892468, "INSIDE_Y": 29.54120203, "SHAPE_LE_1": 29703.885497499999, "LAT": 29.54429115, "LONG_": -95.15253634, "GLOBALID": "{AEBE3FE6-3E75-4E90-B6D6-038706861947}", "SHAPESTLen": 29703.885497477073 }, "geometry": { "type": "Polygon", "coordinates": [ [ [ -95.1532307, 29.5465997 ], [ -95.1533269, 29.5502676 ], [ -95.1532569, 29.5506223 ], [ -95.153998, 29.5514602 ], [ -95.1540134, 29.5514776 ], [ -95.1546783, 29.551393 ], [ -95.1551325, 29.5514908 ], [ -95.1554719, 29.5516553 ], [ -95.1557721, 29.551935 ], [ -95.1560841, 29.5522199 ], [ -95.1563173, 29.55258 ], [ -95.1564139, 29.5529552 ], [ -95.1563801, 29.5533657 ], [ -95.1563105, 29.553563 ], [ -95.1560958, 29.5539576 ], [ -95.1560591, 29.5540885 ], [ -95.1560233, 29.5541708 ], [ -95.1560055, 29.5542789 ], [ -95.1559779, 29.5543772 ], [ -95.156051, 29.5547627 ], [ -95.1562248, 29.5550346 ], [ -95.1570818, 29.5559304 ], [ -95.1582384, 29.5571368 ], [ -95.1583054, 29.5571299 ], [ -95.1600886, 29.5552419 ], [ -95.1604698, 29.5548615 ], [ -95.1608297, 29.5545916 ], [ -95.1623761, 29.5530017 ], [ -95.162509, 29.5531056 ], [ -95.1642126, 29.5515306 ], [ -95.1647022, 29.5511068 ], [ -95.1621877, 29.5491315 ], [ -95.160157, 29.5482283 ], [ -95.1598231, 29.5480885 ], [ -95.1594797, 29.5479352 ], [ -95.1589144, 29.54847 ], [ -95.1584708, 29.5488674 ], [ -95.1578923, 29.5493964 ], [ -95.1569419, 29.5486666 ], [ -95.1545232, 29.5468092 ], [ -95.1545251, 29.5466785 ], [ -95.1545355, 29.5455271 ], [ -95.154542, 29.5448095 ], [ -95.1545415, 29.5447798 ], [ -95.1552044, 29.5441127 ], [ -95.1566693, 29.5427776 ], [ -95.157143, 29.5423003 ], [ -95.1572742, 29.5421681 ], [ -95.1545513, 29.5399305 ], [ -95.1544567, 29.5376318 ], [ -95.1544412, 29.5373626 ], [ -95.1544202, 29.5369981 ], [ -95.1543544, 29.5358526 ], [ -95.152114, 29.5355951 ], [ -95.1505254, 29.5342644 ], [ -95.1498363, 29.5348992 ], [ -95.149571, 29.5352276 ], [ -95.1496769, 29.5357354 ], [ -95.1468466, 29.5362175 ], [ -95.1468161, 29.5360826 ], [ -95.1437558, 29.5365637 ], [ -95.1435347, 29.5370836 ], [ -95.1431638, 29.5371478 ], [ -95.1425457, 29.5370024 ], [ -95.142456, 29.536996 ], [ -95.1401551, 29.5373591 ], [ -95.1400891, 29.537378 ], [ -95.1400407, 29.5374051 ], [ -95.1397308, 29.5376265 ], [ -95.1396201, 29.5376167 ], [ -95.1395433, 29.5376807 ], [ -95.1401262, 29.5383689 ], [ -95.1404454, 29.5387458 ], [ -95.1411311, 29.5389321 ], [ -95.1425653, 29.5387089 ], [ -95.1427665, 29.5387423 ], [ -95.1429912, 29.5388026 ], [ -95.1431001, 29.5388412 ], [ -95.1431921, 29.5388877 ], [ -95.1433655, 29.5389917 ], [ -95.1435257, 29.5391105 ], [ -95.1439291, 29.5390532 ], [ -95.1443912, 29.5389052 ], [ -95.1446689, 29.5388437 ], [ -95.1449749, 29.5387983 ], [ -95.1450978, 29.539196 ], [ -95.1445159, 29.5393259 ], [ -95.1441989, 29.5393962 ], [ -95.1440703, 29.5394752 ], [ -95.1440261, 29.5395916 ], [ -95.1440962, 29.5397498 ], [ -95.1441848, 29.5399408 ], [ -95.1442315, 29.5401317 ], [ -95.144244, 29.5402796 ], [ -95.1442245, 29.5405819 ], [ -95.1441288, 29.5408543 ], [ -95.1438846, 29.5412934 ], [ -95.1437985, 29.5416459 ], [ -95.1438266, 29.5419048 ], [ -95.1439208, 29.5421357 ], [ -95.1440819, 29.5423473 ], [ -95.1444612, 29.5427401 ], [ -95.1460423, 29.5443875 ], [ -95.148187, 29.546631 ], [ -95.148239, 29.5466238 ], [ -95.1507897, 29.5462703 ], [ -95.1529562, 29.5459588 ], [ -95.1531472, 29.5459293 ], [ -95.1531808, 29.546199 ], [ -95.1532276, 29.5465749 ], [ -95.1532307, 29.5465997 ] ] ] } },
{ "type": "Feature", "properties": { "OBJECTID": 3, "TRACT": "Cedar Bayou", "SERVICE_CO": "CB", "AREA_AC": 1678, "SHAPE_LENG": 96779.2826737, "INSIDE_X": -95.11522242, "INSIDE_Y": 30.02323828, "SHAPE_LE_1": 96779.284035999997, "LAT": 30.02323302, "LONG_": -95.11521547, "GLOBALID": "{823D929E-BF13-41C2-959F-A282B4FEF38F}", "SHAPESTLen": 96779.284035962322 }, "geometry": { "type": "MultiPolygon", "coordinates": [ [ [ [ -95.1019453, 30.0282078 ], [ -95.1016834, 30.029062 ], [ -95.1191288, 30.0295912 ], [ -95.1192042, 30.0316182 ], [ -95.1214766, 30.0337166 ], [ -95.1234515, 30.0342208 ], [ -95.1261804, 30.0330245 ], [ -95.1272623, 30.0320506 ], [ -95.1271053, 30.0308621 ], [ -95.1261871, 30.0296928 ], [ -95.1224401, 30.0282654 ], [ -95.1207482, 30.0250495 ], [ -95.1209838, 30.0242272 ], [ -95.1209751, 30.0226579 ], [ -95.1210364, 30.0210501 ], [ -95.1202844, 30.0184924 ], [ -95.1188125, 30.0158328 ], [ -95.118371, 30.0156607 ], [ -95.1188053, 30.0151504 ], [ -95.1162888, 30.0140345 ], [ -95.1146362, 30.0130204 ], [ -95.1138248, 30.0115977 ], [ -95.114074, 30.0092737 ], [ -95.1147215, 30.0073261 ], [ -95.1157394, 30.0065424 ], [ -95.1151107, 30.00609 ], [ -95.1158644, 30.0044517 ], [ -95.1161776, 30.0013011 ], [ -95.1153006, 30.0020606 ], [ -95.1154122, 29.9981193 ], [ -95.1166597, 29.9967229 ], [ -95.11935, 29.9962195 ], [ -95.1213644, 29.9954443 ], [ -95.1248899, 29.9933632 ], [ -95.1260805, 29.9917867 ], [ -95.1254674, 29.9899239 ], [ -95.1236298, 29.9897061 ], [ -95.1230803, 29.9879804 ], [ -95.1223423, 29.9856106 ], [ -95.1105475, 29.9858669 ], [ -95.1087952, 29.9929834 ], [ -95.1073, 29.9996165 ], [ -95.1029499, 30.0193221 ], [ -95.09942, 30.0193683 ], [ -95.0994736, 30.0242275 ], [ -95.1017897, 30.0242187 ], [ -95.1019453, 30.0282078 ] ] ], [ [ [ -95.1214756, 30.0644316 ], [ -95.1412712, 30.064362 ], [ -95.1413169, 30.0631572 ], [ -95.1414202, 30.0622787 ], [ -95.1408711, 30.0614505 ], [ -95.138614, 30.0604114 ], [ -95.1385364, 30.0595302 ], [ -95.1352271, 30.0582726 ], [ -95.1352487, 30.059229 ], [ -95.1335349, 30.0595629 ], [ -95.1328937, 30.0591514 ], [ -95.1332014, 30.0590723 ], [ -95.1343606, 30.0580023 ], [ -95.1330974, 30.0558194 ], [ -95.129311, 30.05592 ], [ -95.1292946, 30.0590244 ], [ -95.1257232, 30.0590463 ], [ -95.1255687, 30.0577367 ], [ -95.1106601, 30.0578779 ], [ -95.1107489, 30.0615653 ], [ -95.1213324, 30.0615096 ], [ -95.1214756, 30.0644316 ] ] ], [ [ [ -95.0960579, 30.0607548 ], [ -95.1028462, 30.0606727 ], [ -95.1018967, 30.0591739 ], [ -95.102438, 30.0587406 ], [ -95.102066, 30.0570451 ], [ -95.1008377, 30.0566441 ], [ -95.1006271, 30.0566602 ], [ -95.1011857, 30.055811 ], [ -95.1003727, 30.0550333 ], [ -95.0954548, 30.0564995 ], [ -95.0960579, 30.0607548 ] ] ], [ [ [ -95.1135987, 30.0544725 ], [ -95.1245794, 30.0543087 ], [ -95.1245734, 30.0521829 ], [ -95.1188953, 30.0522213 ], [ -95.1185387, 30.052414 ], [ -95.1165034, 30.0523551 ], [ -95.1161593, 30.0522185 ], [ -95.1136257, 30.0522461 ], [ -95.1135987, 30.0544725 ] ] ] ] } },
{ "type": "Feature", "properties": { "OBJECTID": 4, "TRACT": "Clinton Park", "SERVICE_CO": "CP", "AREA_AC": 2648, "SHAPE_LENG": 54820.902703300002, "INSIDE_X": -95.26576951, "INSIDE_Y": 29.74650988, "SHAPE_LE_1": 54823.540583599999, "LAT": 29.74650468, "LONG_": -95.26576254, "GLOBALID": "{8C9A993E-C803-4139-B81A-042D2E934365}", "SHAPESTLen": 54823.540583602793 }, "geometry": { "type": "Polygon", "coordinates": [ [ [ -95.2628476, 29.7753844 ], [ -95.2652283, 29.7696259 ], [ -95.2654349, 29.7597127 ], [ -95.2725385, 29.7596608 ], [ -95.2724752, 29.7551455 ], [ -95.2806315, 29.7551175 ], [ -95.2810682, 29.7491922 ], [ -95.2868901, 29.7488739 ], [ -95.2831633, 29.7423767 ], [ -95.2798136, 29.7392352 ], [ -95.2768342, 29.7341991 ], [ -95.2754521, 29.727966 ], [ -95.27194, 29.7262013 ], [ -95.2691014, 29.7245433 ], [ -95.2626864, 29.7254667 ], [ -95.2594224, 29.7268801 ], [ -95.2549751, 29.7266235 ], [ -95.2533956, 29.725458 ], [ -95.25432, 29.7575773 ], [ -95.2516406, 29.7575344 ], [ -95.2517205, 29.7598863 ], [ -95.2554664, 29.7598957 ], [ -95.255169, 29.7742274 ], [ -95.2569864, 29.7745013 ], [ -95.2569958, 29.7744906 ], [ -95.2582822, 29.7746965 ], [ -95.2628476, 29.7753844 ] ] ] } },
{ "type": "Feature", "properties": { "OBJECTID": 5, "TRACT": "Easthaven", "SERVICE_CO": "EH", "AREA_AC": 2872, "SHAPE_LENG": 62694.394782700001, "INSIDE_X": -95.25500292, "INSIDE_Y": 29.6345054, "SHAPE_LE_1": 62694.395629699997, "LAT": 29.63450023, "LONG_": -95.25499595, "GLOBALID": "{37971DFC-DE8C-412F-A8AD-A2DC785DC01C}", "SHAPESTLen": 62694.395629658327 }, "geometry": { "type": "Polygon", "coordinates": [ [ [ -95.2398705, 29.6377587 ], [ -95.2423728, 29.6401737 ], [ -95.2433218, 29.6410649 ], [ -95.2442607, 29.6419643 ], [ -95.2456737, 29.6439481 ], [ -95.2469419, 29.6456939 ], [ -95.2483733, 29.6476587 ], [ -95.2484545, 29.6477867 ], [ -95.2490681, 29.6486366 ], [ -95.2530689, 29.6542232 ], [ -95.2547423, 29.6541864 ], [ -95.2546969, 29.652169 ], [ -95.2560594, 29.6521633 ], [ -95.2627047, 29.6520971 ], [ -95.2627614, 29.6548245 ], [ -95.2638045, 29.6556644 ], [ -95.2660706, 29.6570101 ], [ -95.2785939, 29.6446321 ], [ -95.2672069, 29.6356773 ], [ -95.2668716, 29.6353794 ], [ -95.2666951, 29.6328563 ], [ -95.2666935, 29.6328339 ], [ -95.2666489, 29.6318914 ], [ -95.2650141, 29.6318611 ], [ -95.2645764, 29.6318413 ], [ -95.2645706, 29.6304795 ], [ -95.2645297, 29.6281542 ], [ -95.2657836, 29.6281372 ], [ -95.2657739, 29.6268275 ], [ -95.26577, 29.6262947 ], [ -95.26694, 29.6262864 ], [ -95.2668254, 29.6193805 ], [ -95.2668562, 29.617747 ], [ -95.2668096, 29.6126358 ], [ -95.2608868, 29.6124704 ], [ -95.2608244, 29.6141751 ], [ -95.2633184, 29.6142132 ], [ -95.263334, 29.615762 ], [ -95.2627199, 29.6157449 ], [ -95.2626956, 29.6164078 ], [ -95.2632375, 29.616423 ], [ -95.2631879, 29.6177804 ], [ -95.2491491, 29.6179564 ], [ -95.2490761, 29.6180928 ], [ -95.2444189, 29.6179087 ], [ -95.2357857, 29.6177994 ], [ -95.2358126, 29.620318 ], [ -95.2380794, 29.6202687 ], [ -95.2380985, 29.6207539 ], [ -95.2344583, 29.6208617 ], [ -95.2347641, 29.6248988 ], [ -95.234874, 29.6265694 ], [ -95.2360905, 29.6265754 ], [ -95.2360513, 29.6276344 ], [ -95.2385268, 29.6275865 ], [ -95.2385445, 29.6283703 ], [ -95.2363417, 29.6284304 ], [ -95.2363346, 29.6279928 ], [ -95.2360322, 29.6279843 ], [ -95.2360216, 29.6279793 ], [ -95.2349658, 29.6279645 ], [ -95.2349347, 29.627964 ], [ -95.2345485, 29.627968 ], [ -95.2343239, 29.6284238 ], [ -95.2337116, 29.6284147 ], [ -95.2336928, 29.6279767 ], [ -95.232173, 29.6279922 ], [ -95.2309522, 29.6280066 ], [ -95.2298033, 29.6281129 ], [ -95.2307096, 29.6289814 ], [ -95.2391325, 29.6370517 ], [ -95.2398705, 29.6377587 ] ] ] } },
{ "type": "Feature", "properties": { "OBJECTID": 6, "TRACT": "Almeda Sims", "SERVICE_CO": "AS", "AREA_AC": 22701, "SHAPE_LENG": 234316.652608, "INSIDE_X": -95.42006598, "INSIDE_Y": 29.63898829, "SHAPE_LE_1": 243468.21285099999, "LAT": 29.63898312, "LONG_": -95.42005897, "GLOBALID": "{2D4812D5-92B8-4C2A-AEC9-5AC61D23193B}", "SHAPESTLen": 243468.21285104228 }, "geometry": { "type": "MultiPolygon", "coordinates": [ [ [ [ -95.3803329, 29.6123242 ], [ -95.3683783, 29.6123133 ], [ -95.3683797, 29.6124112 ], [ -95.3679459, 29.6124263 ], [ -95.3679903, 29.613576 ], [ -95.3680184, 29.6144005 ], [ -95.3681334, 29.6144506 ], [ -95.3746096, 29.61447 ], [ -95.3746092, 29.6164243 ], [ -95.3741675, 29.6167604 ], [ -95.374155, 29.6188914 ], [ -95.3613697, 29.6188402 ], [ -95.3613898, 29.6166528 ], [ -95.3592583, 29.61663 ], [ -95.359262, 29.6188359 ], [ -95.3579701, 29.6188192 ], [ -95.3579907, 29.6202358 ], [ -95.3580026, 29.6210481 ], [ -95.3594604, 29.621073 ], [ -95.3594823, 29.6216396 ], [ -95.3595326, 29.6229377 ], [ -95.3595585, 29.6241513 ], [ -95.3595658, 29.6244919 ], [ -95.3587961, 29.6244817 ], [ -95.3587961, 29.6244823 ], [ -95.3588183, 29.6252002 ], [ -95.3600606, 29.6252088 ], [ -95.3600867, 29.625939 ], [ -95.3597276, 29.6259207 ], [ -95.3597275, 29.6259399 ], [ -95.3578111, 29.6259419 ], [ -95.3577926, 29.6276058 ], [ -95.3561423, 29.6275683 ], [ -95.3564048, 29.6326617 ], [ -95.3572459, 29.6326698 ], [ -95.3572285, 29.6362757 ], [ -95.3560075, 29.6362787 ], [ -95.3560972, 29.6398826 ], [ -95.3567085, 29.6398992 ], [ -95.356725, 29.6404606 ], [ -95.3561138, 29.640463 ], [ -95.3561533, 29.6420191 ], [ -95.3567655, 29.6420099 ], [ -95.3565873, 29.644538 ], [ -95.3558869, 29.64461 ], [ -95.3560102, 29.6483569 ], [ -95.3575061, 29.6479742 ], [ -95.3592935, 29.6480474 ], [ -95.3603216, 29.6472786 ], [ -95.3630437, 29.646701 ], [ -95.3637262, 29.6459485 ], [ -95.3645685, 29.6467315 ], [ -95.3646048, 29.6478823 ], [ -95.3682801, 29.6477678 ], [ -95.3688508, 29.6580742 ], [ -95.3719921, 29.6582179 ], [ -95.3720362, 29.6588623 ], [ -95.3709661, 29.6588333 ], [ -95.3709948, 29.6658766 ], [ -95.3710511, 29.6693448 ], [ -95.3780807, 29.6690734 ], [ -95.3799742, 29.6683187 ], [ -95.3809615, 29.6680255 ], [ -95.382311, 29.6678487 ], [ -95.3831395, 29.6680996 ], [ -95.3821226, 29.6704167 ], [ -95.3818449, 29.6718651 ], [ -95.3816782, 29.6748264 ], [ -95.3745141, 29.6771849 ], [ -95.3745716, 29.6807812 ], [ -95.3757179, 29.680741 ], [ -95.3764287, 29.6806518 ], [ -95.3775629, 29.6805926 ], [ -95.3784453, 29.6806704 ], [ -95.3806155, 29.6809987 ], [ -95.3803526, 29.6828574 ], [ -95.378011, 29.6899799 ], [ -95.3750244, 29.7017492 ], [ -95.3755011, 29.7051977 ], [ -95.3779665, 29.6986815 ], [ -95.3823029, 29.699774 ], [ -95.3843426, 29.697505 ], [ -95.3868208, 29.698542 ], [ -95.3866464, 29.6990464 ], [ -95.3928702, 29.6976035 ], [ -95.3932464, 29.6982386 ], [ -95.391968, 29.7014101 ], [ -95.3943921, 29.7022527 ], [ -95.396203, 29.6976862 ], [ -95.396951, 29.697737 ], [ -95.3972437, 29.6969521 ], [ -95.396987, 29.696563 ], [ -95.3981108, 29.6964871 ], [ -95.3981467, 29.6967975 ], [ -95.3996056, 29.69697 ], [ -95.3995596, 29.6965424 ], [ -95.4010059, 29.6962347 ], [ -95.4007493, 29.6956951 ], [ -95.4079437, 29.694034 ], [ -95.4090166, 29.6960746 ], [ -95.4103921, 29.6955705 ], [ -95.4118667, 29.6957394 ], [ -95.4127822, 29.6963363 ], [ -95.414345, 29.6944078 ], [ -95.416257, 29.6956627 ], [ -95.4182903, 29.6962774 ], [ -95.4195409, 29.6952505 ], [ -95.4190413, 29.6945206 ], [ -95.420047, 29.6939225 ], [ -95.4200646, 29.6929273 ], [ -95.4199515, 29.6886779 ], [ -95.4204086, 29.6871097 ], [ -95.4218691, 29.6877653 ], [ -95.4223426, 29.6865483 ], [ -95.4272431, 29.6866762 ], [ -95.4273527, 29.6853633 ], [ -95.4308736, 29.6854603 ], [ -95.4313409, 29.6849217 ], [ -95.4311879, 29.6737831 ], [ -95.4319184, 29.6718395 ], [ -95.4349617, 29.6675658 ], [ -95.4349455, 29.6660135 ], [ -95.4334405, 29.66692 ], [ -95.4332775, 29.660076 ], [ -95.4351444, 29.6597745 ], [ -95.4365558, 29.6599124 ], [ -95.4366309, 29.659656 ], [ -95.439375, 29.6581711 ], [ -95.4392901, 29.6447754 ], [ -95.439323, 29.6427754 ], [ -95.4409791, 29.6425646 ], [ -95.444254, 29.6412757 ], [ -95.4478706, 29.6410116 ], [ -95.4478598, 29.6400868 ], [ -95.4491059, 29.6400695 ], [ -95.4490583, 29.6382948 ], [ -95.4505545, 29.6382193 ], [ -95.4506013, 29.6400532 ], [ -95.456552, 29.6399612 ], [ -95.4565673, 29.6345077 ], [ -95.458009, 29.6347802 ], [ -95.463572, 29.6344064 ], [ -95.4636237, 29.6314892 ], [ -95.4812218, 29.6314477 ], [ -95.4813549, 29.6409695 ], [ -95.485664, 29.6392923 ], [ -95.4852637, 29.6316111 ], [ -95.4932, 29.6314141 ], [ -95.4933697, 29.6415433 ], [ -95.4994665, 29.6416445 ], [ -95.4994691, 29.6410572 ], [ -95.5007725, 29.6410113 ], [ -95.5008286, 29.641634 ], [ -95.5019716, 29.6416467 ], [ -95.5019601, 29.6390231 ], [ -95.5030819, 29.6389577 ], [ -95.5030478, 29.6370747 ], [ -95.5082456, 29.6370222 ], [ -95.5082292, 29.63537 ], [ -95.5082129, 29.6339981 ], [ -95.5082051, 29.6333388 ], [ -95.5081761, 29.630883 ], [ -95.519759, 29.6264171 ], [ -95.5168828, 29.6239673 ], [ -95.5151717, 29.6225132 ], [ -95.514788, 29.6221893 ], [ -95.5143502, 29.6218197 ], [ -95.5142266, 29.6217167 ], [ -95.513791, 29.6213548 ], [ -95.5132384, 29.6217968 ], [ -95.5098878, 29.6202966 ], [ -95.5098475, 29.6148324 ], [ -95.509237, 29.6150308 ], [ -95.5092896, 29.6137359 ], [ -95.509253, 29.613251 ], [ -95.5009362, 29.6133432 ], [ -95.5009295, 29.6161289 ], [ -95.5008612, 29.6168676 ], [ -95.5002012, 29.6169866 ], [ -95.4935861, 29.6132839 ], [ -95.4834053, 29.6134811 ], [ -95.4834737, 29.6114925 ], [ -95.486585, 29.6115411 ], [ -95.4873314, 29.6104807 ], [ -95.4769134, 29.6057801 ], [ -95.4768634, 29.6007874 ], [ -95.4634063, 29.595603 ], [ -95.4567376, 29.5956911 ], [ -95.4567607, 29.5966466 ], [ -95.4463709, 29.5966869 ], [ -95.4464399, 29.6018829 ], [ -95.4464937, 29.6048515 ], [ -95.446461, 29.6062163 ], [ -95.4314844, 29.6063493 ], [ -95.4267019, 29.6063926 ], [ -95.4256075, 29.6064056 ], [ -95.4241224, 29.6064288 ], [ -95.4222937, 29.6064454 ], [ -95.4233223, 29.6037924 ], [ -95.4238235, 29.6025629 ], [ -95.4251938, 29.5991877 ], [ -95.4221259, 29.5991816 ], [ -95.4106704, 29.5993012 ], [ -95.4092739, 29.5993218 ], [ -95.4072382, 29.5993579 ], [ -95.406044, 29.5993766 ], [ -95.4036213, 29.5994157 ], [ -95.3945375, 29.599499 ], [ -95.3869836, 29.5996038 ], [ -95.3802563, 29.5996538 ], [ -95.3803329, 29.6123242 ] ] ], [ [ [ -95.4781215, 29.744336 ], [ -95.4781062, 29.7438423 ], [ -95.4777914, 29.7438341 ], [ -95.4778135, 29.7443359 ], [ -95.4781215, 29.744336 ] ] ], [ [ [ -95.4779016, 29.763688 ], [ -95.4716073, 29.763693 ], [ -95.4716073, 29.7637299 ], [ -95.4779016, 29.763688 ] ] ], [ [ [ -95.4780095, 29.7592737 ], [ -95.4779031, 29.7508253 ], [ -95.4778917, 29.7508254 ], [ -95.4780095, 29.7592737 ] ] ], [ [ [ -95.4715992, 29.7704163 ], [ -95.4716073, 29.7637299 ], [ -95.4715965, 29.76373 ], [ -95.4715992, 29.7704163 ] ] ], [ [ [ -95.4725956, 29.7713645 ], [ -95.4723602, 29.7706307 ], [ -95.4715992, 29.7704163 ], [ -95.4723271, 29.770642 ], [ -95.4725956, 29.7713645 ] ] ], [ [ [ -95.473037, 29.7722912 ], [ -95.4730548, 29.7722568 ], [ -95.4725956, 29.7713645 ], [ -95.473037, 29.7722912 ] ] ], [ [ [ -95.4778917, 29.7508254 ], [ -95.4778915, 29.7508162 ], [ -95.4765269, 29.7508352 ], [ -95.4778917, 29.7508254 ] ] ] ] } },
{ "type": "Feature", "properties": { "OBJECTID": 7, "TRACT": "Greenridge", "SERVICE_CO": "GR", "AREA_AC": 4534, "SHAPE_LENG": 83576.968711399997, "INSIDE_X": -95.48713502, "INSIDE_Y": 29.59276075, "SHAPE_LE_1": 83576.968334599995, "LAT": 29.59275559, "LONG_": -95.487128, "GLOBALID": "{28C03924-54FC-45C8-BC66-26CA5E9BB233}", "SHAPESTLen": 83576.968334651086 }, "geometry": { "type": "Polygon", "coordinates": [ [ [ -95.4463709, 29.5966869 ], [ -95.4567607, 29.5966466 ], [ -95.4567376, 29.5956911 ], [ -95.4634063, 29.595603 ], [ -95.4768641, 29.6007682 ], [ -95.4769134, 29.6057801 ], [ -95.4873314, 29.6104807 ], [ -95.486585, 29.6115411 ], [ -95.4834737, 29.6114925 ], [ -95.4834053, 29.6134811 ], [ -95.4935861, 29.6132839 ], [ -95.5002012, 29.6169866 ], [ -95.5008612, 29.6168676 ], [ -95.5009295, 29.6161289 ], [ -95.5009362, 29.6133432 ], [ -95.509253, 29.613251 ], [ -95.5091669, 29.6127441 ], [ -95.5091567, 29.6126842 ], [ -95.509156, 29.6126434 ], [ -95.5091546, 29.6125574 ], [ -95.509154, 29.6125242 ], [ -95.5091533, 29.6124799 ], [ -95.5091526, 29.6124372 ], [ -95.5091524, 29.6124271 ], [ -95.5091523, 29.6124203 ], [ -95.5091521, 29.612411 ], [ -95.5091521, 29.6124092 ], [ -95.5091521, 29.6124082 ], [ -95.5091521, 29.6124079 ], [ -95.5091521, 29.6124075 ], [ -95.5091521, 29.6124074 ], [ -95.5091521, 29.6124073 ], [ -95.5091521, 29.6124073 ], [ -95.5091521, 29.6124072 ], [ -95.509105, 29.6100771 ], [ -95.5089896, 29.604437 ], [ -95.5089043, 29.6007469 ], [ -95.508832, 29.5970098 ], [ -95.5087671, 29.5938728 ], [ -95.5087458, 29.5928913 ], [ -95.5087453, 29.5928696 ], [ -95.5087447, 29.5928396 ], [ -95.5087446, 29.5928353 ], [ -95.5087444, 29.5928297 ], [ -95.5087444, 29.5928268 ], [ -95.5087443, 29.5928251 ], [ -95.5087443, 29.5928237 ], [ -95.5087442, 29.5928187 ], [ -95.5087441, 29.5928154 ], [ -95.5087441, 29.5928144 ], [ -95.5087441, 29.5928117 ], [ -95.5087421, 29.5926893 ], [ -95.5087401, 29.5916992 ], [ -95.5087613, 29.5915568 ], [ -95.508761, 29.5914162 ], [ -95.5133621, 29.5913399 ], [ -95.5204523, 29.5912281 ], [ -95.5201514, 29.5718723 ], [ -95.5053698, 29.5722857 ], [ -95.5055461, 29.5744124 ], [ -95.5059441, 29.5744065 ], [ -95.5061043, 29.5744042 ], [ -95.5061387, 29.5744037 ], [ -95.5061439, 29.5744036 ], [ -95.508802, 29.5743561 ], [ -95.5129005, 29.5741443 ], [ -95.5131234, 29.5778259 ], [ -95.5131499, 29.5789183 ], [ -95.51315, 29.5789233 ], [ -95.5131641, 29.5794962 ], [ -95.5131817, 29.5802186 ], [ -95.4976587, 29.5804781 ], [ -95.4943062, 29.5805032 ], [ -95.4924494, 29.5805094 ], [ -95.4898027, 29.5805907 ], [ -95.465843, 29.5810798 ], [ -95.4645592, 29.5810879 ], [ -95.4637299, 29.5810943 ], [ -95.462667, 29.5811026 ], [ -95.4625439, 29.5811036 ], [ -95.4624934, 29.5811039 ], [ -95.4624699, 29.5811041 ], [ -95.4624189, 29.5811058 ], [ -95.4462256, 29.5814477 ], [ -95.4463574, 29.5953399 ], [ -95.4463709, 29.5966869 ] ] ] } },
{ "type": "Feature", "properties": { "OBJECTID": 8, "TRACT": "Imperial Valley", "SERVICE_CO": "IV", "AREA_AC": 1423, "SHAPE_LENG": 42024.518934300002, "INSIDE_X": -95.40233802, "INSIDE_Y": 29.92764625, "SHAPE_LE_1": 42024.5188261, "LAT": 29.92764102, "LONG_": -95.402331, "GLOBALID": "{D8C45897-4B4B-48AD-916C-A39E9B8D60C8}", "SHAPESTLen": 42024.518826104839 }, "geometry": { "type": "Polygon", "coordinates": [ [ [ -95.4121963, 29.9369039 ], [ -95.4127948, 29.9386981 ], [ -95.417866, 29.9387507 ], [ -95.4178461, 29.9309075 ], [ -95.4177273, 29.9284673 ], [ -95.4124062, 29.928592 ], [ -95.4127764, 29.9230102 ], [ -95.4131557, 29.9151378 ], [ -95.4085503, 29.915195 ], [ -95.4066054, 29.9152303 ], [ -95.4033247, 29.9153814 ], [ -95.4000892, 29.9154366 ], [ -95.3928475, 29.9154938 ], [ -95.3930636, 29.9313349 ], [ -95.3909981, 29.9313448 ], [ -95.3910048, 29.9317417 ], [ -95.3888913, 29.9317487 ], [ -95.3888755, 29.9291865 ], [ -95.3868764, 29.9291879 ], [ -95.3868721, 29.93174 ], [ -95.3845546, 29.9318154 ], [ -95.3805304, 29.9324711 ], [ -95.3815097, 29.9365173 ], [ -95.3851488, 29.9364899 ], [ -95.3915809, 29.9365457 ], [ -95.3985344, 29.9366608 ], [ -95.4044831, 29.9367668 ], [ -95.4121963, 29.9369039 ] ] ] } },
{ "type": "Feature", "properties": { "OBJECTID": 9, "TRACT": "Intercontinental", "SERVICE_CO": "IC", "AREA_AC": 8331, "SHAPE_LENG": 114015.890014, "INSIDE_X": -95.34498316, "INSIDE_Y": 29.97941132, "SHAPE_LE_1": 110089.58571100001, "LAT": 29.97940608, "LONG_": -95.34497615, "GLOBALID": "{3895C390-4B89-460E-9F2A-E776E691CEFB}", "SHAPESTLen": 110089.58571139562 }, "geometry": { "type": "Polygon", "coordinates": [ [ [ -95.3315496, 29.9515131 ], [ -95.3129374, 29.9522253 ], [ -95.3127063, 29.9666744 ], [ -95.3076328, 29.9663313 ], [ -95.3086601, 29.9718562 ], [ -95.3083546, 29.9738332 ], [ -95.3418192, 29.9747492 ], [ -95.3434271, 29.9771855 ], [ -95.3427245, 29.9788461 ], [ -95.3381834, 29.9815724 ], [ -95.3267934, 29.9812612 ], [ -95.3258863, 29.9821018 ], [ -95.3259027, 29.9832727 ], [ -95.3300948, 29.9870013 ], [ -95.3301341, 29.9907688 ], [ -95.3254083, 29.9904871 ], [ -95.3263053, 29.9959065 ], [ -95.3259469, 30.006331 ], [ -95.3301835, 30.0065501 ], [ -95.3303023, 30.0112178 ], [ -95.3798879, 30.0201684 ], [ -95.3736956, 30.0086634 ], [ -95.3710027, 30.0011772 ], [ -95.375774, 29.9988425 ], [ -95.3737583, 29.9960644 ], [ -95.3703937, 29.9985652 ], [ -95.364812, 29.9812644 ], [ -95.3644448, 29.9752981 ], [ -95.3637864, 29.965377 ], [ -95.3608604, 29.9609078 ], [ -95.3559386, 29.9397979 ], [ -95.3455419, 29.9399196 ], [ -95.345516, 29.9387706 ], [ -95.3333113, 29.9387618 ], [ -95.3318728, 29.9388159 ], [ -95.3318616, 29.9392589 ], [ -95.3315496, 29.9515131 ] ] ] } },
{ "type": "Feature", "properties": { "OBJECTID": 10, "TRACT": "Kingwood", "SERVICE_CO": "KW", "AREA_AC": 14389, "SHAPE_LENG": 130661.428256, "INSIDE_X": -95.18062302, "INSIDE_Y": 30.05437365, "SHAPE_LE_1": 132138.56796, "LAT": 30.05436838, "LONG_": -95.18061605, "GLOBALID": "{39767E7A-E3B1-4AFB-BE22-C19D7206ED1C}", "SHAPESTLen": 132138.5679602648 }, "geometry": { "type": "MultiPolygon", "coordinates": [ [ [ [ -95.1495543, 30.0742146 ], [ -95.1495305, 30.0748427 ], [ -95.1490115, 30.0753179 ], [ -95.1493229, 30.0760653 ], [ -95.151331, 30.0777476 ], [ -95.1518632, 30.0789444 ], [ -95.1526473, 30.0797645 ], [ -95.1540951, 30.0801013 ], [ -95.1565691, 30.0811469 ], [ -95.158319, 30.081581 ], [ -95.1601923, 30.0823435 ], [ -95.1623577, 30.0834688 ], [ -95.1636298, 30.084864 ], [ -95.164893, 30.0864953 ], [ -95.1668621, 30.0883239 ], [ -95.1689705, 30.0954736 ], [ -95.1702522, 30.0973252 ], [ -95.1705539, 30.0985318 ], [ -95.1704316, 30.0999758 ], [ -95.1703031, 30.1006811 ], [ -95.1703037, 30.1015673 ], [ -95.1711571, 30.1023597 ], [ -95.1721498, 30.1048693 ], [ -95.1728389, 30.1055464 ], [ -95.1806313, 30.0991455 ], [ -95.1907435, 30.0912462 ], [ -95.2118776, 30.0741878 ], [ -95.2123699, 30.0752769 ], [ -95.2139922, 30.0752114 ], [ -95.214367, 30.076741 ], [ -95.2159526, 30.0769667 ], [ -95.218277, 30.076333 ], [ -95.2184265, 30.0751879 ], [ -95.2183258, 30.0743891 ], [ -95.2177885, 30.0734853 ], [ -95.2175943, 30.0723467 ], [ -95.2160971, 30.07249 ], [ -95.2153412, 30.072198 ], [ -95.2149083, 30.0717891 ], [ -95.2181272, 30.0691442 ], [ -95.2187662, 30.0690735 ], [ -95.2207121, 30.0687454 ], [ -95.2227903, 30.0687241 ], [ -95.2227451, 30.0655022 ], [ -95.2272621, 30.0617444 ], [ -95.2272262, 30.0523303 ], [ -95.2315458, 30.0522067 ], [ -95.2315501, 30.0520653 ], [ -95.2315632, 30.0517482 ], [ -95.2315763, 30.0517481 ], [ -95.2315738, 30.0515842 ], [ -95.231572, 30.0514756 ], [ -95.2315684, 30.0512784 ], [ -95.2315666, 30.0511829 ], [ -95.2315644, 30.0510612 ], [ -95.2315633, 30.0510008 ], [ -95.2315675, 30.0510009 ], [ -95.2316081, 30.0510015 ], [ -95.2316033, 30.0509968 ], [ -95.2316014, 30.0509949 ], [ -95.2315996, 30.0509929 ], [ -95.2315978, 30.0509909 ], [ -95.2315961, 30.0509889 ], [ -95.2315944, 30.0509869 ], [ -95.2315927, 30.0509848 ], [ -95.2315911, 30.0509828 ], [ -95.2315895, 30.0509807 ], [ -95.2315879, 30.0509786 ], [ -95.2315864, 30.0509764 ], [ -95.231585, 30.0509743 ], [ -95.2315843, 30.0509732 ], [ -95.2315836, 30.0509721 ], [ -95.2315822, 30.0509699 ], [ -95.2315809, 30.0509677 ], [ -95.2315796, 30.0509654 ], [ -95.2315784, 30.0509632 ], [ -95.2315772, 30.0509609 ], [ -95.2315761, 30.0509586 ], [ -95.231575, 30.0509563 ], [ -95.231574, 30.050954 ], [ -95.231573, 30.0509517 ], [ -95.231572, 30.0509493 ], [ -95.2315711, 30.050947 ], [ -95.2315703, 30.0509446 ], [ -95.2315695, 30.0509423 ], [ -95.2315687, 30.0509399 ], [ -95.2315681, 30.0509377 ], [ -95.231568, 30.0509375 ], [ -95.2315674, 30.0509351 ], [ -95.2315668, 30.0509327 ], [ -95.2315662, 30.0509302 ], [ -95.2315657, 30.0509278 ], [ -95.2315653, 30.0509254 ], [ -95.2315649, 30.0509229 ], [ -95.2315634, 30.0509034 ], [ -95.2315652, 30.0508839 ], [ -95.2315687, 30.05087 ], [ -95.2315701, 30.0508648 ], [ -95.231578, 30.0508465 ], [ -95.2315889, 30.0508293 ], [ -95.2315691, 30.0508295 ], [ -95.2315572, 30.0508297 ], [ -95.2315493, 30.0503102 ], [ -95.23157, 30.0503009 ], [ -95.2315727, 30.0502387 ], [ -95.2315714, 30.049993 ], [ -95.2317519, 30.049905 ], [ -95.2319199, 30.0498456 ], [ -95.232088, 30.0497862 ], [ -95.2323596, 30.0497085 ], [ -95.2325171, 30.0496657 ], [ -95.2327838, 30.049601 ], [ -95.2328206, 30.0495942 ], [ -95.2330297, 30.0495556 ], [ -95.2329669, 30.0493642 ], [ -95.2329602, 30.0491926 ], [ -95.2329623, 30.049119 ], [ -95.2329805, 30.0490588 ], [ -95.2330235, 30.0489476 ], [ -95.2330635, 30.0488726 ], [ -95.2331103, 30.0487935 ], [ -95.2332941, 30.0485848 ], [ -95.2333892, 30.048477 ], [ -95.2335231, 30.0484841 ], [ -95.2354291, 30.0484655 ], [ -95.2354513, 30.0484488 ], [ -95.2354746, 30.0482845 ], [ -95.235383, 30.0428318 ], [ -95.2272975, 30.0428831 ], [ -95.2272222, 30.0336345 ], [ -95.2271782, 30.0280317 ], [ -95.226763, 30.0281071 ], [ -95.2263942, 30.0280958 ], [ -95.2256849, 30.0281562 ], [ -95.2224247, 30.0279743 ], [ -95.2144024, 30.0277282 ], [ -95.2143545, 30.0259097 ], [ -95.2143809, 30.025904 ], [ -95.2143175, 30.0238816 ], [ -95.2134285, 30.0236833 ], [ -95.2114201, 30.0242554 ], [ -95.208684, 30.0249642 ], [ -95.2070306, 30.0257035 ], [ -95.205383, 30.0262858 ], [ -95.2021347, 30.0261939 ], [ -95.2003477, 30.0256718 ], [ -95.1978565, 30.0246581 ], [ -95.1944631, 30.0236188 ], [ -95.191413, 30.0230607 ], [ -95.1887238, 30.0225129 ], [ -95.1863897, 30.0221322 ], [ -95.1846087, 30.0214528 ], [ -95.1817156, 30.0215278 ], [ -95.1796953, 30.0224135 ], [ -95.1787459, 30.0236441 ], [ -95.1779533, 30.025508 ], [ -95.176427, 30.0276653 ], [ -95.1747615, 30.0287183 ], [ -95.1722232, 30.0289604 ], [ -95.1693358, 30.028878 ], [ -95.1659248, 30.0283091 ], [ -95.1639397, 30.0282524 ], [ -95.1619309, 30.0288238 ], [ -95.1600552, 30.0306566 ], [ -95.1581794, 30.0324894 ], [ -95.1573863, 30.0343531 ], [ -95.1559188, 30.0349399 ], [ -95.1537531, 30.0348779 ], [ -95.1514486, 30.0337115 ], [ -95.1497508, 30.0308332 ], [ -95.1489317, 30.0286089 ], [ -95.147956, 30.0257513 ], [ -95.1475038, 30.0233804 ], [ -95.146312, 30.0214598 ], [ -95.1445611, 30.0199947 ], [ -95.1415054, 30.0195925 ], [ -95.1378667, 30.0202739 ], [ -95.1342041, 30.0215834 ], [ -95.1316121, 30.023238 ], [ -95.1313541, 30.0252741 ], [ -95.1302056, 30.0269703 ], [ -95.129785, 30.0285302 ], [ -95.1297013, 30.0307286 ], [ -95.1294731, 30.0319796 ], [ -95.1292209, 30.0338588 ], [ -95.1280485, 30.036183 ], [ -95.1265568, 30.0373976 ], [ -95.1257811, 30.03879 ], [ -95.1242835, 30.0401616 ], [ -95.1235245, 30.0413079 ], [ -95.1229142, 30.0429143 ], [ -95.1231905, 30.0443075 ], [ -95.1243516, 30.0455351 ], [ -95.1256278, 30.0466227 ], [ -95.1267377, 30.0477533 ], [ -95.1276977, 30.0484975 ], [ -95.1287143, 30.0491955 ], [ -95.1298954, 30.0498982 ], [ -95.1308042, 30.0505453 ], [ -95.1319817, 30.0513434 ], [ -95.1332069, 30.052334 ], [ -95.1354578, 30.0537839 ], [ -95.1380565, 30.0561991 ], [ -95.1408367, 30.0596225 ], [ -95.1425087, 30.0618677 ], [ -95.1436462, 30.0631984 ], [ -95.1451876, 30.0654435 ], [ -95.145128, 30.0670137 ], [ -95.1453977, 30.0685085 ], [ -95.1466041, 30.070986 ], [ -95.1475999, 30.0722347 ], [ -95.1495543, 30.0742146 ] ] ], [ [ [ -95.2391564, 30.0546925 ], [ -95.2458952, 30.0545655 ], [ -95.2467202, 30.0518622 ], [ -95.2472417, 30.05198 ], [ -95.248516, 30.0485631 ], [ -95.2481797, 30.0485512 ], [ -95.2479215, 30.0485433 ], [ -95.2474266, 30.049921 ], [ -95.2473638, 30.049905 ], [ -95.2472416, 30.0498738 ], [ -95.2470356, 30.0498213 ], [ -95.24702, 30.0498144 ], [ -95.2470138, 30.0498114 ], [ -95.2470076, 30.0498083 ], [ -95.2470015, 30.0498052 ], [ -95.2469955, 30.0498019 ], [ -95.2469895, 30.0497986 ], [ -95.2469837, 30.0497952 ], [ -95.2469778, 30.0497917 ], [ -95.2469721, 30.0497881 ], [ -95.2469664, 30.0497844 ], [ -95.2469608, 30.0497806 ], [ -95.2469553, 30.0497767 ], [ -95.2469498, 30.0497728 ], [ -95.2469444, 30.0497688 ], [ -95.2469403, 30.0497655 ], [ -95.2469391, 30.0497647 ], [ -95.2469339, 30.0497605 ], [ -95.2469288, 30.0497562 ], [ -95.2469238, 30.0497519 ], [ -95.2469188, 30.0497474 ], [ -95.246914, 30.049743 ], [ -95.2469092, 30.0497384 ], [ -95.2469045, 30.0497338 ], [ -95.2468999, 30.049729 ], [ -95.2468955, 30.0497243 ], [ -95.2468911, 30.0497194 ], [ -95.2468868, 30.0497145 ], [ -95.2468826, 30.0497095 ], [ -95.2468785, 30.0497045 ], [ -95.2468745, 30.0496994 ], [ -95.2468706, 30.0496943 ], [ -95.2468668, 30.049689 ], [ -95.2468632, 30.0496838 ], [ -95.2468596, 30.0496784 ], [ -95.2468561, 30.0496731 ], [ -95.2468528, 30.0496676 ], [ -95.2468495, 30.0496621 ], [ -95.2468299, 30.0496225 ], [ -95.2468568, 30.0495443 ], [ -95.2470037, 30.0491177 ], [ -95.2438032, 30.0491468 ], [ -95.243112, 30.0502369 ], [ -95.2428905, 30.0500934 ], [ -95.2427081, 30.0499971 ], [ -95.2424538, 30.0498979 ], [ -95.2420567, 30.0497206 ], [ -95.2417702, 30.0496314 ], [ -95.2419081, 30.048904 ], [ -95.2418134, 30.0488965 ], [ -95.241813, 30.0488249 ], [ -95.2418119, 30.0486582 ], [ -95.2418108, 30.0484063 ], [ -95.241771, 30.0484065 ], [ -95.2416608, 30.0484072 ], [ -95.24147, 30.0484093 ], [ -95.2412438, 30.0484107 ], [ -95.2411737, 30.0484112 ], [ -95.2410816, 30.048412 ], [ -95.2410074, 30.0484126 ], [ -95.2409088, 30.0484134 ], [ -95.2408534, 30.0484138 ], [ -95.240736, 30.0484186 ], [ -95.2407236, 30.0484187 ], [ -95.2407228, 30.0484874 ], [ -95.2407199, 30.0487515 ], [ -95.2406856, 30.0489258 ], [ -95.2406464, 30.0491251 ], [ -95.2405911, 30.049406 ], [ -95.2405618, 30.0495551 ], [ -95.240419, 30.0500944 ], [ -95.2402955, 30.0505608 ], [ -95.2402054, 30.0509011 ], [ -95.2401676, 30.0510952 ], [ -95.2401166, 30.0513574 ], [ -95.2400797, 30.051547 ], [ -95.2400747, 30.0515726 ], [ -95.2400575, 30.051661 ], [ -95.2400495, 30.0517021 ], [ -95.2400365, 30.051749 ], [ -95.2400268, 30.0517843 ], [ -95.2400108, 30.0518423 ], [ -95.2399244, 30.0518875 ], [ -95.2394309, 30.0518891 ], [ -95.2391743, 30.0521017 ], [ -95.2391529, 30.0520619 ], [ -95.2391564, 30.0546925 ] ] ] ] } },
{ "type": "Feature", "properties": { "OBJECTID": 11, "TRACT": "Forest Cove", "SERVICE_CO": "FC", "AREA_AC": 1626, "SHAPE_LENG": 49341.532775899999, "INSIDE_X": -95.23910189, "INSIDE_Y": 30.0355272, "SHAPE_LE_1": 55631.631847099998, "LAT": 30.03552194, "LONG_": -95.23909491000001, "GLOBALID": "{375D4A17-E303-4682-B077-C42E342AC3B1}", "SHAPESTLen": 55631.631846998542 }, "geometry": { "type": "Polygon", "coordinates": [ [ [ -95.2361041, 30.0521202 ], [ -95.2362388, 30.0521177 ], [ -95.2366842, 30.0521119 ], [ -95.2377305, 30.0520981 ], [ -95.2380297, 30.0520891 ], [ -95.2382153, 30.0520809 ], [ -95.2384775, 30.0520743 ], [ -95.2387973, 30.0520684 ], [ -95.2391529, 30.0520619 ], [ -95.2391743, 30.0521017 ], [ -95.2394309, 30.0518891 ], [ -95.2399244, 30.0518875 ], [ -95.2400108, 30.0518423 ], [ -95.2400268, 30.0517843 ], [ -95.2400365, 30.051749 ], [ -95.2400495, 30.0517021 ], [ -95.2400575, 30.051661 ], [ -95.2400747, 30.0515726 ], [ -95.2400797, 30.051547 ], [ -95.2401166, 30.0513574 ], [ -95.2401676, 30.0510952 ], [ -95.2402054, 30.0509011 ], [ -95.2402955, 30.0505608 ], [ -95.240419, 30.0500944 ], [ -95.2405618, 30.0495551 ], [ -95.2405911, 30.049406 ], [ -95.2406464, 30.0491251 ], [ -95.2406856, 30.0489258 ], [ -95.2407199, 30.0487515 ], [ -95.2407228, 30.0484874 ], [ -95.2407236, 30.0484187 ], [ -95.240736, 30.0484186 ], [ -95.2408534, 30.0484138 ], [ -95.2409088, 30.0484134 ], [ -95.2410074, 30.0484126 ], [ -95.2410816, 30.048412 ], [ -95.2411737, 30.0484112 ], [ -95.2412438, 30.0484107 ], [ -95.24147, 30.0484093 ], [ -95.2416608, 30.0484072 ], [ -95.241771, 30.0484065 ], [ -95.2418108, 30.0484063 ], [ -95.2418119, 30.0486582 ], [ -95.241813, 30.0488249 ], [ -95.2418134, 30.0488965 ], [ -95.2419081, 30.048904 ], [ -95.2417702, 30.0496314 ], [ -95.2420567, 30.0497206 ], [ -95.2424538, 30.0498979 ], [ -95.2427081, 30.0499971 ], [ -95.2428905, 30.0500934 ], [ -95.243112, 30.0502369 ], [ -95.2438032, 30.0491468 ], [ -95.2470037, 30.0491177 ], [ -95.2468568, 30.0495443 ], [ -95.2468299, 30.0496225 ], [ -95.2468495, 30.0496621 ], [ -95.2468528, 30.0496676 ], [ -95.2468561, 30.0496731 ], [ -95.2468596, 30.0496784 ], [ -95.2468632, 30.0496838 ], [ -95.2468668, 30.049689 ], [ -95.2468706, 30.0496943 ], [ -95.2468745, 30.0496994 ], [ -95.2468785, 30.0497045 ], [ -95.2468826, 30.0497095 ], [ -95.2468868, 30.0497145 ], [ -95.2468911, 30.0497194 ], [ -95.2468955, 30.0497243 ], [ -95.2468999, 30.049729 ], [ -95.2469045, 30.0497338 ], [ -95.2469092, 30.0497384 ], [ -95.246914, 30.049743 ], [ -95.2469188, 30.0497474 ], [ -95.2469238, 30.0497519 ], [ -95.2469288, 30.0497562 ], [ -95.2469339, 30.0497605 ], [ -95.2469391, 30.0497647 ], [ -95.2469403, 30.0497655 ], [ -95.2469444, 30.0497688 ], [ -95.2469498, 30.0497728 ], [ -95.2469553, 30.0497767 ], [ -95.2469608, 30.0497806 ], [ -95.2469664, 30.0497844 ], [ -95.2469721, 30.0497881 ], [ -95.2469778, 30.0497917 ], [ -95.2469837, 30.0497952 ], [ -95.2469895, 30.0497986 ], [ -95.2469955, 30.0498019 ], [ -95.2470015, 30.0498052 ], [ -95.2470076, 30.0498083 ], [ -95.2470138, 30.0498114 ], [ -95.24702, 30.0498144 ], [ -95.2470356, 30.0498213 ], [ -95.2472416, 30.0498738 ], [ -95.2473638, 30.049905 ], [ -95.2474266, 30.049921 ], [ -95.2479215, 30.0485433 ], [ -95.2485021, 30.0485612 ], [ -95.2488128, 30.0477804 ], [ -95.2490993, 30.0469812 ], [ -95.2497492, 30.0471956 ], [ -95.249729, 30.0457809 ], [ -95.2497216, 30.04533 ], [ -95.2497208, 30.0452801 ], [ -95.249679, 30.045026 ], [ -95.2498327, 30.0445899 ], [ -95.2500138, 30.0441796 ], [ -95.2502605, 30.0436047 ], [ -95.2506759, 30.0426514 ], [ -95.2508413, 30.0426894 ], [ -95.2517534, 30.0419487 ], [ -95.25255, 30.0419413 ], [ -95.2536178, 30.0419371 ], [ -95.2535766, 30.0420042 ], [ -95.2537062, 30.0420022 ], [ -95.2539644, 30.0409096 ], [ -95.2554809, 30.034492 ], [ -95.2562839, 30.0310936 ], [ -95.2569219, 30.0283933 ], [ -95.2555997, 30.0280847 ], [ -95.2550084, 30.0283494 ], [ -95.2537813, 30.0282032 ], [ -95.2522427, 30.0288481 ], [ -95.251451, 30.0288833 ], [ -95.2505319, 30.0288003 ], [ -95.2498782, 30.0286674 ], [ -95.2493455, 30.0288245 ], [ -95.2488912, 30.0286399 ], [ -95.2481143, 30.0282743 ], [ -95.2471421, 30.0278459 ], [ -95.2459195, 30.0270667 ], [ -95.2450237, 30.0263539 ], [ -95.2436631, 30.0257427 ], [ -95.2425805, 30.0247381 ], [ -95.2412327, 30.0237834 ], [ -95.2399422, 30.0230595 ], [ -95.238779, 30.0224538 ], [ -95.2366821, 30.0221658 ], [ -95.2355785, 30.0217337 ], [ -95.2374378, 30.023104 ], [ -95.2382804, 30.0234715 ], [ -95.238794, 30.0238297 ], [ -95.2387665, 30.024574 ], [ -95.2394733, 30.0250523 ], [ -95.2389237, 30.0256674 ], [ -95.2366761, 30.025891 ], [ -95.2353283, 30.0249362 ], [ -95.2342289, 30.0231431 ], [ -95.2348569, 30.0216561 ], [ -95.2340418, 30.0205443 ], [ -95.2329382, 30.0201122 ], [ -95.2337554, 30.0211667 ], [ -95.2329552, 30.0214309 ], [ -95.2322316, 30.0214322 ], [ -95.2306929, 30.0220551 ], [ -95.2297881, 30.0214369 ], [ -95.2285092, 30.0210368 ], [ -95.2268896, 30.0216045 ], [ -95.2254231, 30.0220791 ], [ -95.2249285, 30.0229822 ], [ -95.2251556, 30.0239629 ], [ -95.22499, 30.0248753 ], [ -95.2243702, 30.0256029 ], [ -95.2232368, 30.0259723 ], [ -95.2216493, 30.0261569 ], [ -95.2213415, 30.0255751 ], [ -95.2199684, 30.0253072 ], [ -95.2183192, 30.0253754 ], [ -95.2171922, 30.0255729 ], [ -95.216806, 30.0253328 ], [ -95.2170246, 30.0247658 ], [ -95.2166384, 30.0245256 ], [ -95.2159613, 30.0250224 ], [ -95.2156089, 30.0256429 ], [ -95.2143545, 30.0259097 ], [ -95.2144024, 30.0277282 ], [ -95.226763, 30.0281071 ], [ -95.2271782, 30.0280317 ], [ -95.2272222, 30.0336345 ], [ -95.2272975, 30.0428831 ], [ -95.235383, 30.0428318 ], [ -95.2354746, 30.0482845 ], [ -95.2354513, 30.0484488 ], [ -95.2354291, 30.0484655 ], [ -95.2335231, 30.0484841 ], [ -95.2333892, 30.048477 ], [ -95.2332941, 30.0485848 ], [ -95.2331103, 30.0487935 ], [ -95.2330635, 30.0488726 ], [ -95.2330235, 30.0489476 ], [ -95.2329805, 30.0490588 ], [ -95.2329623, 30.049119 ], [ -95.2329602, 30.0491926 ], [ -95.2329669, 30.0493642 ], [ -95.2330297, 30.0495556 ], [ -95.2328206, 30.0495942 ], [ -95.2327838, 30.049601 ], [ -95.2325171, 30.0496657 ], [ -95.2323596, 30.0497085 ], [ -95.232088, 30.0497862 ], [ -95.2319199, 30.0498456 ], [ -95.2317519, 30.049905 ], [ -95.2315714, 30.049993 ], [ -95.2315727, 30.0502387 ], [ -95.23157, 30.0503009 ], [ -95.2315493, 30.0503102 ], [ -95.2315572, 30.0508297 ], [ -95.2315691, 30.0508295 ], [ -95.2315889, 30.0508293 ], [ -95.231578, 30.0508465 ], [ -95.2315701, 30.0508648 ], [ -95.2315687, 30.05087 ], [ -95.2315652, 30.0508839 ], [ -95.2315634, 30.0509034 ], [ -95.2315649, 30.0509229 ], [ -95.2315653, 30.0509254 ], [ -95.2315657, 30.0509278 ], [ -95.2315662, 30.0509302 ], [ -95.2315668, 30.0509327 ], [ -95.2315674, 30.0509351 ], [ -95.231568, 30.0509375 ], [ -95.2315681, 30.0509377 ], [ -95.2315687, 30.0509399 ], [ -95.2315695, 30.0509423 ], [ -95.2315703, 30.0509446 ], [ -95.2315711, 30.050947 ], [ -95.231572, 30.0509493 ], [ -95.231573, 30.0509517 ], [ -95.231574, 30.050954 ], [ -95.231575, 30.0509563 ], [ -95.2315761, 30.0509586 ], [ -95.2315772, 30.0509609 ], [ -95.2315784, 30.0509632 ], [ -95.2315796, 30.0509654 ], [ -95.2315809, 30.0509677 ], [ -95.2315822, 30.0509699 ], [ -95.2315836, 30.0509721 ], [ -95.2315843, 30.0509732 ], [ -95.231585, 30.0509743 ], [ -95.2315864, 30.0509764 ], [ -95.2315879, 30.0509786 ], [ -95.2315895, 30.0509807 ], [ -95.2315911, 30.0509828 ], [ -95.2315927, 30.0509848 ], [ -95.2315944, 30.0509869 ], [ -95.2315961, 30.0509889 ], [ -95.2315978, 30.0509909 ], [ -95.2315996, 30.0509929 ], [ -95.2316014, 30.0509949 ], [ -95.2316033, 30.0509968 ], [ -95.2316081, 30.0510015 ], [ -95.2315675, 30.0510009 ], [ -95.2315633, 30.0510008 ], [ -95.2315644, 30.0510612 ], [ -95.2315666, 30.0511829 ], [ -95.2315684, 30.0512784 ], [ -95.231572, 30.0514756 ], [ -95.2315738, 30.0515842 ], [ -95.2315763, 30.0517481 ], [ -95.2315632, 30.0517482 ], [ -95.2315501, 30.0520653 ], [ -95.2315458, 30.0522067 ], [ -95.2315452, 30.0522254 ], [ -95.2318055, 30.0522262 ], [ -95.2320405, 30.0522266 ], [ -95.2322333, 30.0522268 ], [ -95.2324493, 30.0522273 ], [ -95.2325665, 30.0522275 ], [ -95.2329137, 30.0522239 ], [ -95.2329666, 30.0522246 ], [ -95.23329, 30.0522468 ], [ -95.2333091, 30.0521562 ], [ -95.2335012, 30.0521507 ], [ -95.2341315, 30.0521326 ], [ -95.2355958, 30.0520906 ], [ -95.2357581, 30.052086 ], [ -95.2357619, 30.0521262 ], [ -95.2360329, 30.0521215 ], [ -95.2361041, 30.0521202 ] ] ] } },
{ "type": "Feature", "properties": { "OBJECTID": 12, "TRACT": "MUD #203", "SERVICE_CO": "ME", "AREA_AC": 794, "SHAPE_LENG": 34958.7363998, "INSIDE_X": -95.42949158, "INSIDE_Y": 29.94348893, "SHAPE_LE_1": 34958.735500700001, "LAT": 29.9434837, "LONG_": -95.42948455, "GLOBALID": "{F17FDBF1-2F93-4AE3-8303-C4A87088AB1C}", "SHAPESTLen": 34958.735500758165 }, "geometry": { "type": "Polygon", "coordinates": [ [ [ -95.449005, 29.9458331 ], [ -95.4490544, 29.9438045 ], [ -95.4500519, 29.9437982 ], [ -95.4500478, 29.9432333 ], [ -95.448997, 29.9432718 ], [ -95.4489865, 29.9399416 ], [ -95.4447003, 29.9401628 ], [ -95.4406837, 29.9401272 ], [ -95.434402, 29.9401316 ], [ -95.4343932, 29.9385086 ], [ -95.4343582, 29.9377191 ], [ -95.4343285, 29.9370631 ], [ -95.4335542, 29.9370131 ], [ -95.4326343, 29.9370466 ], [ -95.4324393, 29.9368518 ], [ -95.4320282, 29.936929 ], [ -95.4320223, 29.9370574 ], [ -95.431839, 29.9372405 ], [ -95.4264368, 29.9386524 ], [ -95.4173807, 29.9387484 ], [ -95.4127948, 29.9386981 ], [ -95.4158275, 29.9477881 ], [ -95.4162061, 29.9489227 ], [ -95.422129, 29.9489245 ], [ -95.4244297, 29.9491294 ], [ -95.4266141, 29.9489961 ], [ -95.4267451, 29.9508045 ], [ -95.4266887, 29.9536559 ], [ -95.4277695, 29.9536528 ], [ -95.4283717, 29.9533563 ], [ -95.4292561, 29.9525279 ], [ -95.4292199, 29.9509477 ], [ -95.4276088, 29.9509694 ], [ -95.4276572, 29.9489843 ], [ -95.428669, 29.9489199 ], [ -95.4308148, 29.9488208 ], [ -95.4308317, 29.9495907 ], [ -95.4315877, 29.948599 ], [ -95.4325744, 29.9477184 ], [ -95.432566, 29.9470015 ], [ -95.432959, 29.9466515 ], [ -95.4338386, 29.9460419 ], [ -95.449005, 29.9458331 ] ] ] } },
{ "type": "Feature", "properties": { "OBJECTID": 13, "TRACT": "Northwest", "SERVICE_CO": "NW", "AREA_AC": 15274, "SHAPE_LENG": 188788.96302, "INSIDE_X": -95.49120264, "INSIDE_Y": 29.85363703, "SHAPE_LE_1": 188788.96104, "LAT": 29.85363182, "LONG_": -95.4911956, "GLOBALID": "{4B97841A-D594-4912-AAB8-6EAC27DB7986}", "SHAPESTLen": 188788.96104012037 }, "geometry": { "type": "Polygon", "coordinates": [ [ [ -95.4676905, 29.8848939 ], [ -95.4726218, 29.8848317 ], [ -95.4740846, 29.8848286 ], [ -95.4740967, 29.8848508 ], [ -95.4774853, 29.8847974 ], [ -95.480645, 29.8847761 ], [ -95.4804861, 29.8743637 ], [ -95.480516, 29.8708944 ], [ -95.4810568, 29.8724109 ], [ -95.4818411, 29.8731186 ], [ -95.4838194, 29.8731734 ], [ -95.4851272, 29.8737815 ], [ -95.4862483, 29.8738109 ], [ -95.4866318, 29.8738101 ], [ -95.4870003, 29.8739272 ], [ -95.48732, 29.8742709 ], [ -95.4878837, 29.8749818 ], [ -95.4881852, 29.8752198 ], [ -95.4886453, 29.8754021 ], [ -95.4896444, 29.8754616 ], [ -95.4901326, 29.8755896 ], [ -95.49058, 29.8758172 ], [ -95.4915806, 29.8765487 ], [ -95.4919982, 29.8766517 ], [ -95.4945966, 29.8766638 ], [ -95.4968272, 29.8765617 ], [ -95.4986157, 29.8765637 ], [ -95.4997892, 29.8761368 ], [ -95.5008369, 29.8736185 ], [ -95.5023237, 29.873772 ], [ -95.5022253, 29.8655211 ], [ -95.5076705, 29.8655613 ], [ -95.5158024, 29.8654632 ], [ -95.5243307, 29.8653939 ], [ -95.5242196, 29.860879 ], [ -95.5251808, 29.8610319 ], [ -95.5268167, 29.862343 ], [ -95.5284644, 29.8627264 ], [ -95.530303, 29.8641328 ], [ -95.5324322, 29.8652714 ], [ -95.5337626, 29.865994 ], [ -95.5346209, 29.8667395 ], [ -95.5358469, 29.8671033 ], [ -95.5376773, 29.8673462 ], [ -95.5384141, 29.8679906 ], [ -95.5397122, 29.867836 ], [ -95.541433, 29.8681192 ], [ -95.543877, 29.8676841 ], [ -95.5446841, 29.8666544 ], [ -95.547216, 29.8678832 ], [ -95.5480766, 29.8677563 ], [ -95.5492881, 29.8670222 ], [ -95.5497474, 29.86716 ], [ -95.5509266, 29.8666414 ], [ -95.5674109, 29.8781538 ], [ -95.5682606, 29.8772169 ], [ -95.5693006, 29.8756433 ], [ -95.5694087, 29.8733428 ], [ -95.5692285, 29.8670624 ], [ -95.5650434, 29.8671279 ], [ -95.5650415, 29.8669056 ], [ -95.5643772, 29.8667537 ], [ -95.564321, 29.8614471 ], [ -95.5644804, 29.8603751 ], [ -95.5649047, 29.8583721 ], [ -95.5649221, 29.8558511 ], [ -95.5644549, 29.8538433 ], [ -95.5644626, 29.8505593 ], [ -95.5631793, 29.8505807 ], [ -95.5629752, 29.8504114 ], [ -95.5626385, 29.8503495 ], [ -95.5616473, 29.8503173 ], [ -95.5616479, 29.8520331 ], [ -95.559583, 29.8520171 ], [ -95.5595654, 29.8502993 ], [ -95.5543693, 29.8503005 ], [ -95.5530432, 29.8502586 ], [ -95.5488724, 29.8502504 ], [ -95.5488622, 29.8452136 ], [ -95.5488615, 29.8441314 ], [ -95.5467465, 29.8442992 ], [ -95.5448993, 29.8442233 ], [ -95.5389671, 29.8441737 ], [ -95.5390098, 29.8319079 ], [ -95.5304215, 29.8322591 ], [ -95.5304302, 29.8320029 ], [ -95.5299744, 29.8318201 ], [ -95.5299722, 29.8316983 ], [ -95.5292089, 29.831697 ], [ -95.5291351, 29.829722 ], [ -95.529166, 29.8277202 ], [ -95.5291357, 29.8248208 ], [ -95.5264583, 29.824938 ], [ -95.5263749, 29.8217977 ], [ -95.5253713, 29.8218148 ], [ -95.5231537, 29.821895 ], [ -95.5231468, 29.8214767 ], [ -95.5227547, 29.8215029 ], [ -95.5227047, 29.820708 ], [ -95.5220098, 29.8206709 ], [ -95.5219176, 29.8179431 ], [ -95.5209285, 29.8179613 ], [ -95.5169501, 29.8179092 ], [ -95.5168915, 29.8160339 ], [ -95.5138969, 29.8161008 ], [ -95.5139186, 29.8154654 ], [ -95.5125065, 29.815468 ], [ -95.5124105, 29.8142736 ], [ -95.5137338, 29.8142902 ], [ -95.5138654, 29.8120555 ], [ -95.5126556, 29.8119277 ], [ -95.5126025, 29.81106 ], [ -95.5108277, 29.8112344 ], [ -95.5108482, 29.8115197 ], [ -95.5095239, 29.8115093 ], [ -95.5095358, 29.8152385 ], [ -95.5024593, 29.8154679 ], [ -95.502487, 29.8163316 ], [ -95.5008569, 29.8163854 ], [ -95.4859202, 29.8165723 ], [ -95.482645, 29.8169019 ], [ -95.4820574, 29.817488 ], [ -95.4863485, 29.8204982 ], [ -95.4849867, 29.8220348 ], [ -95.4868708, 29.8232153 ], [ -95.4868569, 29.8238434 ], [ -95.4859757, 29.8237694 ], [ -95.4853858, 29.8240668 ], [ -95.4854275, 29.8247902 ], [ -95.4836048, 29.8248957 ], [ -95.4817103, 29.8250052 ], [ -95.481789, 29.8260802 ], [ -95.4805533, 29.8265392 ], [ -95.4805466, 29.8270902 ], [ -95.4817169, 29.8273637 ], [ -95.4817234, 29.831022 ], [ -95.4804039, 29.8298076 ], [ -95.4804061, 29.8304382 ], [ -95.4829374, 29.8327003 ], [ -95.4820144, 29.8329947 ], [ -95.481928, 29.8338221 ], [ -95.4806611, 29.8338005 ], [ -95.4806975, 29.8395263 ], [ -95.4781189, 29.8395092 ], [ -95.4780456, 29.8403708 ], [ -95.4751648, 29.8403803 ], [ -95.4742617, 29.8407555 ], [ -95.4733416, 29.8408075 ], [ -95.4732326, 29.8367654 ], [ -95.4708859, 29.8369386 ], [ -95.4626759, 29.8368742 ], [ -95.4627751, 29.8385263 ], [ -95.4628916, 29.8400433 ], [ -95.4603487, 29.840059 ], [ -95.459008, 29.8400691 ], [ -95.4579622, 29.8400765 ], [ -95.4361794, 29.8401743 ], [ -95.4361643, 29.8412031 ], [ -95.4355851, 29.8412228 ], [ -95.4356227, 29.8401592 ], [ -95.4298892, 29.8401308 ], [ -95.4298741, 29.8411035 ], [ -95.4288368, 29.8411518 ], [ -95.4288261, 29.8435905 ], [ -95.4472607, 29.8433496 ], [ -95.4470846, 29.8444639 ], [ -95.4430536, 29.844493 ], [ -95.443008, 29.8457638 ], [ -95.4287984, 29.8458545 ], [ -95.4296495, 29.8643439 ], [ -95.4306903, 29.8646686 ], [ -95.4307073, 29.8653733 ], [ -95.4317567, 29.8653889 ], [ -95.4317437, 29.86502 ], [ -95.4322953, 29.8649623 ], [ -95.4322774, 29.8669228 ], [ -95.4325723, 29.8671076 ], [ -95.4329862, 29.8670597 ], [ -95.4329665, 29.8656029 ], [ -95.4338129, 29.8653717 ], [ -95.4369487, 29.8653769 ], [ -95.4370077, 29.8689759 ], [ -95.4364488, 29.8689758 ], [ -95.4362861, 29.8702791 ], [ -95.4343876, 29.8685298 ], [ -95.4340795, 29.8691859 ], [ -95.4340931, 29.8698056 ], [ -95.4333482, 29.8697981 ], [ -95.4333561, 29.8686051 ], [ -95.4322617, 29.8686418 ], [ -95.4322727, 29.8689921 ], [ -95.4302154, 29.8689976 ], [ -95.4302471, 29.870731 ], [ -95.4300582, 29.8711898 ], [ -95.4306167, 29.87118 ], [ -95.4308462, 29.8726063 ], [ -95.4303011, 29.8726133 ], [ -95.4303125, 29.874364 ], [ -95.4298099, 29.8743666 ], [ -95.4298086, 29.8745449 ], [ -95.4302461, 29.8745461 ], [ -95.4303064, 29.8779016 ], [ -95.42982, 29.8779856 ], [ -95.430122, 29.8854589 ], [ -95.4429602, 29.8851442 ], [ -95.4448394, 29.8851033 ], [ -95.4460704, 29.8850647 ], [ -95.4460691, 29.8849973 ], [ -95.4483533, 29.8849258 ], [ -95.4510891, 29.8848645 ], [ -95.4522421, 29.8860709 ], [ -95.4522981, 29.8861259 ], [ -95.4551324, 29.8889873 ], [ -95.4560702, 29.8899537 ], [ -95.4565183, 29.8903257 ], [ -95.4573973, 29.8909064 ], [ -95.4578668, 29.8912677 ], [ -95.4610798, 29.8912967 ], [ -95.4610473, 29.8901189 ], [ -95.4635034, 29.8900887 ], [ -95.4635197, 29.8925463 ], [ -95.4654623, 29.8925315 ], [ -95.46711, 29.8925446 ], [ -95.4673074, 29.8918929 ], [ -95.4673698, 29.8916686 ], [ -95.4673894, 29.8914685 ], [ -95.4673748, 29.8913124 ], [ -95.4673266, 29.8911451 ], [ -95.4669749, 29.8904451 ], [ -95.4669944, 29.8901862 ], [ -95.466936, 29.8898973 ], [ -95.4669156, 29.8895067 ], [ -95.4668417, 29.8883477 ], [ -95.4666472, 29.8876116 ], [ -95.4666015, 29.8873656 ], [ -95.4665959, 29.8870834 ], [ -95.4666774, 29.8868577 ], [ -95.4667532, 29.8867002 ], [ -95.4669022, 29.886493 ], [ -95.4671389, 29.8861895 ], [ -95.4673115, 29.8858928 ], [ -95.4674108, 29.8856639 ], [ -95.4674761, 29.8855248 ], [ -95.4676075, 29.8852438 ], [ -95.4676905, 29.8848939 ] ] ] } },
{ "type": "Feature", "properties": { "OBJECTID": 14, "TRACT": "Northbelt", "SERVICE_CO": "NT", "AREA_AC": 8881, "SHAPE_LENG": 161077.93777799999, "INSIDE_X": -95.30559861, "INSIDE_Y": 29.9664201, "SHAPE_LE_1": 175316.711798, "LAT": 29.96641486, "LONG_": -95.30559161, "GLOBALID": "{A53AFA05-201D-4961-8FF9-B9C1B9ECA032}", "SHAPESTLen": 175316.71179803112 }, "geometry": { "type": "Polygon", "coordinates": [ [ [ -95.345516, 29.9387706 ], [ -95.3496664, 29.9387029 ], [ -95.3496424, 29.9382141 ], [ -95.3495306, 29.93728 ], [ -95.3493792, 29.9362905 ], [ -95.3488822, 29.9359697 ], [ -95.3476991, 29.9356753 ], [ -95.3466499, 29.9354117 ], [ -95.3458891, 29.9349209 ], [ -95.345023, 29.9338939 ], [ -95.3446999, 29.9333518 ], [ -95.3445713, 29.932598 ], [ -95.3449313, 29.9318213 ], [ -95.3453798, 29.9314719 ], [ -95.3460077, 29.931037 ], [ -95.3464406, 29.9308319 ], [ -95.346416, 29.9306504 ], [ -95.3460699, 29.9304587 ], [ -95.3433913, 29.9304587 ], [ -95.3421679, 29.9304514 ], [ -95.3416762, 29.9304375 ], [ -95.3364623, 29.9300898 ], [ -95.3350957, 29.9299982 ], [ -95.3341521, 29.9299725 ], [ -95.3337465, 29.9299976 ], [ -95.3332459, 29.9300652 ], [ -95.3326721, 29.9301271 ], [ -95.3323937, 29.9301503 ], [ -95.331949, 29.9301855 ], [ -95.3317069, 29.9301998 ], [ -95.3317044, 29.9300221 ], [ -95.331079, 29.9300396 ], [ -95.3312104, 29.928141 ], [ -95.3311982, 29.9256178 ], [ -95.3308357, 29.9230169 ], [ -95.3262011, 29.9230426 ], [ -95.3262003, 29.9261606 ], [ -95.3185345, 29.926206 ], [ -95.3185055, 29.9243429 ], [ -95.3172914, 29.9243125 ], [ -95.3171521, 29.9212606 ], [ -95.3152889, 29.9213398 ], [ -95.3154502, 29.9302097 ], [ -95.3175316, 29.9302682 ], [ -95.3177147, 29.9375423 ], [ -95.3178887, 29.9375427 ], [ -95.3178296, 29.9389084 ], [ -95.3168484, 29.938882 ], [ -95.3167627, 29.9376281 ], [ -95.3149713, 29.9375164 ], [ -95.3149134, 29.934194 ], [ -95.3134985, 29.9341983 ], [ -95.3134213, 29.9306488 ], [ -95.312465, 29.9306265 ], [ -95.3126875, 29.9381105 ], [ -95.3119861, 29.9381239 ], [ -95.3120072, 29.9397171 ], [ -95.3181305, 29.9397328 ], [ -95.3182036, 29.9404824 ], [ -95.316905, 29.9405935 ], [ -95.3169061, 29.9410151 ], [ -95.3147307, 29.9411601 ], [ -95.3109891, 29.9413756 ], [ -95.3034289, 29.9412493 ], [ -95.3029657, 29.9306503 ], [ -95.2941085, 29.9306136 ], [ -95.2877601, 29.9366621 ], [ -95.2876395, 29.9345164 ], [ -95.2729496, 29.9348409 ], [ -95.2729848, 29.9389016 ], [ -95.2740452, 29.938821 ], [ -95.2740352, 29.9406249 ], [ -95.2779327, 29.9412207 ], [ -95.2828935, 29.9411253 ], [ -95.2711047, 29.9518569 ], [ -95.2683032, 29.9546197 ], [ -95.2689922, 29.9547496 ], [ -95.2703075, 29.9537362 ], [ -95.2726335, 29.9541087 ], [ -95.2759271, 29.953831 ], [ -95.2779805, 29.9555474 ], [ -95.2815543, 29.9566259 ], [ -95.2835249, 29.9577566 ], [ -95.2845436, 29.9577157 ], [ -95.2868773, 29.9584866 ], [ -95.280094, 29.9738213 ], [ -95.2775083, 29.9788628 ], [ -95.2765119, 29.980705 ], [ -95.2761386, 29.9826193 ], [ -95.2770247, 29.9845961 ], [ -95.2755615, 29.9876746 ], [ -95.2768373, 29.9879598 ], [ -95.2781232, 29.9882088 ], [ -95.2783657, 29.9967733 ], [ -95.2770083, 29.9977566 ], [ -95.2771381, 30.0016958 ], [ -95.2844942, 30.0016164 ], [ -95.284513, 30.0071268 ], [ -95.2864373, 30.0068469 ], [ -95.28697, 30.0053623 ], [ -95.2881233, 30.0052276 ], [ -95.2899428, 30.0051946 ], [ -95.2931038, 30.0051153 ], [ -95.2938323, 30.0061349 ], [ -95.2957504, 30.0060213 ], [ -95.29592, 30.0013615 ], [ -95.3034846, 30.0012368 ], [ -95.3213336, 30.0078073 ], [ -95.3303023, 30.0112178 ], [ -95.3301835, 30.0065501 ], [ -95.3259162, 30.0063273 ], [ -95.3262799, 29.9958946 ], [ -95.3254083, 29.9904871 ], [ -95.3301341, 29.9907688 ], [ -95.3300966, 29.9869531 ], [ -95.3258825, 29.9832443 ], [ -95.3258872, 29.9820391 ], [ -95.3267886, 29.9813029 ], [ -95.3381834, 29.9815724 ], [ -95.3427245, 29.9788461 ], [ -95.3434271, 29.9771855 ], [ -95.3418401, 29.974781 ], [ -95.3084037, 29.973802 ], [ -95.3087217, 29.9719311 ], [ -95.3076328, 29.9663313 ], [ -95.3127063, 29.9666744 ], [ -95.3128729, 29.952154 ], [ -95.3316494, 29.9514667 ], [ -95.3316516, 29.95131 ], [ -95.3320153, 29.9513013 ], [ -95.3323808, 29.9512906 ], [ -95.3323828, 29.9513402 ], [ -95.3332948, 29.9513364 ], [ -95.3337477, 29.9513344 ], [ -95.3359121, 29.9513239 ], [ -95.3367053, 29.9513201 ], [ -95.3367747, 29.9513006 ], [ -95.3368759, 29.9512767 ], [ -95.33683, 29.9484174 ], [ -95.3376542, 29.9484098 ], [ -95.3376369, 29.9474625 ], [ -95.3409081, 29.9474313 ], [ -95.3409007, 29.9471783 ], [ -95.3405579, 29.9471816 ], [ -95.3405416, 29.9455595 ], [ -95.3416328, 29.945549 ], [ -95.3416152, 29.944611 ], [ -95.3374818, 29.9446903 ], [ -95.3373677, 29.9395189 ], [ -95.33738, 29.9391753 ], [ -95.3374195, 29.9387649 ], [ -95.345516, 29.9387706 ] ] ] } },
{ "type": "Feature", "properties": { "OBJECTID": 15, "TRACT": "Northgate", "SERVICE_CO": "NG1", "AREA_AC": 691, "SHAPE_LENG": 33947.020565300001, "INSIDE_X": -95.407525, "INSIDE_Y": 29.95071621, "SHAPE_LE_1": 65883.137269800005, "LAT": 29.95071097, "LONG_": -95.40751798, "GLOBALID": "{07A77EC7-5064-4BEB-A2D4-333B10D9B932}", "SHAPESTLen": 65883.137269774321 }, "geometry": { "type": "Polygon", "coordinates": [ [ [ -95.4183984, 29.968009 ], [ -95.4203746, 29.9680674 ], [ -95.4206432, 29.9688583 ], [ -95.421686, 29.974036 ], [ -95.4284128, 29.9739406 ], [ -95.4283883, 29.973113 ], [ -95.4268868, 29.9717621 ], [ -95.4249171, 29.9701981 ], [ -95.4239451, 29.9691832 ], [ -95.4233929, 29.96796 ], [ -95.4282892, 29.9679565 ], [ -95.42832, 29.969453 ], [ -95.4294563, 29.9700717 ], [ -95.4300264, 29.9700734 ], [ -95.4300364, 29.9680058 ], [ -95.4366264, 29.9680369 ], [ -95.4364443, 29.9600231 ], [ -95.4349125, 29.9599788 ], [ -95.4334055, 29.9597193 ], [ -95.4320615, 29.9597724 ], [ -95.4309562, 29.9597091 ], [ -95.4309405, 29.9584328 ], [ -95.4245246, 29.9584467 ], [ -95.4245604, 29.9560637 ], [ -95.4244604, 29.9544263 ], [ -95.4244297, 29.9491294 ], [ -95.4222938, 29.9489392 ], [ -95.4162061, 29.9489227 ], [ -95.4121963, 29.9369039 ], [ -95.3949379, 29.9365966 ], [ -95.389104, 29.9365186 ], [ -95.3852429, 29.936494 ], [ -95.3815474, 29.9365115 ], [ -95.3824713, 29.9405572 ], [ -95.3839385, 29.9464053 ], [ -95.3858551, 29.9540573 ], [ -95.3950865, 29.9539485 ], [ -95.3951268, 29.9557481 ], [ -95.4014185, 29.955676 ], [ -95.40134, 29.9514954 ], [ -95.4081194, 29.9514352 ], [ -95.410411, 29.9514012 ], [ -95.4130134, 29.9513452 ], [ -95.4150835, 29.9513301 ], [ -95.4169995, 29.9513002 ], [ -95.4180916, 29.9545731 ], [ -95.418821, 29.9634934 ], [ -95.4195077, 29.965125 ], [ -95.4183026, 29.9650131 ], [ -95.4183984, 29.968009 ] ] ] } },
{ "type": "Feature", "properties": { "OBJECTID": 16, "TRACT": "69th Street", "SERVICE_CO": "69th", "AREA_AC": 72473, "SHAPE_LENG": 494475.17787000001, "INSIDE_X": -95.38663098000001, "INSIDE_Y": 29.7948526, "SHAPE_LE_1": 508677.341671, "LAT": 29.7948474, "LONG_": -95.38662397, "GLOBALID": "{E1FF2DCB-C3B0-490F-B51D-34FE67DB2825}", "SHAPESTLen": 508677.34167055128 }, "geometry": { "type": "Polygon", "coordinates": [ [ [ -95.4086119, 29.881493 ], [ -95.4087267, 29.8987881 ], [ -95.4085146, 29.8998377 ], [ -95.4087294, 29.9151918 ], [ -95.4131557, 29.9151378 ], [ -95.4128901, 29.9049866 ], [ -95.4130818, 29.8816066 ], [ -95.4146576, 29.8815761 ], [ -95.4146438, 29.8805252 ], [ -95.4157504, 29.8804818 ], [ -95.4192978, 29.8850481 ], [ -95.4292582, 29.8979803 ], [ -95.4313852, 29.8979613 ], [ -95.4313523, 29.8854288 ], [ -95.430122, 29.8854589 ], [ -95.42982, 29.8779856 ], [ -95.4303064, 29.8779016 ], [ -95.4302461, 29.8745461 ], [ -95.4298086, 29.8745449 ], [ -95.4298099, 29.8743666 ], [ -95.4303125, 29.874364 ], [ -95.4303011, 29.8726133 ], [ -95.4308549, 29.8725796 ], [ -95.4306167, 29.87118 ], [ -95.4300582, 29.8711898 ], [ -95.4302471, 29.870731 ], [ -95.4302154, 29.8689976 ], [ -95.4322727, 29.8689921 ], [ -95.4322617, 29.8686418 ], [ -95.4333561, 29.8686051 ], [ -95.4333482, 29.8697981 ], [ -95.4340931, 29.8698056 ], [ -95.4340795, 29.8691859 ], [ -95.4343876, 29.8685298 ], [ -95.4362861, 29.8702791 ], [ -95.4364488, 29.8689758 ], [ -95.4370077, 29.8689759 ], [ -95.4369487, 29.8653769 ], [ -95.4338129, 29.8653717 ], [ -95.4329665, 29.8656029 ], [ -95.4329862, 29.8670597 ], [ -95.4325723, 29.8671076 ], [ -95.4322774, 29.8669228 ], [ -95.4322953, 29.8649623 ], [ -95.4317437, 29.86502 ], [ -95.4317567, 29.8653889 ], [ -95.4307073, 29.8653733 ], [ -95.4306903, 29.8646686 ], [ -95.4296495, 29.8643439 ], [ -95.4287984, 29.8458545 ], [ -95.443008, 29.8457638 ], [ -95.4430536, 29.844493 ], [ -95.4470846, 29.8444639 ], [ -95.4472607, 29.8433496 ], [ -95.4288261, 29.8435905 ], [ -95.4288368, 29.8411518 ], [ -95.4298741, 29.8411035 ], [ -95.4298892, 29.8401308 ], [ -95.4356227, 29.8401592 ], [ -95.4355851, 29.8412228 ], [ -95.4361643, 29.8412031 ], [ -95.4361794, 29.8401743 ], [ -95.4579622, 29.8400765 ], [ -95.459008, 29.8400691 ], [ -95.4603487, 29.840059 ], [ -95.4628916, 29.8400433 ], [ -95.4627751, 29.8385263 ], [ -95.4626759, 29.8368742 ], [ -95.4707303, 29.8369402 ], [ -95.471263, 29.836903 ], [ -95.4713459, 29.8369047 ], [ -95.4715019, 29.8368932 ], [ -95.4716482, 29.8368824 ], [ -95.4717507, 29.8368748 ], [ -95.4718062, 29.8368707 ], [ -95.4719308, 29.8368615 ], [ -95.4720575, 29.8368522 ], [ -95.4721079, 29.8368484 ], [ -95.4721564, 29.8368449 ], [ -95.4722569, 29.8368374 ], [ -95.4722729, 29.8368363 ], [ -95.4722956, 29.8368346 ], [ -95.4723652, 29.8368294 ], [ -95.472413, 29.8368259 ], [ -95.4724702, 29.8368217 ], [ -95.4724947, 29.8368199 ], [ -95.4725394, 29.8368164 ], [ -95.4732326, 29.8367654 ], [ -95.4733416, 29.8408075 ], [ -95.4742617, 29.8407555 ], [ -95.4751648, 29.8403803 ], [ -95.4780456, 29.8403708 ], [ -95.4781189, 29.8395092 ], [ -95.4806975, 29.8395263 ], [ -95.4806611, 29.8338005 ], [ -95.481928, 29.8338221 ], [ -95.4820144, 29.8329947 ], [ -95.4829374, 29.8327003 ], [ -95.4804061, 29.8304382 ], [ -95.4804039, 29.8298076 ], [ -95.4817234, 29.831022 ], [ -95.4817169, 29.8273637 ], [ -95.4805466, 29.8270902 ], [ -95.4805533, 29.8265392 ], [ -95.481789, 29.8260802 ], [ -95.4817103, 29.8250052 ], [ -95.4854275, 29.8247902 ], [ -95.4853858, 29.8240668 ], [ -95.4859757, 29.8237694 ], [ -95.4868569, 29.8238434 ], [ -95.4868708, 29.8232153 ], [ -95.4849867, 29.8220348 ], [ -95.4863485, 29.8204982 ], [ -95.4820574, 29.817488 ], [ -95.482645, 29.8169019 ], [ -95.4859202, 29.8165723 ], [ -95.5005822, 29.8163888 ], [ -95.502487, 29.8163316 ], [ -95.5024593, 29.8154679 ], [ -95.5095358, 29.8152385 ], [ -95.5095239, 29.8115093 ], [ -95.5108482, 29.8115197 ], [ -95.5108277, 29.8112344 ], [ -95.5126025, 29.81106 ], [ -95.5126556, 29.8119277 ], [ -95.5138654, 29.8120555 ], [ -95.5137338, 29.8142902 ], [ -95.5124105, 29.8142736 ], [ -95.5125065, 29.815468 ], [ -95.5139186, 29.8154654 ], [ -95.5138969, 29.8161008 ], [ -95.5168915, 29.8160339 ], [ -95.5169501, 29.8179092 ], [ -95.5209285, 29.8179613 ], [ -95.5219176, 29.8179431 ], [ -95.5220098, 29.8206709 ], [ -95.5227047, 29.820708 ], [ -95.5227547, 29.8215029 ], [ -95.5231468, 29.8214767 ], [ -95.5231537, 29.821895 ], [ -95.5253713, 29.8218148 ], [ -95.5263749, 29.8217977 ], [ -95.526136, 29.8081538 ], [ -95.5254473, 29.8073662 ], [ -95.5254124, 29.8069165 ], [ -95.5253751, 29.8065159 ], [ -95.5298569, 29.8064245 ], [ -95.5297491, 29.8012885 ], [ -95.5307291, 29.8012822 ], [ -95.5312253, 29.8012789 ], [ -95.531129, 29.8007015 ], [ -95.5330977, 29.8005079 ], [ -95.5359449, 29.8005059 ], [ -95.5359336, 29.7999588 ], [ -95.5346494, 29.7992548 ], [ -95.5344864, 29.7987876 ], [ -95.5333009, 29.7988135 ], [ -95.5335497, 29.7952687 ], [ -95.5333392, 29.793978 ], [ -95.531918, 29.7917909 ], [ -95.5314563, 29.7901244 ], [ -95.5324482, 29.7899644 ], [ -95.5337566, 29.7893721 ], [ -95.5336956, 29.7882607 ], [ -95.53091, 29.7885733 ], [ -95.5283433, 29.7887918 ], [ -95.5272529, 29.7876009 ], [ -95.5271856, 29.7849585 ], [ -95.5286761, 29.7848418 ], [ -95.5287162, 29.783733 ], [ -95.5240969, 29.7836951 ], [ -95.5224946, 29.7836825 ], [ -95.5201408, 29.7836639 ], [ -95.5199155, 29.787907 ], [ -95.5200583, 29.7884086 ], [ -95.5201676, 29.7886328 ], [ -95.5202373, 29.7889071 ], [ -95.5167196, 29.788922 ], [ -95.5157085, 29.7894611 ], [ -95.5154596, 29.7895417 ], [ -95.5152286, 29.7895641 ], [ -95.5139935, 29.7896784 ], [ -95.5138403, 29.7897005 ], [ -95.5138278, 29.7944076 ], [ -95.5128142, 29.7944127 ], [ -95.51281, 29.7972708 ], [ -95.5101171, 29.7972349 ], [ -95.5101323, 29.7988302 ], [ -95.5095556, 29.798355 ], [ -95.5090038, 29.7980079 ], [ -95.5082417, 29.7977211 ], [ -95.5081215, 29.7976236 ], [ -95.5080263, 29.7976083 ], [ -95.5073496, 29.7973116 ], [ -95.5068862, 29.7972491 ], [ -95.5066898, 29.7972486 ], [ -95.5060694, 29.7970079 ], [ -95.5060199, 29.796866 ], [ -95.5058739, 29.7962581 ], [ -95.5058113, 29.7960804 ], [ -95.5056829, 29.7959872 ], [ -95.5054875, 29.7959416 ], [ -95.5052074, 29.7960405 ], [ -95.5046509, 29.7963466 ], [ -95.504333, 29.7963967 ], [ -95.5039032, 29.796412 ], [ -95.5036821, 29.7964708 ], [ -95.5034456, 29.7965941 ], [ -95.5031115, 29.7967196 ], [ -95.5028643, 29.7967727 ], [ -95.5025103, 29.7967603 ], [ -95.5020447, 29.796708 ], [ -95.5016752, 29.7966387 ], [ -95.5013123, 29.7965077 ], [ -95.5010869, 29.7964374 ], [ -95.5006847, 29.7963447 ], [ -95.5005291, 29.7962562 ], [ -95.5003349, 29.7961814 ], [ -95.5001364, 29.7960221 ], [ -95.4999365, 29.7959678 ], [ -95.4997218, 29.7960184 ], [ -95.4995186, 29.7959702 ], [ -95.4993326, 29.7958208 ], [ -95.4991711, 29.7958489 ], [ -95.4989169, 29.7959153 ], [ -95.4987014, 29.7958444 ], [ -95.4984767, 29.7957126 ], [ -95.4982885, 29.7956452 ], [ -95.4981656, 29.79564 ], [ -95.4981379, 29.795763 ], [ -95.4980132, 29.795849 ], [ -95.4979339, 29.7959352 ], [ -95.4977672, 29.7958708 ], [ -95.497816, 29.7957315 ], [ -95.4976741, 29.7955969 ], [ -95.4976113, 29.7954889 ], [ -95.4975748, 29.7952797 ], [ -95.4974431, 29.7951684 ], [ -95.4972402, 29.7950932 ], [ -95.4970161, 29.7949121 ], [ -95.4967237, 29.7946172 ], [ -95.4964733, 29.7945018 ], [ -95.496374, 29.7944383 ], [ -95.4963138, 29.7943472 ], [ -95.4961683, 29.7943141 ], [ -95.4960461, 29.7943208 ], [ -95.4959269, 29.7942354 ], [ -95.4957672, 29.7941197 ], [ -95.4955703, 29.7940687 ], [ -95.4954821, 29.7940019 ], [ -95.4954289, 29.7937889 ], [ -95.4954152, 29.7946843 ], [ -95.4941955, 29.7947152 ], [ -95.4896921, 29.7947947 ], [ -95.488702, 29.7947999 ], [ -95.4870956, 29.7948012 ], [ -95.485037, 29.7947934 ], [ -95.4849993, 29.7844408 ], [ -95.4863532, 29.784455 ], [ -95.4864125, 29.7833914 ], [ -95.4882473, 29.7834641 ], [ -95.488233, 29.7772455 ], [ -95.4872173, 29.7772582 ], [ -95.4872456, 29.7698685 ], [ -95.4863404, 29.7691516 ], [ -95.4858014, 29.7690409 ], [ -95.4852415, 29.7702508 ], [ -95.4844663, 29.7711647 ], [ -95.4830491, 29.7719049 ], [ -95.4826767, 29.7714185 ], [ -95.4828396, 29.7701299 ], [ -95.4821966, 29.7700491 ], [ -95.4814374, 29.7711098 ], [ -95.4809312, 29.7713345 ], [ -95.4804619, 29.7713062 ], [ -95.4793981, 29.7713681 ], [ -95.4798605, 29.7718999 ], [ -95.4787467, 29.7721437 ], [ -95.4782377, 29.7727141 ], [ -95.4770645, 29.7720417 ], [ -95.4764292, 29.7710643 ], [ -95.4745776, 29.7722771 ], [ -95.473037, 29.7722912 ], [ -95.4725919, 29.7714171 ], [ -95.4723223, 29.7706201 ], [ -95.4715855, 29.7704332 ], [ -95.4715974, 29.7661685 ], [ -95.4716073, 29.763693 ], [ -95.4779016, 29.763688 ], [ -95.4778322, 29.7631449 ], [ -95.4775093, 29.7622901 ], [ -95.4780512, 29.7625805 ], [ -95.4779708, 29.7551686 ], [ -95.4778997, 29.7503405 ], [ -95.4778503, 29.7470385 ], [ -95.4777407, 29.7387045 ], [ -95.4777381, 29.738438 ], [ -95.4767959, 29.7384359 ], [ -95.4767681, 29.7379142 ], [ -95.4842334, 29.7379007 ], [ -95.4841679, 29.7369395 ], [ -95.4765719, 29.7370031 ], [ -95.4765936, 29.7376206 ], [ -95.4760817, 29.7376268 ], [ -95.4760879, 29.7377739 ], [ -95.4742926, 29.7380376 ], [ -95.4744269, 29.7449815 ], [ -95.4708251, 29.7449683 ], [ -95.4706564, 29.7444332 ], [ -95.4692089, 29.7443542 ], [ -95.4692232, 29.7452936 ], [ -95.4670249, 29.7452764 ], [ -95.4671214, 29.7465446 ], [ -95.4641795, 29.7463853 ], [ -95.4642817, 29.7488375 ], [ -95.4624573, 29.7488302 ], [ -95.4624985, 29.7503418 ], [ -95.4596457, 29.7503073 ], [ -95.4592321, 29.7500922 ], [ -95.4593596, 29.7477685 ], [ -95.4589431, 29.7476351 ], [ -95.4589686, 29.7455536 ], [ -95.4575635, 29.7455981 ], [ -95.4586498, 29.7412585 ], [ -95.4559423, 29.7411142 ], [ -95.4560481, 29.7380461 ], [ -95.4533784, 29.7381388 ], [ -95.4509027, 29.7380324 ], [ -95.4508361, 29.7399494 ], [ -95.4497557, 29.7398543 ], [ -95.4497636, 29.7396294 ], [ -95.449066, 29.7396441 ], [ -95.4490181, 29.738517 ], [ -95.4486771, 29.7385206 ], [ -95.4486708, 29.7382227 ], [ -95.4479592, 29.7382058 ], [ -95.4477698, 29.7295054 ], [ -95.4480444, 29.7294942 ], [ -95.4476345, 29.7244866 ], [ -95.4431887, 29.72447 ], [ -95.4431154, 29.7201928 ], [ -95.433316, 29.7252407 ], [ -95.4285361, 29.7252168 ], [ -95.4240143, 29.7252652 ], [ -95.4186126, 29.7254315 ], [ -95.4184522, 29.7108787 ], [ -95.4183948, 29.7073202 ], [ -95.4181814, 29.7052692 ], [ -95.4126914, 29.7053635 ], [ -95.4122092, 29.7040884 ], [ -95.413079, 29.7037378 ], [ -95.412701, 29.7028456 ], [ -95.4142962, 29.7026478 ], [ -95.414033, 29.7020525 ], [ -95.414899, 29.7006845 ], [ -95.4151021, 29.698279 ], [ -95.4140743, 29.6982106 ], [ -95.416257, 29.6956627 ], [ -95.414345, 29.6944078 ], [ -95.4127822, 29.6963363 ], [ -95.4118667, 29.6957394 ], [ -95.4103921, 29.6955705 ], [ -95.4090166, 29.6960746 ], [ -95.4079437, 29.694034 ], [ -95.4007493, 29.6956951 ], [ -95.4010059, 29.6962347 ], [ -95.3995596, 29.6965424 ], [ -95.3996056, 29.69697 ], [ -95.3981467, 29.6967975 ], [ -95.3981108, 29.6964871 ], [ -95.396987, 29.696563 ], [ -95.3972437, 29.6969521 ], [ -95.396951, 29.697737 ], [ -95.396203, 29.6976862 ], [ -95.3943921, 29.7022527 ], [ -95.391968, 29.7014101 ], [ -95.3932464, 29.6982386 ], [ -95.3928702, 29.6976035 ], [ -95.3866464, 29.6990464 ], [ -95.3844414, 29.7054228 ], [ -95.3830627, 29.7094093 ], [ -95.3831156, 29.7107638 ], [ -95.382675, 29.7128344 ], [ -95.3813094, 29.7127164 ], [ -95.3804841, 29.7128659 ], [ -95.3794406, 29.7126945 ], [ -95.378562, 29.712499 ], [ -95.3783195, 29.7165581 ], [ -95.3773774, 29.7199971 ], [ -95.3794423, 29.7209691 ], [ -95.3797349, 29.7201181 ], [ -95.3842643, 29.7228173 ], [ -95.3801731, 29.7279036 ], [ -95.377776, 29.7308761 ], [ -95.3761626, 29.7299123 ], [ -95.3752062, 29.7327908 ], [ -95.3704944, 29.733322 ], [ -95.369019, 29.7351525 ], [ -95.3683977, 29.7365478 ], [ -95.3643837, 29.7422133 ], [ -95.3599713, 29.7480278 ], [ -95.3597852, 29.748639 ], [ -95.3567568, 29.7520423 ], [ -95.3554749, 29.7513467 ], [ -95.3544687, 29.7525367 ], [ -95.354254, 29.7527613 ], [ -95.3534728, 29.7522359 ], [ -95.3518537, 29.7544281 ], [ -95.3505333, 29.7561373 ], [ -95.3500469, 29.7558677 ], [ -95.3493854, 29.7555114 ], [ -95.3487031, 29.7551179 ], [ -95.3483189, 29.7540207 ], [ -95.3476196, 29.7521578 ], [ -95.3466272, 29.7494341 ], [ -95.3451712, 29.7474205 ], [ -95.3413755, 29.745789 ], [ -95.3373183, 29.7445347 ], [ -95.3302163, 29.7422847 ], [ -95.329969, 29.7419082 ], [ -95.3294197, 29.7420125 ], [ -95.3282054, 29.7416188 ], [ -95.3255547, 29.7407212 ], [ -95.3247566, 29.7417409 ], [ -95.323355, 29.7411664 ], [ -95.323855, 29.7401874 ], [ -95.3228437, 29.7400951 ], [ -95.3218338, 29.7398011 ], [ -95.3213613, 29.7405502 ], [ -95.3205959, 29.7413922 ], [ -95.3186329, 29.7408647 ], [ -95.3158877, 29.7398922 ], [ -95.3130636, 29.7392116 ], [ -95.3142906, 29.7374095 ], [ -95.3124143, 29.736773 ], [ -95.3141273, 29.7342372 ], [ -95.3150164, 29.7343238 ], [ -95.3156142, 29.7335423 ], [ -95.3158988, 29.7320852 ], [ -95.315869, 29.731096 ], [ -95.3151169, 29.7298888 ], [ -95.3138346, 29.7298799 ], [ -95.3135194, 29.7289111 ], [ -95.3125401, 29.7285323 ], [ -95.3124913, 29.7277756 ], [ -95.3126341, 29.727049 ], [ -95.3129176, 29.7261031 ], [ -95.3116749, 29.7257679 ], [ -95.3119354, 29.7250636 ], [ -95.3154132, 29.7258625 ], [ -95.3174693, 29.7204679 ], [ -95.3209225, 29.721391 ], [ -95.3213703, 29.7197782 ], [ -95.3206831, 29.7182191 ], [ -95.3109547, 29.7124248 ], [ -95.3092633, 29.7136074 ], [ -95.3090523, 29.7146891 ], [ -95.3080233, 29.7158232 ], [ -95.3079718, 29.7172468 ], [ -95.3087976, 29.7181695 ], [ -95.3089661, 29.7194491 ], [ -95.307524, 29.7201219 ], [ -95.306274, 29.7202483 ], [ -95.30498, 29.7211088 ], [ -95.3042052, 29.7252646 ], [ -95.3018473, 29.7276143 ], [ -95.3005196, 29.7284296 ], [ -95.2977404, 29.7278791 ], [ -95.2943569, 29.7280359 ], [ -95.2930504, 29.7266754 ], [ -95.2908058, 29.7256876 ], [ -95.2898618, 29.7236451 ], [ -95.287557, 29.7236557 ], [ -95.2859616, 29.7228795 ], [ -95.2853851, 29.7231532 ], [ -95.2839747, 29.7227161 ], [ -95.282322, 29.7248089 ], [ -95.2826312, 29.7258201 ], [ -95.2813285, 29.7278014 ], [ -95.2785065, 29.7278079 ], [ -95.2769705, 29.7266396 ], [ -95.2754521, 29.727966 ], [ -95.2768342, 29.7341991 ], [ -95.2798136, 29.7392352 ], [ -95.2831633, 29.7423767 ], [ -95.2868901, 29.7488739 ], [ -95.2810682, 29.7491922 ], [ -95.2806315, 29.7551175 ], [ -95.2724752, 29.7551455 ], [ -95.2725385, 29.7596608 ], [ -95.2654349, 29.7597127 ], [ -95.2652283, 29.7696259 ], [ -95.2635887, 29.7735957 ], [ -95.2628497, 29.7753847 ], [ -95.2628476, 29.7753844 ], [ -95.2582822, 29.7746965 ], [ -95.2569958, 29.7744906 ], [ -95.2569864, 29.7745013 ], [ -95.2552704, 29.7764573 ], [ -95.2544915, 29.777345 ], [ -95.2541074, 29.7777828 ], [ -95.2532876, 29.7788062 ], [ -95.2519215, 29.780345 ], [ -95.2514171, 29.7809451 ], [ -95.251271, 29.7810862 ], [ -95.2509493, 29.7813969 ], [ -95.2514675, 29.781727 ], [ -95.2515121, 29.7836389 ], [ -95.2515546, 29.7867177 ], [ -95.2516487, 29.7868072 ], [ -95.2523783, 29.7868016 ], [ -95.2572481, 29.7867368 ], [ -95.2592188, 29.7874439 ], [ -95.259354, 29.7875273 ], [ -95.2595315, 29.7875869 ], [ -95.2613437, 29.7875643 ], [ -95.2631861, 29.7875414 ], [ -95.2655291, 29.787515 ], [ -95.2656505, 29.7875127 ], [ -95.2659292, 29.7875075 ], [ -95.2660663, 29.787505 ], [ -95.266108, 29.7864157 ], [ -95.2685315, 29.7856518 ], [ -95.2686969, 29.7855996 ], [ -95.2686893, 29.7869963 ], [ -95.2686879, 29.7872385 ], [ -95.2690917, 29.7872343 ], [ -95.2729251, 29.7871941 ], [ -95.2733041, 29.7874719 ], [ -95.273305, 29.7875073 ], [ -95.2758069, 29.7874886 ], [ -95.2777452, 29.7874741 ], [ -95.2781579, 29.8019161 ], [ -95.2793976, 29.802712 ], [ -95.2960704, 29.796427 ], [ -95.2968728, 29.7978276 ], [ -95.3007814, 29.7961862 ], [ -95.3005067, 29.7989208 ], [ -95.3004189, 29.8004812 ], [ -95.3002954, 29.8049531 ], [ -95.2993704, 29.8061503 ], [ -95.3104788, 29.8124124 ], [ -95.3104545, 29.8273279 ], [ -95.3091232, 29.8276055 ], [ -95.3091281, 29.8280737 ], [ -95.308636, 29.8280836 ], [ -95.3084476, 29.8275998 ], [ -95.301351, 29.8276392 ], [ -95.3011838, 29.8276388 ], [ -95.3011838, 29.8288658 ], [ -95.3010895, 29.8288595 ], [ -95.3011257, 29.831138 ], [ -95.3012384, 29.8312611 ], [ -95.3011651, 29.8336175 ], [ -95.3018778, 29.8336119 ], [ -95.3018845, 29.8339904 ], [ -95.301403, 29.8344489 ], [ -95.3014176, 29.8377584 ], [ -95.3017094, 29.8380793 ], [ -95.3020386, 29.8384413 ], [ -95.3020454, 29.8386628 ], [ -95.2997137, 29.8409346 ], [ -95.3006321, 29.8416796 ], [ -95.3008169, 29.8416384 ], [ -95.3008389, 29.8420196 ], [ -95.3009314, 29.8484837 ], [ -95.3025945, 29.8484766 ], [ -95.3046891, 29.8484171 ], [ -95.3046662, 29.8470675 ], [ -95.3052744, 29.8470544 ], [ -95.3052336, 29.8453316 ], [ -95.3052766, 29.8449888 ], [ -95.3058587, 29.8449905 ], [ -95.3059171, 29.8484123 ], [ -95.3138433, 29.8483024 ], [ -95.31384, 29.8478606 ], [ -95.3143472, 29.8478554 ], [ -95.3143494, 29.8478243 ], [ -95.3153345, 29.847815 ], [ -95.315338, 29.8482345 ], [ -95.319151, 29.8481752 ], [ -95.3191583, 29.8487967 ], [ -95.3235401, 29.8487808 ], [ -95.3230582, 29.8499751 ], [ -95.3225054, 29.8513449 ], [ -95.3217854, 29.8531289 ], [ -95.3210943, 29.8548413 ], [ -95.3200125, 29.8574682 ], [ -95.3194234, 29.8588875 ], [ -95.3162282, 29.8665849 ], [ -95.3167275, 29.8665891 ], [ -95.3329555, 29.8665152 ], [ -95.3303193, 29.8709736 ], [ -95.3290979, 29.8728463 ], [ -95.3283544, 29.8741604 ], [ -95.3299778, 29.874111 ], [ -95.3299855, 29.8760207 ], [ -95.3350102, 29.8759842 ], [ -95.334935, 29.874761 ], [ -95.3416265, 29.8746532 ], [ -95.340929, 29.8729884 ], [ -95.3412599, 29.8709304 ], [ -95.3517181, 29.8708501 ], [ -95.3528124, 29.8727026 ], [ -95.3654168, 29.8725744 ], [ -95.3660188, 29.8757451 ], [ -95.3613009, 29.8758561 ], [ -95.3612131, 29.8775638 ], [ -95.3661864, 29.8775475 ], [ -95.3698377, 29.8926597 ], [ -95.3712823, 29.8925421 ], [ -95.3710932, 29.8919409 ], [ -95.3733286, 29.8897545 ], [ -95.3731883, 29.8859015 ], [ -95.3759518, 29.885852 ], [ -95.376006, 29.8820103 ], [ -95.376012, 29.8807043 ], [ -95.3752751, 29.8807542 ], [ -95.3752839, 29.8793535 ], [ -95.3745503, 29.8792569 ], [ -95.3745689, 29.8781011 ], [ -95.3878261, 29.8779576 ], [ -95.3863338, 29.8755808 ], [ -95.3970031, 29.8754098 ], [ -95.4085188, 29.8753676 ], [ -95.4085897, 29.8778045 ], [ -95.4086119, 29.881493 ] ] ] } },
{ "type": "Feature", "properties": { "OBJECTID": 17, "TRACT": "Park Ten", "SERVICE_CO": "PT", "AREA_AC": 1518, "SHAPE_LENG": 62273.648656099998, "INSIDE_X": -95.66436758, "INSIDE_Y": 29.78791251, "SHAPE_LE_1": 62273.6493883, "LAT": 29.79048903, "LONG_": -95.67229966, "GLOBALID": "{6D07C16D-BC01-40FA-95C3-2C44E8C5CEE1}", "SHAPESTLen": 62273.649388247984 }, "geometry": { "type": "Polygon", "coordinates": [ [ [ -95.6238961, 29.7853528 ], [ -95.6238106, 29.7872997 ], [ -95.6237304, 29.7891316 ], [ -95.6236669, 29.7905922 ], [ -95.6236654, 29.7906274 ], [ -95.6391028, 29.7901868 ], [ -95.6453212, 29.7903426 ], [ -95.6625489, 29.7902997 ], [ -95.6819, 29.7904883 ], [ -95.6819763, 29.8001973 ], [ -95.7016301, 29.8004259 ], [ -95.7015915, 29.7918798 ], [ -95.7050565, 29.7918772 ], [ -95.7050658, 29.7906398 ], [ -95.7015858, 29.7906094 ], [ -95.7015809, 29.7889002 ], [ -95.7008935, 29.7888459 ], [ -95.6997864, 29.7888354 ], [ -95.6997651, 29.7860257 ], [ -95.6993778, 29.7856001 ], [ -95.694879, 29.7855919 ], [ -95.6238961, 29.7853528 ] ] ] } },
{ "type": "Feature", "properties": { "OBJECTID": 18, "TRACT": "Sagemont", "SERVICE_CO": "SM", "AREA_AC": 2215, "SHAPE_LENG": 78569.299112199995, "INSIDE_X": -95.21347652, "INSIDE_Y": 29.59823054, "SHAPE_LE_1": 78569.2998792, "LAT": 29.59822537, "LONG_": -95.21346956, "GLOBALID": "{39302D71-CA20-45AF-AD46-F0B4B49A6C97}", "SHAPESTLen": 78569.299879229191 }, "geometry": { "type": "MultiPolygon", "coordinates": [ [ [ [ -95.206732, 29.6073755 ], [ -95.2129382, 29.6126117 ], [ -95.2141724, 29.6137537 ], [ -95.2149513, 29.6145111 ], [ -95.2156655, 29.6151923 ], [ -95.2177883, 29.6172349 ], [ -95.2200561, 29.6192543 ], [ -95.2205059, 29.618858 ], [ -95.221092, 29.6193784 ], [ -95.2218314, 29.6200233 ], [ -95.2288139, 29.6197858 ], [ -95.2294801, 29.618458 ], [ -95.2297529, 29.6182838 ], [ -95.2270234, 29.615915 ], [ -95.2296642, 29.6133403 ], [ -95.2310529, 29.6120698 ], [ -95.2310829, 29.6119626 ], [ -95.2308502, 29.6117458 ], [ -95.2292203, 29.6103929 ], [ -95.2287114, 29.6099636 ], [ -95.2287146, 29.6099627 ], [ -95.2281783, 29.6095253 ], [ -95.228234, 29.6090227 ], [ -95.2284517, 29.6072331 ], [ -95.2278798, 29.6071906 ], [ -95.2280731, 29.6053719 ], [ -95.2257745, 29.6053989 ], [ -95.2252214, 29.6057153 ], [ -95.2251282, 29.6056267 ], [ -95.2250969, 29.605597 ], [ -95.2237427, 29.6043098 ], [ -95.2241522, 29.6038454 ], [ -95.2236868, 29.6033832 ], [ -95.2248611, 29.6023355 ], [ -95.226, 29.6013192 ], [ -95.230192, 29.6012383 ], [ -95.232807, 29.6011878 ], [ -95.2333161, 29.6011798 ], [ -95.230795, 29.5991745 ], [ -95.2293623, 29.5979624 ], [ -95.2270217, 29.6000568 ], [ -95.2250833, 29.6000842 ], [ -95.2233824, 29.5987149 ], [ -95.2264585, 29.5958517 ], [ -95.2267203, 29.596081 ], [ -95.2270496, 29.5963944 ], [ -95.2273972, 29.5968101 ], [ -95.2277962, 29.5964883 ], [ -95.2288487, 29.5955277 ], [ -95.2349408, 29.5899893 ], [ -95.2269682, 29.583385 ], [ -95.2254748, 29.5821964 ], [ -95.2234817, 29.583937 ], [ -95.2244647, 29.5850487 ], [ -95.2137036, 29.5950585 ], [ -95.2133172, 29.5948092 ], [ -95.2105402, 29.5972846 ], [ -95.2081428, 29.5965554 ], [ -95.2057492, 29.5985353 ], [ -95.2076656, 29.600045 ], [ -95.2073278, 29.6003826 ], [ -95.2026907, 29.6004457 ], [ -95.2009743, 29.6018189 ], [ -95.1997872, 29.600725 ], [ -95.206732, 29.6073755 ] ] ], [ [ [ -95.1997872, 29.600725 ], [ -95.1998535, 29.5988631 ], [ -95.2035179, 29.5987899 ], [ -95.2032696, 29.5855152 ], [ -95.2056822, 29.5859629 ], [ -95.2063888, 29.5859499 ], [ -95.2071429, 29.5851428 ], [ -95.2080915, 29.5859186 ], [ -95.2110032, 29.5830955 ], [ -95.20706, 29.5798229 ], [ -95.2037799, 29.5771004 ], [ -95.1960196, 29.5842724 ], [ -95.1948389, 29.5844377 ], [ -95.191826, 29.5843815 ], [ -95.1870336, 29.5845078 ], [ -95.1867262, 29.5847953 ], [ -95.1867261, 29.5856059 ], [ -95.186727, 29.5859707 ], [ -95.1867078, 29.5862263 ], [ -95.186764, 29.5881138 ], [ -95.1873442, 29.5889343 ], [ -95.1964174, 29.5974976 ], [ -95.1997872, 29.600725 ] ] ] ] } },
{ "type": "Feature", "properties": { "OBJECTID": 19, "TRACT": "Sims Bayou", "SERVICE_CO": "SB", "AREA_AC": 29469, "SHAPE_LENG": 258249.41515300001, "INSIDE_X": -95.30855883, "INSIDE_Y": 29.69022664, "SHAPE_LE_1": 254511.27657700001, "LAT": 29.69022145, "LONG_": -95.30855185, "GLOBALID": "{F9EED1F7-3A27-496B-A966-193EFEFB34E5}", "SHAPESTLen": 254511.27657698226 }, "geometry": { "type": "Polygon", "coordinates": [ [ [ -95.28853, 29.6237499 ], [ -95.2885241, 29.6237486 ], [ -95.2871337, 29.6234358 ], [ -95.2855821, 29.6230868 ], [ -95.2854387, 29.622154 ], [ -95.2811255, 29.6222881 ], [ -95.2811201, 29.6222883 ], [ -95.2811099, 29.6228544 ], [ -95.2810663, 29.6252867 ], [ -95.2810431, 29.6252903 ], [ -95.2784376, 29.6256962 ], [ -95.2784339, 29.6248367 ], [ -95.2784232, 29.6223453 ], [ -95.2778193, 29.622354 ], [ -95.2668773, 29.6225111 ], [ -95.2668733, 29.6225111 ], [ -95.2669091, 29.62627 ], [ -95.26577, 29.6262947 ], [ -95.2657739, 29.6268275 ], [ -95.2657836, 29.6281372 ], [ -95.2645381, 29.6281598 ], [ -95.2645706, 29.6304793 ], [ -95.2645706, 29.6304795 ], [ -95.2645897, 29.6318419 ], [ -95.2645897, 29.6318428 ], [ -95.2646238, 29.6318435 ], [ -95.26667, 29.6318862 ], [ -95.2668716, 29.6353794 ], [ -95.2668736, 29.6354152 ], [ -95.2672069, 29.6356773 ], [ -95.2785939, 29.6446321 ], [ -95.266043, 29.6570676 ], [ -95.2637493, 29.6556445 ], [ -95.2627614, 29.6548245 ], [ -95.2627508, 29.6521062 ], [ -95.2627049, 29.6521065 ], [ -95.258333, 29.6521407 ], [ -95.2546969, 29.652169 ], [ -95.2547423, 29.6541864 ], [ -95.2530689, 29.6542232 ], [ -95.2518506, 29.6525403 ], [ -95.2495233, 29.6493035 ], [ -95.247089, 29.6493976 ], [ -95.2467476, 29.6523043 ], [ -95.2490797, 29.6522547 ], [ -95.2494966, 29.6701238 ], [ -95.2282268, 29.6697388 ], [ -95.2284122, 29.6754751 ], [ -95.2233755, 29.6756541 ], [ -95.2427223, 29.7021755 ], [ -95.2387008, 29.7046731 ], [ -95.2411223, 29.7066092 ], [ -95.2452041, 29.7062839 ], [ -95.2468586, 29.7064712 ], [ -95.2468107, 29.7089807 ], [ -95.249107, 29.709117 ], [ -95.2495189, 29.7083947 ], [ -95.2526316, 29.7093049 ], [ -95.2533956, 29.725458 ], [ -95.2549751, 29.7266235 ], [ -95.2594224, 29.7268801 ], [ -95.2626864, 29.7254667 ], [ -95.2691014, 29.7245433 ], [ -95.27194, 29.7262013 ], [ -95.2754521, 29.727966 ], [ -95.2769705, 29.7266396 ], [ -95.2782115, 29.7275303 ], [ -95.2813285, 29.7278014 ], [ -95.2826312, 29.7258201 ], [ -95.282322, 29.7248089 ], [ -95.2839747, 29.7227161 ], [ -95.2854457, 29.722998 ], [ -95.2859616, 29.7228795 ], [ -95.287557, 29.7236557 ], [ -95.2898618, 29.7236451 ], [ -95.2908058, 29.7256876 ], [ -95.2930504, 29.7266754 ], [ -95.2943569, 29.7280359 ], [ -95.2977404, 29.7278791 ], [ -95.3005196, 29.7284296 ], [ -95.3018473, 29.7276143 ], [ -95.3042052, 29.7252646 ], [ -95.30498, 29.7211088 ], [ -95.306274, 29.7202483 ], [ -95.307469, 29.720197 ], [ -95.3088815, 29.7194886 ], [ -95.3087976, 29.7181695 ], [ -95.3079737, 29.717192 ], [ -95.3079791, 29.7157783 ], [ -95.3089765, 29.7147726 ], [ -95.3092633, 29.7136074 ], [ -95.3109547, 29.7124248 ], [ -95.3206831, 29.7182191 ], [ -95.3213703, 29.7197782 ], [ -95.3209225, 29.721391 ], [ -95.3175209, 29.7204332 ], [ -95.3154132, 29.7258625 ], [ -95.3118916, 29.7250192 ], [ -95.3116749, 29.7257679 ], [ -95.3128585, 29.7261046 ], [ -95.3126341, 29.727049 ], [ -95.3124913, 29.7277756 ], [ -95.3125401, 29.7285323 ], [ -95.3135194, 29.7289111 ], [ -95.3138346, 29.7298799 ], [ -95.3150433, 29.7298883 ], [ -95.315869, 29.731096 ], [ -95.3158988, 29.7320852 ], [ -95.3155685, 29.7335274 ], [ -95.3149701, 29.7342074 ], [ -95.3140931, 29.7342879 ], [ -95.3124143, 29.736773 ], [ -95.3142906, 29.7374095 ], [ -95.3129558, 29.7391876 ], [ -95.3146448, 29.7395926 ], [ -95.3192275, 29.740932 ], [ -95.3205304, 29.7413708 ], [ -95.3213613, 29.7405502 ], [ -95.3218338, 29.7398011 ], [ -95.3228437, 29.7400951 ], [ -95.3237714, 29.7402069 ], [ -95.3234057, 29.7410673 ], [ -95.3247566, 29.7417409 ], [ -95.325541, 29.7407169 ], [ -95.3282054, 29.7416188 ], [ -95.3294197, 29.7420125 ], [ -95.329969, 29.7419082 ], [ -95.3302163, 29.7422847 ], [ -95.3373183, 29.7445347 ], [ -95.3413755, 29.745789 ], [ -95.3451712, 29.7474205 ], [ -95.3466272, 29.7494341 ], [ -95.3483189, 29.7540207 ], [ -95.3487031, 29.7551179 ], [ -95.3505333, 29.7561373 ], [ -95.3534554, 29.7522356 ], [ -95.354254, 29.7527613 ], [ -95.3544687, 29.7525367 ], [ -95.3554877, 29.7513536 ], [ -95.3567568, 29.7520423 ], [ -95.3597852, 29.748639 ], [ -95.3599713, 29.7480278 ], [ -95.3643837, 29.7422133 ], [ -95.3683977, 29.7365478 ], [ -95.369019, 29.7351525 ], [ -95.3704944, 29.733322 ], [ -95.3752062, 29.7327908 ], [ -95.3754021, 29.7322364 ], [ -95.3761626, 29.7299123 ], [ -95.377776, 29.7308761 ], [ -95.3822598, 29.7253327 ], [ -95.3842971, 29.7228182 ], [ -95.3797676, 29.720119 ], [ -95.3794085, 29.7209969 ], [ -95.377443, 29.7199989 ], [ -95.3779012, 29.7181788 ], [ -95.3783175, 29.7166153 ], [ -95.3785292, 29.7124981 ], [ -95.3804841, 29.7128659 ], [ -95.3817692, 29.7127002 ], [ -95.382671, 29.7128531 ], [ -95.3831169, 29.710788 ], [ -95.3830433, 29.7094654 ], [ -95.3868208, 29.698542 ], [ -95.3843426, 29.697505 ], [ -95.3823029, 29.699774 ], [ -95.3779665, 29.6986815 ], [ -95.3755011, 29.7051977 ], [ -95.3750051, 29.7015339 ], [ -95.3773457, 29.6926703 ], [ -95.3780446, 29.6899255 ], [ -95.3803517, 29.682885 ], [ -95.3806149, 29.6810166 ], [ -95.3788759, 29.680718 ], [ -95.3776246, 29.6805943 ], [ -95.3765521, 29.6806551 ], [ -95.3757179, 29.680741 ], [ -95.3745909, 29.6808177 ], [ -95.3745359, 29.6771495 ], [ -95.3817206, 29.6747915 ], [ -95.381843, 29.671919 ], [ -95.3821008, 29.6704521 ], [ -95.3831384, 29.66813 ], [ -95.382311, 29.6678487 ], [ -95.3809615, 29.6680255 ], [ -95.3799742, 29.6683187 ], [ -95.3780807, 29.6690734 ], [ -95.3710518, 29.6693256 ], [ -95.3709955, 29.6658575 ], [ -95.3709948, 29.6658575 ], [ -95.3686666, 29.6658515 ], [ -95.3687556, 29.6692904 ], [ -95.3665915, 29.6695798 ], [ -95.3661554, 29.6698614 ], [ -95.3659053, 29.6705146 ], [ -95.3673979, 29.6709875 ], [ -95.367251, 29.67167 ], [ -95.3656442, 29.6711613 ], [ -95.3653792, 29.671805 ], [ -95.3653759, 29.6718128 ], [ -95.3667953, 29.6722533 ], [ -95.3668681, 29.6722759 ], [ -95.366868, 29.6722763 ], [ -95.3666312, 29.6729381 ], [ -95.3636797, 29.6720136 ], [ -95.3611592, 29.671224 ], [ -95.3611569, 29.6712233 ], [ -95.3576683, 29.680027 ], [ -95.3557353, 29.6802087 ], [ -95.3558004, 29.6824697 ], [ -95.3548243, 29.6828522 ], [ -95.354344, 29.6830003 ], [ -95.3537958, 29.6829864 ], [ -95.3529519, 29.6828418 ], [ -95.3523322, 29.6824912 ], [ -95.3511838, 29.6818416 ], [ -95.3511664, 29.6818317 ], [ -95.3494461, 29.6812841 ], [ -95.3496375, 29.6807973 ], [ -95.3509398, 29.6799095 ], [ -95.3512461, 29.6795027 ], [ -95.3516682, 29.6796956 ], [ -95.3517457, 29.6795694 ], [ -95.3517446, 29.6795682 ], [ -95.3516547, 29.6794812 ], [ -95.3519085, 29.6791991 ], [ -95.3528484, 29.676688 ], [ -95.351268, 29.6762361 ], [ -95.3512644, 29.676235 ], [ -95.3513909, 29.675944 ], [ -95.3509356, 29.6758541 ], [ -95.3507822, 29.6762415 ], [ -95.3478674, 29.675322 ], [ -95.3478695, 29.6753165 ], [ -95.3479324, 29.6751537 ], [ -95.3479796, 29.6750314 ], [ -95.3479868, 29.6750127 ], [ -95.3476722, 29.6749298 ], [ -95.349125, 29.6711786 ], [ -95.347596, 29.6707414 ], [ -95.3485844, 29.6680909 ], [ -95.3489913, 29.6669997 ], [ -95.3483297, 29.6666722 ], [ -95.3459552, 29.6661637 ], [ -95.3452627, 29.6660154 ], [ -95.3408294, 29.6660866 ], [ -95.3407983, 29.6639292 ], [ -95.3351625, 29.6640118 ], [ -95.3350682, 29.6624979 ], [ -95.3339371, 29.6625512 ], [ -95.3339366, 29.6625512 ], [ -95.3339178, 29.6613488 ], [ -95.3364459, 29.6612975 ], [ -95.3362709, 29.6560656 ], [ -95.3360078, 29.6560503 ], [ -95.3360232, 29.6557266 ], [ -95.3285356, 29.6556161 ], [ -95.328583, 29.6584648 ], [ -95.3286185, 29.6605976 ], [ -95.3242685, 29.6605699 ], [ -95.324192, 29.6568341 ], [ -95.3241061, 29.6526404 ], [ -95.3161937, 29.6524 ], [ -95.3136748, 29.6523233 ], [ -95.312855, 29.649828 ], [ -95.3117952, 29.6466022 ], [ -95.3110197, 29.6442415 ], [ -95.3098859, 29.6403113 ], [ -95.3055702, 29.6253499 ], [ -95.28853, 29.6237499 ] ] ] } },
{ "type": "Feature", "properties": { "OBJECTID": 20, "TRACT": "Southwest", "SERVICE_CO": "SW", "AREA_AC": 24795, "SHAPE_LENG": 320663.58527500002, "INSIDE_X": -95.48568474, "INSIDE_Y": 29.68660743, "SHAPE_LE_1": 320663.58600299997, "LAT": 29.68660226, "LONG_": -95.48567771, "GLOBALID": "{C21CA20F-5882-4FCA-9BA3-9DB19980FFCF}", "SHAPESTLen": 320663.58600331994 }, "geometry": { "type": "Polygon", "coordinates": [ [ [ -95.4186579, 29.7063393 ], [ -95.4331404, 29.7062091 ], [ -95.4331203, 29.7047496 ], [ -95.4461605, 29.7045637 ], [ -95.4461962, 29.7060904 ], [ -95.4475733, 29.7060759 ], [ -95.4472252, 29.6901547 ], [ -95.4490877, 29.6900901 ], [ -95.4500214, 29.6896998 ], [ -95.4507259, 29.6895042 ], [ -95.4512197, 29.6893963 ], [ -95.4512405, 29.6901405 ], [ -95.4554967, 29.6901215 ], [ -95.4591718, 29.6900457 ], [ -95.4685129, 29.6899861 ], [ -95.4759116, 29.6898865 ], [ -95.4759579, 29.6911012 ], [ -95.4844857, 29.6910216 ], [ -95.4845128, 29.6991687 ], [ -95.4804865, 29.7011876 ], [ -95.480392, 29.6983421 ], [ -95.4740358, 29.6983736 ], [ -95.4741538, 29.7044413 ], [ -95.4762602, 29.703415 ], [ -95.4762906, 29.7074258 ], [ -95.4725133, 29.7074739 ], [ -95.4725932, 29.7129025 ], [ -95.4680257, 29.7129617 ], [ -95.4680281, 29.7202405 ], [ -95.4639875, 29.7202666 ], [ -95.4640339, 29.7255223 ], [ -95.4594902, 29.7258691 ], [ -95.4597014, 29.7245533 ], [ -95.4596547, 29.720295 ], [ -95.45151, 29.7203546 ], [ -95.4514833, 29.7226313 ], [ -95.447577, 29.7226629 ], [ -95.4476323, 29.7244865 ], [ -95.4480422, 29.7294942 ], [ -95.4477677, 29.7295054 ], [ -95.4479574, 29.7382241 ], [ -95.4486686, 29.7382226 ], [ -95.4486755, 29.73855 ], [ -95.4490558, 29.7385392 ], [ -95.4490638, 29.7396441 ], [ -95.4497614, 29.7396293 ], [ -95.4497535, 29.7398542 ], [ -95.4509273, 29.7399519 ], [ -95.4509444, 29.7381152 ], [ -95.4536099, 29.7381449 ], [ -95.4560006, 29.7380041 ], [ -95.4559401, 29.7411141 ], [ -95.4586476, 29.7412585 ], [ -95.4575642, 29.7455165 ], [ -95.4589678, 29.7455128 ], [ -95.4589395, 29.7476758 ], [ -95.4593135, 29.7476857 ], [ -95.4592299, 29.7500922 ], [ -95.4597356, 29.7503505 ], [ -95.4624977, 29.750301 ], [ -95.4624084, 29.7488289 ], [ -95.4642795, 29.7488375 ], [ -95.4642212, 29.746468 ], [ -95.4671688, 29.7464642 ], [ -95.4670681, 29.7453184 ], [ -95.4692224, 29.7452527 ], [ -95.4692053, 29.7443949 ], [ -95.4706089, 29.7443911 ], [ -95.4707761, 29.744967 ], [ -95.4744261, 29.7449407 ], [ -95.4742904, 29.7380376 ], [ -95.4760857, 29.7377739 ], [ -95.4760795, 29.7376267 ], [ -95.4765914, 29.7376205 ], [ -95.4765697, 29.737003 ], [ -95.4841657, 29.7369394 ], [ -95.4841769, 29.7376569 ], [ -95.4842313, 29.7379006 ], [ -95.4767659, 29.7379142 ], [ -95.4767937, 29.7384359 ], [ -95.4777359, 29.7384379 ], [ -95.4777892, 29.743834 ], [ -95.478104, 29.7438423 ], [ -95.4781193, 29.744336 ], [ -95.4778113, 29.7443359 ], [ -95.477849, 29.7471028 ], [ -95.4781241, 29.747118 ], [ -95.4781362, 29.7475833 ], [ -95.4778704, 29.7475849 ], [ -95.4778944, 29.7499111 ], [ -95.4779009, 29.7508253 ], [ -95.478049, 29.7625805 ], [ -95.4775071, 29.7622901 ], [ -95.47783, 29.7631449 ], [ -95.4778994, 29.7636879 ], [ -95.4777971, 29.7638107 ], [ -95.4720709, 29.7638919 ], [ -95.4715943, 29.7637299 ], [ -95.471597, 29.7704163 ], [ -95.472358, 29.7706307 ], [ -95.4724888, 29.7708451 ], [ -95.4726573, 29.7716602 ], [ -95.4730526, 29.7722567 ], [ -95.4745747, 29.7722962 ], [ -95.4764264, 29.7710834 ], [ -95.4770617, 29.7720608 ], [ -95.4782348, 29.7727332 ], [ -95.4787438, 29.7721629 ], [ -95.4798577, 29.771919 ], [ -95.4793952, 29.7713872 ], [ -95.4809283, 29.7713536 ], [ -95.4814345, 29.7711289 ], [ -95.4821938, 29.7700682 ], [ -95.4828367, 29.770149 ], [ -95.4826738, 29.7714376 ], [ -95.4830462, 29.7719241 ], [ -95.4844634, 29.7711838 ], [ -95.4852387, 29.7702699 ], [ -95.4857986, 29.76906 ], [ -95.4863376, 29.7691707 ], [ -95.4872428, 29.7698876 ], [ -95.4880907, 29.7695857 ], [ -95.4881888, 29.7692746 ], [ -95.4874395, 29.7687002 ], [ -95.4873493, 29.7681264 ], [ -95.4876846, 29.7676407 ], [ -95.4887509, 29.7667707 ], [ -95.4893089, 29.7666771 ], [ -95.4909526, 29.7667872 ], [ -95.4909605, 29.7664368 ], [ -95.490284, 29.7660599 ], [ -95.4898495, 29.7656973 ], [ -95.4896623, 29.7649722 ], [ -95.4898938, 29.7647789 ], [ -95.4914942, 29.7656358 ], [ -95.4923498, 29.7652523 ], [ -95.4910662, 29.7644283 ], [ -95.4907676, 29.76391 ], [ -95.4908612, 29.763544 ], [ -95.4916152, 29.7631037 ], [ -95.4921392, 29.7632195 ], [ -95.4924315, 29.7635347 ], [ -95.4926164, 29.7645317 ], [ -95.4933649, 29.7653767 ], [ -95.4951944, 29.7652486 ], [ -95.4955435, 29.7648764 ], [ -95.4957557, 29.7640756 ], [ -95.4968165, 29.7620688 ], [ -95.4979754, 29.7619256 ], [ -95.4986425, 29.7616731 ], [ -95.4992008, 29.7602546 ], [ -95.4994863, 29.7601741 ], [ -95.4997058, 29.760269 ], [ -95.4999192, 29.7601497 ], [ -95.5005097, 29.7601411 ], [ -95.5004967, 29.7596986 ], [ -95.5004972, 29.7588636 ], [ -95.5004738, 29.7579051 ], [ -95.5006141, 29.7570982 ], [ -95.5008447, 29.7561218 ], [ -95.5010085, 29.7546278 ], [ -95.5009704, 29.7532759 ], [ -95.5010117, 29.7520735 ], [ -95.5010375, 29.7509168 ], [ -95.5009419, 29.7499038 ], [ -95.4995478, 29.7498987 ], [ -95.4995352, 29.750308 ], [ -95.4957838, 29.7497806 ], [ -95.4957937, 29.7378186 ], [ -95.4958028, 29.7375611 ], [ -95.4953551, 29.7369509 ], [ -95.4953569, 29.736901 ], [ -95.4952205, 29.73588 ], [ -95.4936321, 29.7358683 ], [ -95.4936082, 29.7339413 ], [ -95.4919137, 29.7339719 ], [ -95.4919517, 29.7358999 ], [ -95.4902681, 29.7358976 ], [ -95.4902724, 29.735057 ], [ -95.4898387, 29.7350653 ], [ -95.4897725, 29.7365385 ], [ -95.4873586, 29.7365822 ], [ -95.4873601, 29.7354327 ], [ -95.4896475, 29.7354049 ], [ -95.4896752, 29.7342684 ], [ -95.4886935, 29.7342327 ], [ -95.4886415, 29.7330841 ], [ -95.4912261, 29.7330421 ], [ -95.4963032, 29.7329755 ], [ -95.4962952, 29.731878 ], [ -95.497062, 29.7318482 ], [ -95.4970866, 29.7327965 ], [ -95.4978517, 29.7328165 ], [ -95.4978594, 29.7332556 ], [ -95.4963542, 29.7351515 ], [ -95.5008261, 29.7350689 ], [ -95.5009509, 29.7347629 ], [ -95.5010876, 29.7347764 ], [ -95.5012738, 29.7340132 ], [ -95.5012507, 29.7316883 ], [ -95.5011602, 29.7289926 ], [ -95.5010166, 29.7281809 ], [ -95.5012682, 29.7281775 ], [ -95.5011268, 29.7250117 ], [ -95.5036061, 29.724943 ], [ -95.5035585, 29.7227927 ], [ -95.5085849, 29.7223807 ], [ -95.5086654, 29.7248461 ], [ -95.5111014, 29.7248051 ], [ -95.5111111, 29.7254081 ], [ -95.5138912, 29.7253624 ], [ -95.5139228, 29.7264187 ], [ -95.5123368, 29.7264524 ], [ -95.5123326, 29.729316 ], [ -95.5113957, 29.729326 ], [ -95.5114224, 29.7306897 ], [ -95.5197005, 29.7305287 ], [ -95.5197125, 29.7307768 ], [ -95.5203348, 29.7307758 ], [ -95.5203152, 29.7298398 ], [ -95.5203575, 29.7292621 ], [ -95.5196394, 29.7292619 ], [ -95.5196385, 29.7283596 ], [ -95.520758, 29.7283887 ], [ -95.5207591, 29.7279416 ], [ -95.5242501, 29.7279018 ], [ -95.5242809, 29.7282581 ], [ -95.5252919, 29.7282468 ], [ -95.5252919, 29.7288656 ], [ -95.5267746, 29.7288665 ], [ -95.5267032, 29.7242776 ], [ -95.53391, 29.7243136 ], [ -95.5338246, 29.7198972 ], [ -95.5316491, 29.7200721 ], [ -95.5316127, 29.7177659 ], [ -95.5312686, 29.7177724 ], [ -95.5312435, 29.7156486 ], [ -95.5267353, 29.7156959 ], [ -95.5267026, 29.7141113 ], [ -95.5340293, 29.7140594 ], [ -95.53419, 29.7106334 ], [ -95.5331821, 29.707286 ], [ -95.5331816, 29.7066359 ], [ -95.5336238, 29.7062906 ], [ -95.5336712, 29.7048969 ], [ -95.5214321, 29.7049989 ], [ -95.5212962, 29.7039836 ], [ -95.5203662, 29.7023715 ], [ -95.5181449, 29.7004721 ], [ -95.5195289, 29.6987257 ], [ -95.516982, 29.6965883 ], [ -95.516216, 29.6973331 ], [ -95.5134885, 29.6948935 ], [ -95.5119028, 29.6927278 ], [ -95.5119589, 29.6917242 ], [ -95.5137757, 29.6912906 ], [ -95.5137749, 29.6895445 ], [ -95.5137726, 29.6884198 ], [ -95.5137348, 29.6874272 ], [ -95.5122541, 29.6875375 ], [ -95.512266, 29.6887977 ], [ -95.5091643, 29.6887465 ], [ -95.50893, 29.6878476 ], [ -95.5090522, 29.6842129 ], [ -95.5105137, 29.684169 ], [ -95.5105739, 29.6857336 ], [ -95.513061, 29.6844581 ], [ -95.5129578, 29.6807938 ], [ -95.5139621, 29.6807703 ], [ -95.5139443, 29.6801277 ], [ -95.5152637, 29.6802524 ], [ -95.5165084, 29.680635 ], [ -95.5177398, 29.680651 ], [ -95.5183524, 29.6805747 ], [ -95.5185384, 29.6816657 ], [ -95.5212767, 29.6802909 ], [ -95.5210314, 29.6795514 ], [ -95.5209876, 29.6788331 ], [ -95.5211089, 29.6782698 ], [ -95.5216869, 29.6778076 ], [ -95.5235472, 29.6777383 ], [ -95.5248842, 29.6770092 ], [ -95.5255565, 29.6770592 ], [ -95.5261263, 29.6764183 ], [ -95.5266841, 29.676356 ], [ -95.5277956, 29.6770404 ], [ -95.5287601, 29.6766595 ], [ -95.5287698, 29.6763738 ], [ -95.5304522, 29.676338 ], [ -95.5305953, 29.6731656 ], [ -95.5314335, 29.6730899 ], [ -95.5364974, 29.6710285 ], [ -95.5364501, 29.6708643 ], [ -95.5375244, 29.6701091 ], [ -95.538097, 29.6691952 ], [ -95.5383886, 29.6689713 ], [ -95.5395239, 29.6689675 ], [ -95.5402173, 29.6686383 ], [ -95.5414383, 29.6689178 ], [ -95.5422055, 29.6685482 ], [ -95.5433435, 29.6683559 ], [ -95.5434026, 29.6683143 ], [ -95.5434316, 29.6682939 ], [ -95.5434498, 29.668281 ], [ -95.5434635, 29.6682714 ], [ -95.5434677, 29.6682684 ], [ -95.5434753, 29.6682631 ], [ -95.5434806, 29.6682593 ], [ -95.5434807, 29.6682592 ], [ -95.5437594, 29.6680189 ], [ -95.5443103, 29.6676556 ], [ -95.5463239, 29.6654564 ], [ -95.5465226, 29.6653159 ], [ -95.5472146, 29.6649195 ], [ -95.5476748, 29.6642776 ], [ -95.5481064, 29.6640884 ], [ -95.5481149, 29.6638372 ], [ -95.5496508, 29.6630471 ], [ -95.5500759, 29.661982 ], [ -95.5528718, 29.6607787 ], [ -95.5564425, 29.658434 ], [ -95.5569126, 29.657932 ], [ -95.5573507, 29.6576688 ], [ -95.5575647, 29.6576909 ], [ -95.5578071, 29.6569769 ], [ -95.5565877, 29.6569455 ], [ -95.556463, 29.6525402 ], [ -95.5573023, 29.6525439 ], [ -95.5571352, 29.648275 ], [ -95.5527281, 29.6483595 ], [ -95.5527053, 29.6475449 ], [ -95.5526527, 29.6440504 ], [ -95.5526511, 29.6439628 ], [ -95.5526511, 29.6439614 ], [ -95.552651, 29.6439576 ], [ -95.5526507, 29.6439455 ], [ -95.5526471, 29.6437721 ], [ -95.552634, 29.6431547 ], [ -95.5526247, 29.6427206 ], [ -95.552599, 29.6407258 ], [ -95.5381691, 29.6409403 ], [ -95.5366639, 29.6422768 ], [ -95.5366527, 29.6422867 ], [ -95.5364314, 29.6424816 ], [ -95.5285989, 29.6359016 ], [ -95.5286263, 29.6378505 ], [ -95.5210776, 29.6379311 ], [ -95.5211193, 29.6413826 ], [ -95.5188481, 29.6413854 ], [ -95.5185903, 29.6413924 ], [ -95.515061, 29.6414414 ], [ -95.5147706, 29.6414441 ], [ -95.5136183, 29.6414526 ], [ -95.5135769, 29.6414529 ], [ -95.513481, 29.6414537 ], [ -95.5134654, 29.6414538 ], [ -95.5134439, 29.641454 ], [ -95.5134418, 29.641454 ], [ -95.5134389, 29.641454 ], [ -95.5134345, 29.6414541 ], [ -95.513434, 29.6414541 ], [ -95.5134328, 29.6414541 ], [ -95.5134327, 29.6414541 ], [ -95.5134326, 29.6414541 ], [ -95.5130053, 29.6414587 ], [ -95.5125984, 29.6414647 ], [ -95.511755, 29.6414803 ], [ -95.5105997, 29.6414945 ], [ -95.5105771, 29.6414947 ], [ -95.5105598, 29.6414949 ], [ -95.5105294, 29.6414952 ], [ -95.510432, 29.6414951 ], [ -95.510391, 29.6414951 ], [ -95.5103798, 29.6414951 ], [ -95.5103458, 29.6414962 ], [ -95.5102196, 29.6415004 ], [ -95.5101998, 29.641501 ], [ -95.5101808, 29.6415013 ], [ -95.5101446, 29.641502 ], [ -95.5100298, 29.6415039 ], [ -95.5097085, 29.6415078 ], [ -95.5091766, 29.6415139 ], [ -95.5082998, 29.6415209 ], [ -95.5082438, 29.6370234 ], [ -95.5030456, 29.6370746 ], [ -95.5030797, 29.6389576 ], [ -95.5019579, 29.639023 ], [ -95.5019695, 29.6416466 ], [ -95.5008264, 29.6416339 ], [ -95.5007703, 29.6410113 ], [ -95.4994669, 29.6410571 ], [ -95.4994643, 29.6416445 ], [ -95.4933675, 29.6415432 ], [ -95.4931978, 29.631414 ], [ -95.4852615, 29.6316111 ], [ -95.4856618, 29.6392922 ], [ -95.4813527, 29.6409694 ], [ -95.4812197, 29.6314476 ], [ -95.4636216, 29.6314892 ], [ -95.4635698, 29.6344064 ], [ -95.4594618, 29.6346824 ], [ -95.4580068, 29.6347802 ], [ -95.4565652, 29.6345076 ], [ -95.4565498, 29.6399612 ], [ -95.4505991, 29.6400531 ], [ -95.4505524, 29.6382193 ], [ -95.4490561, 29.6382947 ], [ -95.4491038, 29.6400694 ], [ -95.4478576, 29.6400868 ], [ -95.4478684, 29.6410115 ], [ -95.4442518, 29.6412757 ], [ -95.4409769, 29.6425645 ], [ -95.4393212, 29.642751 ], [ -95.4392879, 29.6447753 ], [ -95.4393728, 29.658171 ], [ -95.4366287, 29.659656 ], [ -95.4365536, 29.6599123 ], [ -95.4351422, 29.6597745 ], [ -95.4332753, 29.6600759 ], [ -95.4334383, 29.66692 ], [ -95.4349433, 29.6660135 ], [ -95.4349595, 29.6675658 ], [ -95.4319162, 29.6718394 ], [ -95.4311857, 29.673783 ], [ -95.4312772, 29.6804413 ], [ -95.4313388, 29.6849216 ], [ -95.4308714, 29.6854602 ], [ -95.4273505, 29.6853632 ], [ -95.4272324, 29.6866711 ], [ -95.4223404, 29.6865483 ], [ -95.4218669, 29.6877652 ], [ -95.4204064, 29.6871096 ], [ -95.4199556, 29.6887066 ], [ -95.4200593, 29.6928004 ], [ -95.4200449, 29.6939169 ], [ -95.4190391, 29.6945206 ], [ -95.4195387, 29.6952504 ], [ -95.4182881, 29.6962774 ], [ -95.4162548, 29.6956627 ], [ -95.4140839, 29.6982186 ], [ -95.4150999, 29.6982789 ], [ -95.4148863, 29.7007231 ], [ -95.4140229, 29.7020342 ], [ -95.414294, 29.7026477 ], [ -95.4126988, 29.7028456 ], [ -95.4130768, 29.7037377 ], [ -95.412207, 29.7040884 ], [ -95.4126892, 29.7053634 ], [ -95.4181792, 29.7052691 ], [ -95.4182956, 29.7063875 ], [ -95.4186579, 29.7063393 ] ] ] } },
{ "type": "Feature", "properties": { "OBJECTID": 21, "TRACT": "Willowbrook", "SERVICE_CO": "WB", "AREA_AC": 1927, "SHAPE_LENG": 53507.122751800001, "INSIDE_X": -95.54297832, "INSIDE_Y": 29.95386597, "SHAPE_LE_1": 53507.124243899998, "LAT": 29.95386074, "LONG_": -95.54297126, "GLOBALID": "{4E499D98-30A3-41FA-BCAC-78B2A6E0CF35}", "SHAPESTLen": 53507.124243902486 }, "geometry": { "type": "Polygon", "coordinates": [ [ [ -95.5529515, 29.9670329 ], [ -95.5529556, 29.9670051 ], [ -95.5529597, 29.9669774 ], [ -95.5529477, 29.9657242 ], [ -95.5529409, 29.9641755 ], [ -95.556337, 29.9668473 ], [ -95.5637445, 29.9668304 ], [ -95.5636914, 29.9636989 ], [ -95.5636075, 29.9585805 ], [ -95.5628582, 29.9583632 ], [ -95.554316, 29.958532 ], [ -95.5543317, 29.9558532 ], [ -95.5579823, 29.9569243 ], [ -95.557978, 29.9539209 ], [ -95.5557874, 29.9538648 ], [ -95.5569069, 29.9528744 ], [ -95.5529531, 29.9528998 ], [ -95.5529488, 29.9552195 ], [ -95.5514961, 29.9547857 ], [ -95.5514673, 29.9515559 ], [ -95.5514504, 29.9498395 ], [ -95.54989, 29.9498343 ], [ -95.5499015, 29.9487034 ], [ -95.5483488, 29.9487261 ], [ -95.5469368, 29.9487467 ], [ -95.5469238, 29.9396096 ], [ -95.5469203, 29.9375484 ], [ -95.5357832, 29.9375332 ], [ -95.5280404, 29.9374903 ], [ -95.5252573, 29.9374747 ], [ -95.5252607, 29.9371882 ], [ -95.525229, 29.9371928 ], [ -95.5251973, 29.9371973 ], [ -95.5251663, 29.9372017 ], [ -95.5251346, 29.9372062 ], [ -95.5251028, 29.9372107 ], [ -95.5250711, 29.9372149 ], [ -95.5250394, 29.9372189 ], [ -95.5250076, 29.9372229 ], [ -95.5249759, 29.9372267 ], [ -95.5249442, 29.9372303 ], [ -95.5249125, 29.937234 ], [ -95.5248808, 29.9372375 ], [ -95.5248491, 29.9372408 ], [ -95.5248174, 29.9372441 ], [ -95.5247857, 29.9372472 ], [ -95.524754, 29.9372502 ], [ -95.5247223, 29.9372531 ], [ -95.5246907, 29.9372558 ], [ -95.5246582, 29.9372585 ], [ -95.5246265, 29.9372611 ], [ -95.5245948, 29.9372634 ], [ -95.5245632, 29.9372657 ], [ -95.5245307, 29.9372681 ], [ -95.5244991, 29.9372701 ], [ -95.5244674, 29.937272 ], [ -95.524435, 29.9372741 ], [ -95.5244033, 29.9372757 ], [ -95.5243717, 29.9372772 ], [ -95.5243392, 29.937279 ], [ -95.5235509, 29.9373332 ], [ -95.5235184, 29.9373354 ], [ -95.5234868, 29.9373379 ], [ -95.5234551, 29.9373403 ], [ -95.5234234, 29.9373428 ], [ -95.5233917, 29.9373452 ], [ -95.5233601, 29.9373475 ], [ -95.5233284, 29.93735 ], [ -95.5232959, 29.9373524 ], [ -95.5232643, 29.9373547 ], [ -95.5232326, 29.9373571 ], [ -95.5232009, 29.9373594 ], [ -95.5231693, 29.9373618 ], [ -95.5231376, 29.9373641 ], [ -95.5231052, 29.9373665 ], [ -95.5230735, 29.9373688 ], [ -95.5230418, 29.9373711 ], [ -95.5230102, 29.9373733 ], [ -95.5229785, 29.9373756 ], [ -95.5229468, 29.9373779 ], [ -95.5229144, 29.9373801 ], [ -95.5228827, 29.9373824 ], [ -95.522851, 29.9373847 ], [ -95.5228194, 29.937387 ], [ -95.5227877, 29.9373891 ], [ -95.5227553, 29.9373913 ], [ -95.5227236, 29.9373936 ], [ -95.5226919, 29.9373957 ], [ -95.5226603, 29.937398 ], [ -95.5226286, 29.9374001 ], [ -95.5225962, 29.9374023 ], [ -95.5225645, 29.9374044 ], [ -95.5225329, 29.9374065 ], [ -95.5225012, 29.9374088 ], [ -95.5224695, 29.9374109 ], [ -95.5224371, 29.937413 ], [ -95.5224054, 29.9374151 ], [ -95.5223738, 29.9374172 ], [ -95.5227014, 29.9379501 ], [ -95.5227179, 29.9379769 ], [ -95.5232871, 29.9389994 ], [ -95.524534, 29.9411961 ], [ -95.525758, 29.943327 ], [ -95.5272194, 29.9460468 ], [ -95.5277164, 29.9469869 ], [ -95.528077, 29.9476692 ], [ -95.5294812, 29.9502381 ], [ -95.5298952, 29.9509991 ], [ -95.5319453, 29.9542729 ], [ -95.5347023, 29.9591956 ], [ -95.5368552, 29.9630093 ], [ -95.5427695, 29.97348 ], [ -95.545568, 29.9735352 ], [ -95.5455327, 29.9714803 ], [ -95.5471292, 29.9714555 ], [ -95.5471017, 29.9699624 ], [ -95.5476281, 29.9699759 ], [ -95.5493581, 29.9699973 ], [ -95.5493648, 29.9684237 ], [ -95.5521193, 29.9684448 ], [ -95.5522662, 29.9683071 ], [ -95.5522874, 29.9682861 ], [ -95.5523087, 29.9682652 ], [ -95.5523299, 29.9682439 ], [ -95.5523504, 29.9682222 ], [ -95.5523709, 29.9682004 ], [ -95.5523906, 29.9681787 ], [ -95.5524103, 29.9681564 ], [ -95.5524292, 29.9681342 ], [ -95.552449, 29.9681118 ], [ -95.5524671, 29.9680887 ], [ -95.5524853, 29.968066 ], [ -95.5525042, 29.9680431 ], [ -95.5525216, 29.9680196 ], [ -95.5525398, 29.9679962 ], [ -95.5525571, 29.9679727 ], [ -95.5525737, 29.9679489 ], [ -95.5525904, 29.9679249 ], [ -95.552607, 29.9679008 ], [ -95.5526228, 29.9678764 ], [ -95.5526386, 29.9678519 ], [ -95.5526537, 29.9678275 ], [ -95.5526688, 29.9678025 ], [ -95.552683, 29.9677776 ], [ -95.5526981, 29.9677527 ], [ -95.5527116, 29.9677274 ], [ -95.5527251, 29.9677018 ], [ -95.5527386, 29.9676767 ], [ -95.5527513, 29.9676509 ], [ -95.552764, 29.9676252 ], [ -95.5527767, 29.9675994 ], [ -95.5527879, 29.9675732 ], [ -95.5527998, 29.9675471 ], [ -95.552811, 29.967521 ], [ -95.5528214, 29.9674945 ], [ -95.5528325, 29.9674679 ], [ -95.5528429, 29.9674416 ], [ -95.5528525, 29.9674148 ], [ -95.5528621, 29.9673881 ], [ -95.5528709, 29.9673613 ], [ -95.5528797, 29.9673344 ], [ -95.5528885, 29.9673072 ], [ -95.5528966, 29.9672801 ], [ -95.5529038, 29.967253 ], [ -95.552911, 29.9672256 ], [ -95.5529183, 29.9671983 ], [ -95.552924, 29.9671709 ], [ -95.5529304, 29.9671434 ], [ -95.5529361, 29.9671159 ], [ -95.552941, 29.9670882 ], [ -95.5529459, 29.9670606 ], [ -95.5529515, 29.9670329 ] ] ] } },
{ "type": "Feature", "properties": { "OBJECTID": 22, "TRACT": "Chelford City", "SERVICE_CO": "CC", "AREA_AC": 945, "SHAPE_LENG": 34690.260689900002, "INSIDE_X": -95.64304859000001, "INSIDE_Y": 29.73013367, "SHAPE_LE_1": 34690.2609639, "LAT": 29.73012849, "LONG_": -95.64304151, "GLOBALID": "{B0F55F90-F97C-49A2-A405-191DB16A0B3B}", "SHAPESTLen": 34690.260963869747 }, "geometry": { "type": "Polygon", "coordinates": [ [ [ -95.6444736, 29.7442333 ], [ -95.646374, 29.7442809 ], [ -95.6486296, 29.741239 ], [ -95.6484707, 29.738358 ], [ -95.6589645, 29.7315382 ], [ -95.6590803, 29.7280001 ], [ -95.6584872, 29.728028 ], [ -95.6570749, 29.7280296 ], [ -95.6565823, 29.7280285 ], [ -95.6561517, 29.7280294 ], [ -95.6559503, 29.7280317 ], [ -95.6558951, 29.7280324 ], [ -95.6558836, 29.7280325 ], [ -95.6558769, 29.7280327 ], [ -95.6558699, 29.7280329 ], [ -95.6556957, 29.7280382 ], [ -95.6544481, 29.7280697 ], [ -95.6542299, 29.7280849 ], [ -95.653037, 29.7280915 ], [ -95.6524191, 29.7280899 ], [ -95.6524137, 29.7271524 ], [ -95.6524015, 29.7265038 ], [ -95.6523992, 29.7252986 ], [ -95.6518216, 29.7253034 ], [ -95.6442443, 29.7253655 ], [ -95.6437319, 29.7253886 ], [ -95.6437849, 29.7244429 ], [ -95.6438242, 29.7239625 ], [ -95.6438298, 29.7238951 ], [ -95.6438303, 29.723889 ], [ -95.6438324, 29.7238679 ], [ -95.6438409, 29.723786 ], [ -95.6438665, 29.7235374 ], [ -95.6439068, 29.7231719 ], [ -95.6439235, 29.7229087 ], [ -95.6439486, 29.7225109 ], [ -95.6439751, 29.7219453 ], [ -95.6439753, 29.7201358 ], [ -95.6350017, 29.7202263 ], [ -95.6350367, 29.7221764 ], [ -95.6341901, 29.7221876 ], [ -95.6341557, 29.7204984 ], [ -95.6341492, 29.7201799 ], [ -95.6336259, 29.7201863 ], [ -95.6315855, 29.7202112 ], [ -95.6315985, 29.7222091 ], [ -95.6312966, 29.7222126 ], [ -95.631095, 29.7222097 ], [ -95.6311172, 29.7234654 ], [ -95.6311277, 29.7242887 ], [ -95.6311494, 29.7247058 ], [ -95.6311737, 29.7251938 ], [ -95.6311899, 29.7260828 ], [ -95.6312065, 29.7269867 ], [ -95.6312308, 29.7283149 ], [ -95.6312589, 29.7293053 ], [ -95.6312762, 29.7304584 ], [ -95.6312882, 29.7313828 ], [ -95.6313073, 29.7321561 ], [ -95.6313147, 29.7326804 ], [ -95.6313646, 29.7342333 ], [ -95.6313745, 29.7345834 ], [ -95.6313796, 29.7347622 ], [ -95.6313826, 29.7348688 ], [ -95.6313888, 29.7352615 ], [ -95.6313935, 29.7355953 ], [ -95.6313883, 29.7357243 ], [ -95.6441467, 29.7354865 ], [ -95.6443783, 29.7426646 ], [ -95.6442847, 29.7426642 ], [ -95.6442933, 29.7442236 ], [ -95.6444736, 29.7442333 ] ] ] } },
{ "type": "Feature", "properties": { "OBJECTID": 23, "TRACT": "White Oak", "SERVICE_CO": "WO", "AREA_AC": 1147, "SHAPE_LENG": 51047.237393199997, "INSIDE_X": -95.48957816, "INSIDE_Y": 29.89011396, "SHAPE_LE_1": 75284.850741000002, "LAT": 29.89010874, "LONG_": -95.48957112, "GLOBALID": "{FCDD9101-533C-4031-9770-9C02A0A6A55B}", "SHAPESTLen": 75284.850741044298 }, "geometry": { "type": "Polygon", "coordinates": [ [ [ -95.4857819, 29.8935626 ], [ -95.4908564, 29.8942658 ], [ -95.4907139, 29.8903009 ], [ -95.4927626, 29.8902811 ], [ -95.4927963, 29.8913117 ], [ -95.4955427, 29.8912896 ], [ -95.49569, 29.8976322 ], [ -95.4958283, 29.914736 ], [ -95.5095177, 29.9146653 ], [ -95.4956424, 29.8902693 ], [ -95.5072466, 29.8901138 ], [ -95.5072148, 29.8744876 ], [ -95.5023237, 29.873772 ], [ -95.5008369, 29.8736185 ], [ -95.4997892, 29.8761368 ], [ -95.4986157, 29.8765637 ], [ -95.4967667, 29.8765644 ], [ -95.4946432, 29.8766637 ], [ -95.4945966, 29.8766638 ], [ -95.494583, 29.8766637 ], [ -95.4919982, 29.8766517 ], [ -95.4915806, 29.8765487 ], [ -95.4910073, 29.8761296 ], [ -95.49058, 29.8758172 ], [ -95.4901326, 29.8755896 ], [ -95.4896444, 29.8754616 ], [ -95.4886453, 29.8754021 ], [ -95.4881852, 29.8752198 ], [ -95.4878837, 29.8749818 ], [ -95.4877242, 29.8747806 ], [ -95.48732, 29.8742709 ], [ -95.4870003, 29.8739272 ], [ -95.4866318, 29.8738101 ], [ -95.4863877, 29.8738106 ], [ -95.4863838, 29.8737943 ], [ -95.4863839, 29.8738106 ], [ -95.4851272, 29.8737815 ], [ -95.4838194, 29.8731734 ], [ -95.4818411, 29.8731186 ], [ -95.4810568, 29.8724109 ], [ -95.480516, 29.8708944 ], [ -95.4804861, 29.8743637 ], [ -95.480645, 29.8847761 ], [ -95.4805671, 29.8847766 ], [ -95.4774853, 29.8847974 ], [ -95.4744405, 29.8848454 ], [ -95.4740967, 29.8848508 ], [ -95.4740846, 29.8848286 ], [ -95.4739226, 29.884829 ], [ -95.4726218, 29.8848317 ], [ -95.4693823, 29.8848726 ], [ -95.4691525, 29.8848755 ], [ -95.4689007, 29.8848786 ], [ -95.4686484, 29.8848818 ], [ -95.468267, 29.8848866 ], [ -95.4676905, 29.8848939 ], [ -95.4676075, 29.8852438 ], [ -95.4674761, 29.8855248 ], [ -95.4674108, 29.8856639 ], [ -95.4673115, 29.8858928 ], [ -95.4671389, 29.8861895 ], [ -95.4669022, 29.886493 ], [ -95.4667532, 29.8867002 ], [ -95.4666774, 29.8868577 ], [ -95.4665959, 29.8870834 ], [ -95.4666015, 29.8873656 ], [ -95.4666472, 29.8876116 ], [ -95.4668417, 29.8883477 ], [ -95.4669156, 29.8895067 ], [ -95.466936, 29.8898973 ], [ -95.4669944, 29.8901862 ], [ -95.4669749, 29.8904451 ], [ -95.467148, 29.8907896 ], [ -95.4673266, 29.8911451 ], [ -95.4673748, 29.8913124 ], [ -95.4673894, 29.8914685 ], [ -95.4673698, 29.8916686 ], [ -95.4673074, 29.8918929 ], [ -95.46711, 29.8925446 ], [ -95.4635197, 29.8925463 ], [ -95.4635034, 29.8900887 ], [ -95.4610473, 29.8901189 ], [ -95.4610798, 29.8912967 ], [ -95.4578668, 29.8912677 ], [ -95.4578073, 29.8914991 ], [ -95.4600863, 29.8938862 ], [ -95.4616223, 29.8956267 ], [ -95.4617975, 29.8955642 ], [ -95.4639702, 29.8948591 ], [ -95.4645834, 29.8946875 ], [ -95.4649839, 29.8946241 ], [ -95.4655477, 29.8945593 ], [ -95.4669226, 29.8944532 ], [ -95.4680744, 29.8943755 ], [ -95.4682691, 29.8947462 ], [ -95.4684033, 29.895472 ], [ -95.4684276, 29.8966117 ], [ -95.4688135, 29.8971407 ], [ -95.4802872, 29.8971314 ], [ -95.4848577, 29.8971374 ], [ -95.4853292, 29.8959607 ], [ -95.4853672, 29.8935051 ], [ -95.4857819, 29.8935626 ] ] ] } },
{ "type": "Feature", "properties": { "OBJECTID": 24, "TRACT": "West District", "SERVICE_CO": "WD", "AREA_AC": 11501, "SHAPE_LENG": 141750.32443400001, "INSIDE_X": -95.56446074, "INSIDE_Y": 29.79400802, "SHAPE_LE_1": 141750.324678, "LAT": 29.79400282, "LONG_": -95.56445368, "GLOBALID": "{B42CB781-1DC6-4EB1-8533-4B09E99FBA34}", "SHAPESTLen": 141750.32467814424 }, "geometry": { "type": "Polygon", "coordinates": [ [ [ -95.5448981, 29.8442585 ], [ -95.5451916, 29.8441609 ], [ -95.5466111, 29.8443752 ], [ -95.5467774, 29.8443598 ], [ -95.5465976, 29.8439255 ], [ -95.5467237, 29.8320639 ], [ -95.5744386, 29.8319308 ], [ -95.5744315, 29.8318061 ], [ -95.5745125, 29.8203514 ], [ -95.5758736, 29.8082651 ], [ -95.5851443, 29.7920635 ], [ -95.588062, 29.7905295 ], [ -95.6236654, 29.7906274 ], [ -95.623938, 29.7843942 ], [ -95.6065036, 29.7841924 ], [ -95.6048644, 29.7841856 ], [ -95.60447, 29.7837974 ], [ -95.6042455, 29.7834363 ], [ -95.6042293, 29.7827367 ], [ -95.6025476, 29.7827284 ], [ -95.6025485, 29.7823043 ], [ -95.6028764, 29.7823241 ], [ -95.6029091, 29.7819469 ], [ -95.6025345, 29.7819371 ], [ -95.6025079, 29.781157 ], [ -95.6037301, 29.7811536 ], [ -95.6037271, 29.7804402 ], [ -95.6062853, 29.780384 ], [ -95.6062359, 29.7757491 ], [ -95.6109577, 29.7757771 ], [ -95.6129435, 29.7757866 ], [ -95.6129501, 29.7742934 ], [ -95.6129549, 29.773595 ], [ -95.6129444, 29.7727077 ], [ -95.6129532, 29.7714314 ], [ -95.6164622, 29.7714526 ], [ -95.6164735, 29.770589 ], [ -95.6183271, 29.7705161 ], [ -95.6192053, 29.7653942 ], [ -95.6168215, 29.7628028 ], [ -95.6129837, 29.760826 ], [ -95.6107486, 29.7606744 ], [ -95.6078162, 29.7616924 ], [ -95.6019539, 29.7616583 ], [ -95.5953818, 29.7591924 ], [ -95.5940393, 29.7592767 ], [ -95.5915381, 29.7594337 ], [ -95.590166, 29.7595198 ], [ -95.5889564, 29.7602363 ], [ -95.5878703, 29.7618807 ], [ -95.5856371, 29.7652621 ], [ -95.5840732, 29.7662432 ], [ -95.5820952, 29.766632 ], [ -95.5798106, 29.7667537 ], [ -95.5777616, 29.7665264 ], [ -95.5731105, 29.7640454 ], [ -95.5706429, 29.7627208 ], [ -95.5693789, 29.7620422 ], [ -95.5645663, 29.7620514 ], [ -95.5575527, 29.7623502 ], [ -95.5569382, 29.7624913 ], [ -95.5559049, 29.7622992 ], [ -95.5558125, 29.7614856 ], [ -95.5556275, 29.7613499 ], [ -95.5545227, 29.7611259 ], [ -95.5544271, 29.7610004 ], [ -95.5547253, 29.759551 ], [ -95.5545055, 29.7592557 ], [ -95.554127, 29.7592761 ], [ -95.5532159, 29.7595565 ], [ -95.5531401, 29.7638014 ], [ -95.5501858, 29.7638004 ], [ -95.5501594, 29.7644548 ], [ -95.5494516, 29.7644568 ], [ -95.5494427, 29.7640538 ], [ -95.5487722, 29.7640118 ], [ -95.5482039, 29.7639763 ], [ -95.5481705, 29.7633186 ], [ -95.5473162, 29.7632966 ], [ -95.547297, 29.7626134 ], [ -95.546984, 29.7626145 ], [ -95.5464226, 29.7629655 ], [ -95.5463865, 29.7651589 ], [ -95.5439914, 29.7652092 ], [ -95.5421794, 29.7652287 ], [ -95.5405546, 29.7652301 ], [ -95.5404707, 29.7651368 ], [ -95.5398541, 29.7653542 ], [ -95.5398565, 29.765784 ], [ -95.5398796, 29.7682061 ], [ -95.5398766, 29.7701697 ], [ -95.5399248, 29.7757472 ], [ -95.5375889, 29.7757516 ], [ -95.5375718, 29.773202 ], [ -95.5349182, 29.7732147 ], [ -95.5330548, 29.7732711 ], [ -95.5324998, 29.773269 ], [ -95.531471, 29.7732955 ], [ -95.5316675, 29.7837536 ], [ -95.5287162, 29.783733 ], [ -95.5286761, 29.7848418 ], [ -95.5271856, 29.7849585 ], [ -95.5272529, 29.7876009 ], [ -95.5283433, 29.7887918 ], [ -95.5306536, 29.788602 ], [ -95.5319088, 29.7884613 ], [ -95.5336956, 29.7882607 ], [ -95.5337566, 29.7893721 ], [ -95.5324482, 29.7899644 ], [ -95.5314563, 29.7901244 ], [ -95.5319266, 29.7918022 ], [ -95.5333278, 29.7939637 ], [ -95.5335497, 29.7952687 ], [ -95.5333009, 29.7988135 ], [ -95.5344864, 29.7987876 ], [ -95.5346494, 29.7992548 ], [ -95.5359335, 29.7999508 ], [ -95.5359449, 29.8005059 ], [ -95.533115, 29.8005062 ], [ -95.531129, 29.8007015 ], [ -95.5312253, 29.8012789 ], [ -95.5297491, 29.8012885 ], [ -95.5298471, 29.8064319 ], [ -95.5253751, 29.8065159 ], [ -95.5254552, 29.8073753 ], [ -95.526136, 29.8081538 ], [ -95.5263737, 29.8218329 ], [ -95.5264583, 29.824938 ], [ -95.5291357, 29.8248208 ], [ -95.5291666, 29.8276841 ], [ -95.5291339, 29.8297572 ], [ -95.5292089, 29.831697 ], [ -95.5299756, 29.8316964 ], [ -95.5299744, 29.8318201 ], [ -95.5304302, 29.8320029 ], [ -95.5304215, 29.8322591 ], [ -95.5369643, 29.8319916 ], [ -95.5390098, 29.8319079 ], [ -95.5390019, 29.8324591 ], [ -95.5389659, 29.8442089 ], [ -95.5448981, 29.8442585 ] ] ] } },
{ "type": "Feature", "properties": { "OBJECTID": 25, "TRACT": "Westway", "SERVICE_CO": "WW", "AREA_AC": 859, "SHAPE_LENG": 31382.2526602, "INSIDE_X": -95.55968885, "INSIDE_Y": 29.83809659, "SHAPE_LE_1": 31382.2528585, "LAT": 29.83809138, "LONG_": -95.55968179, "GLOBALID": "{5AFA5674-9DED-4B43-8B30-E67094793FA4}", "SHAPESTLen": 31382.252858542477 }, "geometry": { "type": "Polygon", "coordinates": [ [ [ -95.5744386, 29.8319308 ], [ -95.5467237, 29.8320639 ], [ -95.5465988, 29.8438903 ], [ -95.5467786, 29.8443246 ], [ -95.5488615, 29.8441314 ], [ -95.5488622, 29.8452136 ], [ -95.5530034, 29.8452153 ], [ -95.5561661, 29.8451188 ], [ -95.5631997, 29.8451071 ], [ -95.5661841, 29.845106 ], [ -95.5661121, 29.8372887 ], [ -95.5702586, 29.8372445 ], [ -95.5702127, 29.8424427 ], [ -95.574982, 29.8424268 ], [ -95.5750489, 29.8341023 ], [ -95.5745719, 29.8342177 ], [ -95.5744386, 29.8319308 ] ] ] } },
{ "type": "Feature", "properties": { "OBJECTID": 26, "TRACT": "Metro Central", "SERVICE_CO": "MC", "AREA_AC": 6907, "SHAPE_LENG": 101448.304643, "INSIDE_X": -95.17039589, "INSIDE_Y": 29.59719856, "SHAPE_LE_1": 101448.305158, "LAT": 29.59719339, "LONG_": -95.17038894, "GLOBALID": "{2B3A2494-C036-432A-8941-A237AF01ACBC}", "SHAPESTLen": 101448.30515790227 }, "geometry": { "type": "Polygon", "coordinates": [ [ [ -95.1872969, 29.5888897 ], [ -95.1870236, 29.5888819 ], [ -95.1795548, 29.5826861 ], [ -95.1750779, 29.5765756 ], [ -95.1540539, 29.553463 ], [ -95.1540745, 29.5541887 ], [ -95.1549829, 29.5548072 ], [ -95.1552941, 29.5622955 ], [ -95.1499942, 29.5556741 ], [ -95.1446495, 29.5502365 ], [ -95.1394351, 29.5449574 ], [ -95.1391647, 29.544722 ], [ -95.133572, 29.5552529 ], [ -95.1618978, 29.5858263 ], [ -95.1577088, 29.5881988 ], [ -95.1551984, 29.588594 ], [ -95.1533651, 29.5899435 ], [ -95.1540272, 29.6307545 ], [ -95.1671584, 29.6304441 ], [ -95.1703659, 29.6303796 ], [ -95.1907581, 29.6302205 ], [ -95.1905724, 29.6147111 ], [ -95.211025, 29.6142748 ], [ -95.2123296, 29.6133404 ], [ -95.2131258, 29.61277 ], [ -95.2065465, 29.6072189 ], [ -95.2001422, 29.6010125 ], [ -95.1872969, 29.5888897 ] ] ] } },
{ "type": "Feature", "properties": { "OBJECTID": 27, "TRACT": "Southeast", "SERVICE_CO": "SE", "AREA_AC": 5712, "SHAPE_LENG": 121607.189556, "INSIDE_X": -95.26544205, "INSIDE_Y": 29.60878738, "SHAPE_LE_1": 103708.71094800001, "LAT": 29.60878221, "LONG_": -95.26543508, "GLOBALID": "{E6F0E557-65D7-4A1E-AB5E-CF9268F25640}", "SHAPESTLen": 103708.71094758992 }, "geometry": { "type": "Polygon", "coordinates": [ [ [ -95.2885241, 29.6237486 ], [ -95.28853, 29.6237499 ], [ -95.3055702, 29.6253499 ], [ -95.2972668, 29.5965508 ], [ -95.2960198, 29.5961642 ], [ -95.2946024, 29.5967066 ], [ -95.2938794, 29.5964539 ], [ -95.2924304, 29.597868 ], [ -95.2906478, 29.5974696 ], [ -95.2879628, 29.5980931 ], [ -95.286253, 29.5975221 ], [ -95.2851765, 29.5978413 ], [ -95.2834541, 29.5976189 ], [ -95.2823279, 29.5974713 ], [ -95.2800685, 29.5955471 ], [ -95.2788759, 29.5953975 ], [ -95.2775207, 29.5960579 ], [ -95.2769561, 29.5951115 ], [ -95.2749572, 29.5951721 ], [ -95.2737278, 29.5942072 ], [ -95.2730976, 29.5950622 ], [ -95.2717975, 29.5942116 ], [ -95.2701785, 29.5948063 ], [ -95.2701855, 29.5948668 ], [ -95.2698502, 29.5946808 ], [ -95.2684837, 29.5938283 ], [ -95.2671368, 29.5943371 ], [ -95.2668696, 29.5945865 ], [ -95.2665374, 29.5946479 ], [ -95.2660159, 29.5945626 ], [ -95.2654931, 29.5941623 ], [ -95.2647835, 29.593962 ], [ -95.2635056, 29.5938541 ], [ -95.2620069, 29.5933674 ], [ -95.2614706, 29.5930395 ], [ -95.2612367, 29.5926455 ], [ -95.2610575, 29.5921438 ], [ -95.2608893, 29.5916729 ], [ -95.26106, 29.5907477 ], [ -95.260402, 29.5902379 ], [ -95.2603933, 29.5900552 ], [ -95.2594402, 29.5892828 ], [ -95.2540742, 29.5850353 ], [ -95.244732, 29.5936477 ], [ -95.2493672, 29.5973921 ], [ -95.2481011, 29.5985773 ], [ -95.2491497, 29.599401 ], [ -95.2462668, 29.6019848 ], [ -95.2436736, 29.5997797 ], [ -95.2403887, 29.5998252 ], [ -95.2378953, 29.5998689 ], [ -95.23717, 29.6005029 ], [ -95.2349406, 29.6025606 ], [ -95.2333161, 29.6011798 ], [ -95.232807, 29.6011878 ], [ -95.230192, 29.6012383 ], [ -95.226, 29.6013192 ], [ -95.2248611, 29.6023355 ], [ -95.2236868, 29.6033832 ], [ -95.2241522, 29.6038454 ], [ -95.2237427, 29.6043098 ], [ -95.2250969, 29.605597 ], [ -95.2251282, 29.6056267 ], [ -95.2252214, 29.6057153 ], [ -95.2257745, 29.6053989 ], [ -95.2280731, 29.6053719 ], [ -95.2278798, 29.6071906 ], [ -95.2284517, 29.6072331 ], [ -95.228234, 29.6090227 ], [ -95.2281783, 29.6095253 ], [ -95.2287146, 29.6099627 ], [ -95.2287114, 29.6099636 ], [ -95.2292203, 29.6103929 ], [ -95.2308502, 29.6117458 ], [ -95.2310829, 29.6119626 ], [ -95.2310529, 29.6120698 ], [ -95.2296642, 29.6133403 ], [ -95.2270234, 29.615915 ], [ -95.2297529, 29.6182838 ], [ -95.2294801, 29.618458 ], [ -95.2288139, 29.6197858 ], [ -95.2218314, 29.6200233 ], [ -95.221092, 29.6193784 ], [ -95.2205059, 29.618858 ], [ -95.2200561, 29.6192543 ], [ -95.2208965, 29.6200551 ], [ -95.2214953, 29.6205937 ], [ -95.2220494, 29.6210947 ], [ -95.2244996, 29.6233105 ], [ -95.2260181, 29.6247013 ], [ -95.2266626, 29.6252665 ], [ -95.2283985, 29.6268706 ], [ -95.2290529, 29.6274277 ], [ -95.2298033, 29.6281129 ], [ -95.2309522, 29.6280066 ], [ -95.2309761, 29.6280044 ], [ -95.232173, 29.6279922 ], [ -95.2336928, 29.6279767 ], [ -95.2337116, 29.6284147 ], [ -95.2343239, 29.6284238 ], [ -95.2345485, 29.627968 ], [ -95.2349347, 29.627964 ], [ -95.2349658, 29.6279645 ], [ -95.2360216, 29.6279793 ], [ -95.2360322, 29.6279843 ], [ -95.2363346, 29.6279928 ], [ -95.2363417, 29.6284304 ], [ -95.2385445, 29.6283703 ], [ -95.2385268, 29.6275865 ], [ -95.2360513, 29.6276344 ], [ -95.2360905, 29.6265754 ], [ -95.234874, 29.6265694 ], [ -95.2347641, 29.6248988 ], [ -95.2344583, 29.6208617 ], [ -95.2380985, 29.6207539 ], [ -95.2380794, 29.6202687 ], [ -95.2358126, 29.620318 ], [ -95.2357857, 29.6177994 ], [ -95.2444189, 29.6179087 ], [ -95.2490761, 29.6180928 ], [ -95.2491491, 29.6179564 ], [ -95.2631879, 29.6177804 ], [ -95.2632375, 29.616423 ], [ -95.2626956, 29.6164078 ], [ -95.2627199, 29.6157449 ], [ -95.263334, 29.615762 ], [ -95.2633184, 29.6142132 ], [ -95.2608244, 29.6141751 ], [ -95.2608868, 29.6124704 ], [ -95.2668096, 29.6126358 ], [ -95.2668562, 29.617747 ], [ -95.2668254, 29.6193805 ], [ -95.266842, 29.6193804 ], [ -95.2668672, 29.6219019 ], [ -95.2668733, 29.6225111 ], [ -95.2668773, 29.6225111 ], [ -95.2778193, 29.622354 ], [ -95.2784232, 29.6223453 ], [ -95.2784281, 29.6228435 ], [ -95.2784587, 29.6240638 ], [ -95.2784339, 29.6248367 ], [ -95.2784061, 29.6257033 ], [ -95.2810431, 29.6252903 ], [ -95.2811099, 29.6228544 ], [ -95.2811255, 29.6222881 ], [ -95.2811266, 29.6222467 ], [ -95.2854387, 29.622154 ], [ -95.2855821, 29.6230868 ], [ -95.2871337, 29.6234358 ], [ -95.2885244, 29.6237306 ], [ -95.2885241, 29.6237486 ] ] ] } },
{ "type": "Feature", "properties": { "OBJECTID": 28, "TRACT": "Turkey Creek", "SERVICE_CO": "TC", "AREA_AC": 6444, "SHAPE_LENG": 112220.308773, "INSIDE_X": -95.61607571, "INSIDE_Y": 29.75779626, "SHAPE_LE_1": 112220.309943, "LAT": 29.75779107, "LONG_": -95.61606864, "GLOBALID": "{35524C38-3558-4D33-B9D9-3C52A9014F4B}", "SHAPESTLen": 112220.30994267054 }, "geometry": { "type": "Polygon", "coordinates": [ [ [ -95.6443783, 29.7426646 ], [ -95.6443582, 29.7420424 ], [ -95.6443267, 29.7410636 ], [ -95.6441467, 29.7354865 ], [ -95.6313883, 29.7357243 ], [ -95.631381, 29.7359151 ], [ -95.6297626, 29.7359387 ], [ -95.6293002, 29.7359486 ], [ -95.6289748, 29.7359531 ], [ -95.6287758, 29.7359534 ], [ -95.626682, 29.7359846 ], [ -95.625186, 29.7359967 ], [ -95.6251156, 29.7359971 ], [ -95.6250016, 29.7359993 ], [ -95.6245153, 29.7360086 ], [ -95.6240064, 29.7360182 ], [ -95.623465, 29.73603 ], [ -95.6222714, 29.7360465 ], [ -95.6171092, 29.7358832 ], [ -95.6170407, 29.7473371 ], [ -95.6062002, 29.7474529 ], [ -95.6061097, 29.7431947 ], [ -95.6040924, 29.7432258 ], [ -95.6040583, 29.74271 ], [ -95.6061692, 29.7426388 ], [ -95.6060849, 29.7397914 ], [ -95.6065212, 29.7397843 ], [ -95.6064824, 29.7362399 ], [ -95.5761052, 29.7364693 ], [ -95.5762627, 29.7448096 ], [ -95.5762954, 29.7472057 ], [ -95.5763453, 29.7508529 ], [ -95.5764719, 29.7601108 ], [ -95.5754903, 29.7608338 ], [ -95.5758252, 29.7620482 ], [ -95.574974, 29.7639696 ], [ -95.5737292, 29.7632317 ], [ -95.5730744, 29.7640262 ], [ -95.5777616, 29.7665264 ], [ -95.5798106, 29.7667537 ], [ -95.5821153, 29.7666309 ], [ -95.5840732, 29.7662432 ], [ -95.5856371, 29.7652621 ], [ -95.5889564, 29.7602363 ], [ -95.590166, 29.7595198 ], [ -95.5953818, 29.7591924 ], [ -95.6019539, 29.7616583 ], [ -95.6078162, 29.7616924 ], [ -95.6107486, 29.7606744 ], [ -95.6129837, 29.760826 ], [ -95.6168215, 29.7628028 ], [ -95.6192053, 29.7653942 ], [ -95.6183271, 29.7705161 ], [ -95.6164735, 29.770589 ], [ -95.6164622, 29.7714526 ], [ -95.6129532, 29.7714314 ], [ -95.6129432, 29.7728823 ], [ -95.6129528, 29.7736637 ], [ -95.6129435, 29.7757866 ], [ -95.6108337, 29.7757764 ], [ -95.6062407, 29.7757532 ], [ -95.6062853, 29.780384 ], [ -95.6037271, 29.7804402 ], [ -95.6037301, 29.7811536 ], [ -95.6025079, 29.781157 ], [ -95.6025345, 29.7819371 ], [ -95.6029091, 29.7819469 ], [ -95.6028764, 29.7823241 ], [ -95.6025485, 29.7823043 ], [ -95.6025476, 29.7827284 ], [ -95.6042293, 29.7827367 ], [ -95.6042455, 29.7834363 ], [ -95.60447, 29.7837974 ], [ -95.6048148, 29.7841368 ], [ -95.6064766, 29.7841338 ], [ -95.6570686, 29.7846581 ], [ -95.660321, 29.7846448 ], [ -95.6603039, 29.7825462 ], [ -95.6571452, 29.7825022 ], [ -95.6495911, 29.782401 ], [ -95.6486149, 29.7822192 ], [ -95.6478252, 29.7818498 ], [ -95.6471242, 29.7812202 ], [ -95.6464158, 29.7799662 ], [ -95.646377, 29.7711131 ], [ -95.6435751, 29.7701807 ], [ -95.6444164, 29.7666377 ], [ -95.6442847, 29.7426642 ], [ -95.6443783, 29.7426646 ] ] ] } },
{ "type": "Feature", "properties": { "OBJECTID": 29, "TRACT": "Upper Brays", "SERVICE_CO": "UB", "AREA_AC": 8309, "SHAPE_LENG": 188926.11043599999, "INSIDE_X": -95.56315099, "INSIDE_Y": 29.73739968, "SHAPE_LE_1": 188926.10882699999, "LAT": 29.7373945, "LONG_": -95.56314394, "GLOBALID": "{2151551C-1BD7-494B-BF4E-C022FB05F141}", "SHAPESTLen": 188926.10882684338 }, "geometry": { "type": "MultiPolygon", "coordinates": [ [ [ [ -95.5061853, 29.7507641 ], [ -95.5056413, 29.7505579 ], [ -95.5058125, 29.7505912 ], [ -95.5051685, 29.7502926 ], [ -95.5053129, 29.7502047 ], [ -95.5058247, 29.7494419 ], [ -95.5058111, 29.7489347 ], [ -95.5063846, 29.7483763 ], [ -95.5069972, 29.7484654 ], [ -95.5075478, 29.7487336 ], [ -95.5079257, 29.7487297 ], [ -95.5083946, 29.7483576 ], [ -95.5083953, 29.7480731 ], [ -95.5079104, 29.7479311 ], [ -95.507001, 29.7477853 ], [ -95.5066972, 29.7473044 ], [ -95.5069469, 29.7469775 ], [ -95.5076623, 29.7462483 ], [ -95.5081469, 29.7460485 ], [ -95.5089981, 29.7463473 ], [ -95.5101407, 29.7457472 ], [ -95.5111011, 29.745672 ], [ -95.512223, 29.7453076 ], [ -95.5124332, 29.7448068 ], [ -95.5122046, 29.7439687 ], [ -95.5130099, 29.743708 ], [ -95.5139329, 29.7448194 ], [ -95.5142911, 29.7449942 ], [ -95.5148743, 29.7447493 ], [ -95.5155058, 29.7442999 ], [ -95.5164302, 29.7432928 ], [ -95.5172151, 29.7435283 ], [ -95.5172951, 29.7437703 ], [ -95.5176065, 29.7437113 ], [ -95.5181859, 29.7426359 ], [ -95.5185591, 29.7426456 ], [ -95.5190331, 29.7432783 ], [ -95.5197778, 29.7432468 ], [ -95.5203597, 29.7425911 ], [ -95.5206888, 29.7421695 ], [ -95.521305, 29.7422041 ], [ -95.5229878, 29.7421736 ], [ -95.5230432, 29.7426815 ], [ -95.5230419, 29.7429669 ], [ -95.526666, 29.7429059 ], [ -95.5270449, 29.7433586 ], [ -95.5272736, 29.7438451 ], [ -95.5278722, 29.7441802 ], [ -95.5285588, 29.744863 ], [ -95.5285436, 29.7453924 ], [ -95.528221, 29.745414 ], [ -95.5282727, 29.7455778 ], [ -95.5285904, 29.7458785 ], [ -95.527911, 29.7464575 ], [ -95.5270756, 29.7464961 ], [ -95.5262135, 29.7467429 ], [ -95.525906, 29.747135 ], [ -95.5259439, 29.754064 ], [ -95.5265065, 29.7540616 ], [ -95.5295751, 29.7541174 ], [ -95.5296961, 29.7587692 ], [ -95.5300171, 29.7590611 ], [ -95.5305806, 29.7590559 ], [ -95.5312072, 29.75905 ], [ -95.5314417, 29.7590478 ], [ -95.5319113, 29.7590434 ], [ -95.5322832, 29.7590399 ], [ -95.5332615, 29.7590307 ], [ -95.5339638, 29.7590321 ], [ -95.5358245, 29.7590088 ], [ -95.5373524, 29.7589504 ], [ -95.5377431, 29.7589917 ], [ -95.5381335, 29.7589891 ], [ -95.5386254, 29.7589878 ], [ -95.5390727, 29.7589759 ], [ -95.5395619, 29.7589733 ], [ -95.5400499, 29.7589992 ], [ -95.5406286, 29.7590017 ], [ -95.5412622, 29.7590172 ], [ -95.5421816, 29.7590113 ], [ -95.5431878, 29.759028 ], [ -95.544639, 29.7590274 ], [ -95.5453697, 29.7590305 ], [ -95.5464166, 29.7590189 ], [ -95.5464158, 29.759867 ], [ -95.5464121, 29.7611376 ], [ -95.5464226, 29.7629655 ], [ -95.546984, 29.7626145 ], [ -95.547297, 29.7626134 ], [ -95.5473162, 29.7632966 ], [ -95.5481705, 29.7633186 ], [ -95.5482039, 29.7639763 ], [ -95.5494427, 29.7640538 ], [ -95.5494516, 29.7644568 ], [ -95.5501594, 29.7644548 ], [ -95.5501858, 29.7638004 ], [ -95.5531401, 29.7638014 ], [ -95.5532159, 29.7595565 ], [ -95.554127, 29.7592761 ], [ -95.5545055, 29.7592557 ], [ -95.5547253, 29.759551 ], [ -95.5544246, 29.7609831 ], [ -95.5545227, 29.7611259 ], [ -95.5556275, 29.7613499 ], [ -95.5558125, 29.7614856 ], [ -95.5559049, 29.7622992 ], [ -95.5569382, 29.7624913 ], [ -95.5575527, 29.7623502 ], [ -95.5646064, 29.7620497 ], [ -95.5693789, 29.7620422 ], [ -95.5730744, 29.7640262 ], [ -95.5737292, 29.7632317 ], [ -95.574974, 29.7639696 ], [ -95.5758109, 29.7620542 ], [ -95.5754903, 29.7608338 ], [ -95.5764719, 29.7601108 ], [ -95.5761567, 29.7370637 ], [ -95.5761679, 29.7368355 ], [ -95.5761147, 29.7364693 ], [ -95.567918, 29.7365851 ], [ -95.5624518, 29.7367123 ], [ -95.5624283, 29.736234 ], [ -95.5624273, 29.7362246 ], [ -95.5621861, 29.7359066 ], [ -95.561207, 29.7346154 ], [ -95.5609187, 29.7342309 ], [ -95.5609621, 29.7319693 ], [ -95.5609729, 29.7314059 ], [ -95.559851, 29.7313684 ], [ -95.5586679, 29.7313561 ], [ -95.5582587, 29.7307864 ], [ -95.5582732, 29.7298791 ], [ -95.557462, 29.7298714 ], [ -95.5568579, 29.7299467 ], [ -95.5557581, 29.7292953 ], [ -95.5550822, 29.7290028 ], [ -95.5520018, 29.7290385 ], [ -95.5520032, 29.7282888 ], [ -95.5506767, 29.7286526 ], [ -95.5506985, 29.7298205 ], [ -95.5492064, 29.7298473 ], [ -95.5491271, 29.7288796 ], [ -95.5474481, 29.7289341 ], [ -95.5474781, 29.7309849 ], [ -95.5455729, 29.7305575 ], [ -95.5445305, 29.7324754 ], [ -95.5432576, 29.7320876 ], [ -95.5430463, 29.7328104 ], [ -95.5435284, 29.7347228 ], [ -95.5392459, 29.7348016 ], [ -95.5390632, 29.7360098 ], [ -95.5357493, 29.7360176 ], [ -95.5357726, 29.737116 ], [ -95.5282275, 29.7371581 ], [ -95.5282258, 29.7295228 ], [ -95.5267869, 29.7295224 ], [ -95.5267983, 29.729185 ], [ -95.5256639, 29.7294717 ], [ -95.5247952, 29.7294664 ], [ -95.52479, 29.7292036 ], [ -95.5224351, 29.7292403 ], [ -95.5224384, 29.7297847 ], [ -95.5203181, 29.7298207 ], [ -95.5203376, 29.7307567 ], [ -95.5197153, 29.7307577 ], [ -95.5197033, 29.7305095 ], [ -95.5114252, 29.7306706 ], [ -95.5113986, 29.7293069 ], [ -95.5123355, 29.7292969 ], [ -95.5123396, 29.7264333 ], [ -95.5139256, 29.7263995 ], [ -95.5138941, 29.7253433 ], [ -95.511114, 29.725389 ], [ -95.5111043, 29.724786 ], [ -95.5086682, 29.724827 ], [ -95.5085877, 29.7223616 ], [ -95.5035614, 29.7227736 ], [ -95.5036089, 29.7249238 ], [ -95.5011296, 29.7249926 ], [ -95.5012704, 29.7281775 ], [ -95.5010077, 29.7281706 ], [ -95.5011731, 29.7290129 ], [ -95.5012529, 29.7316884 ], [ -95.5012881, 29.7339936 ], [ -95.5011009, 29.7347868 ], [ -95.5009535, 29.734753 ], [ -95.5008401, 29.7350593 ], [ -95.496345, 29.7351512 ], [ -95.4978741, 29.7332261 ], [ -95.4978542, 29.7328066 ], [ -95.4970884, 29.7328076 ], [ -95.4970749, 29.7318685 ], [ -95.4963084, 29.7318883 ], [ -95.4963168, 29.7329759 ], [ -95.4912054, 29.7330416 ], [ -95.4892503, 29.7330602 ], [ -95.4886659, 29.7331047 ], [ -95.4886839, 29.7342424 ], [ -95.4896781, 29.7342485 ], [ -95.4896726, 29.7354055 ], [ -95.487363, 29.7354136 ], [ -95.4873614, 29.7365631 ], [ -95.4897753, 29.7365193 ], [ -95.4898415, 29.7350462 ], [ -95.4902752, 29.7350379 ], [ -95.490271, 29.7358785 ], [ -95.4919546, 29.7358808 ], [ -95.4919165, 29.7339528 ], [ -95.4936111, 29.7339222 ], [ -95.4936274, 29.7350702 ], [ -95.4936454, 29.7358786 ], [ -95.4952341, 29.7358803 ], [ -95.4953573, 29.7369509 ], [ -95.4957939, 29.7375509 ], [ -95.4957965, 29.7377995 ], [ -95.4957866, 29.7497615 ], [ -95.4984196, 29.7501607 ], [ -95.499538, 29.7502889 ], [ -95.4995507, 29.7498796 ], [ -95.5009447, 29.7498847 ], [ -95.5010403, 29.7508977 ], [ -95.5010162, 29.7520053 ], [ -95.500991, 29.7527415 ], [ -95.5010501, 29.7534799 ], [ -95.5010147, 29.7545105 ], [ -95.5008739, 29.7561525 ], [ -95.5004876, 29.7575669 ], [ -95.5004694, 29.7589173 ], [ -95.5005142, 29.7600729 ], [ -95.5008807, 29.7600579 ], [ -95.5014637, 29.7602942 ], [ -95.5024418, 29.7596811 ], [ -95.502797, 29.7591746 ], [ -95.5025609, 29.7579677 ], [ -95.5029361, 29.7575818 ], [ -95.5033051, 29.7574931 ], [ -95.5037995, 29.7578499 ], [ -95.5052296, 29.75801 ], [ -95.5052985, 29.7576434 ], [ -95.5046353, 29.7572822 ], [ -95.5044803, 29.7570123 ], [ -95.5047936, 29.7567706 ], [ -95.5058871, 29.7568974 ], [ -95.5066632, 29.7564264 ], [ -95.5068622, 29.7555473 ], [ -95.5067854, 29.7553243 ], [ -95.5066864, 29.7549287 ], [ -95.5055153, 29.7546034 ], [ -95.5047106, 29.7542632 ], [ -95.5045058, 29.7536683 ], [ -95.5046774, 29.7529744 ], [ -95.5047562, 29.7522999 ], [ -95.5049298, 29.7520257 ], [ -95.5052554, 29.7518848 ], [ -95.5066397, 29.7520304 ], [ -95.5072028, 29.7518133 ], [ -95.5073714, 29.7512418 ], [ -95.5068968, 29.7508021 ], [ -95.5058125, 29.7505912 ], [ -95.5061853, 29.7507641 ] ] ], [ [ [ -95.6064824, 29.7362399 ], [ -95.6065212, 29.7397843 ], [ -95.6060849, 29.7397914 ], [ -95.6061692, 29.7426388 ], [ -95.6040583, 29.74271 ], [ -95.6040924, 29.7432258 ], [ -95.6061097, 29.7431947 ], [ -95.6062688, 29.7475075 ], [ -95.6170407, 29.7473371 ], [ -95.6170948, 29.7358722 ], [ -95.6222714, 29.7360465 ], [ -95.6222707, 29.7359269 ], [ -95.6222693, 29.7359061 ], [ -95.6222686, 29.7358632 ], [ -95.622268, 29.7358235 ], [ -95.6222679, 29.735816 ], [ -95.6222418, 29.7312735 ], [ -95.6222421, 29.7310427 ], [ -95.6222394, 29.7308219 ], [ -95.6222394, 29.7308154 ], [ -95.6222394, 29.7308082 ], [ -95.6222276, 29.7308069 ], [ -95.622225, 29.7305113 ], [ -95.6221748, 29.7222615 ], [ -95.6287559, 29.7222333 ], [ -95.6285725, 29.7123702 ], [ -95.6199852, 29.7131033 ], [ -95.620012, 29.7117943 ], [ -95.6148481, 29.7117619 ], [ -95.6148319, 29.7122488 ], [ -95.6146616, 29.7122966 ], [ -95.6146264, 29.7130918 ], [ -95.5965021, 29.714545 ], [ -95.596395, 29.7117379 ], [ -95.5916303, 29.7117602 ], [ -95.5916025, 29.7113774 ], [ -95.5903579, 29.7113771 ], [ -95.5903609, 29.7109631 ], [ -95.5889058, 29.7109726 ], [ -95.58894, 29.7119071 ], [ -95.5878026, 29.7119269 ], [ -95.5877807, 29.7117474 ], [ -95.5868311, 29.71178 ], [ -95.5869751, 29.7142541 ], [ -95.587652, 29.7155783 ], [ -95.5748641, 29.7164599 ], [ -95.5723902, 29.7166349 ], [ -95.5723787, 29.7168775 ], [ -95.5730636, 29.7168496 ], [ -95.5731836, 29.7262402 ], [ -95.5822217, 29.7260493 ], [ -95.5822423, 29.7354786 ], [ -95.5822736, 29.7364878 ], [ -95.5850188, 29.736415 ], [ -95.6064824, 29.7362399 ] ] ] ] } },
{ "type": "Feature", "properties": { "OBJECTID": 30, "TRACT": "WCID #47", "SERVICE_CO": "WC", "AREA_AC": 3842, "SHAPE_LENG": 57040.221030599998, "INSIDE_X": -95.21619862, "INSIDE_Y": 29.63456541, "SHAPE_LE_1": 57040.221260799997, "LAT": 29.63456023, "LONG_": -95.21619166000001, "GLOBALID": "{72B6EF8E-1226-4F25-9D29-910412B6CEC3}", "SHAPESTLen": 57040.221260821061 }, "geometry": { "type": "Polygon", "coordinates": [ [ [ -95.2467476, 29.6523043 ], [ -95.247089, 29.6493976 ], [ -95.2495233, 29.6493035 ], [ -95.244306, 29.6420076 ], [ -95.2296805, 29.6279952 ], [ -95.2182812, 29.6176868 ], [ -95.2131258, 29.61277 ], [ -95.2123296, 29.6133404 ], [ -95.211025, 29.6142748 ], [ -95.1905724, 29.6147111 ], [ -95.1907533, 29.6301363 ], [ -95.1908216, 29.6313444 ], [ -95.1928915, 29.6312983 ], [ -95.192714, 29.6344075 ], [ -95.1998281, 29.6439597 ], [ -95.2080143, 29.6437774 ], [ -95.2080576, 29.6510837 ], [ -95.2165712, 29.6510027 ], [ -95.2165531, 29.652772 ], [ -95.2467476, 29.6523043 ] ] ] } },
{ "type": "Feature", "properties": { "OBJECTID": 31, "TRACT": "WCID #76", "SERVICE_CO": "WA", "AREA_AC": 313, "SHAPE_LENG": 19613.511958, "INSIDE_X": -95.29205531, "INSIDE_Y": 29.90503739, "SHAPE_LE_1": 19613.512126099999, "LAT": 29.90503216, "LONG_": -95.29204832000001, "GLOBALID": "{82230AB6-3D0E-4B07-9539-4D347BBE73B2}", "SHAPESTLen": 19613.512126010173 }, "geometry": { "type": "Polygon", "coordinates": [ [ [ -95.2879949, 29.913645 ], [ -95.2883041, 29.9138893 ], [ -95.2885807, 29.9144023 ], [ -95.2890146, 29.9143949 ], [ -95.2894826, 29.9143689 ], [ -95.2899495, 29.9143723 ], [ -95.2916582, 29.9147297 ], [ -95.2915382, 29.9110446 ], [ -95.2915213, 29.9079063 ], [ -95.295979, 29.9078837 ], [ -95.295904, 29.9035407 ], [ -95.2997701, 29.9035684 ], [ -95.2997879, 29.900577 ], [ -95.3008457, 29.9007401 ], [ -95.3008505, 29.8993776 ], [ -95.2980991, 29.8993902 ], [ -95.2937971, 29.8994265 ], [ -95.2901872, 29.8994569 ], [ -95.2901871, 29.8994569 ], [ -95.2871513, 29.8994957 ], [ -95.2871789, 29.9016533 ], [ -95.287217, 29.9044892 ], [ -95.2872138, 29.9045472 ], [ -95.2872523, 29.9080746 ], [ -95.2872929, 29.9097923 ], [ -95.2873402, 29.9117409 ], [ -95.2873654, 29.9135743 ], [ -95.2879949, 29.913645 ] ] ] } },
{ "type": "Feature", "properties": { "OBJECTID": 32, "TRACT": "WCID #111", "SERVICE_CO": "WJ", "AREA_AC": 1837, "SHAPE_LENG": 51885.250309199997, "INSIDE_X": -95.60342927000001, "INSIDE_Y": 29.67471407, "SHAPE_LE_1": 51885.250848399999, "LAT": 29.6747089, "LONG_": -95.60342221000001, "GLOBALID": "{6C97FBED-E8A1-4AC1-B417-FF242D9DF112}", "SHAPESTLen": 51885.250848164418 }, "geometry": { "type": "Polygon", "coordinates": [ [ [ -95.5962715, 29.6602325 ], [ -95.5962955, 29.6605364 ], [ -95.5963669, 29.6607723 ], [ -95.5963752, 29.6607916 ], [ -95.5965706, 29.6618445 ], [ -95.5952696, 29.6650373 ], [ -95.5947093, 29.6663178 ], [ -95.5942378, 29.6674967 ], [ -95.5936833, 29.6689376 ], [ -95.5934721, 29.6694895 ], [ -95.5920513, 29.6731421 ], [ -95.5911574, 29.6755331 ], [ -95.5874817, 29.6755547 ], [ -95.5875286, 29.6844874 ], [ -95.5918414, 29.6844957 ], [ -95.5918418, 29.6845143 ], [ -95.5918499, 29.6845144 ], [ -95.5918509, 29.6845729 ], [ -95.5919226, 29.6887731 ], [ -95.591479, 29.6887521 ], [ -95.591506, 29.6893284 ], [ -95.5917387, 29.6893343 ], [ -95.5919234, 29.689339 ], [ -95.5919493, 29.6889633 ], [ -95.5922724, 29.6889549 ], [ -95.5923801, 29.6889521 ], [ -95.5923943, 29.6909748 ], [ -95.5919708, 29.6909831 ], [ -95.5920253, 29.6927639 ], [ -95.5924522, 29.6927661 ], [ -95.5929101, 29.6927655 ], [ -95.5929085, 29.6927079 ], [ -95.5928825, 29.691777 ], [ -95.5952669, 29.691738 ], [ -95.5952555, 29.6918611 ], [ -95.5953275, 29.6918835 ], [ -95.5959663, 29.6920811 ], [ -95.5959651, 29.6920946 ], [ -95.5959653, 29.6921641 ], [ -95.5960386, 29.6960927 ], [ -95.596041, 29.6961585 ], [ -95.5961588, 29.6961582 ], [ -95.5996031, 29.6961413 ], [ -95.6002017, 29.6961356 ], [ -95.6002275, 29.6959954 ], [ -95.6017342, 29.6959986 ], [ -95.6017349, 29.6960278 ], [ -95.6017537, 29.6960059 ], [ -95.6017035, 29.6926888 ], [ -95.6017972, 29.6926887 ], [ -95.6017967, 29.6922825 ], [ -95.6018573, 29.69228 ], [ -95.6018543, 29.691968 ], [ -95.6020879, 29.6919641 ], [ -95.6020959, 29.6909729 ], [ -95.6021371, 29.6909745 ], [ -95.6021667, 29.6909753 ], [ -95.6022083, 29.6909763 ], [ -95.6022037, 29.6906877 ], [ -95.6021989, 29.6903584 ], [ -95.6021961, 29.6899743 ], [ -95.6021933, 29.6895815 ], [ -95.6021902, 29.6891651 ], [ -95.6026409, 29.6891544 ], [ -95.6026471, 29.689087 ], [ -95.602654, 29.6890093 ], [ -95.6037238, 29.6889431 ], [ -95.6042505, 29.6889086 ], [ -95.6042643, 29.6881246 ], [ -95.6042364, 29.6881246 ], [ -95.6042363, 29.6866259 ], [ -95.6042334, 29.686542 ], [ -95.6041809, 29.6865438 ], [ -95.604146, 29.685357 ], [ -95.6043676, 29.6853526 ], [ -95.604689, 29.6853462 ], [ -95.6055432, 29.685328 ], [ -95.6061001, 29.6853171 ], [ -95.6066537, 29.685306 ], [ -95.6069139, 29.6853019 ], [ -95.6076274, 29.6852888 ], [ -95.6076856, 29.6852879 ], [ -95.6077276, 29.6852872 ], [ -95.6078942, 29.6852845 ], [ -95.6078987, 29.6852633 ], [ -95.608027, 29.6852574 ], [ -95.6084033, 29.6852662 ], [ -95.6084033, 29.6852661 ], [ -95.6084154, 29.6852659 ], [ -95.608411, 29.6850173 ], [ -95.6084098, 29.6849527 ], [ -95.6084063, 29.6849111 ], [ -95.608396, 29.6847879 ], [ -95.6083919, 29.6845979 ], [ -95.6083851, 29.6843954 ], [ -95.6083824, 29.6842164 ], [ -95.6083789, 29.6840057 ], [ -95.6083781, 29.6839953 ], [ -95.6083746, 29.6838374 ], [ -95.6083715, 29.683674 ], [ -95.6083691, 29.6835037 ], [ -95.6083679, 29.6834232 ], [ -95.6083659, 29.6832852 ], [ -95.6083636, 29.6832412 ], [ -95.6083613, 29.6830665 ], [ -95.6083614, 29.6830621 ], [ -95.6083599, 29.6829245 ], [ -95.6083592, 29.6828788 ], [ -95.6083587, 29.6828018 ], [ -95.608358, 29.682713 ], [ -95.6083579, 29.6827033 ], [ -95.6083565, 29.6825606 ], [ -95.608356, 29.6825216 ], [ -95.6083552, 29.682437 ], [ -95.6083541, 29.6823406 ], [ -95.608354, 29.6823344 ], [ -95.6083502, 29.6821809 ], [ -95.6083496, 29.6821584 ], [ -95.6083467, 29.6820493 ], [ -95.6083442, 29.6819694 ], [ -95.6083433, 29.6818092 ], [ -95.6083426, 29.6817914 ], [ -95.6083412, 29.6816857 ], [ -95.6083406, 29.6816073 ], [ -95.6083398, 29.6815699 ], [ -95.6083387, 29.681448 ], [ -95.6083388, 29.6814273 ], [ -95.6083367, 29.6813191 ], [ -95.6083363, 29.6812365 ], [ -95.6083335, 29.6810441 ], [ -95.6083221, 29.6808835 ], [ -95.6083202, 29.6806905 ], [ -95.6083182, 29.6805068 ], [ -95.6083149, 29.68042 ], [ -95.6083162, 29.6803285 ], [ -95.608314, 29.6801456 ], [ -95.6083108, 29.6798711 ], [ -95.608312, 29.6797983 ], [ -95.6082275, 29.6794831 ], [ -95.6082256, 29.6794763 ], [ -95.6086131, 29.6784308 ], [ -95.6087109, 29.6781668 ], [ -95.6091065, 29.677105 ], [ -95.6092602, 29.6766685 ], [ -95.6092966, 29.6765725 ], [ -95.6094803, 29.676088 ], [ -95.6095243, 29.6759719 ], [ -95.6097967, 29.6753257 ], [ -95.6098099, 29.6752944 ], [ -95.6099363, 29.6752935 ], [ -95.6107661, 29.6752899 ], [ -95.6116114, 29.6752816 ], [ -95.6124598, 29.6752735 ], [ -95.6133105, 29.6752717 ], [ -95.6141464, 29.675273 ], [ -95.6141736, 29.6752021 ], [ -95.6143117, 29.6746081 ], [ -95.6143789, 29.6743998 ], [ -95.6143931, 29.6743593 ], [ -95.6144059, 29.6743248 ], [ -95.6144165, 29.6742963 ], [ -95.614429, 29.6742629 ], [ -95.6144578, 29.6741875 ], [ -95.6144678, 29.6741615 ], [ -95.6146941, 29.6735711 ], [ -95.6150145, 29.672735 ], [ -95.6150792, 29.672566 ], [ -95.615078, 29.6725658 ], [ -95.6150864, 29.6725419 ], [ -95.615376, 29.6717384 ], [ -95.6154448, 29.6715558 ], [ -95.6154665, 29.6714984 ], [ -95.6155211, 29.6713535 ], [ -95.6155765, 29.671374 ], [ -95.6158007, 29.6714571 ], [ -95.6159519, 29.6714998 ], [ -95.6162598, 29.6715869 ], [ -95.6165745, 29.6716759 ], [ -95.616575, 29.6716761 ], [ -95.6165793, 29.6716784 ], [ -95.616583, 29.6716804 ], [ -95.6168053, 29.6718004 ], [ -95.6170546, 29.6719826 ], [ -95.6171384, 29.6720437 ], [ -95.6174006, 29.67205 ], [ -95.6176357, 29.672005 ], [ -95.6176447, 29.6720033 ], [ -95.6179003, 29.6720229 ], [ -95.618074, 29.6720398 ], [ -95.6182173, 29.6720401 ], [ -95.618223, 29.6720401 ], [ -95.6182246, 29.6720401 ], [ -95.6182255, 29.6720401 ], [ -95.6182261, 29.6720401 ], [ -95.6182264, 29.6720401 ], [ -95.6182265, 29.6720401 ], [ -95.6182267, 29.6720401 ], [ -95.6182268, 29.6720401 ], [ -95.6184031, 29.6720377 ], [ -95.6184032, 29.6720377 ], [ -95.6184036, 29.6720377 ], [ -95.6184101, 29.6720376 ], [ -95.6184141, 29.6720376 ], [ -95.6186891, 29.6720336 ], [ -95.6188287, 29.6720316 ], [ -95.6190634, 29.6720281 ], [ -95.6191309, 29.672027 ], [ -95.619454, 29.6720221 ], [ -95.6195195, 29.6720214 ], [ -95.6195649, 29.6720208 ], [ -95.6195964, 29.67202 ], [ -95.6196054, 29.6720199 ], [ -95.6196117, 29.6720197 ], [ -95.6196133, 29.6720197 ], [ -95.6196134, 29.6720197 ], [ -95.6196135, 29.6720197 ], [ -95.6196139, 29.6720197 ], [ -95.6196147, 29.6720197 ], [ -95.619617, 29.6720197 ], [ -95.6196399, 29.6720199 ], [ -95.6198241, 29.6720216 ], [ -95.6200219, 29.6720234 ], [ -95.620575, 29.6720285 ], [ -95.6205481, 29.6713041 ], [ -95.6205464, 29.6712594 ], [ -95.6205436, 29.6711851 ], [ -95.6205432, 29.6711734 ], [ -95.6205429, 29.6711669 ], [ -95.6205429, 29.6711664 ], [ -95.6205308, 29.6708632 ], [ -95.620518, 29.6705481 ], [ -95.6231689, 29.6704998 ], [ -95.6231055, 29.6685353 ], [ -95.6231053, 29.6685289 ], [ -95.6231049, 29.6685132 ], [ -95.6231048, 29.6685085 ], [ -95.6230963, 29.668201 ], [ -95.6230959, 29.668187 ], [ -95.6230887, 29.6679288 ], [ -95.6230887, 29.6679283 ], [ -95.6230887, 29.6679283 ], [ -95.6230887, 29.6679283 ], [ -95.6230887, 29.6679276 ], [ -95.6230887, 29.6679275 ], [ -95.6230887, 29.6679274 ], [ -95.6230887, 29.667927 ], [ -95.6230886, 29.6679253 ], [ -95.6230886, 29.6679239 ], [ -95.6230884, 29.6679179 ], [ -95.6230804, 29.6676401 ], [ -95.6230804, 29.6676399 ], [ -95.6230801, 29.6676296 ], [ -95.6230797, 29.6676154 ], [ -95.6230645, 29.6670867 ], [ -95.6230454, 29.6664266 ], [ -95.6230303, 29.665884 ], [ -95.6230242, 29.6656626 ], [ -95.623022, 29.6655811 ], [ -95.6230184, 29.665451 ], [ -95.623017, 29.6653978 ], [ -95.6230168, 29.6653906 ], [ -95.6230073, 29.6650469 ], [ -95.6230055, 29.6649794 ], [ -95.6230041, 29.6649306 ], [ -95.6230031, 29.6648928 ], [ -95.623003, 29.6648905 ], [ -95.623003, 29.6648903 ], [ -95.6229899, 29.6645965 ], [ -95.6229868, 29.6645271 ], [ -95.6229679, 29.6640417 ], [ -95.6229072, 29.6624914 ], [ -95.6229043, 29.6624063 ], [ -95.6230076, 29.6620881 ], [ -95.6229948, 29.6614237 ], [ -95.623973, 29.6613905 ], [ -95.6239819, 29.6615782 ], [ -95.6239825, 29.6618283 ], [ -95.6239829, 29.661969 ], [ -95.624341, 29.6619648 ], [ -95.624577, 29.661962 ], [ -95.6248344, 29.661959 ], [ -95.6248389, 29.6621318 ], [ -95.6248508, 29.6625949 ], [ -95.6252434, 29.6625887 ], [ -95.6252435, 29.6625887 ], [ -95.6257886, 29.6625801 ], [ -95.6257886, 29.6625799 ], [ -95.6257878, 29.6624951 ], [ -95.6257877, 29.6624801 ], [ -95.6257875, 29.6624597 ], [ -95.6257874, 29.662449 ], [ -95.6257874, 29.6624464 ], [ -95.6257873, 29.6624389 ], [ -95.6257872, 29.6624247 ], [ -95.6257871, 29.6624144 ], [ -95.625787, 29.6624064 ], [ -95.6257869, 29.6623957 ], [ -95.6257868, 29.6623875 ], [ -95.6257867, 29.66238 ], [ -95.6257867, 29.662372 ], [ -95.6257856, 29.6622641 ], [ -95.625785, 29.6621939 ], [ -95.6257838, 29.6620746 ], [ -95.6257829, 29.6619804 ], [ -95.6257829, 29.6619754 ], [ -95.6257827, 29.6619606 ], [ -95.6257827, 29.6619593 ], [ -95.6257827, 29.6619554 ], [ -95.6257825, 29.6619394 ], [ -95.6257823, 29.6619183 ], [ -95.6257823, 29.6619091 ], [ -95.625782, 29.6618827 ], [ -95.6257819, 29.6618702 ], [ -95.6257816, 29.661838 ], [ -95.6257814, 29.6618237 ], [ -95.6257808, 29.661758 ], [ -95.6257805, 29.6617293 ], [ -95.6257801, 29.6616828 ], [ -95.6257798, 29.6616539 ], [ -95.6257795, 29.6616212 ], [ -95.6257791, 29.6615746 ], [ -95.6257787, 29.6615368 ], [ -95.6257785, 29.6615124 ], [ -95.6257782, 29.6614859 ], [ -95.6257781, 29.6614747 ], [ -95.6257778, 29.6614373 ], [ -95.6257773, 29.6613925 ], [ -95.625777, 29.6613548 ], [ -95.6257765, 29.6613014 ], [ -95.6257759, 29.661242 ], [ -95.6257756, 29.6612091 ], [ -95.6257753, 29.6611795 ], [ -95.6257751, 29.6611533 ], [ -95.6257748, 29.6611202 ], [ -95.6257745, 29.6610932 ], [ -95.625774, 29.6610444 ], [ -95.6249825, 29.6610423 ], [ -95.6249867, 29.6611682 ], [ -95.6248315, 29.6611686 ], [ -95.6248314, 29.6611686 ], [ -95.6248313, 29.6611686 ], [ -95.6248313, 29.6611686 ], [ -95.6246737, 29.661169 ], [ -95.6246722, 29.6612112 ], [ -95.6242344, 29.6612098 ], [ -95.624054, 29.6612092 ], [ -95.6240567, 29.6599718 ], [ -95.6229875, 29.6599923 ], [ -95.6229879, 29.6607769 ], [ -95.6193745, 29.6608231 ], [ -95.6193627, 29.6609984 ], [ -95.6193568, 29.6610869 ], [ -95.6193554, 29.6611086 ], [ -95.6193496, 29.6611868 ], [ -95.6193328, 29.6613639 ], [ -95.6193246, 29.6614494 ], [ -95.6193213, 29.6614579 ], [ -95.619309, 29.6615452 ], [ -95.6193073, 29.6615578 ], [ -95.6193063, 29.6615713 ], [ -95.6193052, 29.6615875 ], [ -95.6192908, 29.6618 ], [ -95.5965093, 29.6602558 ], [ -95.5962897, 29.6602409 ], [ -95.5962715, 29.6602325 ] ] ] } },
{ "type": "Feature", "properties": { "OBJECTID": 33, "TRACT": "Beltway", "SERVICE_CO": "BW", "AREA_AC": 5597, "SHAPE_LENG": 112089.65337099999, "INSIDE_X": -95.57949963, "INSIDE_Y": 29.70722353, "SHAPE_LE_1": 112089.652166, "LAT": 29.70721835, "LONG_": -95.57949258, "GLOBALID": "{C0E8302D-16F9-4A73-B19E-CCF58D39F31D}", "SHAPESTLen": 112089.65216601592 }, "geometry": { "type": "Polygon", "coordinates": [ [ [ -95.5609187, 29.7342352 ], [ -95.5624279, 29.7362254 ], [ -95.5624518, 29.7367123 ], [ -95.5682561, 29.7365828 ], [ -95.5743865, 29.7364973 ], [ -95.5760908, 29.7364692 ], [ -95.5822736, 29.7364878 ], [ -95.5822228, 29.7320423 ], [ -95.5822302, 29.7299486 ], [ -95.5822217, 29.7260493 ], [ -95.5731945, 29.7262143 ], [ -95.5730636, 29.7168496 ], [ -95.5723779, 29.7168942 ], [ -95.5723902, 29.7166349 ], [ -95.5849505, 29.7157458 ], [ -95.5876059, 29.7155983 ], [ -95.5869765, 29.7142777 ], [ -95.5868311, 29.71178 ], [ -95.5877807, 29.7117474 ], [ -95.5878026, 29.7119269 ], [ -95.58894, 29.7119071 ], [ -95.5889056, 29.7109862 ], [ -95.5903622, 29.710986 ], [ -95.5903577, 29.7113934 ], [ -95.5903646, 29.7113936 ], [ -95.5903577, 29.7113937 ], [ -95.591605, 29.7113891 ], [ -95.5916109, 29.711431 ], [ -95.5916575, 29.7117583 ], [ -95.5964241, 29.7117128 ], [ -95.5964951, 29.7145291 ], [ -95.6146264, 29.7130918 ], [ -95.6146592, 29.7123508 ], [ -95.6147671, 29.7122542 ], [ -95.6148319, 29.7122488 ], [ -95.6148481, 29.7117619 ], [ -95.619985, 29.7118048 ], [ -95.619985, 29.711349 ], [ -95.619985, 29.7113204 ], [ -95.6199788, 29.709287 ], [ -95.6199755, 29.7088811 ], [ -95.6199602, 29.7087298 ], [ -95.6199595, 29.7087234 ], [ -95.6199595, 29.7087121 ], [ -95.6199595, 29.7086872 ], [ -95.6199592, 29.7084225 ], [ -95.6199476, 29.7077611 ], [ -95.6199468, 29.7076702 ], [ -95.6199463, 29.707642 ], [ -95.6199472, 29.7075968 ], [ -95.6199416, 29.7071181 ], [ -95.6199434, 29.7067434 ], [ -95.6199439, 29.7067362 ], [ -95.6199439, 29.7067356 ], [ -95.6199439, 29.7067355 ], [ -95.6199439, 29.7067355 ], [ -95.6199439, 29.7067328 ], [ -95.6199438, 29.7067252 ], [ -95.619943, 29.7066698 ], [ -95.6199404, 29.7064525 ], [ -95.619925, 29.7050162 ], [ -95.6199126, 29.7022285 ], [ -95.6199135, 29.702087 ], [ -95.6199127, 29.7019417 ], [ -95.6199123, 29.7019174 ], [ -95.6199117, 29.7018275 ], [ -95.6199115, 29.7018011 ], [ -95.6199115, 29.701795 ], [ -95.6199113, 29.7017826 ], [ -95.6199096, 29.7016618 ], [ -95.6199099, 29.7015732 ], [ -95.61991, 29.7015266 ], [ -95.6199093, 29.7013871 ], [ -95.6199085, 29.701248 ], [ -95.6199071, 29.7011082 ], [ -95.619907, 29.700972 ], [ -95.6199062, 29.7008324 ], [ -95.6199063, 29.7007108 ], [ -95.6199119, 29.700559 ], [ -95.6198938, 29.7003941 ], [ -95.6198901, 29.6998897 ], [ -95.6198893, 29.6997775 ], [ -95.6198884, 29.699652 ], [ -95.6198868, 29.6994165 ], [ -95.6198858, 29.6992771 ], [ -95.6198848, 29.6991424 ], [ -95.6198838, 29.6990032 ], [ -95.6198828, 29.6988678 ], [ -95.6198819, 29.6987297 ], [ -95.6198809, 29.6985942 ], [ -95.6198799, 29.6984529 ], [ -95.619879, 29.6983168 ], [ -95.619878, 29.6981783 ], [ -95.6198777, 29.6980425 ], [ -95.6198775, 29.6979031 ], [ -95.6198773, 29.6978271 ], [ -95.6198772, 29.6977669 ], [ -95.6198769, 29.697629 ], [ -95.6198767, 29.6974926 ], [ -95.6198764, 29.6973525 ], [ -95.6198762, 29.6972161 ], [ -95.6198759, 29.6970789 ], [ -95.6198756, 29.6969419 ], [ -95.6198753, 29.6968037 ], [ -95.6198748, 29.6966533 ], [ -95.6198732, 29.696487 ], [ -95.6198756, 29.696301 ], [ -95.6197858, 29.6922405 ], [ -95.6182118, 29.6922415 ], [ -95.6182117, 29.6922415 ], [ -95.6178502, 29.6922417 ], [ -95.6178499, 29.6922417 ], [ -95.6178497, 29.6922417 ], [ -95.617624, 29.6922419 ], [ -95.6172013, 29.6922421 ], [ -95.6152309, 29.6922433 ], [ -95.6148753, 29.6922436 ], [ -95.6148136, 29.6922436 ], [ -95.6148101, 29.6922436 ], [ -95.614809, 29.6922436 ], [ -95.6148086, 29.6922436 ], [ -95.6148083, 29.6922436 ], [ -95.6148004, 29.6922432 ], [ -95.614795, 29.6922429 ], [ -95.6147615, 29.6922415 ], [ -95.6145196, 29.69223 ], [ -95.6144414, 29.6922266 ], [ -95.6143123, 29.692227 ], [ -95.6141066, 29.6922277 ], [ -95.613804, 29.6922288 ], [ -95.6138039, 29.6922288 ], [ -95.6138038, 29.6922288 ], [ -95.6138036, 29.6922288 ], [ -95.6124962, 29.6922332 ], [ -95.6114946, 29.6922367 ], [ -95.6108845, 29.6922387 ], [ -95.6108655, 29.692284 ], [ -95.6105491, 29.6922863 ], [ -95.6105271, 29.6922863 ], [ -95.6105249, 29.6922863 ], [ -95.6105245, 29.6922863 ], [ -95.6102789, 29.6922861 ], [ -95.6098674, 29.6922875 ], [ -95.6084691, 29.6922878 ], [ -95.6084655, 29.6916895 ], [ -95.6084655, 29.6916895 ], [ -95.6084655, 29.6916894 ], [ -95.6084655, 29.6916892 ], [ -95.6084655, 29.6916849 ], [ -95.6084654, 29.6916741 ], [ -95.6084636, 29.6914365 ], [ -95.6084633, 29.6913912 ], [ -95.6084453, 29.6889606 ], [ -95.6084452, 29.6889362 ], [ -95.6084447, 29.6888306 ], [ -95.6084441, 29.688745 ], [ -95.6084363, 29.6880739 ], [ -95.6084348, 29.6879432 ], [ -95.6084335, 29.6878324 ], [ -95.6084323, 29.6877224 ], [ -95.608431, 29.6876124 ], [ -95.6084297, 29.6875032 ], [ -95.6084284, 29.6873924 ], [ -95.6084271, 29.6872824 ], [ -95.6084259, 29.6871724 ], [ -95.6084246, 29.6870624 ], [ -95.6084233, 29.6869524 ], [ -95.608422, 29.6868425 ], [ -95.6084208, 29.6867325 ], [ -95.6084195, 29.6866225 ], [ -95.6084182, 29.6865125 ], [ -95.6084169, 29.6864025 ], [ -95.6084156, 29.6862925 ], [ -95.608414, 29.6861481 ], [ -95.6084124, 29.6860175 ], [ -95.6084112, 29.6859075 ], [ -95.6084099, 29.6857975 ], [ -95.6084086, 29.6856883 ], [ -95.6084073, 29.6855775 ], [ -95.608406, 29.6854675 ], [ -95.6084049, 29.6853649 ], [ -95.6084038, 29.6852911 ], [ -95.6084038, 29.685291 ], [ -95.6084038, 29.685291 ], [ -95.6084038, 29.685291 ], [ -95.6084038, 29.6852909 ], [ -95.6084038, 29.6852909 ], [ -95.6084038, 29.6852906 ], [ -95.6084038, 29.68529 ], [ -95.6084038, 29.6852892 ], [ -95.6084038, 29.6852886 ], [ -95.6084037, 29.6852868 ], [ -95.6084035, 29.6852776 ], [ -95.6084033, 29.6852662 ], [ -95.6082981, 29.6852638 ], [ -95.608027, 29.6852574 ], [ -95.6078987, 29.6852633 ], [ -95.6078942, 29.6852845 ], [ -95.6073141, 29.6852939 ], [ -95.6062462, 29.6853134 ], [ -95.604146, 29.685357 ], [ -95.6041741, 29.6863118 ], [ -95.6041809, 29.6865438 ], [ -95.6042334, 29.6865422 ], [ -95.6042362, 29.6866261 ], [ -95.6042363, 29.686636 ], [ -95.6042363, 29.6867445 ], [ -95.6042384, 29.6869671 ], [ -95.6042402, 29.6872471 ], [ -95.6042364, 29.6881246 ], [ -95.6042646, 29.6881253 ], [ -95.6042572, 29.688524 ], [ -95.6042505, 29.6889086 ], [ -95.6033784, 29.6889657 ], [ -95.602654, 29.6890093 ], [ -95.6026418, 29.689155 ], [ -95.6021902, 29.6891651 ], [ -95.6021992, 29.6904014 ], [ -95.6022083, 29.6909763 ], [ -95.6020962, 29.6909735 ], [ -95.6020879, 29.6919641 ], [ -95.6018543, 29.691968 ], [ -95.6018577, 29.6922811 ], [ -95.6017967, 29.6922812 ], [ -95.6017972, 29.6926887 ], [ -95.6017035, 29.6926888 ], [ -95.6017535, 29.695991 ], [ -95.6017537, 29.6960059 ], [ -95.6017349, 29.6960278 ], [ -95.6017342, 29.6959986 ], [ -95.6017293, 29.6959986 ], [ -95.6002275, 29.6959954 ], [ -95.6002017, 29.6961356 ], [ -95.5992266, 29.6961432 ], [ -95.5989285, 29.6961446 ], [ -95.596041, 29.6961585 ], [ -95.5960344, 29.6958668 ], [ -95.5960039, 29.6942343 ], [ -95.5959771, 29.6927951 ], [ -95.5959695, 29.692391 ], [ -95.5959663, 29.6920811 ], [ -95.5953275, 29.6918835 ], [ -95.5952555, 29.6918611 ], [ -95.5952669, 29.691738 ], [ -95.5928825, 29.691777 ], [ -95.5929101, 29.6927655 ], [ -95.5924522, 29.6927661 ], [ -95.5922018, 29.6927648 ], [ -95.5920253, 29.6927639 ], [ -95.5920026, 29.692021 ], [ -95.5919708, 29.6909831 ], [ -95.5923943, 29.6909748 ], [ -95.5923848, 29.6896191 ], [ -95.5923801, 29.6889521 ], [ -95.5919493, 29.6889633 ], [ -95.5919234, 29.689339 ], [ -95.5916749, 29.689331 ], [ -95.591506, 29.6893284 ], [ -95.591479, 29.6887521 ], [ -95.5919226, 29.6887731 ], [ -95.59185, 29.6845218 ], [ -95.5918499, 29.6845144 ], [ -95.5918418, 29.6845143 ], [ -95.5918414, 29.6844957 ], [ -95.591215, 29.6844945 ], [ -95.5875286, 29.6844874 ], [ -95.5876318, 29.6917687 ], [ -95.5876845, 29.6961766 ], [ -95.5872488, 29.696182 ], [ -95.5868199, 29.696074 ], [ -95.5865845, 29.6962322 ], [ -95.5825782, 29.6962227 ], [ -95.5817942, 29.6960982 ], [ -95.581704, 29.6949605 ], [ -95.5752817, 29.6948408 ], [ -95.5752072, 29.6940835 ], [ -95.5749579, 29.6940814 ], [ -95.5745901, 29.691923 ], [ -95.566735, 29.6918278 ], [ -95.5667239, 29.6921348 ], [ -95.56436, 29.692132 ], [ -95.5644595, 29.6901655 ], [ -95.5645033, 29.6892325 ], [ -95.564365, 29.6842849 ], [ -95.5640932, 29.6774115 ], [ -95.5602166, 29.6773844 ], [ -95.5596745, 29.6792923 ], [ -95.5589213, 29.683136 ], [ -95.5587075, 29.6843956 ], [ -95.5588793, 29.6844193 ], [ -95.5589046, 29.6844228 ], [ -95.5587927, 29.6848794 ], [ -95.5586826, 29.6848649 ], [ -95.5582919, 29.6865494 ], [ -95.5581151, 29.6873952 ], [ -95.55809, 29.6874182 ], [ -95.5580002, 29.6880654 ], [ -95.5573407, 29.6893346 ], [ -95.5571753, 29.6893172 ], [ -95.5562776, 29.6892229 ], [ -95.5547788, 29.6893231 ], [ -95.5545977, 29.6892277 ], [ -95.5522157, 29.6898 ], [ -95.5499921, 29.6904549 ], [ -95.5499849, 29.6945137 ], [ -95.5500999, 29.6995086 ], [ -95.5503176, 29.70474 ], [ -95.5503512, 29.7118079 ], [ -95.550165, 29.7117927 ], [ -95.5501645, 29.7150593 ], [ -95.5497471, 29.7184458 ], [ -95.5509319, 29.71831 ], [ -95.5546935, 29.7183466 ], [ -95.5546628, 29.7192554 ], [ -95.5548211, 29.7223677 ], [ -95.5549364, 29.7290351 ], [ -95.5552725, 29.7290077 ], [ -95.5568976, 29.7299703 ], [ -95.5575129, 29.7298624 ], [ -95.5582732, 29.7298791 ], [ -95.5582587, 29.7307864 ], [ -95.5586679, 29.7313561 ], [ -95.5609729, 29.7314059 ], [ -95.5609187, 29.7342352 ] ] ] } },
{ "type": "Feature", "properties": { "OBJECTID": 34, "TRACT": "Keegans Bayou", "SERVICE_CO": "KB", "AREA_AC": 8729, "SHAPE_LENG": 146864.46372299999, "INSIDE_X": -95.55285269, "INSIDE_Y": 29.68646708, "SHAPE_LE_1": 146864.46204099999, "LAT": 29.6864619, "LONG_": -95.55284565, "GLOBALID": "{51F996D7-93EC-4395-9A40-FFA48996B128}", "SHAPESTLen": 146864.46204111053 }, "geometry": { "type": "Polygon", "coordinates": [ [ [ -95.5962765, 29.6602963 ], [ -95.5898191, 29.6572579 ], [ -95.5891306, 29.6569406 ], [ -95.5889373, 29.6568547 ], [ -95.5887377, 29.6567607 ], [ -95.5886205, 29.6567055 ], [ -95.5883215, 29.6565648 ], [ -95.5881353, 29.6564788 ], [ -95.5876997, 29.6562802 ], [ -95.5871309, 29.6560112 ], [ -95.5855446, 29.6552685 ], [ -95.5854551, 29.6552292 ], [ -95.585244, 29.6551313 ], [ -95.5851346, 29.6550729 ], [ -95.5848978, 29.6549711 ], [ -95.5825356, 29.6538696 ], [ -95.5817794, 29.6535226 ], [ -95.5801427, 29.6527744 ], [ -95.5792545, 29.6523864 ], [ -95.5789272, 29.6522434 ], [ -95.5786286, 29.652079 ], [ -95.5784694, 29.6519901 ], [ -95.5782279, 29.6519174 ], [ -95.5779091, 29.6518215 ], [ -95.5771543, 29.6515945 ], [ -95.5744779, 29.6507894 ], [ -95.5709338, 29.649723 ], [ -95.5690144, 29.6491542 ], [ -95.5678575, 29.6487926 ], [ -95.5667226, 29.6484467 ], [ -95.5659375, 29.6482055 ], [ -95.5652483, 29.6481149 ], [ -95.5652175, 29.6481087 ], [ -95.5645, 29.6481205 ], [ -95.5642177, 29.6481255 ], [ -95.5639821, 29.6481297 ], [ -95.5639168, 29.6481309 ], [ -95.5638351, 29.6481323 ], [ -95.5638229, 29.6481325 ], [ -95.5638162, 29.6481327 ], [ -95.5638107, 29.6481328 ], [ -95.5638037, 29.6481329 ], [ -95.5637962, 29.648133 ], [ -95.5637898, 29.6481331 ], [ -95.5637884, 29.6481331 ], [ -95.5637875, 29.6481332 ], [ -95.5637868, 29.6481332 ], [ -95.5637847, 29.6481332 ], [ -95.5637828, 29.6481332 ], [ -95.563782, 29.6481333 ], [ -95.5637815, 29.6481333 ], [ -95.5637803, 29.6481333 ], [ -95.56378, 29.6481333 ], [ -95.5637796, 29.6481333 ], [ -95.5637794, 29.6481333 ], [ -95.5610782, 29.6481812 ], [ -95.5608164, 29.6481859 ], [ -95.5605019, 29.6482137 ], [ -95.560489, 29.6482149 ], [ -95.560467, 29.6482154 ], [ -95.5603635, 29.6482174 ], [ -95.560279, 29.6482191 ], [ -95.5602704, 29.6482193 ], [ -95.5602618, 29.6482195 ], [ -95.5602594, 29.6482195 ], [ -95.5602575, 29.6482195 ], [ -95.5602547, 29.6482196 ], [ -95.5602542, 29.6482196 ], [ -95.5602539, 29.6482196 ], [ -95.5602536, 29.6482196 ], [ -95.5602534, 29.6482196 ], [ -95.560253, 29.6482196 ], [ -95.560253, 29.6482196 ], [ -95.5602528, 29.6482196 ], [ -95.5571374, 29.6482751 ], [ -95.5573045, 29.652544 ], [ -95.5564652, 29.6525402 ], [ -95.5565899, 29.6569456 ], [ -95.5578093, 29.6569769 ], [ -95.5575669, 29.657691 ], [ -95.5573528, 29.6576688 ], [ -95.5569186, 29.6579348 ], [ -95.5564447, 29.658434 ], [ -95.552874, 29.6607788 ], [ -95.550078, 29.661982 ], [ -95.549653, 29.6630472 ], [ -95.5481149, 29.6638372 ], [ -95.5481064, 29.6640884 ], [ -95.5476748, 29.6642776 ], [ -95.5472146, 29.6649195 ], [ -95.5465226, 29.6653159 ], [ -95.546326, 29.6654564 ], [ -95.5447391, 29.6671878 ], [ -95.5443103, 29.6676556 ], [ -95.5437594, 29.6680189 ], [ -95.5434807, 29.6682592 ], [ -95.5434806, 29.6682593 ], [ -95.5434803, 29.6682595 ], [ -95.54348, 29.6682597 ], [ -95.5434794, 29.6682601 ], [ -95.5434791, 29.6682603 ], [ -95.5434787, 29.6682607 ], [ -95.5434753, 29.6682631 ], [ -95.5434677, 29.6682684 ], [ -95.5434635, 29.6682714 ], [ -95.5434498, 29.668281 ], [ -95.5434316, 29.6682939 ], [ -95.5434026, 29.6683143 ], [ -95.5433435, 29.6683559 ], [ -95.5422055, 29.6685482 ], [ -95.5414383, 29.6689178 ], [ -95.5402173, 29.6686383 ], [ -95.5395239, 29.6689675 ], [ -95.5383886, 29.6689713 ], [ -95.538097, 29.6691952 ], [ -95.5375244, 29.6701091 ], [ -95.5364501, 29.6708643 ], [ -95.5364974, 29.6710285 ], [ -95.5314335, 29.6730899 ], [ -95.5305953, 29.6731656 ], [ -95.5304522, 29.676338 ], [ -95.5287698, 29.6763738 ], [ -95.5287601, 29.6766595 ], [ -95.5277956, 29.6770404 ], [ -95.5266841, 29.676356 ], [ -95.5261263, 29.6764183 ], [ -95.5255565, 29.6770592 ], [ -95.5248842, 29.6770092 ], [ -95.5235472, 29.6777383 ], [ -95.5216869, 29.6778076 ], [ -95.5211089, 29.6782698 ], [ -95.5209876, 29.6788331 ], [ -95.5210314, 29.6795514 ], [ -95.5212767, 29.6802909 ], [ -95.5185384, 29.6816657 ], [ -95.5183524, 29.6805747 ], [ -95.5177398, 29.680651 ], [ -95.5165084, 29.680635 ], [ -95.5152637, 29.6802524 ], [ -95.5139443, 29.6801277 ], [ -95.5139621, 29.6807703 ], [ -95.5129578, 29.6807938 ], [ -95.513061, 29.6844581 ], [ -95.5105739, 29.6857336 ], [ -95.5105137, 29.684169 ], [ -95.5090522, 29.6842129 ], [ -95.50893, 29.6878476 ], [ -95.5091643, 29.6887465 ], [ -95.512266, 29.6887977 ], [ -95.5122541, 29.6875375 ], [ -95.5137348, 29.6874272 ], [ -95.5137726, 29.6884198 ], [ -95.5137749, 29.6895445 ], [ -95.5137757, 29.6912906 ], [ -95.5119589, 29.6917242 ], [ -95.5119028, 29.6927278 ], [ -95.5134885, 29.6948935 ], [ -95.516216, 29.6973331 ], [ -95.516982, 29.6965883 ], [ -95.5195289, 29.6987257 ], [ -95.5181449, 29.7004721 ], [ -95.5203662, 29.7023715 ], [ -95.5212962, 29.7039836 ], [ -95.5214293, 29.7050034 ], [ -95.5273966, 29.7049302 ], [ -95.5336492, 29.7048573 ], [ -95.5336382, 29.7062954 ], [ -95.5331995, 29.706605 ], [ -95.5332015, 29.7073219 ], [ -95.5342114, 29.7106088 ], [ -95.5340374, 29.7140596 ], [ -95.526688, 29.7140842 ], [ -95.5267465, 29.7157059 ], [ -95.5312464, 29.7156294 ], [ -95.5312714, 29.7177533 ], [ -95.5316155, 29.7177468 ], [ -95.5316524, 29.7184783 ], [ -95.531652, 29.720053 ], [ -95.5338006, 29.7198802 ], [ -95.5339362, 29.7242908 ], [ -95.526706, 29.7242585 ], [ -95.5267774, 29.7288474 ], [ -95.5253332, 29.7288465 ], [ -95.5252947, 29.7282277 ], [ -95.5242825, 29.7282244 ], [ -95.5242492, 29.7278588 ], [ -95.5207625, 29.7279006 ], [ -95.5207608, 29.7283696 ], [ -95.5196677, 29.7283412 ], [ -95.5196423, 29.7292428 ], [ -95.5203603, 29.729243 ], [ -95.5203378, 29.7298203 ], [ -95.5224382, 29.7297622 ], [ -95.5224351, 29.7292403 ], [ -95.5248099, 29.729196 ], [ -95.5247947, 29.7294439 ], [ -95.5257076, 29.7294607 ], [ -95.5268182, 29.7291819 ], [ -95.5268064, 29.7295224 ], [ -95.5282081, 29.7295228 ], [ -95.5282261, 29.730839 ], [ -95.5282264, 29.7320618 ], [ -95.528227, 29.734988 ], [ -95.5282275, 29.7371581 ], [ -95.5357726, 29.737116 ], [ -95.5357367, 29.7359764 ], [ -95.5390632, 29.7360098 ], [ -95.5392459, 29.7348016 ], [ -95.5434893, 29.7347235 ], [ -95.5430463, 29.7328104 ], [ -95.5432576, 29.7320876 ], [ -95.5445305, 29.7324754 ], [ -95.5455993, 29.7305634 ], [ -95.5474781, 29.7309849 ], [ -95.5474481, 29.7289341 ], [ -95.5490856, 29.728881 ], [ -95.5492064, 29.7298473 ], [ -95.5507203, 29.7298326 ], [ -95.5506771, 29.7286737 ], [ -95.5519857, 29.7282615 ], [ -95.5520018, 29.7290385 ], [ -95.5549164, 29.7289817 ], [ -95.5548964, 29.72789 ], [ -95.5548242, 29.7225476 ], [ -95.5547014, 29.7200146 ], [ -95.5546617, 29.719287 ], [ -95.5546851, 29.7183433 ], [ -95.5533819, 29.7183338 ], [ -95.5516966, 29.7183175 ], [ -95.5509319, 29.71831 ], [ -95.549778, 29.7184423 ], [ -95.5497787, 29.7179048 ], [ -95.5500576, 29.7159768 ], [ -95.5501646, 29.7149558 ], [ -95.5501575, 29.7139963 ], [ -95.550165, 29.7117927 ], [ -95.5503827, 29.711808 ], [ -95.5502988, 29.7103628 ], [ -95.5503226, 29.7057838 ], [ -95.5502977, 29.7042621 ], [ -95.5502534, 29.70274 ], [ -95.5501074, 29.6997098 ], [ -95.5500364, 29.696782 ], [ -95.549985, 29.6944506 ], [ -95.5499779, 29.6929951 ], [ -95.5499631, 29.6911596 ], [ -95.5499693, 29.6904158 ], [ -95.5518411, 29.6899349 ], [ -95.5524731, 29.6897192 ], [ -95.5544007, 29.6892733 ], [ -95.5546116, 29.6891961 ], [ -95.5548161, 29.6893206 ], [ -95.5562191, 29.6892167 ], [ -95.5572943, 29.6893297 ], [ -95.5579781, 29.6881079 ], [ -95.5583267, 29.6863991 ], [ -95.5586775, 29.6848866 ], [ -95.5587927, 29.6848794 ], [ -95.5588793, 29.6844191 ], [ -95.5586948, 29.6843413 ], [ -95.5592171, 29.6816262 ], [ -95.5596796, 29.6792745 ], [ -95.5598842, 29.6785542 ], [ -95.5602166, 29.6773844 ], [ -95.5640932, 29.6774115 ], [ -95.564365, 29.6842849 ], [ -95.5645033, 29.6892325 ], [ -95.5644595, 29.6901655 ], [ -95.56436, 29.692132 ], [ -95.5667239, 29.6921348 ], [ -95.566735, 29.6918278 ], [ -95.5745901, 29.691923 ], [ -95.5749579, 29.6940814 ], [ -95.5752072, 29.6940835 ], [ -95.5752817, 29.6948408 ], [ -95.581704, 29.6949605 ], [ -95.5817942, 29.6960982 ], [ -95.5825782, 29.6962227 ], [ -95.5865845, 29.6962322 ], [ -95.5868199, 29.696074 ], [ -95.5872488, 29.696182 ], [ -95.5876845, 29.6961766 ], [ -95.5875286, 29.6844874 ], [ -95.5874817, 29.6755547 ], [ -95.5911574, 29.6755331 ], [ -95.5920513, 29.6731421 ], [ -95.5934721, 29.6694895 ], [ -95.5936833, 29.6689376 ], [ -95.5942378, 29.6674967 ], [ -95.5947093, 29.6663178 ], [ -95.5952696, 29.6650373 ], [ -95.5960094, 29.6632218 ], [ -95.5965706, 29.6618445 ], [ -95.5963752, 29.6607916 ], [ -95.5963669, 29.6607723 ], [ -95.5962955, 29.6605364 ], [ -95.5962765, 29.6602963 ] ] ] } },
{ "type": "Feature", "properties": { "OBJECTID": 35, "TRACT": "Chocolate Bayou", "SERVICE_CO": "CH", "AREA_AC": 9877, "SHAPE_LENG": 126288.294952, "INSIDE_X": -95.33651622, "INSIDE_Y": 29.63002891, "SHAPE_LE_1": 141471.18819, "LAT": 29.63002374, "LONG_": -95.33650923, "GLOBALID": "{5000F119-7FED-4F16-ADB2-AFCB63E887B9}", "SHAPESTLen": 141471.18818986544 }, "geometry": { "type": "Polygon", "coordinates": [ [ [ -95.3553138, 29.6121206 ], [ -95.3553243, 29.6099756 ], [ -95.3553271, 29.6096629 ], [ -95.3553301, 29.6093298 ], [ -95.3553433, 29.6078481 ], [ -95.3553193, 29.6076761 ], [ -95.3553201, 29.6074819 ], [ -95.3553202, 29.6074819 ], [ -95.3553202, 29.6074819 ], [ -95.3553202, 29.6074819 ], [ -95.355321, 29.6072924 ], [ -95.3553188, 29.6070462 ], [ -95.35531, 29.6068 ], [ -95.3552944, 29.6065541 ], [ -95.3552722, 29.6063086 ], [ -95.3552529, 29.6061455 ], [ -95.3552505, 29.6058597 ], [ -95.3551666, 29.6055822 ], [ -95.3551655, 29.6055758 ], [ -95.3551167, 29.6053332 ], [ -95.3550338, 29.6049829 ], [ -95.3549754, 29.6047655 ], [ -95.3549116, 29.6045493 ], [ -95.3541286, 29.6020126 ], [ -95.353435, 29.600014 ], [ -95.3531234, 29.5988446 ], [ -95.3530815, 29.5987032 ], [ -95.3529912, 29.5983984 ], [ -95.3529872, 29.5983847 ], [ -95.3528745, 29.5980041 ], [ -95.352669, 29.5973248 ], [ -95.3523696, 29.5963517 ], [ -95.3523216, 29.5961912 ], [ -95.3522986, 29.59611 ], [ -95.352291, 29.5960833 ], [ -95.3522896, 29.5960783 ], [ -95.3522889, 29.5960761 ], [ -95.3522887, 29.5960755 ], [ -95.3522887, 29.5960754 ], [ -95.3522884, 29.5960743 ], [ -95.3522871, 29.5960692 ], [ -95.3522843, 29.5960585 ], [ -95.3522785, 29.5960367 ], [ -95.3522356, 29.5958743 ], [ -95.3522129, 29.5957799 ], [ -95.3521924, 29.5956943 ], [ -95.3521879, 29.5956758 ], [ -95.3521869, 29.5956713 ], [ -95.3521819, 29.5956485 ], [ -95.3521641, 29.5955661 ], [ -95.3521429, 29.5954678 ], [ -95.3521328, 29.5954156 ], [ -95.352118, 29.5953382 ], [ -95.3521009, 29.595249 ], [ -95.3520763, 29.5951018 ], [ -95.3520657, 29.5950381 ], [ -95.352064, 29.5950278 ], [ -95.3520595, 29.5949958 ], [ -95.352051, 29.5949358 ], [ -95.3520067, 29.5945836 ], [ -95.3519862, 29.5943608 ], [ -95.3519776, 29.594242 ], [ -95.3519707, 29.5941124 ], [ -95.3519617, 29.5938745 ], [ -95.3519318, 29.5923127 ], [ -95.3519291, 29.5921686 ], [ -95.3519283, 29.5921269 ], [ -95.3519218, 29.5917873 ], [ -95.3519213, 29.5917601 ], [ -95.3519125, 29.5913031 ], [ -95.3519122, 29.5912863 ], [ -95.3519113, 29.5912374 ], [ -95.3519103, 29.591188 ], [ -95.3519016, 29.590729 ], [ -95.3518929, 29.5902745 ], [ -95.3518922, 29.5901044 ], [ -95.3518922, 29.5900954 ], [ -95.3518716, 29.5890068 ], [ -95.3518647, 29.5885202 ], [ -95.3518507, 29.5880334 ], [ -95.3518285, 29.5872631 ], [ -95.351788, 29.5858559 ], [ -95.3517832, 29.5856891 ], [ -95.3517843, 29.5856199 ], [ -95.3517801, 29.585481 ], [ -95.351655, 29.5855409 ], [ -95.3515381, 29.5855995 ], [ -95.3514129, 29.5856424 ], [ -95.3512548, 29.5857422 ], [ -95.351114, 29.5858541 ], [ -95.351114, 29.5858542 ], [ -95.3510042, 29.585963 ], [ -95.3510041, 29.5859631 ], [ -95.3508729, 29.5860521 ], [ -95.3507785, 29.5860997 ], [ -95.3506925, 29.5861591 ], [ -95.3506924, 29.5861591 ], [ -95.3506108, 29.5862225 ], [ -95.3506107, 29.5862225 ], [ -95.3505244, 29.5862614 ], [ -95.3504527, 29.5862852 ], [ -95.3503837, 29.5863169 ], [ -95.3503069, 29.5863291 ], [ -95.3502398, 29.58634 ], [ -95.3501274, 29.5863542 ], [ -95.3500634, 29.5863623 ], [ -95.3499182, 29.5863764 ], [ -95.3498027, 29.5863887 ], [ -95.3496898, 29.5864089 ], [ -95.3495648, 29.586439 ], [ -95.3494816, 29.5864548 ], [ -95.34937, 29.5864704 ], [ -95.349247, 29.5864948 ], [ -95.3491191, 29.5865223 ], [ -95.3489509, 29.5865203 ], [ -95.3488365, 29.5865016 ], [ -95.3487151, 29.5863487 ], [ -95.3486074, 29.586221 ], [ -95.3485393, 29.5861465 ], [ -95.348415, 29.5860059 ], [ -95.3483883, 29.5859786 ], [ -95.3483229, 29.5859119 ], [ -95.3482629, 29.585864 ], [ -95.348238, 29.5858451 ], [ -95.3482358, 29.585844 ], [ -95.3482136, 29.5858326 ], [ -95.3481954, 29.5858272 ], [ -95.3481739, 29.5858238 ], [ -95.3481515, 29.5858195 ], [ -95.3480948, 29.5858067 ], [ -95.3477873, 29.5857375 ], [ -95.3477852, 29.585737 ], [ -95.3477841, 29.5857371 ], [ -95.3477504, 29.5857391 ], [ -95.3477489, 29.5857392 ], [ -95.3477454, 29.5857393 ], [ -95.3477451, 29.5857393 ], [ -95.3477337, 29.5857397 ], [ -95.3477301, 29.5857399 ], [ -95.3477279, 29.5857399 ], [ -95.3477278, 29.5857399 ], [ -95.3477277, 29.5857399 ], [ -95.3477113, 29.5857403 ], [ -95.3477096, 29.5857403 ], [ -95.3476946, 29.5857404 ], [ -95.3476925, 29.5857404 ], [ -95.3476842, 29.5857404 ], [ -95.3476769, 29.5857403 ], [ -95.3476737, 29.5857403 ], [ -95.3476696, 29.5857402 ], [ -95.3476593, 29.58574 ], [ -95.3476588, 29.58574 ], [ -95.3476549, 29.5857399 ], [ -95.3476523, 29.5857398 ], [ -95.3476361, 29.5857392 ], [ -95.3476349, 29.5857391 ], [ -95.34762, 29.5857383 ], [ -95.3476189, 29.5857383 ], [ -95.3476188, 29.5857383 ], [ -95.3476187, 29.5857383 ], [ -95.3476187, 29.5857383 ], [ -95.3476173, 29.5857382 ], [ -95.3476129, 29.5857379 ], [ -95.3476016, 29.5857371 ], [ -95.3475986, 29.5857369 ], [ -95.347595, 29.5857366 ], [ -95.3475843, 29.5857357 ], [ -95.347584, 29.5857357 ], [ -95.3475799, 29.5857354 ], [ -95.3475775, 29.5857351 ], [ -95.3475612, 29.5857335 ], [ -95.3475606, 29.5857335 ], [ -95.3475426, 29.5857314 ], [ -95.3475267, 29.5857294 ], [ -95.3475265, 29.5857294 ], [ -95.347524, 29.585729 ], [ -95.347521, 29.5857286 ], [ -95.3475089, 29.5857269 ], [ -95.3475086, 29.5857268 ], [ -95.3475054, 29.5857264 ], [ -95.3475036, 29.5857261 ], [ -95.347487, 29.5857234 ], [ -95.347341, 29.5857018 ], [ -95.3471946, 29.5856824 ], [ -95.3471943, 29.5856824 ], [ -95.3471269, 29.5856746 ], [ -95.3470044, 29.5856595 ], [ -95.3468778, 29.5856336 ], [ -95.3466795, 29.5855929 ], [ -95.3465328, 29.5855622 ], [ -95.3465283, 29.5855605 ], [ -95.3465238, 29.585559 ], [ -95.34652, 29.5855577 ], [ -95.3465199, 29.5855577 ], [ -95.3465198, 29.5855577 ], [ -95.3465192, 29.5855575 ], [ -95.3465146, 29.585556 ], [ -95.34651, 29.5855546 ], [ -95.3465069, 29.5855538 ], [ -95.3465053, 29.5855533 ], [ -95.3465007, 29.5855521 ], [ -95.346496, 29.5855509 ], [ -95.3464936, 29.5855504 ], [ -95.3464926, 29.5855502 ], [ -95.3464879, 29.585549 ], [ -95.3464802, 29.5855476 ], [ -95.346477, 29.585547 ], [ -95.3464722, 29.5855462 ], [ -95.3464674, 29.5855455 ], [ -95.3464665, 29.5855453 ], [ -95.3464625, 29.5855448 ], [ -95.3464577, 29.5855442 ], [ -95.3464528, 29.5855437 ], [ -95.346448, 29.5855433 ], [ -95.3464431, 29.5855429 ], [ -95.346439, 29.5855426 ], [ -95.3464382, 29.5855426 ], [ -95.3464333, 29.5855424 ], [ -95.3464284, 29.5855422 ], [ -95.3464235, 29.5855421 ], [ -95.3464224, 29.5855421 ], [ -95.3464186, 29.5855421 ], [ -95.3464137, 29.5855422 ], [ -95.3464089, 29.5855423 ], [ -95.3464085, 29.5855424 ], [ -95.346404, 29.5855426 ], [ -95.3463991, 29.5855428 ], [ -95.3463946, 29.5855432 ], [ -95.3463942, 29.5855432 ], [ -95.3463893, 29.5855436 ], [ -95.3463845, 29.5855441 ], [ -95.3463809, 29.5855446 ], [ -95.3463796, 29.5855447 ], [ -95.3463748, 29.5855454 ], [ -95.3463699, 29.5855461 ], [ -95.3463672, 29.5855466 ], [ -95.3463651, 29.5855469 ], [ -95.3463603, 29.5855478 ], [ -95.3463556, 29.5855487 ], [ -95.3463536, 29.5855491 ], [ -95.3463508, 29.5855497 ], [ -95.3463429, 29.5855516 ], [ -95.3463402, 29.5855522 ], [ -95.3463375, 29.5855529 ], [ -95.3463348, 29.5855535 ], [ -95.3463321, 29.5855543 ], [ -95.3463295, 29.5855551 ], [ -95.3463269, 29.5855559 ], [ -95.3463243, 29.5855567 ], [ -95.3463217, 29.5855576 ], [ -95.3463191, 29.5855585 ], [ -95.3463165, 29.5855595 ], [ -95.346314, 29.5855605 ], [ -95.3463119, 29.5855614 ], [ -95.3463061, 29.5855637 ], [ -95.3462992, 29.5855673 ], [ -95.3462969, 29.5855686 ], [ -95.3462945, 29.5855699 ], [ -95.3462922, 29.5855712 ], [ -95.34629, 29.5855725 ], [ -95.34629, 29.5855725 ], [ -95.34629, 29.5855725 ], [ -95.3462899, 29.5855726 ], [ -95.3462899, 29.5855726 ], [ -95.3462876, 29.585574 ], [ -95.3462854, 29.5855754 ], [ -95.3462832, 29.5855769 ], [ -95.346281, 29.5855784 ], [ -95.346279, 29.5855798 ], [ -95.3462789, 29.5855799 ], [ -95.3462789, 29.5855799 ], [ -95.3462789, 29.5855799 ], [ -95.3462788, 29.5855799 ], [ -95.3462768, 29.5855815 ], [ -95.3462767, 29.5855815 ], [ -95.3462747, 29.585583 ], [ -95.3462746, 29.5855831 ], [ -95.3462726, 29.5855847 ], [ -95.3462726, 29.5855847 ], [ -95.3462706, 29.5855863 ], [ -95.3462706, 29.5855864 ], [ -95.3462687, 29.585588 ], [ -95.3462687, 29.585588 ], [ -95.3462686, 29.585588 ], [ -95.3462686, 29.5855881 ], [ -95.3462667, 29.5855897 ], [ -95.3462666, 29.5855898 ], [ -95.3462648, 29.5855915 ], [ -95.3462647, 29.5855915 ], [ -95.3462629, 29.5855933 ], [ -95.3462628, 29.5855933 ], [ -95.346261, 29.5855951 ], [ -95.346261, 29.5855951 ], [ -95.3462593, 29.5855968 ], [ -95.3462593, 29.5855969 ], [ -95.3462592, 29.5855969 ], [ -95.3462592, 29.5855969 ], [ -95.3462574, 29.5855987 ], [ -95.3462574, 29.5855988 ], [ -95.3462557, 29.5856006 ], [ -95.3462557, 29.5856007 ], [ -95.346254, 29.5856025 ], [ -95.346254, 29.5856026 ], [ -95.3462523, 29.5856045 ], [ -95.3462523, 29.5856045 ], [ -95.3462508, 29.5856063 ], [ -95.3462508, 29.5856064 ], [ -95.3462507, 29.5856064 ], [ -95.3462507, 29.5856065 ], [ -95.3462492, 29.5856084 ], [ -95.3462491, 29.5856085 ], [ -95.3462476, 29.5856104 ], [ -95.3462476, 29.5856105 ], [ -95.3462461, 29.5856124 ], [ -95.3462461, 29.5856125 ], [ -95.3462447, 29.5856145 ], [ -95.3462446, 29.5856145 ], [ -95.3462433, 29.5856164 ], [ -95.3462433, 29.5856165 ], [ -95.3462432, 29.5856165 ], [ -95.3462432, 29.5856166 ], [ -95.3462419, 29.5856186 ], [ -95.3462418, 29.5856187 ], [ -95.3462405, 29.5856208 ], [ -95.3462405, 29.5856208 ], [ -95.3462392, 29.5856229 ], [ -95.346238, 29.5856251 ], [ -95.3462368, 29.5856271 ], [ -95.3462368, 29.5856273 ], [ -95.3462356, 29.5856294 ], [ -95.3462347, 29.5856312 ], [ -95.3462345, 29.5856316 ], [ -95.3462334, 29.5856339 ], [ -95.3462324, 29.5856361 ], [ -95.3462315, 29.5856382 ], [ -95.3462314, 29.5856383 ], [ -95.3462305, 29.5856406 ], [ -95.3462296, 29.5856429 ], [ -95.3462288, 29.5856452 ], [ -95.346228, 29.5856475 ], [ -95.3462273, 29.5856496 ], [ -95.3462273, 29.5856498 ], [ -95.3462266, 29.5856521 ], [ -95.3462259, 29.5856544 ], [ -95.3462253, 29.5856568 ], [ -95.3462247, 29.5856591 ], [ -95.3462243, 29.5856613 ], [ -95.3462242, 29.5856615 ], [ -95.3462238, 29.5856638 ], [ -95.3462234, 29.5856662 ], [ -95.346223, 29.5856686 ], [ -95.3462225, 29.5856731 ], [ -95.346223, 29.5856766 ], [ -95.3462233, 29.5856785 ], [ -95.3462235, 29.5856805 ], [ -95.3462236, 29.5856825 ], [ -95.3462238, 29.5856844 ], [ -95.3462238, 29.5856847 ], [ -95.3462228, 29.585705 ], [ -95.3462226, 29.5857061 ], [ -95.3462223, 29.5857081 ], [ -95.3462222, 29.5857084 ], [ -95.3462219, 29.58571 ], [ -95.3462215, 29.585712 ], [ -95.346221, 29.5857139 ], [ -95.3462205, 29.5857158 ], [ -95.34622, 29.5857177 ], [ -95.3462194, 29.5857197 ], [ -95.3462193, 29.5857199 ], [ -95.3462188, 29.5857216 ], [ -95.3462181, 29.5857235 ], [ -95.3462174, 29.5857254 ], [ -95.3462167, 29.5857272 ], [ -95.3462159, 29.5857291 ], [ -95.3462151, 29.5857309 ], [ -95.346215, 29.5857311 ], [ -95.3462143, 29.5857328 ], [ -95.3462134, 29.5857346 ], [ -95.3462125, 29.5857364 ], [ -95.3462115, 29.5857382 ], [ -95.3462105, 29.58574 ], [ -95.3462102, 29.5857405 ], [ -95.3462035, 29.585751 ], [ -95.3462008, 29.5857544 ], [ -95.3462, 29.5857553 ], [ -95.3462, 29.5857554 ], [ -95.3461987, 29.5857569 ], [ -95.3461987, 29.585757 ], [ -95.3461973, 29.5857585 ], [ -95.3461973, 29.5857586 ], [ -95.3461959, 29.5857601 ], [ -95.3461959, 29.5857601 ], [ -95.3461945, 29.5857616 ], [ -95.3461944, 29.5857617 ], [ -95.346193, 29.5857632 ], [ -95.346193, 29.5857632 ], [ -95.3461915, 29.5857647 ], [ -95.3461915, 29.5857647 ], [ -95.34619, 29.5857661 ], [ -95.34619, 29.5857662 ], [ -95.3461884, 29.5857713 ], [ -95.3461869, 29.5857763 ], [ -95.3461826, 29.5857905 ], [ -95.3461817, 29.5857938 ], [ -95.34617, 29.5858335 ], [ -95.3461686, 29.5858382 ], [ -95.3461667, 29.5858446 ], [ -95.3461668, 29.5858463 ], [ -95.3461668, 29.5858468 ], [ -95.3461668, 29.5858474 ], [ -95.3461669, 29.5858486 ], [ -95.3461668, 29.5858497 ], [ -95.3461668, 29.5858508 ], [ -95.3461668, 29.5858519 ], [ -95.3461667, 29.585853 ], [ -95.3461666, 29.5858542 ], [ -95.3461664, 29.5858553 ], [ -95.3461663, 29.5858564 ], [ -95.3461661, 29.5858575 ], [ -95.3461661, 29.5858579 ], [ -95.3461661, 29.5858579 ], [ -95.3461661, 29.5858579 ], [ -95.3461659, 29.5858586 ], [ -95.3461657, 29.5858598 ], [ -95.3461655, 29.5858609 ], [ -95.3461652, 29.585862 ], [ -95.3461649, 29.5858631 ], [ -95.3461646, 29.5858642 ], [ -95.3461643, 29.5858652 ], [ -95.346164, 29.5858663 ], [ -95.3461636, 29.5858674 ], [ -95.3461632, 29.5858685 ], [ -95.3461631, 29.5858688 ], [ -95.3461628, 29.5858696 ], [ -95.3461624, 29.5858707 ], [ -95.3461619, 29.5858718 ], [ -95.3461615, 29.5858729 ], [ -95.346161, 29.5858739 ], [ -95.3461605, 29.585875 ], [ -95.3461599, 29.585876 ], [ -95.3461594, 29.5858771 ], [ -95.3461588, 29.5858781 ], [ -95.3461582, 29.5858791 ], [ -95.3461582, 29.5858791 ], [ -95.3461581, 29.5858792 ], [ -95.3461581, 29.5858793 ], [ -95.3461576, 29.5858801 ], [ -95.3461576, 29.5858801 ], [ -95.346157, 29.5858811 ], [ -95.3461569, 29.5858811 ], [ -95.3461563, 29.5858821 ], [ -95.3461563, 29.5858821 ], [ -95.3461557, 29.5858831 ], [ -95.3461556, 29.5858831 ], [ -95.346155, 29.585884 ], [ -95.3461549, 29.5858841 ], [ -95.3461543, 29.585885 ], [ -95.3461542, 29.5858851 ], [ -95.3461539, 29.5858855 ], [ -95.3461512, 29.5858887 ], [ -95.3461512, 29.5858888 ], [ -95.3461511, 29.5858888 ], [ -95.3461511, 29.5858889 ], [ -95.3461504, 29.5858896 ], [ -95.3461504, 29.5858897 ], [ -95.3461496, 29.5858905 ], [ -95.3461495, 29.5858906 ], [ -95.3461487, 29.5858914 ], [ -95.3461487, 29.5858915 ], [ -95.3461479, 29.5858923 ], [ -95.3461478, 29.5858923 ], [ -95.346147, 29.5858931 ], [ -95.3461469, 29.5858932 ], [ -95.3461461, 29.5858939 ], [ -95.346146, 29.585894 ], [ -95.3461452, 29.5858948 ], [ -95.3461451, 29.5858948 ], [ -95.3461443, 29.5858956 ], [ -95.3461442, 29.5858956 ], [ -95.3461433, 29.5858964 ], [ -95.3461433, 29.5858964 ], [ -95.3461424, 29.5858972 ], [ -95.3461423, 29.5858972 ], [ -95.3461414, 29.5858979 ], [ -95.3461413, 29.585898 ], [ -95.3461404, 29.5858987 ], [ -95.3461384, 29.5859014 ], [ -95.3461383, 29.5859014 ], [ -95.3461364, 29.5859041 ], [ -95.3461364, 29.5859041 ], [ -95.3461348, 29.5859064 ], [ -95.3461347, 29.5859065 ], [ -95.3461345, 29.5859068 ], [ -95.3461344, 29.5859069 ], [ -95.3461326, 29.5859096 ], [ -95.3461326, 29.5859097 ], [ -95.3461308, 29.5859124 ], [ -95.3461308, 29.5859125 ], [ -95.3461291, 29.5859153 ], [ -95.346129, 29.5859153 ], [ -95.3461286, 29.5859161 ], [ -95.3461285, 29.5859162 ], [ -95.3461285, 29.5859162 ], [ -95.3461275, 29.5859179 ], [ -95.3461248, 29.5859227 ], [ -95.3461241, 29.585924 ], [ -95.3461229, 29.5859262 ], [ -95.3461226, 29.5859269 ], [ -95.3461212, 29.5859299 ], [ -95.3461197, 29.5859328 ], [ -95.3461184, 29.5859358 ], [ -95.3461182, 29.5859364 ], [ -95.3461181, 29.5859366 ], [ -95.3461171, 29.5859389 ], [ -95.3461159, 29.5859419 ], [ -95.3461147, 29.585945 ], [ -95.346114, 29.5859471 ], [ -95.3461136, 29.585948 ], [ -95.3461126, 29.5859511 ], [ -95.3461116, 29.5859542 ], [ -95.3461107, 29.5859574 ], [ -95.3461106, 29.5859579 ], [ -95.3461099, 29.5859605 ], [ -95.3461091, 29.5859637 ], [ -95.3461084, 29.5859668 ], [ -95.346108, 29.5859686 ], [ -95.3461073, 29.5859723 ], [ -95.3461071, 29.5859732 ], [ -95.3461062, 29.5859786 ], [ -95.3461057, 29.58598 ], [ -95.3461057, 29.5859801 ], [ -95.3461057, 29.5859801 ], [ -95.3461021, 29.5859905 ], [ -95.3461019, 29.585991 ], [ -95.3460993, 29.5859981 ], [ -95.346099, 29.5859989 ], [ -95.3460939, 29.5860112 ], [ -95.3460888, 29.5860229 ], [ -95.3460846, 29.5860318 ], [ -95.3460766, 29.5860474 ], [ -95.346074, 29.586052 ], [ -95.3460677, 29.5860631 ], [ -95.3460619, 29.5860724 ], [ -95.3460586, 29.5860778 ], [ -95.3460553, 29.5860825 ], [ -95.3460417, 29.5861021 ], [ -95.3460044, 29.5861557 ], [ -95.3459706, 29.5862043 ], [ -95.3459543, 29.5862277 ], [ -95.3459447, 29.5862471 ], [ -95.3459393, 29.5862565 ], [ -95.3459334, 29.5862658 ], [ -95.3459271, 29.5862748 ], [ -95.3459188, 29.5862857 ], [ -95.3459129, 29.5862929 ], [ -95.3459084, 29.5862979 ], [ -95.3459019, 29.5863049 ], [ -95.3458957, 29.5863111 ], [ -95.3458794, 29.5863258 ], [ -95.3458608, 29.5863401 ], [ -95.3458544, 29.5863446 ], [ -95.3458456, 29.5863502 ], [ -95.3458292, 29.5863601 ], [ -95.3458236, 29.5863639 ], [ -95.3458188, 29.5863672 ], [ -95.3458071, 29.5863752 ], [ -95.3457917, 29.5863847 ], [ -95.3457767, 29.5863931 ], [ -95.3457616, 29.5864008 ], [ -95.3457494, 29.5864064 ], [ -95.3457358, 29.5864122 ], [ -95.3457174, 29.5864191 ], [ -95.3456999, 29.5864247 ], [ -95.3456876, 29.5864282 ], [ -95.3456733, 29.5864318 ], [ -95.3456583, 29.586435 ], [ -95.3456487, 29.5864368 ], [ -95.3456294, 29.5864397 ], [ -95.3456015, 29.5864429 ], [ -95.3454781, 29.5864601 ], [ -95.3454324, 29.5864665 ], [ -95.345383, 29.5864734 ], [ -95.3453361, 29.58648 ], [ -95.345313, 29.5864832 ], [ -95.3453082, 29.5864835 ], [ -95.3452855, 29.5864859 ], [ -95.3452717, 29.5864885 ], [ -95.345256, 29.5864926 ], [ -95.3452388, 29.5864984 ], [ -95.3452216, 29.5865059 ], [ -95.3452102, 29.5865119 ], [ -95.3451987, 29.5865189 ], [ -95.3451741, 29.5865373 ], [ -95.3451503, 29.5865569 ], [ -95.3451347, 29.5865728 ], [ -95.3451224, 29.5865852 ], [ -95.3451127, 29.5865951 ], [ -95.3451038, 29.5866065 ], [ -95.345088, 29.5866269 ], [ -95.3450821, 29.5866353 ], [ -95.3450725, 29.586649 ], [ -95.3450686, 29.5866569 ], [ -95.3450659, 29.5866625 ], [ -95.3450604, 29.5866737 ], [ -95.3450524, 29.5866899 ], [ -95.34504, 29.5867116 ], [ -95.3450268, 29.5867313 ], [ -95.3450129, 29.5867495 ], [ -95.3450063, 29.5867563 ], [ -95.3449959, 29.586768 ], [ -95.3449571, 29.5868117 ], [ -95.3448517, 29.5869303 ], [ -95.3448434, 29.5869392 ], [ -95.3448269, 29.5869523 ], [ -95.3448092, 29.5869644 ], [ -95.3447896, 29.5869758 ], [ -95.3447783, 29.5869816 ], [ -95.3447621, 29.5869891 ], [ -95.3447437, 29.5869953 ], [ -95.3446919, 29.5870128 ], [ -95.3444918, 29.5870805 ], [ -95.3444774, 29.5870852 ], [ -95.34446, 29.5870909 ], [ -95.3444337, 29.5871012 ], [ -95.344423, 29.5871073 ], [ -95.3444079, 29.5871159 ], [ -95.3443892, 29.5871284 ], [ -95.344373, 29.5871412 ], [ -95.3443587, 29.5871545 ], [ -95.3443493, 29.5871639 ], [ -95.3442962, 29.5872295 ], [ -95.3442752, 29.5872555 ], [ -95.3442629, 29.5872707 ], [ -95.3442523, 29.5872859 ], [ -95.3442447, 29.5873031 ], [ -95.3442331, 29.5873297 ], [ -95.3442223, 29.5873616 ], [ -95.3442164, 29.5873852 ], [ -95.3442106, 29.5874157 ], [ -95.34421, 29.5874319 ], [ -95.3442092, 29.5874532 ], [ -95.3442177, 29.5875382 ], [ -95.3442206, 29.5875674 ], [ -95.3442269, 29.5875993 ], [ -95.344232, 29.5876251 ], [ -95.3442379, 29.5876548 ], [ -95.3442409, 29.5876621 ], [ -95.344254, 29.587693 ], [ -95.3442707, 29.5877265 ], [ -95.3442859, 29.5877532 ], [ -95.3442949, 29.5877673 ], [ -95.3443074, 29.5877869 ], [ -95.3443213, 29.5878046 ], [ -95.344333, 29.5878195 ], [ -95.344344, 29.587832 ], [ -95.3443548, 29.5878445 ], [ -95.3443646, 29.5878557 ], [ -95.3443718, 29.5878633 ], [ -95.3443884, 29.5878863 ], [ -95.3443979, 29.5878994 ], [ -95.3444206, 29.5879309 ], [ -95.344436, 29.5879592 ], [ -95.3444515, 29.5879875 ], [ -95.3444771, 29.5880424 ], [ -95.3444907, 29.5880769 ], [ -95.3444962, 29.5880934 ], [ -95.3444987, 29.5881011 ], [ -95.3445027, 29.5881184 ], [ -95.3445121, 29.5881585 ], [ -95.3445232, 29.5882061 ], [ -95.3445265, 29.5882201 ], [ -95.3445275, 29.5882275 ], [ -95.3445281, 29.588232 ], [ -95.3445287, 29.5882361 ], [ -95.34453, 29.5882459 ], [ -95.3445323, 29.5882631 ], [ -95.3445346, 29.5882801 ], [ -95.3445355, 29.5882887 ], [ -95.344536, 29.5882926 ], [ -95.3445375, 29.5883051 ], [ -95.3445393, 29.5883207 ], [ -95.3445405, 29.5883334 ], [ -95.3445412, 29.5883416 ], [ -95.3445435, 29.5883657 ], [ -95.3445442, 29.588375 ], [ -95.3445455, 29.5883927 ], [ -95.344547, 29.5884133 ], [ -95.3445473, 29.5884182 ], [ -95.3445481, 29.5884338 ], [ -95.3445484, 29.5884397 ], [ -95.344549, 29.5884508 ], [ -95.3445494, 29.5884582 ], [ -95.3445498, 29.5884683 ], [ -95.3445503, 29.5884833 ], [ -95.3445507, 29.5884947 ], [ -95.3445509, 29.5885029 ], [ -95.344551, 29.5885091 ], [ -95.3445511, 29.5885159 ], [ -95.3445513, 29.5885281 ], [ -95.3445514, 29.5885358 ], [ -95.3445516, 29.5885501 ], [ -95.3445516, 29.5885606 ], [ -95.3445513, 29.5885973 ], [ -95.344551, 29.5886075 ], [ -95.3445504, 29.5886322 ], [ -95.3445501, 29.5886425 ], [ -95.3445472, 29.5886514 ], [ -95.344545, 29.5886576 ], [ -95.344541, 29.588668 ], [ -95.3445372, 29.5886757 ], [ -95.3445332, 29.5886837 ], [ -95.3445319, 29.588686 ], [ -95.3445305, 29.5886885 ], [ -95.3445266, 29.588695 ], [ -95.3445195, 29.588706 ], [ -95.3445101, 29.5887186 ], [ -95.3445037, 29.5887263 ], [ -95.3444886, 29.5887608 ], [ -95.3444708, 29.5888017 ], [ -95.3444662, 29.5888123 ], [ -95.3444643, 29.5888191 ], [ -95.3444605, 29.5888321 ], [ -95.3444578, 29.5888433 ], [ -95.3444554, 29.588855 ], [ -95.3444531, 29.5888685 ], [ -95.3444508, 29.5888897 ], [ -95.34445, 29.5889023 ], [ -95.3444498, 29.5889245 ], [ -95.3444503, 29.5889355 ], [ -95.3444507, 29.5889454 ], [ -95.3444505, 29.5889629 ], [ -95.3444493, 29.5889718 ], [ -95.3444471, 29.5889876 ], [ -95.3444447, 29.5890005 ], [ -95.344438, 29.5890265 ], [ -95.3444336, 29.5890399 ], [ -95.3444221, 29.5890677 ], [ -95.3444154, 29.589081 ], [ -95.3444075, 29.5890951 ], [ -95.3444005, 29.5891065 ], [ -95.344385, 29.5891286 ], [ -95.3443632, 29.5891596 ], [ -95.3443417, 29.589189 ], [ -95.3443131, 29.5892269 ], [ -95.3443073, 29.5892343 ], [ -95.3442876, 29.5892593 ], [ -95.3442619, 29.5892907 ], [ -95.3442536, 29.589302 ], [ -95.3442167, 29.5893526 ], [ -95.3441651, 29.5894232 ], [ -95.3441114, 29.5894968 ], [ -95.3441032, 29.5895035 ], [ -95.3440971, 29.5895092 ], [ -95.3440835, 29.5895217 ], [ -95.3440696, 29.589535 ], [ -95.3440623, 29.5895428 ], [ -95.344049, 29.589557 ], [ -95.3440377, 29.5895704 ], [ -95.3440273, 29.5895829 ], [ -95.34402, 29.5895927 ], [ -95.3440114, 29.5896046 ], [ -95.3440063, 29.5896118 ], [ -95.3439995, 29.5896219 ], [ -95.343987, 29.5896427 ], [ -95.3439347, 29.5897004 ], [ -95.3438804, 29.5897604 ], [ -95.343828, 29.5898184 ], [ -95.3437007, 29.5899589 ], [ -95.3436293, 29.5900471 ], [ -95.3435694, 29.5901126 ], [ -95.3434963, 29.5901838 ], [ -95.3434266, 29.5902442 ], [ -95.3433521, 29.5903021 ], [ -95.3433475, 29.5903054 ], [ -95.3433456, 29.5903069 ], [ -95.3433449, 29.5903074 ], [ -95.3433438, 29.5903082 ], [ -95.3433436, 29.5903083 ], [ -95.343343, 29.5903088 ], [ -95.3433427, 29.590309 ], [ -95.3433424, 29.5903092 ], [ -95.3433422, 29.5903093 ], [ -95.3432952, 29.5903422 ], [ -95.3431953, 29.5904072 ], [ -95.3431208, 29.5904556 ], [ -95.343019, 29.5905218 ], [ -95.3429151, 29.5905893 ], [ -95.3428309, 29.5906493 ], [ -95.3427612, 29.5907121 ], [ -95.3427238, 29.5907458 ], [ -95.3426251, 29.5908349 ], [ -95.3425836, 29.5908724 ], [ -95.3425701, 29.5908844 ], [ -95.342567, 29.5908871 ], [ -95.3425027, 29.5909346 ], [ -95.3424623, 29.5909641 ], [ -95.3424097, 29.5910031 ], [ -95.3423794, 29.5910256 ], [ -95.3423467, 29.5910496 ], [ -95.3423203, 29.591069 ], [ -95.3423013, 29.5911074 ], [ -95.3422892, 29.5911319 ], [ -95.3422742, 29.5911624 ], [ -95.3422608, 29.5911896 ], [ -95.3422216, 29.591269 ], [ -95.3422105, 29.5912914 ], [ -95.3422068, 29.5912983 ], [ -95.3421896, 29.5913304 ], [ -95.3420919, 29.5915123 ], [ -95.3420791, 29.591536 ], [ -95.3419577, 29.5917622 ], [ -95.3418864, 29.591895 ], [ -95.3418709, 29.5919238 ], [ -95.341825, 29.5919694 ], [ -95.3417796, 29.5920142 ], [ -95.3417399, 29.5920533 ], [ -95.3416763, 29.592116 ], [ -95.341613, 29.5921466 ], [ -95.3414974, 29.5922025 ], [ -95.3413168, 29.5922898 ], [ -95.3412025, 29.592345 ], [ -95.3411141, 29.5923878 ], [ -95.3410622, 29.592413 ], [ -95.3409158, 29.5924169 ], [ -95.3408248, 29.5924193 ], [ -95.3407861, 29.5924197 ], [ -95.3407605, 29.5924584 ], [ -95.3407479, 29.5924769 ], [ -95.3407434, 29.5924838 ], [ -95.3407209, 29.5925185 ], [ -95.3406676, 29.5926001 ], [ -95.3405996, 29.5927043 ], [ -95.340581, 29.592733 ], [ -95.3405823, 29.5927657 ], [ -95.3405893, 29.592936 ], [ -95.3405974, 29.5931362 ], [ -95.3406, 29.5932002 ], [ -95.3406057, 29.5933401 ], [ -95.3406069, 29.5933697 ], [ -95.3406075, 29.5933851 ], [ -95.3406096, 29.5934368 ], [ -95.3405885, 29.5934422 ], [ -95.3405816, 29.5934456 ], [ -95.3405773, 29.593448 ], [ -95.340569, 29.5934532 ], [ -95.3405578, 29.5934615 ], [ -95.3405521, 29.5934664 ], [ -95.3405457, 29.5934726 ], [ -95.3405384, 29.5934807 ], [ -95.3405347, 29.5934853 ], [ -95.3405283, 29.5934943 ], [ -95.3405243, 29.593501 ], [ -95.3405192, 29.5935086 ], [ -95.3405129, 29.5935161 ], [ -95.3405053, 29.5935236 ], [ -95.3405005, 29.5935275 ], [ -95.3404907, 29.5935342 ], [ -95.3404833, 29.5935381 ], [ -95.3404746, 29.593542 ], [ -95.3404655, 29.593545 ], [ -95.3404571, 29.5935471 ], [ -95.3404509, 29.5935482 ], [ -95.3404428, 29.593549 ], [ -95.3404373, 29.5935491 ], [ -95.3404332, 29.5935498 ], [ -95.3403813, 29.5935586 ], [ -95.3403523, 29.5935636 ], [ -95.3403245, 29.5935683 ], [ -95.3403142, 29.5935707 ], [ -95.3403052, 29.593572 ], [ -95.3402835, 29.593575 ], [ -95.3402616, 29.5935773 ], [ -95.3402461, 29.5935777 ], [ -95.3402225, 29.5935784 ], [ -95.3402074, 29.5935772 ], [ -95.3401882, 29.5935758 ], [ -95.3401632, 29.5935726 ], [ -95.3401434, 29.5935691 ], [ -95.3401255, 29.593565 ], [ -95.3401081, 29.5935604 ], [ -95.3400943, 29.5935561 ], [ -95.3399559, 29.5935474 ], [ -95.3398714, 29.5935426 ], [ -95.3398226, 29.5935385 ], [ -95.3397084, 29.5935287 ], [ -95.3396069, 29.5935201 ], [ -95.3395783, 29.5935179 ], [ -95.3395438, 29.5935181 ], [ -95.3394548, 29.5935157 ], [ -95.3393621, 29.5935104 ], [ -95.3392964, 29.5935042 ], [ -95.3392346, 29.5934967 ], [ -95.3391539, 29.5934847 ], [ -95.3390313, 29.5934876 ], [ -95.3388796, 29.5934726 ], [ -95.3387411, 29.5934589 ], [ -95.3386873, 29.5934567 ], [ -95.3384918, 29.593449 ], [ -95.3383865, 29.5934465 ], [ -95.3382952, 29.5934444 ], [ -95.3382721, 29.5934468 ], [ -95.3381959, 29.5934546 ], [ -95.3381564, 29.5934629 ], [ -95.3381204, 29.5934705 ], [ -95.3381076, 29.5934743 ], [ -95.3380516, 29.5934911 ], [ -95.3380424, 29.593495 ], [ -95.3380079, 29.5935093 ], [ -95.3379815, 29.5935203 ], [ -95.3379236, 29.5935506 ], [ -95.3378728, 29.5935806 ], [ -95.3377028, 29.5936811 ], [ -95.3374273, 29.593854 ], [ -95.3374047, 29.5938718 ], [ -95.3373831, 29.5938888 ], [ -95.3373531, 29.5939184 ], [ -95.3373263, 29.5939532 ], [ -95.3373096, 29.593982 ], [ -95.3372917, 29.5940241 ], [ -95.337278, 29.5940564 ], [ -95.3372666, 29.5940972 ], [ -95.3372581, 29.5941279 ], [ -95.3372463, 29.5941884 ], [ -95.3372446, 29.5942062 ], [ -95.3372396, 29.5942604 ], [ -95.3372399, 29.5942788 ], [ -95.3372407, 29.594332 ], [ -95.3372476, 29.5943935 ], [ -95.3372522, 29.5944192 ], [ -95.3372596, 29.5944614 ], [ -95.337282, 29.5945329 ], [ -95.3373153, 29.5946396 ], [ -95.3373375, 29.5947182 ], [ -95.337342, 29.5947408 ], [ -95.3373527, 29.5947945 ], [ -95.3373635, 29.5948794 ], [ -95.3373668, 29.5949215 ], [ -95.337366, 29.5949339 ], [ -95.3373647, 29.5949538 ], [ -95.3373586, 29.5949795 ], [ -95.3373497, 29.5950005 ], [ -95.3373263, 29.5950413 ], [ -95.3372954, 29.5950853 ], [ -95.3372596, 29.5951268 ], [ -95.3372288, 29.5951565 ], [ -95.3371864, 29.5951917 ], [ -95.3371461, 29.5952251 ], [ -95.3371154, 29.5952506 ], [ -95.3370721, 29.5952818 ], [ -95.3369993, 29.5953343 ], [ -95.3369173, 29.5953877 ], [ -95.3368597, 29.5954225 ], [ -95.3367659, 29.5954757 ], [ -95.3366592, 29.59553 ], [ -95.3365255, 29.5955936 ], [ -95.3364438, 29.5956324 ], [ -95.3364003, 29.5956552 ], [ -95.3363622, 29.5956773 ], [ -95.3363185, 29.5957064 ], [ -95.3362377, 29.5957702 ], [ -95.3362069, 29.5957879 ], [ -95.3361761, 29.5958031 ], [ -95.3361398, 29.595815 ], [ -95.3360133, 29.5958564 ], [ -95.3359087, 29.5958915 ], [ -95.3358173, 29.5959221 ], [ -95.3357289, 29.5959517 ], [ -95.3356301, 29.5959907 ], [ -95.3355212, 29.5960325 ], [ -95.3354511, 29.5960593 ], [ -95.3353894, 29.5960857 ], [ -95.3353388, 29.5961101 ], [ -95.3352958, 29.596133 ], [ -95.3352408, 29.5961653 ], [ -95.3351681, 29.5962139 ], [ -95.3351201, 29.5962503 ], [ -95.3350968, 29.5962718 ], [ -95.3350668, 29.5963023 ], [ -95.3350203, 29.596354 ], [ -95.3349531, 29.5964408 ], [ -95.3348621, 29.5966588 ], [ -95.3347863, 29.5967816 ], [ -95.3347554, 29.5968226 ], [ -95.3346261, 29.5969939 ], [ -95.3344419, 29.5972111 ], [ -95.3343041, 29.5974255 ], [ -95.334096, 29.5975957 ], [ -95.3340475, 29.5976653 ], [ -95.3339908, 29.5977568 ], [ -95.3339483, 29.5978199 ], [ -95.3339061, 29.5978686 ], [ -95.3338404, 29.5979445 ], [ -95.3338104, 29.5979764 ], [ -95.3337614, 29.5980135 ], [ -95.3337121, 29.5980508 ], [ -95.3336473, 29.5980842 ], [ -95.3335878, 29.5981147 ], [ -95.3335079, 29.598143 ], [ -95.333471, 29.5981483 ], [ -95.3334327, 29.5981538 ], [ -95.333336, 29.5981778 ], [ -95.3331959, 29.5982126 ], [ -95.3330978, 29.5982369 ], [ -95.3330292, 29.5982572 ], [ -95.3329329, 29.5983 ], [ -95.3328686, 29.5983388 ], [ -95.3327608, 29.5984282 ], [ -95.3326452, 29.5985412 ], [ -95.3324872, 29.598709 ], [ -95.3324075, 29.5987997 ], [ -95.3323271, 29.5988808 ], [ -95.3322558, 29.5989345 ], [ -95.3321927, 29.5989748 ], [ -95.3321609, 29.5989878 ], [ -95.3320823, 29.59902 ], [ -95.3320058, 29.5990441 ], [ -95.3319588, 29.5990519 ], [ -95.3318882, 29.5990635 ], [ -95.3318462, 29.5990704 ], [ -95.3317983, 29.5990784 ], [ -95.3317347, 29.5990954 ], [ -95.33165, 29.5990937 ], [ -95.3314189, 29.5990891 ], [ -95.3311196, 29.5991053 ], [ -95.330932, 29.5991103 ], [ -95.3308653, 29.5991064 ], [ -95.3305927, 29.5990902 ], [ -95.330356, 29.5990817 ], [ -95.3302732, 29.5990739 ], [ -95.3302045, 29.59906 ], [ -95.3301182, 29.5990424 ], [ -95.3300629, 29.5990276 ], [ -95.3300018, 29.5990112 ], [ -95.3299147, 29.5989756 ], [ -95.329863, 29.5989465 ], [ -95.329809, 29.5989035 ], [ -95.3297741, 29.5988757 ], [ -95.3297417, 29.5988499 ], [ -95.3297221, 29.5988181 ], [ -95.3296922, 29.5988013 ], [ -95.3296814, 29.5987838 ], [ -95.32963, 29.5987497 ], [ -95.3294323, 29.5986191 ], [ -95.3290158, 29.598367 ], [ -95.3288929, 29.5983153 ], [ -95.328584, 29.5981854 ], [ -95.3285457, 29.5981762 ], [ -95.3283862, 29.598138 ], [ -95.3283371, 29.5981263 ], [ -95.3282495, 29.598118 ], [ -95.3276591, 29.5980626 ], [ -95.3269486, 29.5979924 ], [ -95.3267623, 29.5979666 ], [ -95.3267185, 29.5979662 ], [ -95.3265505, 29.5979647 ], [ -95.3264151, 29.5979685 ], [ -95.326225, 29.5979815 ], [ -95.3260147, 29.5980089 ], [ -95.3258318, 29.5980283 ], [ -95.3255879, 29.5980543 ], [ -95.3255125, 29.5980541 ], [ -95.3254321, 29.5980438 ], [ -95.3252353, 29.5979799 ], [ -95.3249465, 29.597886 ], [ -95.3247896, 29.5978287 ], [ -95.3245942, 29.5977573 ], [ -95.3245115, 29.5977303 ], [ -95.3243719, 29.5976847 ], [ -95.3242266, 29.5976455 ], [ -95.324026, 29.5976087 ], [ -95.3239359, 29.5975921 ], [ -95.3238447, 29.5975862 ], [ -95.3237777, 29.5975818 ], [ -95.323704, 29.597577 ], [ -95.3236536, 29.5975663 ], [ -95.3235774, 29.597536 ], [ -95.3235318, 29.5975074 ], [ -95.3234868, 29.5974678 ], [ -95.3234583, 29.5974268 ], [ -95.3234334, 29.5973909 ], [ -95.3234072, 29.597325 ], [ -95.3233341, 29.5972196 ], [ -95.3233283, 29.5972122 ], [ -95.3233186, 29.5971996 ], [ -95.3233148, 29.5971948 ], [ -95.3233071, 29.5971854 ], [ -95.3232992, 29.5971759 ], [ -95.3232894, 29.5971645 ], [ -95.3232865, 29.5971612 ], [ -95.3232788, 29.5971526 ], [ -95.3232664, 29.5971392 ], [ -95.3232506, 29.5971227 ], [ -95.3232496, 29.5971221 ], [ -95.3232171, 29.5971012 ], [ -95.3232079, 29.5970953 ], [ -95.3231925, 29.5970856 ], [ -95.3231904, 29.5970843 ], [ -95.3231864, 29.5970819 ], [ -95.3231767, 29.5970761 ], [ -95.3231633, 29.597068 ], [ -95.3231491, 29.5970596 ], [ -95.3231337, 29.5970509 ], [ -95.3231216, 29.5970439 ], [ -95.3230825, 29.5970215 ], [ -95.3230792, 29.5970197 ], [ -95.3230756, 29.5970176 ], [ -95.323075, 29.5970173 ], [ -95.3230718, 29.5970155 ], [ -95.3230674, 29.597013 ], [ -95.3230659, 29.5970122 ], [ -95.3230586, 29.5970082 ], [ -95.3230574, 29.5970076 ], [ -95.3230554, 29.5970065 ], [ -95.323052, 29.5970047 ], [ -95.323049, 29.5970031 ], [ -95.3230445, 29.5970008 ], [ -95.3230371, 29.5969971 ], [ -95.3230246, 29.5969909 ], [ -95.3230206, 29.596989 ], [ -95.3230187, 29.5969868 ], [ -95.3230152, 29.5969831 ], [ -95.3230117, 29.5969797 ], [ -95.3230099, 29.5969781 ], [ -95.3230084, 29.5969769 ], [ -95.3230068, 29.5969755 ], [ -95.3230052, 29.5969742 ], [ -95.3230031, 29.5969726 ], [ -95.3230003, 29.5969705 ], [ -95.3229968, 29.5969682 ], [ -95.3229951, 29.5969671 ], [ -95.3229935, 29.5969662 ], [ -95.3229905, 29.5969644 ], [ -95.3229877, 29.5969629 ], [ -95.3229847, 29.5969613 ], [ -95.3229816, 29.5969599 ], [ -95.3229777, 29.5969581 ], [ -95.3229753, 29.5969572 ], [ -95.3229716, 29.5969558 ], [ -95.3229693, 29.596955 ], [ -95.3229664, 29.596954 ], [ -95.3229632, 29.5969531 ], [ -95.3229605, 29.5969523 ], [ -95.322959, 29.596952 ], [ -95.3229559, 29.5969513 ], [ -95.3229525, 29.5969506 ], [ -95.32295, 29.5969501 ], [ -95.3229455, 29.5969494 ], [ -95.3229436, 29.5969491 ], [ -95.3229404, 29.5969488 ], [ -95.3229363, 29.5969484 ], [ -95.322934, 29.5969472 ], [ -95.3228639, 29.5969122 ], [ -95.3228108, 29.5968867 ], [ -95.3227597, 29.5968641 ], [ -95.3227126, 29.5968433 ], [ -95.3226921, 29.5968337 ], [ -95.3226614, 29.5968216 ], [ -95.3226193, 29.5968049 ], [ -95.3225965, 29.5967959 ], [ -95.3225709, 29.5967878 ], [ -95.3225231, 29.5967726 ], [ -95.3224915, 29.5967634 ], [ -95.3224416, 29.5967504 ], [ -95.3223986, 29.5967406 ], [ -95.3223426, 29.5967301 ], [ -95.3222861, 29.596723 ], [ -95.322256, 29.5967206 ], [ -95.3222196, 29.596719 ], [ -95.322171, 29.596719 ], [ -95.3221285, 29.5967211 ], [ -95.3221175, 29.5967225 ], [ -95.3220481, 29.5967633 ], [ -95.3217267, 29.5969524 ], [ -95.3213789, 29.5971598 ], [ -95.321333, 29.5971855 ], [ -95.3213155, 29.5971954 ], [ -95.3212505, 29.5972319 ], [ -95.321201, 29.5972597 ], [ -95.3211643, 29.5972803 ], [ -95.3210748, 29.5973306 ], [ -95.3210181, 29.5973634 ], [ -95.3207921, 29.5974944 ], [ -95.3206984, 29.5975592 ], [ -95.3205173, 29.5976845 ], [ -95.3204083, 29.59776 ], [ -95.3203857, 29.5977764 ], [ -95.320349, 29.597801 ], [ -95.3203041, 29.5978311 ], [ -95.3201725, 29.5979226 ], [ -95.3201398, 29.5979453 ], [ -95.3201116, 29.5979649 ], [ -95.3200795, 29.5979873 ], [ -95.3200244, 29.5980256 ], [ -95.3199877, 29.5980511 ], [ -95.3199758, 29.5980608 ], [ -95.3199526, 29.5980797 ], [ -95.319919, 29.5981047 ], [ -95.3199021, 29.5981166 ], [ -95.319889, 29.5981258 ], [ -95.3198809, 29.5981307 ], [ -95.31987, 29.5981374 ], [ -95.319856, 29.5981459 ], [ -95.319835, 29.5981581 ], [ -95.3198087, 29.5981727 ], [ -95.3197874, 29.5981832 ], [ -95.3197784, 29.5981876 ], [ -95.3197627, 29.5981949 ], [ -95.319737, 29.5982062 ], [ -95.3197259, 29.5982109 ], [ -95.3197213, 29.5982128 ], [ -95.3197161, 29.5982148 ], [ -95.3197066, 29.5982185 ], [ -95.3196964, 29.5982224 ], [ -95.3196885, 29.5982255 ], [ -95.3196796, 29.5982285 ], [ -95.3196737, 29.5982306 ], [ -95.319663, 29.5982331 ], [ -95.3196525, 29.5982357 ], [ -95.3196411, 29.5982385 ], [ -95.3196339, 29.5982403 ], [ -95.3196301, 29.5982414 ], [ -95.3196158, 29.5982454 ], [ -95.3196057, 29.5982482 ], [ -95.3195985, 29.5982504 ], [ -95.3195826, 29.5982554 ], [ -95.3195721, 29.5982587 ], [ -95.3195587, 29.5982632 ], [ -95.3195506, 29.598266 ], [ -95.319543, 29.5982688 ], [ -95.3195339, 29.598272 ], [ -95.319518, 29.5982781 ], [ -95.3195089, 29.5982816 ], [ -95.319499, 29.5982856 ], [ -95.3194925, 29.5982883 ], [ -95.3194664, 29.5982994 ], [ -95.3194597, 29.5983023 ], [ -95.3194538, 29.5983046 ], [ -95.3194436, 29.5983085 ], [ -95.319425, 29.5983153 ], [ -95.3194086, 29.5983208 ], [ -95.3194017, 29.5983228 ], [ -95.3193984, 29.5983238 ], [ -95.3193933, 29.5983253 ], [ -95.3193869, 29.5983272 ], [ -95.3193812, 29.5983287 ], [ -95.3193754, 29.5983302 ], [ -95.3193677, 29.5983322 ], [ -95.3193595, 29.5983341 ], [ -95.3193537, 29.5983354 ], [ -95.3193462, 29.5983371 ], [ -95.3193382, 29.5983389 ], [ -95.3193295, 29.5983404 ], [ -95.3193176, 29.5983425 ], [ -95.3193006, 29.5983451 ], [ -95.3192801, 29.5983477 ], [ -95.3192632, 29.5983493 ], [ -95.3192474, 29.5983505 ], [ -95.3192349, 29.5983511 ], [ -95.3192185, 29.5983517 ], [ -95.319201, 29.5983518 ], [ -95.3191768, 29.5983514 ], [ -95.3191608, 29.5983504 ], [ -95.3191472, 29.5983496 ], [ -95.3191375, 29.5983485 ], [ -95.3191207, 29.5983467 ], [ -95.3191021, 29.5983442 ], [ -95.3190926, 29.5983426 ], [ -95.3190748, 29.5983397 ], [ -95.3190634, 29.5983372 ], [ -95.3190443, 29.598333 ], [ -95.3190384, 29.5983315 ], [ -95.3190285, 29.5983289 ], [ -95.3190186, 29.5983262 ], [ -95.3190131, 29.5983246 ], [ -95.3190007, 29.5983209 ], [ -95.3189951, 29.5983191 ], [ -95.3189884, 29.5983169 ], [ -95.3189853, 29.5983159 ], [ -95.3189721, 29.5983112 ], [ -95.3189597, 29.5983066 ], [ -95.3189416, 29.5982993 ], [ -95.3189318, 29.5982951 ], [ -95.3189151, 29.5982874 ], [ -95.3189047, 29.5982824 ], [ -95.3188944, 29.5982771 ], [ -95.3188914, 29.598276 ], [ -95.3188485, 29.5982592 ], [ -95.3188278, 29.5982508 ], [ -95.3188027, 29.5982403 ], [ -95.3187537, 29.5982189 ], [ -95.3187062, 29.5981969 ], [ -95.3186624, 29.5981759 ], [ -95.3186313, 29.5981596 ], [ -95.3186059, 29.5981463 ], [ -95.3185812, 29.5981264 ], [ -95.3185502, 29.5981031 ], [ -95.3185161, 29.5980791 ], [ -95.3184899, 29.5980629 ], [ -95.318464, 29.5980468 ], [ -95.3184402, 29.5980321 ], [ -95.318422, 29.598023 ], [ -95.3184038, 29.598014 ], [ -95.3183586, 29.5979915 ], [ -95.3183204, 29.5979758 ], [ -95.3182843, 29.5979611 ], [ -95.3182708, 29.5979568 ], [ -95.3182474, 29.5979492 ], [ -95.318215, 29.5979388 ], [ -95.3181943, 29.5979322 ], [ -95.3181855, 29.5979293 ], [ -95.3181493, 29.5979177 ], [ -95.3181184, 29.5979078 ], [ -95.3180912, 29.5979019 ], [ -95.3180518, 29.5978934 ], [ -95.3179948, 29.5978842 ], [ -95.3179556, 29.59788 ], [ -95.3179356, 29.5978784 ], [ -95.3177874, 29.5978875 ], [ -95.3177785, 29.5978896 ], [ -95.3176856, 29.5979117 ], [ -95.3163184, 29.5982376 ], [ -95.3146985, 29.5980021 ], [ -95.3141921, 29.5976716 ], [ -95.3139768, 29.5975311 ], [ -95.313745, 29.5973798 ], [ -95.3133923, 29.5971535 ], [ -95.3132738, 29.5970741 ], [ -95.3131667, 29.5970024 ], [ -95.3130526, 29.5969259 ], [ -95.3125556, 29.5966035 ], [ -95.3121925, 29.596368 ], [ -95.3119886, 29.5962564 ], [ -95.3113258, 29.5958934 ], [ -95.3097542, 29.5950328 ], [ -95.3086624, 29.5949104 ], [ -95.3079943, 29.5949848 ], [ -95.3057523, 29.5952343 ], [ -95.304404, 29.5951845 ], [ -95.3039519, 29.5951682 ], [ -95.3036587, 29.5952199 ], [ -95.3031592, 29.5953079 ], [ -95.3024952, 29.5954249 ], [ -95.3020666, 29.5955004 ], [ -95.3019815, 29.5955334 ], [ -95.30186, 29.5955822 ], [ -95.3018132, 29.5956009 ], [ -95.3016735, 29.595657 ], [ -95.3013346, 29.5957931 ], [ -95.3011487, 29.5958532 ], [ -95.3007874, 29.59597 ], [ -95.3003296, 29.596118 ], [ -95.2997251, 29.5961113 ], [ -95.2991968, 29.5968527 ], [ -95.2986009, 29.5970335 ], [ -95.2975519, 29.5965128 ], [ -95.2973344, 29.5965217 ], [ -95.2972616, 29.5965281 ], [ -95.2991399, 29.6030448 ], [ -95.3015563, 29.6114275 ], [ -95.3027896, 29.6157049 ], [ -95.3040667, 29.6201344 ], [ -95.3050363, 29.6234968 ], [ -95.3063081, 29.627907 ], [ -95.307341, 29.6314885 ], [ -95.308488, 29.6354654 ], [ -95.3098859, 29.6403113 ], [ -95.3110187, 29.6442385 ], [ -95.3117952, 29.6466022 ], [ -95.312855, 29.649828 ], [ -95.313667, 29.6523248 ], [ -95.3161937, 29.6524 ], [ -95.324106, 29.6526349 ], [ -95.324192, 29.6568341 ], [ -95.3242685, 29.6605699 ], [ -95.3286185, 29.6605994 ], [ -95.328583, 29.6584648 ], [ -95.3285356, 29.6556161 ], [ -95.3360232, 29.6557266 ], [ -95.3360077, 29.6560503 ], [ -95.3362709, 29.6560656 ], [ -95.3364459, 29.6612975 ], [ -95.3339178, 29.6613488 ], [ -95.3339371, 29.6625516 ], [ -95.3350682, 29.6624979 ], [ -95.3351625, 29.6640118 ], [ -95.3407983, 29.6639292 ], [ -95.3408294, 29.6660866 ], [ -95.345243, 29.6660111 ], [ -95.3459552, 29.6661637 ], [ -95.3483297, 29.6666722 ], [ -95.3489861, 29.6669991 ], [ -95.3485844, 29.6680909 ], [ -95.3482966, 29.6688729 ], [ -95.3482484, 29.6690014 ], [ -95.3480066, 29.6696464 ], [ -95.347596, 29.6707414 ], [ -95.349125, 29.6711786 ], [ -95.347663, 29.6749313 ], [ -95.3479826, 29.6750323 ], [ -95.3478654, 29.6753152 ], [ -95.3507776, 29.6762354 ], [ -95.3509356, 29.6758541 ], [ -95.3513909, 29.675944 ], [ -95.3512677, 29.6762368 ], [ -95.3528484, 29.676688 ], [ -95.3519085, 29.6791991 ], [ -95.3516547, 29.6794812 ], [ -95.351749, 29.6795608 ], [ -95.3516682, 29.6796956 ], [ -95.3512461, 29.6795027 ], [ -95.350958, 29.6798971 ], [ -95.3496375, 29.6807973 ], [ -95.3494461, 29.6812841 ], [ -95.3511838, 29.6818416 ], [ -95.3523322, 29.6824912 ], [ -95.3529519, 29.6828418 ], [ -95.3538084, 29.6829924 ], [ -95.3540948, 29.6829966 ], [ -95.3543516, 29.6830004 ], [ -95.3548552, 29.6828426 ], [ -95.3558004, 29.6824697 ], [ -95.3557353, 29.6802087 ], [ -95.3576683, 29.680027 ], [ -95.3611592, 29.671224 ], [ -95.3636797, 29.6720136 ], [ -95.3666312, 29.6729381 ], [ -95.3668719, 29.6722776 ], [ -95.3653773, 29.6718044 ], [ -95.3656442, 29.6711613 ], [ -95.367251, 29.67167 ], [ -95.3673979, 29.6709875 ], [ -95.3659053, 29.6705146 ], [ -95.3661554, 29.6698614 ], [ -95.3665915, 29.6695798 ], [ -95.3687556, 29.6692904 ], [ -95.3686666, 29.6658515 ], [ -95.3709948, 29.6658766 ], [ -95.3709879, 29.6641829 ], [ -95.3709661, 29.6588333 ], [ -95.3720362, 29.6588623 ], [ -95.3719921, 29.6582179 ], [ -95.3710084, 29.6581729 ], [ -95.3706218, 29.6581552 ], [ -95.3700662, 29.6581298 ], [ -95.3689296, 29.6580778 ], [ -95.3688508, 29.6580742 ], [ -95.3682801, 29.6477678 ], [ -95.3646048, 29.6478823 ], [ -95.3645685, 29.6467315 ], [ -95.3637497, 29.6459704 ], [ -95.3637262, 29.6459485 ], [ -95.363338, 29.6463765 ], [ -95.3629995, 29.6467104 ], [ -95.3603216, 29.6472786 ], [ -95.3593282, 29.6480215 ], [ -95.3592935, 29.6480474 ], [ -95.358776, 29.6480262 ], [ -95.3585833, 29.6480183 ], [ -95.3580202, 29.6479953 ], [ -95.3575061, 29.6479742 ], [ -95.3572521, 29.6480392 ], [ -95.3567108, 29.6481871 ], [ -95.3564785, 29.6482371 ], [ -95.3560109, 29.6483377 ], [ -95.3558882, 29.6446099 ], [ -95.3558876, 29.6445908 ], [ -95.356588, 29.6445189 ], [ -95.3567649, 29.6420099 ], [ -95.3567662, 29.6419908 ], [ -95.356154, 29.6419999 ], [ -95.356115, 29.640463 ], [ -95.3561145, 29.6404439 ], [ -95.3567245, 29.6404415 ], [ -95.3567257, 29.6404415 ], [ -95.3567091, 29.63988 ], [ -95.3560979, 29.6398634 ], [ -95.3560087, 29.6362787 ], [ -95.3572285, 29.6362757 ], [ -95.3572286, 29.6362565 ], [ -95.3572292, 29.6362565 ], [ -95.3572466, 29.6326506 ], [ -95.3564055, 29.6326425 ], [ -95.356144, 29.6275683 ], [ -95.356143, 29.6275491 ], [ -95.3577928, 29.6275866 ], [ -95.3577933, 29.6275866 ], [ -95.3578116, 29.6259419 ], [ -95.3578118, 29.6259227 ], [ -95.3597276, 29.6259207 ], [ -95.3600867, 29.625939 ], [ -95.3600606, 29.6252088 ], [ -95.3597298, 29.6252065 ], [ -95.3588183, 29.6252002 ], [ -95.3588182, 29.6251969 ], [ -95.3587961, 29.6244823 ], [ -95.3595658, 29.6244919 ], [ -95.3595652, 29.6244727 ], [ -95.3594763, 29.6215905 ], [ -95.3594604, 29.621073 ], [ -95.3580026, 29.6210481 ], [ -95.3579701, 29.6188192 ], [ -95.359262, 29.6188359 ], [ -95.3592583, 29.61663 ], [ -95.3613898, 29.6166528 ], [ -95.3613697, 29.6188402 ], [ -95.374155, 29.6188914 ], [ -95.3741675, 29.6167604 ], [ -95.3746092, 29.6164243 ], [ -95.3746096, 29.61447 ], [ -95.3681334, 29.6144506 ], [ -95.3680184, 29.6144005 ], [ -95.3679459, 29.6124263 ], [ -95.3683797, 29.6124112 ], [ -95.3683783, 29.6123133 ], [ -95.3683755, 29.6121195 ], [ -95.3679372, 29.6122027 ], [ -95.3621674, 29.6120939 ], [ -95.3621874, 29.6099895 ], [ -95.3605518, 29.609961 ], [ -95.3605598, 29.6117725 ], [ -95.3596693, 29.6117892 ], [ -95.3596871, 29.6099695 ], [ -95.3579949, 29.609988 ], [ -95.3580172, 29.6114348 ], [ -95.3570415, 29.6114562 ], [ -95.3570548, 29.6121313 ], [ -95.3553138, 29.6121206 ] ] ] } },
{ "type": "Feature", "properties": { "OBJECTID": 36, "TRACT": "Tidwell Timbers", "SERVICE_CO": "TT", "AREA_AC": 569, "SHAPE_LENG": 23314.391276099999, "INSIDE_X": -95.2385896, "INSIDE_Y": 29.85188445, "SHAPE_LE_1": 23314.391348500001, "LAT": 29.85187923, "LONG_": -95.23858262, "GLOBALID": "{68C10291-4D28-4DF2-8167-03CC02D27CFA}", "SHAPESTLen": 23314.391348496323 }, "geometry": { "type": "Polygon", "coordinates": [ [ [ -95.2477441, 29.8575131 ], [ -95.2477465, 29.857418 ], [ -95.2477756, 29.856576 ], [ -95.2477338, 29.8565753 ], [ -95.2477323, 29.8551543 ], [ -95.2477308, 29.8537389 ], [ -95.2477299, 29.8528611 ], [ -95.247728, 29.8510208 ], [ -95.2477279, 29.8509539 ], [ -95.2477345, 29.8509067 ], [ -95.2467832, 29.8509209 ], [ -95.2463671, 29.8509214 ], [ -95.2463684, 29.8507534 ], [ -95.2463684, 29.8499893 ], [ -95.2463685, 29.8490654 ], [ -95.2463995, 29.8490662 ], [ -95.2477176, 29.8495454 ], [ -95.247727, 29.8490886 ], [ -95.2477305, 29.8489206 ], [ -95.2477337, 29.8487638 ], [ -95.247752, 29.8478734 ], [ -95.2477577, 29.8475951 ], [ -95.2477689, 29.8470482 ], [ -95.2477699, 29.8470014 ], [ -95.2477182, 29.8469999 ], [ -95.2477121, 29.847 ], [ -95.2476655, 29.84517 ], [ -95.2476654, 29.845143 ], [ -95.2476599, 29.8441593 ], [ -95.2476596, 29.8440917 ], [ -95.2476238, 29.844094 ], [ -95.245526, 29.8442319 ], [ -95.2450143, 29.8442656 ], [ -95.2441576, 29.8443053 ], [ -95.2441509, 29.8443056 ], [ -95.2418862, 29.8434037 ], [ -95.2418977, 29.8441667 ], [ -95.2419422, 29.8471244 ], [ -95.2419429, 29.847174 ], [ -95.2416623, 29.8471786 ], [ -95.2415098, 29.8471601 ], [ -95.2412916, 29.847181 ], [ -95.2382458, 29.847222 ], [ -95.2380696, 29.8472261 ], [ -95.2346194, 29.8472827 ], [ -95.2344118, 29.8472949 ], [ -95.2295234, 29.8473201 ], [ -95.2284738, 29.8473626 ], [ -95.2285355, 29.8483723 ], [ -95.2285799, 29.8497593 ], [ -95.22858, 29.84976 ], [ -95.22858, 29.84976 ], [ -95.22858, 29.8497601 ], [ -95.22858, 29.8497602 ], [ -95.22858, 29.8497602 ], [ -95.22858, 29.8497603 ], [ -95.2285768, 29.8500459 ], [ -95.2285139, 29.8503554 ], [ -95.2284794, 29.8506301 ], [ -95.2283611, 29.8508707 ], [ -95.2283195, 29.8510074 ], [ -95.2284002, 29.8511263 ], [ -95.2284124, 29.8514553 ], [ -95.2284477, 29.8518168 ], [ -95.2283893, 29.8520803 ], [ -95.2283543, 29.8523321 ], [ -95.2283395, 29.8524394 ], [ -95.2283379, 29.8524462 ], [ -95.2283366, 29.852453 ], [ -95.2283353, 29.8524599 ], [ -95.2283342, 29.8524667 ], [ -95.2283332, 29.8524736 ], [ -95.2283323, 29.8524805 ], [ -95.2283316, 29.8524874 ], [ -95.2283311, 29.8524943 ], [ -95.2283306, 29.8525013 ], [ -95.2283303, 29.8525082 ], [ -95.2283302, 29.8525151 ], [ -95.2283302, 29.852522 ], [ -95.2283303, 29.852529 ], [ -95.2283305, 29.8525359 ], [ -95.228331, 29.8525428 ], [ -95.2283315, 29.8525498 ], [ -95.2283322, 29.8525567 ], [ -95.228333, 29.8525636 ], [ -95.2283339, 29.8525704 ], [ -95.228335, 29.8525773 ], [ -95.2283363, 29.8525842 ], [ -95.2283376, 29.852591 ], [ -95.2283391, 29.8525978 ], [ -95.2283408, 29.8526046 ], [ -95.2283425, 29.8526113 ], [ -95.2283445, 29.8526181 ], [ -95.2283465, 29.8526248 ], [ -95.2283487, 29.8526314 ], [ -95.228351, 29.8526381 ], [ -95.2283534, 29.8526447 ], [ -95.228356, 29.8526512 ], [ -95.2283587, 29.8526577 ], [ -95.2283615, 29.8526642 ], [ -95.2283638, 29.8526691 ], [ -95.2283642, 29.8526699 ], [ -95.2283645, 29.8526707 ], [ -95.2283676, 29.852677 ], [ -95.2283708, 29.8526834 ], [ -95.2283742, 29.8526897 ], [ -95.2283776, 29.8526959 ], [ -95.2283812, 29.8527021 ], [ -95.228385, 29.8527082 ], [ -95.2283888, 29.8527143 ], [ -95.2283928, 29.8527203 ], [ -95.2283969, 29.8527263 ], [ -95.2284011, 29.8527321 ], [ -95.2284054, 29.852738 ], [ -95.2284098, 29.8527437 ], [ -95.2284144, 29.8527494 ], [ -95.228419, 29.852755 ], [ -95.2284238, 29.8527606 ], [ -95.2284287, 29.852766 ], [ -95.2284337, 29.8527714 ], [ -95.2284388, 29.8527768 ], [ -95.228444, 29.852782 ], [ -95.2284493, 29.8527872 ], [ -95.2284547, 29.8527922 ], [ -95.2284602, 29.8527972 ], [ -95.2284658, 29.8528021 ], [ -95.2284715, 29.852807 ], [ -95.2284773, 29.8528117 ], [ -95.2284832, 29.8528164 ], [ -95.2284892, 29.8528209 ], [ -95.2284955, 29.8528255 ], [ -95.2284968, 29.8528299 ], [ -95.228498, 29.8528342 ], [ -95.2284992, 29.8528386 ], [ -95.2285002, 29.852843 ], [ -95.2285012, 29.8528474 ], [ -95.228502, 29.8528519 ], [ -95.2285028, 29.8528563 ], [ -95.2285035, 29.8528608 ], [ -95.2285041, 29.8528652 ], [ -95.2285046, 29.8528697 ], [ -95.2285051, 29.8528742 ], [ -95.2285054, 29.8528787 ], [ -95.2285056, 29.8528832 ], [ -95.2285058, 29.8528877 ], [ -95.2285059, 29.8528922 ], [ -95.2285058, 29.8528967 ], [ -95.2285057, 29.8529012 ], [ -95.2285055, 29.8529057 ], [ -95.2285052, 29.8529101 ], [ -95.2285048, 29.8529146 ], [ -95.2285044, 29.8529191 ], [ -95.2285038, 29.8529236 ], [ -95.2285031, 29.852928 ], [ -95.2285024, 29.8529325 ], [ -95.2285016, 29.8529369 ], [ -95.2285006, 29.8529413 ], [ -95.2284996, 29.8529458 ], [ -95.2284992, 29.8529474 ], [ -95.2284985, 29.8529502 ], [ -95.2284974, 29.8529545 ], [ -95.2284961, 29.8529589 ], [ -95.2284947, 29.8529632 ], [ -95.2284933, 29.8529675 ], [ -95.2284918, 29.8529718 ], [ -95.2284901, 29.8529761 ], [ -95.2284884, 29.8529804 ], [ -95.2284866, 29.8529846 ], [ -95.2284848, 29.8529888 ], [ -95.2284828, 29.8529929 ], [ -95.2284808, 29.8529971 ], [ -95.2284787, 29.8530012 ], [ -95.2284765, 29.8530052 ], [ -95.2284742, 29.8530093 ], [ -95.2284718, 29.8530132 ], [ -95.2284718, 29.8530132 ], [ -95.2284718, 29.8530133 ], [ -95.2284694, 29.8530171 ], [ -95.2284694, 29.8530172 ], [ -95.2284693, 29.8530173 ], [ -95.2284669, 29.8530211 ], [ -95.2284668, 29.8530211 ], [ -95.2284668, 29.8530212 ], [ -95.2284643, 29.853025 ], [ -95.2284642, 29.853025 ], [ -95.2284642, 29.8530251 ], [ -95.2284616, 29.8530288 ], [ -95.2284616, 29.8530289 ], [ -95.2284615, 29.8530289 ], [ -95.2284588, 29.8530326 ], [ -95.2284588, 29.8530327 ], [ -95.2284588, 29.8530327 ], [ -95.228456, 29.8530364 ], [ -95.228456, 29.8530364 ], [ -95.2284559, 29.8530365 ], [ -95.2284531, 29.8530401 ], [ -95.2284531, 29.8530401 ], [ -95.228453, 29.8530402 ], [ -95.2284501, 29.8530438 ], [ -95.2284501, 29.8530438 ], [ -95.22845, 29.8530439 ], [ -95.2284471, 29.8530474 ], [ -95.228447, 29.8530474 ], [ -95.228447, 29.8530475 ], [ -95.228444, 29.853051 ], [ -95.2284439, 29.853051 ], [ -95.2284439, 29.8530511 ], [ -95.2284383, 29.8530571 ], [ -95.2284383, 29.8530572 ], [ -95.228436, 29.8530631 ], [ -95.2284339, 29.853069 ], [ -95.228432, 29.853075 ], [ -95.2284301, 29.853081 ], [ -95.2284284, 29.853087 ], [ -95.2284268, 29.853093 ], [ -95.2284253, 29.8530991 ], [ -95.2284239, 29.8531052 ], [ -95.2284227, 29.8531113 ], [ -95.2284215, 29.8531175 ], [ -95.2284196, 29.8531298 ], [ -95.2284189, 29.8531359 ], [ -95.2284183, 29.8531421 ], [ -95.2284177, 29.8531483 ], [ -95.2284174, 29.8531545 ], [ -95.2284171, 29.8531607 ], [ -95.228417, 29.8531669 ], [ -95.228417, 29.8531732 ], [ -95.2284171, 29.8531794 ], [ -95.2284173, 29.8531856 ], [ -95.2284177, 29.8531918 ], [ -95.2284181, 29.853198 ], [ -95.2284188, 29.8532041 ], [ -95.2284195, 29.8532103 ], [ -95.2284203, 29.8532165 ], [ -95.2284213, 29.8532226 ], [ -95.2284224, 29.8532288 ], [ -95.2284236, 29.8532349 ], [ -95.228425, 29.853241 ], [ -95.2284265, 29.8532471 ], [ -95.2284281, 29.8532531 ], [ -95.2284298, 29.8532591 ], [ -95.2284316, 29.8532651 ], [ -95.2284336, 29.8532711 ], [ -95.2284378, 29.853283 ], [ -95.2284401, 29.8532888 ], [ -95.2284425, 29.8532947 ], [ -95.2284451, 29.8533005 ], [ -95.2284477, 29.8533062 ], [ -95.2284505, 29.853312 ], [ -95.2284534, 29.8533176 ], [ -95.2284564, 29.8533233 ], [ -95.2284595, 29.8533289 ], [ -95.2284627, 29.8533344 ], [ -95.2284661, 29.8533399 ], [ -95.2284695, 29.8533453 ], [ -95.2284731, 29.8533507 ], [ -95.2284767, 29.853356 ], [ -95.2284805, 29.8533613 ], [ -95.2284844, 29.8533665 ], [ -95.2284883, 29.8533717 ], [ -95.2284924, 29.8533768 ], [ -95.2284966, 29.8533818 ], [ -95.2285009, 29.8533868 ], [ -95.2285052, 29.8533917 ], [ -95.2285097, 29.8533965 ], [ -95.2285143, 29.8534013 ], [ -95.2285225, 29.8534095 ], [ -95.2285234, 29.8534138 ], [ -95.2285358, 29.8534734 ], [ -95.2285477, 29.8535376 ], [ -95.2285583, 29.8536019 ], [ -95.2285677, 29.8536664 ], [ -95.2285758, 29.8537311 ], [ -95.2285825, 29.8537958 ], [ -95.22859, 29.8538885 ], [ -95.2285903, 29.8545353 ], [ -95.2285696, 29.8550968 ], [ -95.2285445, 29.855446 ], [ -95.2284481, 29.8557508 ], [ -95.2284422, 29.8557654 ], [ -95.2284367, 29.8557802 ], [ -95.2284314, 29.8557951 ], [ -95.2284264, 29.85581 ], [ -95.2284218, 29.855825 ], [ -95.2284174, 29.8558401 ], [ -95.2284134, 29.8558553 ], [ -95.2284096, 29.8558705 ], [ -95.2284062, 29.8558857 ], [ -95.228403, 29.8559011 ], [ -95.2284002, 29.8559164 ], [ -95.2283977, 29.8559318 ], [ -95.2283955, 29.8559472 ], [ -95.2283936, 29.8559627 ], [ -95.228392, 29.8559782 ], [ -95.2283907, 29.8559937 ], [ -95.2283897, 29.8560093 ], [ -95.2283891, 29.8560248 ], [ -95.2283887, 29.8560403 ], [ -95.2283887, 29.8560532 ], [ -95.2283887, 29.8560559 ], [ -95.2283889, 29.8560714 ], [ -95.2283895, 29.856087 ], [ -95.2283904, 29.8561025 ], [ -95.2283916, 29.856118 ], [ -95.2283931, 29.8561335 ], [ -95.2283949, 29.856149 ], [ -95.2283971, 29.8561645 ], [ -95.2283995, 29.8561799 ], [ -95.2284023, 29.8561952 ], [ -95.2284053, 29.8562106 ], [ -95.2284087, 29.8562258 ], [ -95.2284124, 29.8562411 ], [ -95.2284171, 29.8562589 ], [ -95.2284132, 29.8562794 ], [ -95.2284097, 29.8563 ], [ -95.2284066, 29.8563206 ], [ -95.228404, 29.8563413 ], [ -95.2284017, 29.856362 ], [ -95.2283999, 29.8563828 ], [ -95.2283985, 29.8564036 ], [ -95.2283975, 29.8564244 ], [ -95.2283969, 29.8564452 ], [ -95.2283967, 29.856466 ], [ -95.228397, 29.8564868 ], [ -95.2283977, 29.8565076 ], [ -95.2283987, 29.8565284 ], [ -95.2284002, 29.8565492 ], [ -95.2284022, 29.8565699 ], [ -95.2284045, 29.8565906 ], [ -95.2284072, 29.8566113 ], [ -95.2284104, 29.8566319 ], [ -95.228414, 29.8566525 ], [ -95.228418, 29.8566731 ], [ -95.2284224, 29.8566935 ], [ -95.2284272, 29.8567139 ], [ -95.2284324, 29.8567342 ], [ -95.228438, 29.8567544 ], [ -95.228444, 29.8567746 ], [ -95.2284504, 29.8567946 ], [ -95.2284573, 29.8568146 ], [ -95.2284645, 29.8568344 ], [ -95.2284721, 29.8568541 ], [ -95.2284801, 29.8568738 ], [ -95.2284885, 29.8568932 ], [ -95.2284973, 29.8569126 ], [ -95.2285133, 29.8569455 ], [ -95.2285174, 29.8569575 ], [ -95.2285217, 29.8569694 ], [ -95.2285263, 29.8569812 ], [ -95.2285311, 29.856993 ], [ -95.2285362, 29.8570047 ], [ -95.2285414, 29.8570164 ], [ -95.2285469, 29.8570279 ], [ -95.2285527, 29.8570394 ], [ -95.2285586, 29.8570507 ], [ -95.2285648, 29.857062 ], [ -95.2285713, 29.8570732 ], [ -95.2285779, 29.8570843 ], [ -95.2285848, 29.8570953 ], [ -95.2285918, 29.8571061 ], [ -95.2285991, 29.8571169 ], [ -95.2286067, 29.8571275 ], [ -95.2286144, 29.8571381 ], [ -95.2286223, 29.8571485 ], [ -95.2286305, 29.8571588 ], [ -95.2286388, 29.857169 ], [ -95.2286474, 29.857179 ], [ -95.2286561, 29.8571889 ], [ -95.228665, 29.8571987 ], [ -95.2286742, 29.8572083 ], [ -95.2286835, 29.8572178 ], [ -95.228693, 29.8572272 ], [ -95.2287027, 29.8572364 ], [ -95.2287126, 29.8572454 ], [ -95.2287227, 29.8572543 ], [ -95.2287329, 29.8572631 ], [ -95.2287434, 29.8572717 ], [ -95.228754, 29.8572801 ], [ -95.2287647, 29.8572884 ], [ -95.2287756, 29.8572965 ], [ -95.2287867, 29.8573044 ], [ -95.228798, 29.8573122 ], [ -95.2288093, 29.8573198 ], [ -95.2288209, 29.8573272 ], [ -95.2288326, 29.8573345 ], [ -95.2288444, 29.8573415 ], [ -95.2288564, 29.8573484 ], [ -95.2288685, 29.8573551 ], [ -95.2288807, 29.8573617 ], [ -95.2288931, 29.857368 ], [ -95.2289056, 29.8573741 ], [ -95.2289182, 29.8573801 ], [ -95.2289309, 29.8573858 ], [ -95.2289438, 29.8573914 ], [ -95.2289568, 29.8573968 ], [ -95.2289698, 29.8574019 ], [ -95.228983, 29.8574069 ], [ -95.2290068, 29.8574153 ], [ -95.2293055, 29.8575616 ], [ -95.2298379, 29.857724 ], [ -95.2318576, 29.857657 ], [ -95.2318726, 29.8576565 ], [ -95.2318873, 29.8576581 ], [ -95.2320052, 29.8576543 ], [ -95.2326921, 29.8576565 ], [ -95.2347336, 29.8576629 ], [ -95.2356382, 29.8576467 ], [ -95.2382698, 29.8575994 ], [ -95.2399784, 29.8575686 ], [ -95.2409682, 29.8575498 ], [ -95.2415494, 29.8575388 ], [ -95.2415498, 29.8576008 ], [ -95.246878, 29.8575254 ], [ -95.2477348, 29.8575132 ], [ -95.2477441, 29.8575131 ] ] ] } },
{ "type": "Feature", "properties": { "OBJECTID": 37, "TRACT": "FWSD #23", "SERVICE_CO": "FB", "AREA_AC": 9671, "SHAPE_LENG": 118518.98240199999, "INSIDE_X": -95.27666622, "INSIDE_Y": 29.85515571, "SHAPE_LE_1": 118518.98278000001, "LAT": 29.85515049, "LONG_": -95.27665923000001, "GLOBALID": "{EE2E8759-D2ED-460F-86BF-2CB05C65872F}", "SHAPESTLen": 118518.98278022233 }, "geometry": { "type": "Polygon", "coordinates": [ [ [ -95.3167275, 29.8665891 ], [ -95.3164924, 29.8665909 ], [ -95.316435, 29.8665913 ], [ -95.3164138, 29.8665915 ], [ -95.3163915, 29.8665916 ], [ -95.3162282, 29.8665849 ], [ -95.3189769, 29.8599631 ], [ -95.3194403, 29.8588311 ], [ -95.3201346, 29.8571773 ], [ -95.320739, 29.855704 ], [ -95.3235401, 29.8487808 ], [ -95.3192722, 29.8488 ], [ -95.3191583, 29.8487967 ], [ -95.319153, 29.8481737 ], [ -95.316236, 29.8482129 ], [ -95.315338, 29.8482345 ], [ -95.3153408, 29.8481283 ], [ -95.3153345, 29.847815 ], [ -95.3149248, 29.8478197 ], [ -95.3147389, 29.8478172 ], [ -95.3143494, 29.8478243 ], [ -95.3143472, 29.8478554 ], [ -95.3139229, 29.8478635 ], [ -95.31384, 29.8478606 ], [ -95.3138509, 29.8482877 ], [ -95.3128548, 29.8483106 ], [ -95.311872, 29.8483425 ], [ -95.3109411, 29.8483503 ], [ -95.3099645, 29.8483599 ], [ -95.3087516, 29.8483635 ], [ -95.3072767, 29.8483894 ], [ -95.306766, 29.8484047 ], [ -95.3059171, 29.8484123 ], [ -95.3058587, 29.8449905 ], [ -95.3052766, 29.8449888 ], [ -95.3052418, 29.8452493 ], [ -95.3052478, 29.8456045 ], [ -95.3052744, 29.8470544 ], [ -95.3047526, 29.8470634 ], [ -95.3046662, 29.8470675 ], [ -95.3046891, 29.8484171 ], [ -95.3034491, 29.8484589 ], [ -95.3021597, 29.8484856 ], [ -95.3009314, 29.8484837 ], [ -95.3008856, 29.8450409 ], [ -95.3008169, 29.8416384 ], [ -95.3006339, 29.8416726 ], [ -95.2998019, 29.8410036 ], [ -95.2997137, 29.8409346 ], [ -95.3020454, 29.8386628 ], [ -95.3020386, 29.8384413 ], [ -95.3014176, 29.8377584 ], [ -95.301403, 29.8344489 ], [ -95.2923466, 29.8344482 ], [ -95.2921596, 29.8344501 ], [ -95.2921622, 29.8340153 ], [ -95.2921595, 29.8339872 ], [ -95.2919287, 29.834003 ], [ -95.2916464, 29.8340507 ], [ -95.291562, 29.8340497 ], [ -95.2915563, 29.832719 ], [ -95.2888051, 29.832756 ], [ -95.2881715, 29.8327642 ], [ -95.2877632, 29.8327695 ], [ -95.2877642, 29.8319315 ], [ -95.2870319, 29.8319315 ], [ -95.2868475, 29.8319307 ], [ -95.2868615, 29.832769 ], [ -95.2853109, 29.8327642 ], [ -95.28452, 29.8327618 ], [ -95.2844553, 29.8327631 ], [ -95.2842026, 29.832742 ], [ -95.2838238, 29.8327467 ], [ -95.283619, 29.8327487 ], [ -95.2834091, 29.8327491 ], [ -95.282999, 29.8327493 ], [ -95.2819706, 29.8327496 ], [ -95.2809035, 29.8327501 ], [ -95.2807453, 29.8327501 ], [ -95.2803739, 29.8328645 ], [ -95.2770642, 29.8328707 ], [ -95.2748931, 29.8328676 ], [ -95.2701143, 29.8328873 ], [ -95.27002, 29.832881 ], [ -95.2646999, 29.8329164 ], [ -95.2647116, 29.8330074 ], [ -95.2622851, 29.833021 ], [ -95.2617806, 29.8330453 ], [ -95.2617677, 29.8323307 ], [ -95.261756, 29.8321675 ], [ -95.2617616, 29.8315076 ], [ -95.2617668, 29.8308423 ], [ -95.2617623, 29.8307016 ], [ -95.2617472, 29.8300182 ], [ -95.2605416, 29.8300333 ], [ -95.258975, 29.8300529 ], [ -95.2589629, 29.8285021 ], [ -95.2588367, 29.8285024 ], [ -95.2588248, 29.8272257 ], [ -95.25696, 29.8272138 ], [ -95.2569419, 29.8258988 ], [ -95.2569382, 29.8258142 ], [ -95.2573294, 29.8258091 ], [ -95.2572837, 29.8230645 ], [ -95.2488302, 29.8231541 ], [ -95.2473461, 29.8231525 ], [ -95.2473462, 29.8228681 ], [ -95.2406555, 29.8228563 ], [ -95.2406178, 29.8200845 ], [ -95.2354404, 29.8222739 ], [ -95.2298739, 29.8246138 ], [ -95.229874, 29.824614 ], [ -95.2298751, 29.8246164 ], [ -95.2298828, 29.8246332 ], [ -95.2298917, 29.8246526 ], [ -95.2299149, 29.8247002 ], [ -95.2300653, 29.8250097 ], [ -95.2301647, 29.825214 ], [ -95.2303056, 29.8254842 ], [ -95.2304626, 29.8257867 ], [ -95.2304865, 29.8258296 ], [ -95.2304555, 29.8263082 ], [ -95.2303894, 29.8273192 ], [ -95.2304075, 29.8279949 ], [ -95.2304359, 29.8281323 ], [ -95.2304533, 29.8282161 ], [ -95.2304556, 29.8282273 ], [ -95.2304805, 29.828347 ], [ -95.2308517, 29.8289455 ], [ -95.2308594, 29.8289579 ], [ -95.231134, 29.8294459 ], [ -95.2311923, 29.8295494 ], [ -95.2312132, 29.829579 ], [ -95.2312365, 29.8296214 ], [ -95.2314317, 29.8299774 ], [ -95.2316053, 29.8301093 ], [ -95.2316054, 29.8301094 ], [ -95.2316054, 29.8301094 ], [ -95.2316186, 29.8301205 ], [ -95.2315971, 29.8301762 ], [ -95.2315886, 29.8301903 ], [ -95.2315885, 29.8301904 ], [ -95.2315885, 29.8301904 ], [ -95.2315833, 29.8301982 ], [ -95.2315833, 29.8301982 ], [ -95.2315832, 29.8301983 ], [ -95.2315778, 29.8302059 ], [ -95.2315778, 29.830206 ], [ -95.2315777, 29.830206 ], [ -95.2315721, 29.8302135 ], [ -95.231572, 29.8302136 ], [ -95.231572, 29.8302136 ], [ -95.2315661, 29.8302209 ], [ -95.231566, 29.830221 ], [ -95.231566, 29.830221 ], [ -95.2315598, 29.8302282 ], [ -95.2315598, 29.8302282 ], [ -95.2315597, 29.8302283 ], [ -95.2315533, 29.8302353 ], [ -95.2315532, 29.8302354 ], [ -95.2315532, 29.8302354 ], [ -95.2315528, 29.8302358 ], [ -95.2315528, 29.8302358 ], [ -95.2315527, 29.8302359 ], [ -95.23155, 29.8302387 ], [ -95.23155, 29.8302387 ], [ -95.2315499, 29.8302388 ], [ -95.2315466, 29.8302422 ], [ -95.2315465, 29.8302423 ], [ -95.2315465, 29.8302424 ], [ -95.2315396, 29.830249 ], [ -95.2315395, 29.8302491 ], [ -95.2315395, 29.8302491 ], [ -95.2315323, 29.8302557 ], [ -95.2315323, 29.8302557 ], [ -95.2315322, 29.8302558 ], [ -95.2315249, 29.8302621 ], [ -95.2315248, 29.8302622 ], [ -95.2315248, 29.8302622 ], [ -95.2315175, 29.8302701 ], [ -95.2315175, 29.8302701 ], [ -95.2315174, 29.8302702 ], [ -95.2315123, 29.8302754 ], [ -95.2315122, 29.8302754 ], [ -95.2315122, 29.8302755 ], [ -95.2314904, 29.8303034 ], [ -95.2314904, 29.8303035 ], [ -95.2314903, 29.8303035 ], [ -95.2314722, 29.8303252 ], [ -95.2314722, 29.8303253 ], [ -95.2314721, 29.8303253 ], [ -95.2314533, 29.8303465 ], [ -95.2314532, 29.8303466 ], [ -95.2314532, 29.8303467 ], [ -95.2312504, 29.8306331 ], [ -95.2312503, 29.8306332 ], [ -95.2312503, 29.8306332 ], [ -95.2311686, 29.8307486 ], [ -95.2311685, 29.8307487 ], [ -95.2309995, 29.8309874 ], [ -95.2309995, 29.8309875 ], [ -95.2309995, 29.8309875 ], [ -95.2304967, 29.831786 ], [ -95.2304967, 29.8317861 ], [ -95.2304967, 29.8317862 ], [ -95.2302375, 29.8322039 ], [ -95.2302375, 29.8322039 ], [ -95.2302226, 29.8327766 ], [ -95.2302221, 29.8327959 ], [ -95.2302197, 29.8328208 ], [ -95.2302179, 29.8328459 ], [ -95.2302167, 29.8328712 ], [ -95.2302159, 29.8328966 ], [ -95.2302157, 29.8329219 ], [ -95.230216, 29.8329469 ], [ -95.2302167, 29.8329724 ], [ -95.2302181, 29.8329976 ], [ -95.2302199, 29.8330228 ], [ -95.2302222, 29.833048 ], [ -95.2302251, 29.8330731 ], [ -95.2302284, 29.8330982 ], [ -95.2302354, 29.8331412 ], [ -95.2302465, 29.8332524 ], [ -95.2302601, 29.8333645 ], [ -95.2302581, 29.8333863 ], [ -95.2302563, 29.8334024 ], [ -95.2302538, 29.8334209 ], [ -95.2302513, 29.8334369 ], [ -95.2302485, 29.833453 ], [ -95.2302453, 29.833469 ], [ -95.2302418, 29.833485 ], [ -95.230238, 29.8335009 ], [ -95.2302338, 29.8335167 ], [ -95.2302293, 29.8335325 ], [ -95.2302245, 29.8335482 ], [ -95.2302194, 29.8335638 ], [ -95.230214, 29.8335793 ], [ -95.2302082, 29.8335948 ], [ -95.2302022, 29.8336102 ], [ -95.230179, 29.8337198 ], [ -95.2301536, 29.8338506 ], [ -95.2301508, 29.833858 ], [ -95.2301482, 29.8338655 ], [ -95.2301457, 29.833873 ], [ -95.2301434, 29.8338806 ], [ -95.2301413, 29.8338883 ], [ -95.2301394, 29.8338961 ], [ -95.2301376, 29.833904 ], [ -95.230136, 29.8339119 ], [ -95.2301346, 29.83392 ], [ -95.2301334, 29.8339278 ], [ -95.2301323, 29.8339359 ], [ -95.2301314, 29.8339444 ], [ -95.2301307, 29.8339526 ], [ -95.2301302, 29.8339607 ], [ -95.2301298, 29.8339693 ], [ -95.2301296, 29.8339775 ], [ -95.2301296, 29.833986 ], [ -95.2301297, 29.8339945 ], [ -95.2301301, 29.8340033 ], [ -95.2301306, 29.834012 ], [ -95.2301313, 29.8340206 ], [ -95.2301321, 29.8340293 ], [ -95.2301332, 29.834038 ], [ -95.2301344, 29.8340468 ], [ -95.2301358, 29.8340556 ], [ -95.2301374, 29.8340644 ], [ -95.2301391, 29.8340732 ], [ -95.230141, 29.8340821 ], [ -95.2301431, 29.834091 ], [ -95.2301453, 29.8340998 ], [ -95.2301489, 29.8341124 ], [ -95.2301496, 29.8341124 ], [ -95.2301473, 29.8341173 ], [ -95.2301459, 29.8341217 ], [ -95.2301446, 29.8341262 ], [ -95.2301435, 29.8341308 ], [ -95.2301414, 29.83414 ], [ -95.2301405, 29.8341446 ], [ -95.2301398, 29.8341493 ], [ -95.2301391, 29.8341539 ], [ -95.2301386, 29.8341586 ], [ -95.2301381, 29.8341634 ], [ -95.2301378, 29.8341681 ], [ -95.2301376, 29.8341726 ], [ -95.2301375, 29.8341774 ], [ -95.2301374, 29.8341825 ], [ -95.2301375, 29.834187 ], [ -95.2301377, 29.8341921 ], [ -95.230138, 29.834197 ], [ -95.2301384, 29.8342018 ], [ -95.230139, 29.8342067 ], [ -95.2301396, 29.8342115 ], [ -95.2301403, 29.8342164 ], [ -95.2301411, 29.8342213 ], [ -95.2301421, 29.8342262 ], [ -95.2301431, 29.8342311 ], [ -95.2301443, 29.834236 ], [ -95.2301455, 29.8342408 ], [ -95.2301469, 29.8342457 ], [ -95.2301484, 29.8342506 ], [ -95.2301499, 29.8342555 ], [ -95.2301516, 29.8342603 ], [ -95.2301534, 29.8342652 ], [ -95.2301552, 29.83427 ], [ -95.2301572, 29.8342749 ], [ -95.2301593, 29.8342797 ], [ -95.2301615, 29.8342845 ], [ -95.2301637, 29.8342893 ], [ -95.2301661, 29.834294 ], [ -95.2301686, 29.8342988 ], [ -95.2301711, 29.8343035 ], [ -95.2301738, 29.8343082 ], [ -95.2301766, 29.8343129 ], [ -95.2301794, 29.8343176 ], [ -95.2301824, 29.8343222 ], [ -95.2301854, 29.8343268 ], [ -95.2301885, 29.8343314 ], [ -95.2301918, 29.8343359 ], [ -95.2301951, 29.8343404 ], [ -95.2301985, 29.8343449 ], [ -95.230202, 29.8343494 ], [ -95.2302092, 29.8343582 ], [ -95.230213, 29.8343625 ], [ -95.230219, 29.8343692 ], [ -95.2302685, 29.8344348 ], [ -95.2303105, 29.8344924 ], [ -95.2303186, 29.8345037 ], [ -95.2303288, 29.8345128 ], [ -95.2303386, 29.8345215 ], [ -95.2317402, 29.8357231 ], [ -95.2319304, 29.8358852 ], [ -95.2326132, 29.8365022 ], [ -95.232792, 29.8367033 ], [ -95.2329298, 29.8368635 ], [ -95.2329659, 29.8369047 ], [ -95.2333279, 29.8371804 ], [ -95.2336058, 29.8373921 ], [ -95.2340715, 29.8380106 ], [ -95.2341174, 29.8380716 ], [ -95.2341024, 29.8382007 ], [ -95.2340362, 29.8387711 ], [ -95.2338979, 29.8390788 ], [ -95.2338979, 29.8390788 ], [ -95.2338979, 29.8390788 ], [ -95.2333619, 29.8394208 ], [ -95.2327297, 29.8396826 ], [ -95.2322915, 29.8397018 ], [ -95.2322915, 29.8397019 ], [ -95.2318437, 29.8400716 ], [ -95.2318437, 29.8400717 ], [ -95.2315679, 29.8407939 ], [ -95.2314845, 29.8410123 ], [ -95.2314845, 29.8410123 ], [ -95.2308579, 29.840935 ], [ -95.2307469, 29.8409212 ], [ -95.2305512, 29.8408969 ], [ -95.2305243, 29.8408935 ], [ -95.2303611, 29.8408732 ], [ -95.2302954, 29.840865 ], [ -95.2302948, 29.8408652 ], [ -95.2301966, 29.8409004 ], [ -95.2300378, 29.8409572 ], [ -95.2298895, 29.841011 ], [ -95.2297354, 29.841067 ], [ -95.2295777, 29.8411242 ], [ -95.2294118, 29.8411742 ], [ -95.229228, 29.8412357 ], [ -95.229228, 29.8412358 ], [ -95.2291446, 29.8413672 ], [ -95.2291445, 29.8413673 ], [ -95.2291445, 29.8413674 ], [ -95.2291046, 29.8414304 ], [ -95.2291045, 29.8414304 ], [ -95.2289969, 29.84142 ], [ -95.2289362, 29.8414141 ], [ -95.2287305, 29.841394 ], [ -95.2285358, 29.8413828 ], [ -95.2283768, 29.8413737 ], [ -95.2282763, 29.8413679 ], [ -95.2282051, 29.8413638 ], [ -95.22804, 29.8413543 ], [ -95.2278809, 29.8413452 ], [ -95.2277122, 29.841337 ], [ -95.2275321, 29.8413253 ], [ -95.2274937, 29.8413228 ], [ -95.2274936, 29.8413228 ], [ -95.2274936, 29.8413229 ], [ -95.227487, 29.8417576 ], [ -95.2274807, 29.8418458 ], [ -95.2274744, 29.8419099 ], [ -95.2274667, 29.8419738 ], [ -95.2274575, 29.8420375 ], [ -95.227447, 29.8421011 ], [ -95.2274349, 29.8421645 ], [ -95.2274215, 29.8422277 ], [ -95.2274067, 29.8422907 ], [ -95.2273904, 29.8423534 ], [ -95.2273728, 29.8424159 ], [ -95.2273237, 29.8425466 ], [ -95.2272889, 29.8426226 ], [ -95.2272452, 29.8427114 ], [ -95.2272065, 29.8427859 ], [ -95.2271664, 29.8428599 ], [ -95.2271248, 29.8429333 ], [ -95.2270819, 29.8430061 ], [ -95.2270818, 29.8430062 ], [ -95.2270818, 29.8430062 ], [ -95.2242105, 29.8474562 ], [ -95.2242105, 29.8474562 ], [ -95.224254, 29.8474553 ], [ -95.2259627, 29.8474177 ], [ -95.2277484, 29.8473785 ], [ -95.2284417, 29.8473633 ], [ -95.2284738, 29.8473626 ], [ -95.2286421, 29.8473558 ], [ -95.2295234, 29.8473201 ], [ -95.2344118, 29.8472949 ], [ -95.2346194, 29.8472827 ], [ -95.2380696, 29.8472261 ], [ -95.2382458, 29.847222 ], [ -95.2412916, 29.847181 ], [ -95.2415098, 29.8471601 ], [ -95.2416623, 29.8471786 ], [ -95.2419429, 29.847174 ], [ -95.2419422, 29.8471244 ], [ -95.2418977, 29.8441667 ], [ -95.2418862, 29.8434037 ], [ -95.2441509, 29.8443056 ], [ -95.2441576, 29.8443053 ], [ -95.2450143, 29.8442656 ], [ -95.245526, 29.8442319 ], [ -95.2476238, 29.844094 ], [ -95.2476596, 29.8440917 ], [ -95.2476599, 29.8441593 ], [ -95.2476654, 29.845143 ], [ -95.2476655, 29.84517 ], [ -95.2477121, 29.847 ], [ -95.2477182, 29.8469999 ], [ -95.2477699, 29.8470014 ], [ -95.2477689, 29.8470482 ], [ -95.2477577, 29.8475951 ], [ -95.247752, 29.8478734 ], [ -95.2477337, 29.8487638 ], [ -95.2477305, 29.8489206 ], [ -95.247727, 29.8490886 ], [ -95.2477176, 29.8495454 ], [ -95.2463995, 29.8490662 ], [ -95.2463685, 29.8490654 ], [ -95.2463684, 29.8499893 ], [ -95.2463684, 29.8507534 ], [ -95.2463671, 29.8509214 ], [ -95.2467832, 29.8509209 ], [ -95.2477345, 29.8509067 ], [ -95.2477279, 29.8509539 ], [ -95.247728, 29.8510208 ], [ -95.2477299, 29.8528611 ], [ -95.2477308, 29.8537389 ], [ -95.2477323, 29.8551543 ], [ -95.2477338, 29.8565753 ], [ -95.2477756, 29.856576 ], [ -95.2477465, 29.857418 ], [ -95.2477441, 29.8575131 ], [ -95.2477582, 29.8576528 ], [ -95.2477592, 29.8577449 ], [ -95.2477804, 29.8596378 ], [ -95.2477815, 29.8597687 ], [ -95.2477939, 29.8605884 ], [ -95.2477991, 29.8609554 ], [ -95.2477991, 29.8609587 ], [ -95.2477994, 29.8609778 ], [ -95.2477989, 29.861118 ], [ -95.2477989, 29.8611181 ], [ -95.2477988, 29.8611417 ], [ -95.2478031, 29.8622073 ], [ -95.2478045, 29.8623724 ], [ -95.2478142, 29.8634383 ], [ -95.2477878, 29.8643812 ], [ -95.2477841, 29.864515 ], [ -95.2477837, 29.8646986 ], [ -95.2477747, 29.8686037 ], [ -95.2477747, 29.868604 ], [ -95.2477739, 29.87145 ], [ -95.2477842, 29.8722628 ], [ -95.2478048, 29.8750087 ], [ -95.2574026, 29.8748646 ], [ -95.2613745, 29.874824 ], [ -95.2617902, 29.8748181 ], [ -95.2624081, 29.8748148 ], [ -95.2624553, 29.8748145 ], [ -95.2627, 29.8748095 ], [ -95.2650117, 29.8748058 ], [ -95.2654294, 29.8748003 ], [ -95.2662985, 29.8747987 ], [ -95.26932, 29.8747915 ], [ -95.2694223, 29.8747897 ], [ -95.2694224, 29.8747897 ], [ -95.2697137, 29.8747843 ], [ -95.2697139, 29.8747843 ], [ -95.2698713, 29.8747814 ], [ -95.2731494, 29.8747322 ], [ -95.2734751, 29.8747285 ], [ -95.2738037, 29.8747247 ], [ -95.2764506, 29.8747097 ], [ -95.2795411, 29.874679 ], [ -95.2797007, 29.8746774 ], [ -95.2802454, 29.8746719 ], [ -95.2802795, 29.8746716 ], [ -95.2803642, 29.8746707 ], [ -95.2803732, 29.8753061 ], [ -95.2803904, 29.87602 ], [ -95.2804363, 29.8802317 ], [ -95.280503, 29.8830006 ], [ -95.280505, 29.883086 ], [ -95.2806377, 29.8830852 ], [ -95.282019, 29.8830769 ], [ -95.2820208, 29.8831604 ], [ -95.28205, 29.8852739 ], [ -95.2839097, 29.88526 ], [ -95.286989, 29.8852453 ], [ -95.2876202, 29.8852452 ], [ -95.2876311, 29.885383 ], [ -95.2876352, 29.8863018 ], [ -95.2876377, 29.8868142 ], [ -95.28764, 29.8872692 ], [ -95.2876452, 29.8874544 ], [ -95.2876529, 29.887953 ], [ -95.2876538, 29.8880271 ], [ -95.2876563, 29.8883784 ], [ -95.287657, 29.8884694 ], [ -95.2876573, 29.8885219 ], [ -95.2876641, 29.888967 ], [ -95.2876702, 29.889363 ], [ -95.2876824, 29.8901616 ], [ -95.2876849, 29.8903258 ], [ -95.2876986, 29.8912245 ], [ -95.2878872, 29.8911979 ], [ -95.2880266, 29.8911955 ], [ -95.288761, 29.8911828 ], [ -95.2895221, 29.8911932 ], [ -95.2895239, 29.8912478 ], [ -95.289674, 29.8912495 ], [ -95.2900902, 29.8912543 ], [ -95.2900903, 29.8912543 ], [ -95.2900903, 29.8912543 ], [ -95.2900895, 29.891195 ], [ -95.2900895, 29.891195 ], [ -95.2900896, 29.8911949 ], [ -95.2902844, 29.8911784 ], [ -95.2906283, 29.891174 ], [ -95.2911995, 29.8911665 ], [ -95.2917832, 29.891159 ], [ -95.2920294, 29.8911558 ], [ -95.29222, 29.8911533 ], [ -95.2925355, 29.8911492 ], [ -95.2930183, 29.8911429 ], [ -95.2934759, 29.891137 ], [ -95.2938322, 29.8911323 ], [ -95.2943848, 29.8911251 ], [ -95.2951371, 29.8911153 ], [ -95.295886, 29.8911047 ], [ -95.2960629, 29.8911033 ], [ -95.2964525, 29.8910982 ], [ -95.2966453, 29.8911039 ], [ -95.2971926, 29.8910922 ], [ -95.2972265, 29.8910914 ], [ -95.2990331, 29.8910548 ], [ -95.2992191, 29.8910465 ], [ -95.2992919, 29.8910475 ], [ -95.3007491, 29.8910304 ], [ -95.3011706, 29.8910342 ], [ -95.3015117, 29.8910379 ], [ -95.3019054, 29.8910375 ], [ -95.3019223, 29.8910388 ], [ -95.3021571, 29.8910451 ], [ -95.3021881, 29.8910459 ], [ -95.3028049, 29.8910561 ], [ -95.3029634, 29.8910123 ], [ -95.3030394, 29.8910027 ], [ -95.3032538, 29.8909754 ], [ -95.3032676, 29.8909728 ], [ -95.3040324, 29.8908541 ], [ -95.3040421, 29.8908526 ], [ -95.3041893, 29.8908545 ], [ -95.3044967, 29.8908288 ], [ -95.3046528, 29.8908326 ], [ -95.3046676, 29.8908326 ], [ -95.3048084, 29.8908323 ], [ -95.3049545, 29.8908291 ], [ -95.3051154, 29.8908256 ], [ -95.3052237, 29.8908242 ], [ -95.305261, 29.8908237 ], [ -95.3054239, 29.8908198 ], [ -95.3054368, 29.8908196 ], [ -95.3056003, 29.8908196 ], [ -95.3057552, 29.8908185 ], [ -95.3058378, 29.8908185 ], [ -95.30622, 29.890818 ], [ -95.3065946, 29.8908176 ], [ -95.3069236, 29.8908172 ], [ -95.3069529, 29.8907415 ], [ -95.3073854, 29.8896527 ], [ -95.3079082, 29.8883707 ], [ -95.3079593, 29.8882453 ], [ -95.3084543, 29.8870206 ], [ -95.3088921, 29.8859464 ], [ -95.3091922, 29.8851193 ], [ -95.3093294, 29.8848798 ], [ -95.3098684, 29.8835517 ], [ -95.310039, 29.883131 ], [ -95.3101232, 29.8829213 ], [ -95.3110525, 29.8806304 ], [ -95.3113664, 29.8798288 ], [ -95.3114325, 29.87966 ], [ -95.3115067, 29.8794892 ], [ -95.3116935, 29.8789886 ], [ -95.3118199, 29.8786745 ], [ -95.3118882, 29.8784991 ], [ -95.3120094, 29.8781874 ], [ -95.3121603, 29.8778746 ], [ -95.3122465, 29.8777016 ], [ -95.3123665, 29.8773909 ], [ -95.3124749, 29.8771306 ], [ -95.3125557, 29.8769624 ], [ -95.3126509, 29.8767187 ], [ -95.3138153, 29.8738152 ], [ -95.3140647, 29.8731822 ], [ -95.315151, 29.8704581 ], [ -95.3153352, 29.8700002 ], [ -95.3155449, 29.8694853 ], [ -95.316588, 29.8668852 ], [ -95.3166454, 29.866742 ], [ -95.3167275, 29.8665891 ] ] ] } },
{ "type": "Feature", "properties": { "OBJECTID": 38, "TRACT": "Homestead", "SERVICE_CO": "HS", "AREA_AC": 4088, "SHAPE_LENG": 67009.490833400007, "INSIDE_X": -95.28216361, "INSIDE_Y": 29.81810574, "SHAPE_LE_1": 67009.492004, "LAT": 29.81810053, "LONG_": -95.28215663, "GLOBALID": "{9C3A631A-11E6-4A3F-A05E-7B43CABBB9B3}", "SHAPESTLen": 67009.492003768202 }, "geometry": { "type": "Polygon", "coordinates": [ [ [ -95.2406178, 29.8200845 ], [ -95.2406555, 29.8228563 ], [ -95.2473462, 29.8228681 ], [ -95.2473461, 29.8231525 ], [ -95.2488302, 29.8231541 ], [ -95.2572837, 29.8230645 ], [ -95.2573294, 29.8258091 ], [ -95.2569382, 29.8258142 ], [ -95.2569419, 29.8258988 ], [ -95.25696, 29.8272138 ], [ -95.2588248, 29.8272257 ], [ -95.2588367, 29.8285024 ], [ -95.2589629, 29.8285021 ], [ -95.258975, 29.8300529 ], [ -95.2605416, 29.8300333 ], [ -95.2617472, 29.8300182 ], [ -95.2617623, 29.8307016 ], [ -95.2617668, 29.8308423 ], [ -95.2617616, 29.8315076 ], [ -95.261756, 29.8321675 ], [ -95.2617677, 29.8323307 ], [ -95.2617806, 29.8330453 ], [ -95.2622851, 29.833021 ], [ -95.2647116, 29.8330074 ], [ -95.2646999, 29.8329164 ], [ -95.27002, 29.832881 ], [ -95.2701143, 29.8328873 ], [ -95.2748931, 29.8328676 ], [ -95.2770642, 29.8328707 ], [ -95.2803739, 29.8328645 ], [ -95.2807453, 29.8327501 ], [ -95.2809035, 29.8327501 ], [ -95.2819706, 29.8327496 ], [ -95.282999, 29.8327493 ], [ -95.2834091, 29.8327491 ], [ -95.283619, 29.8327487 ], [ -95.2838238, 29.8327467 ], [ -95.2842026, 29.832742 ], [ -95.2844553, 29.8327631 ], [ -95.28452, 29.8327618 ], [ -95.2853109, 29.8327642 ], [ -95.2868615, 29.832769 ], [ -95.2868475, 29.8319307 ], [ -95.2870319, 29.8319315 ], [ -95.2877642, 29.8319315 ], [ -95.2877632, 29.8327695 ], [ -95.2881715, 29.8327642 ], [ -95.2888051, 29.832756 ], [ -95.2915563, 29.832719 ], [ -95.291562, 29.8340497 ], [ -95.2916464, 29.8340507 ], [ -95.2919287, 29.834003 ], [ -95.2921595, 29.8339872 ], [ -95.2921622, 29.8340153 ], [ -95.2921596, 29.8344501 ], [ -95.2923466, 29.8344482 ], [ -95.3012225, 29.8344497 ], [ -95.301403, 29.8344489 ], [ -95.3015156, 29.8343416 ], [ -95.3018845, 29.8339904 ], [ -95.3018778, 29.8336119 ], [ -95.3011651, 29.8336175 ], [ -95.3012384, 29.8312611 ], [ -95.3011256, 29.8311339 ], [ -95.3010895, 29.8288595 ], [ -95.3011838, 29.8288658 ], [ -95.3011852, 29.8282196 ], [ -95.3011842, 29.8277925 ], [ -95.3011838, 29.8276388 ], [ -95.3013222, 29.827641 ], [ -95.3018351, 29.8276376 ], [ -95.3037348, 29.8276198 ], [ -95.303739, 29.82762 ], [ -95.303739, 29.8276194 ], [ -95.3067612, 29.8276183 ], [ -95.3084476, 29.8275998 ], [ -95.308636, 29.8280836 ], [ -95.3091281, 29.8280737 ], [ -95.3091232, 29.8276055 ], [ -95.3104545, 29.8273279 ], [ -95.3104579, 29.8252469 ], [ -95.3104681, 29.8190005 ], [ -95.3104423, 29.8170515 ], [ -95.3104543, 29.8170519 ], [ -95.3104678, 29.814987 ], [ -95.3104788, 29.8124124 ], [ -95.2993704, 29.8061503 ], [ -95.3002954, 29.8049531 ], [ -95.3004156, 29.8006001 ], [ -95.3007814, 29.7961862 ], [ -95.2968728, 29.7978276 ], [ -95.2960704, 29.796427 ], [ -95.2795698, 29.8026496 ], [ -95.2802233, 29.8031108 ], [ -95.2804562, 29.8032835 ], [ -95.2705214, 29.8074032 ], [ -95.2705205, 29.8074284 ], [ -95.2692638, 29.807963 ], [ -95.2690793, 29.8078601 ], [ -95.2676506, 29.8084502 ], [ -95.266443, 29.8089707 ], [ -95.2619662, 29.8108998 ], [ -95.2535037, 29.8145615 ], [ -95.2459925, 29.817775 ], [ -95.2406178, 29.8200845 ] ] ] } },
{ "type": "Feature", "properties": { "OBJECTID": 39, "TRACT": "Northeast", "SERVICE_CO": "NE", "AREA_AC": 9837, "SHAPE_LENG": 139175.33502900001, "INSIDE_X": -95.22808557, "INSIDE_Y": 29.7920123, "SHAPE_LE_1": 143309.52596500001, "LAT": 29.79200709, "LONG_": -95.22807861, "GLOBALID": "{E0F3851D-3C2D-4874-B9EA-08892C424F14}", "SHAPESTLen": 143309.52596492803 }, "geometry": { "type": "Polygon", "coordinates": [ [ [ -95.2569864, 29.7745013 ], [ -95.255169, 29.7742274 ], [ -95.254489, 29.7741128 ], [ -95.252707, 29.7737346 ], [ -95.2520985, 29.7736707 ], [ -95.2516634, 29.7736185 ], [ -95.2495779, 29.7732693 ], [ -95.2497246, 29.7731975 ], [ -95.2496594, 29.7731979 ], [ -95.2488332, 29.7732029 ], [ -95.248252, 29.773207 ], [ -95.2477215, 29.7732102 ], [ -95.2471804, 29.7732179 ], [ -95.2466743, 29.7732222 ], [ -95.2465236, 29.7732231 ], [ -95.2465181, 29.7732231 ], [ -95.2453546, 29.77323 ], [ -95.2447702, 29.7732397 ], [ -95.2438257, 29.7732699 ], [ -95.2435946, 29.7732787 ], [ -95.2434293, 29.7733053 ], [ -95.2432243, 29.7733313 ], [ -95.2421505, 29.7733372 ], [ -95.2419133, 29.7733385 ], [ -95.2417955, 29.7733391 ], [ -95.2416092, 29.7733314 ], [ -95.2413231, 29.773333 ], [ -95.2412665, 29.7733334 ], [ -95.2408959, 29.7733354 ], [ -95.2408806, 29.7733194 ], [ -95.2405606, 29.7733189 ], [ -95.2403703, 29.7733164 ], [ -95.2401109, 29.7733191 ], [ -95.2401108, 29.7733192 ], [ -95.2400817, 29.7733482 ], [ -95.2400817, 29.7733482 ], [ -95.2399375, 29.7733505 ], [ -95.239763, 29.7733534 ], [ -95.2395677, 29.7733565 ], [ -95.2393946, 29.7733593 ], [ -95.2392174, 29.7733615 ], [ -95.2390351, 29.7733632 ], [ -95.2388565, 29.7733649 ], [ -95.2386889, 29.7733665 ], [ -95.2385218, 29.773368 ], [ -95.2383458, 29.7733688 ], [ -95.2381687, 29.7733686 ], [ -95.2380241, 29.7733684 ], [ -95.2380203, 29.7733655 ], [ -95.2379917, 29.7733432 ], [ -95.2379916, 29.7733432 ], [ -95.2379916, 29.7733433 ], [ -95.2379915, 29.7733493 ], [ -95.2379901, 29.7734206 ], [ -95.2379901, 29.7734207 ], [ -95.23799, 29.7734207 ], [ -95.2377245, 29.7734177 ], [ -95.2375285, 29.7733948 ], [ -95.2371839, 29.7733945 ], [ -95.2369779, 29.7733864 ], [ -95.2367722, 29.7733744 ], [ -95.2367721, 29.7733744 ], [ -95.2366509, 29.7733655 ], [ -95.2365668, 29.7733584 ], [ -95.2363193, 29.7733338 ], [ -95.2360728, 29.7733034 ], [ -95.235868, 29.7732737 ], [ -95.235664, 29.77324 ], [ -95.2356639, 29.77324 ], [ -95.235461, 29.7732024 ], [ -95.235461, 29.7732023 ], [ -95.2354456, 29.7731993 ], [ -95.2352611, 29.7731612 ], [ -95.2350622, 29.7731162 ], [ -95.2348001, 29.7730524 ], [ -95.2346232, 29.7730121 ], [ -95.2343984, 29.7729634 ], [ -95.2337384, 29.772826 ], [ -95.233343, 29.7727455 ], [ -95.2329498, 29.7726544 ], [ -95.2329278, 29.7726495 ], [ -95.2326559, 29.7725802 ], [ -95.2325348, 29.7725514 ], [ -95.2325045, 29.7725444 ], [ -95.2323513, 29.7725094 ], [ -95.2321973, 29.7724752 ], [ -95.2320391, 29.7724406 ], [ -95.2318824, 29.7724063 ], [ -95.2317254, 29.7723719 ], [ -95.231569, 29.7723368 ], [ -95.2314128, 29.7723027 ], [ -95.2314102, 29.7723021 ], [ -95.2314098, 29.772302 ], [ -95.2314057, 29.7723011 ], [ -95.2314016, 29.7723002 ], [ -95.2313401, 29.7722863 ], [ -95.2312406, 29.7722634 ], [ -95.2309247, 29.7721891 ], [ -95.2308737, 29.7721771 ], [ -95.2308729, 29.7721769 ], [ -95.2308538, 29.7721723 ], [ -95.2305293, 29.7720955 ], [ -95.2297383, 29.771922 ], [ -95.2292069, 29.7718518 ], [ -95.2287142, 29.7717579 ], [ -95.2284041, 29.771689 ], [ -95.2282764, 29.771615 ], [ -95.2281319, 29.7715313 ], [ -95.2280462, 29.7715121 ], [ -95.2274803, 29.771357 ], [ -95.2274726, 29.7711625 ], [ -95.2273252, 29.7709559 ], [ -95.2273059, 29.770914 ], [ -95.2273057, 29.7709135 ], [ -95.2270696, 29.7704004 ], [ -95.2272367, 29.769861 ], [ -95.2272368, 29.7698609 ], [ -95.2272825, 29.7697132 ], [ -95.2272827, 29.7697127 ], [ -95.2273342, 29.7695466 ], [ -95.2271554, 29.7691641 ], [ -95.2268934, 29.7689613 ], [ -95.2268933, 29.7689612 ], [ -95.2268764, 29.7689481 ], [ -95.2268202, 29.7689438 ], [ -95.2268198, 29.7689438 ], [ -95.2265795, 29.7689252 ], [ -95.226576, 29.7689251 ], [ -95.2265146, 29.7689228 ], [ -95.2265145, 29.7689228 ], [ -95.2263424, 29.7689905 ], [ -95.2261136, 29.7692182 ], [ -95.2255681, 29.7695342 ], [ -95.2255649, 29.7695336 ], [ -95.2255649, 29.7695336 ], [ -95.2255642, 29.7695335 ], [ -95.2255123, 29.7695168 ], [ -95.225442, 29.76951 ], [ -95.2254415, 29.76951 ], [ -95.2252592, 29.7694924 ], [ -95.22524, 29.76934 ], [ -95.225214, 29.7691338 ], [ -95.2251092, 29.7687186 ], [ -95.2251092, 29.7687185 ], [ -95.2251031, 29.7686944 ], [ -95.2248473, 29.7685734 ], [ -95.2246752, 29.7685636 ], [ -95.2246748, 29.7685636 ], [ -95.2243994, 29.7685479 ], [ -95.2243935, 29.7685506 ], [ -95.2243934, 29.7685507 ], [ -95.2241136, 29.7686775 ], [ -95.2241101, 29.7686779 ], [ -95.22411, 29.7686779 ], [ -95.2239292, 29.768701 ], [ -95.2238529, 29.7685456 ], [ -95.2238527, 29.7685452 ], [ -95.2235846, 29.7683457 ], [ -95.2235846, 29.7683456 ], [ -95.2235845, 29.7683456 ], [ -95.2237125, 29.7676581 ], [ -95.223865, 29.7673038 ], [ -95.2240049, 29.7669784 ], [ -95.223807, 29.7668993 ], [ -95.2238069, 29.7668992 ], [ -95.2228636, 29.7665222 ], [ -95.2223445, 29.7663148 ], [ -95.2222713, 29.7662868 ], [ -95.2221986, 29.7662627 ], [ -95.2221983, 29.7662627 ], [ -95.2221255, 29.7662398 ], [ -95.2221251, 29.7662397 ], [ -95.2219886, 29.7662002 ], [ -95.2219158, 29.766181 ], [ -95.2219146, 29.7661807 ], [ -95.2219129, 29.7661802 ], [ -95.2218403, 29.7661622 ], [ -95.2218398, 29.7661621 ], [ -95.2217665, 29.7661452 ], [ -95.2217658, 29.766145 ], [ -95.2216929, 29.7661294 ], [ -95.2216911, 29.766129 ], [ -95.22169, 29.7661288 ], [ -95.2216162, 29.7661142 ], [ -95.2215423, 29.7661008 ], [ -95.221541, 29.7661005 ], [ -95.221397, 29.7660779 ], [ -95.2213275, 29.7660679 ], [ -95.221259, 29.7660563 ], [ -95.2212573, 29.766056 ], [ -95.2212561, 29.7660558 ], [ -95.2211878, 29.7660443 ], [ -95.2211866, 29.7660441 ], [ -95.221111, 29.7660355 ], [ -95.2211103, 29.7660355 ], [ -95.2210325, 29.7660284 ], [ -95.2209546, 29.7660224 ], [ -95.220954, 29.7660224 ], [ -95.2208792, 29.7660176 ], [ -95.2208781, 29.7660176 ], [ -95.2208087, 29.7660143 ], [ -95.2208072, 29.7660142 ], [ -95.2207388, 29.766012 ], [ -95.2207381, 29.766012 ], [ -95.2207367, 29.7660119 ], [ -95.2207358, 29.7660119 ], [ -95.2206675, 29.7660108 ], [ -95.2205968, 29.7660106 ], [ -95.2205963, 29.7660106 ], [ -95.220528, 29.7660115 ], [ -95.2205262, 29.7660115 ], [ -95.2205251, 29.7660116 ], [ -95.2204379, 29.7660142 ], [ -95.220436, 29.7660143 ], [ -95.2204361, 29.766014 ], [ -95.2204361, 29.766014 ], [ -95.2204415, 29.7659076 ], [ -95.2204642, 29.7659076 ], [ -95.2207243, 29.7659073 ], [ -95.2208833, 29.7659068 ], [ -95.2209567, 29.7657615 ], [ -95.2210603, 29.7655521 ], [ -95.2211314, 29.7654081 ], [ -95.2212034, 29.7652625 ], [ -95.2212429, 29.7651845 ], [ -95.2212756, 29.7651185 ], [ -95.2213465, 29.7649745 ], [ -95.2214178, 29.7648298 ], [ -95.221489, 29.7646852 ], [ -95.2215598, 29.7645415 ], [ -95.2215598, 29.7645415 ], [ -95.2215604, 29.7645403 ], [ -95.2216724, 29.7645833 ], [ -95.2218415, 29.7646482 ], [ -95.2220106, 29.764714 ], [ -95.2221799, 29.7647776 ], [ -95.2223476, 29.7648385 ], [ -95.2225142, 29.7648989 ], [ -95.2226812, 29.7649596 ], [ -95.222849, 29.7650264 ], [ -95.223138, 29.7651415 ], [ -95.2233528, 29.765227 ], [ -95.2241435, 29.7655417 ], [ -95.2241435, 29.7655418 ], [ -95.2241435, 29.7655417 ], [ -95.2241396, 29.7654376 ], [ -95.2241396, 29.7654376 ], [ -95.2240626, 29.7633617 ], [ -95.2240626, 29.7633615 ], [ -95.2240081, 29.7618936 ], [ -95.223989, 29.7613786 ], [ -95.223989, 29.7613784 ], [ -95.2239798, 29.7611307 ], [ -95.2239651, 29.7607349 ], [ -95.2239576, 29.7604266 ], [ -95.2239506, 29.7600657 ], [ -95.2239506, 29.7600656 ], [ -95.2239431, 29.7596793 ], [ -95.2239431, 29.7596793 ], [ -95.2239393, 29.7594797 ], [ -95.2239353, 29.7594798 ], [ -95.2239352, 29.7594798 ], [ -95.2181997, 29.7596221 ], [ -95.218196, 29.7596223 ], [ -95.2178537, 29.7596396 ], [ -95.2153234, 29.7597205 ], [ -95.2137565, 29.7597596 ], [ -95.2137478, 29.7597598 ], [ -95.2135673, 29.7597644 ], [ -95.2131931, 29.7597739 ], [ -95.2127907, 29.7597841 ], [ -95.212398, 29.759794 ], [ -95.2123097, 29.7597963 ], [ -95.2118374, 29.7598083 ], [ -95.2118374, 29.7598083 ], [ -95.2118452, 29.7600545 ], [ -95.2118519, 29.7602655 ], [ -95.2118621, 29.7605871 ], [ -95.2118624, 29.7605954 ], [ -95.211896, 29.7616537 ], [ -95.2123687, 29.7616482 ], [ -95.2128415, 29.7616427 ], [ -95.2128497, 29.7619011 ], [ -95.2128497, 29.7619011 ], [ -95.2117404, 29.761914 ], [ -95.2115387, 29.7619328 ], [ -95.206649, 29.7619895 ], [ -95.2059194, 29.7620191 ], [ -95.2056259, 29.7620237 ], [ -95.2055959, 29.762024 ], [ -95.2054427, 29.7620223 ], [ -95.2052897, 29.7620146 ], [ -95.2051372, 29.762001 ], [ -95.2049856, 29.7619815 ], [ -95.2048352, 29.7619562 ], [ -95.2046861, 29.7619251 ], [ -95.2045388, 29.7618882 ], [ -95.2043935, 29.7618457 ], [ -95.204255, 29.7617992 ], [ -95.2041188, 29.7617475 ], [ -95.2039854, 29.7616908 ], [ -95.2038725, 29.7616378 ], [ -95.2037619, 29.7615812 ], [ -95.2036538, 29.7615211 ], [ -95.2035484, 29.7614575 ], [ -95.2035223, 29.761441 ], [ -95.2033286, 29.7613075 ], [ -95.2033274, 29.7613067 ], [ -95.2031495, 29.7611651 ], [ -95.200672, 29.7590187 ], [ -95.1993228, 29.7578488 ], [ -95.1926811, 29.7578314 ], [ -95.1926807, 29.7578313 ], [ -95.1926805, 29.7578312 ], [ -95.1926316, 29.7578184 ], [ -95.1925826, 29.7578053 ], [ -95.1921209, 29.7576735 ], [ -95.1917604, 29.757565 ], [ -95.1914017, 29.7574522 ], [ -95.1914016, 29.7574533 ], [ -95.1914016, 29.7574534 ], [ -95.1913973, 29.7579296 ], [ -95.1913973, 29.7579298 ], [ -95.1914148, 29.7579341 ], [ -95.19143, 29.757938 ], [ -95.1914452, 29.757942 ], [ -95.1914603, 29.7579463 ], [ -95.1914753, 29.7579507 ], [ -95.1914902, 29.7579554 ], [ -95.1915051, 29.7579602 ], [ -95.1915199, 29.7579652 ], [ -95.1915346, 29.7579703 ], [ -95.1915492, 29.7579757 ], [ -95.1915638, 29.7579812 ], [ -95.1915765, 29.7579862 ], [ -95.1915782, 29.7579869 ], [ -95.1915925, 29.7579927 ], [ -95.1916068, 29.7579988 ], [ -95.1916209, 29.758005 ], [ -95.1916349, 29.7580113 ], [ -95.1916487, 29.7580178 ], [ -95.1916625, 29.7580245 ], [ -95.1916761, 29.7580314 ], [ -95.1916896, 29.7580384 ], [ -95.191703, 29.7580455 ], [ -95.1917162, 29.7580528 ], [ -95.1917293, 29.7580603 ], [ -95.1917422, 29.7580679 ], [ -95.191755, 29.7580756 ], [ -95.1917676, 29.7580835 ], [ -95.1917801, 29.7580916 ], [ -95.1917923, 29.7580998 ], [ -95.1918045, 29.7581081 ], [ -95.1918164, 29.7581165 ], [ -95.1918282, 29.7581251 ], [ -95.1918398, 29.7581338 ], [ -95.1918512, 29.7581429 ], [ -95.1918621, 29.7581544 ], [ -95.1918727, 29.758166 ], [ -95.1918832, 29.7581778 ], [ -95.1918934, 29.7581897 ], [ -95.1919035, 29.7582017 ], [ -95.1919134, 29.7582138 ], [ -95.191923, 29.758226 ], [ -95.1919325, 29.7582384 ], [ -95.1919417, 29.7582508 ], [ -95.1919508, 29.7582634 ], [ -95.1919596, 29.758276 ], [ -95.1919681, 29.7582888 ], [ -95.1919765, 29.7583016 ], [ -95.1919847, 29.7583145 ], [ -95.1920284, 29.7584296 ], [ -95.1920287, 29.7584303 ], [ -95.1920506, 29.7584925 ], [ -95.1920714, 29.7585549 ], [ -95.1920837, 29.7585942 ], [ -95.192091, 29.7586173 ], [ -95.1921094, 29.7586798 ], [ -95.1921267, 29.7587424 ], [ -95.1921428, 29.758805 ], [ -95.1921576, 29.7588676 ], [ -95.1921714, 29.7589303 ], [ -95.1921839, 29.7589929 ], [ -95.1921952, 29.7590555 ], [ -95.1922014, 29.7590962 ], [ -95.1922052, 29.759126 ], [ -95.1922085, 29.7591556 ], [ -95.1922112, 29.7591852 ], [ -95.1922131, 29.7592144 ], [ -95.1922135, 29.7592419 ], [ -95.1922135, 29.7592421 ], [ -95.1922134, 29.7592696 ], [ -95.1922134, 29.7592698 ], [ -95.1922128, 29.7592973 ], [ -95.1922128, 29.7592976 ], [ -95.1922116, 29.759325 ], [ -95.1922116, 29.7593253 ], [ -95.19221, 29.7593527 ], [ -95.19221, 29.759353 ], [ -95.1922078, 29.7593804 ], [ -95.1922078, 29.7593806 ], [ -95.1922051, 29.759408 ], [ -95.1922051, 29.7594082 ], [ -95.1922019, 29.7594358 ], [ -95.1921981, 29.7594633 ], [ -95.1921939, 29.7594908 ], [ -95.1921891, 29.7595181 ], [ -95.1921839, 29.7595454 ], [ -95.1921781, 29.7595726 ], [ -95.1921718, 29.7595997 ], [ -95.192165, 29.7596267 ], [ -95.1921361, 29.7597082 ], [ -95.1921066, 29.7597886 ], [ -95.1921066, 29.7597886 ], [ -95.1921066, 29.7597887 ], [ -95.1921066, 29.759789 ], [ -95.1921066, 29.759789 ], [ -95.1921066, 29.7597891 ], [ -95.1921066, 29.7597894 ], [ -95.1921066, 29.7597894 ], [ -95.1921066, 29.7597895 ], [ -95.1921066, 29.7597898 ], [ -95.1921066, 29.7597898 ], [ -95.1921066, 29.7597899 ], [ -95.1921065, 29.7597901 ], [ -95.1921065, 29.7597902 ], [ -95.1921065, 29.7597903 ], [ -95.1921065, 29.7597905 ], [ -95.1921065, 29.7597906 ], [ -95.1921065, 29.7597907 ], [ -95.1921065, 29.7597909 ], [ -95.1921065, 29.759791 ], [ -95.1921065, 29.7597911 ], [ -95.1921065, 29.7597913 ], [ -95.1921066, 29.7597917 ], [ -95.1921066, 29.7597921 ], [ -95.1921066, 29.7597925 ], [ -95.1921067, 29.7597929 ], [ -95.1921067, 29.7597933 ], [ -95.1921068, 29.7597937 ], [ -95.1921068, 29.7597941 ], [ -95.1921069, 29.7597945 ], [ -95.192107, 29.7597949 ], [ -95.1921071, 29.7597953 ], [ -95.1921072, 29.7597957 ], [ -95.1921072, 29.7597961 ], [ -95.1921074, 29.7597964 ], [ -95.1921075, 29.7597968 ], [ -95.1921076, 29.7597972 ], [ -95.1921077, 29.7597976 ], [ -95.1921079, 29.759798 ], [ -95.192108, 29.7597983 ], [ -95.1921081, 29.7597987 ], [ -95.1921083, 29.7597991 ], [ -95.1921085, 29.7597994 ], [ -95.1921086, 29.7597998 ], [ -95.1921088, 29.7598002 ], [ -95.192109, 29.7598005 ], [ -95.1921092, 29.7598009 ], [ -95.1921094, 29.7598012 ], [ -95.1921096, 29.7598016 ], [ -95.1921098, 29.7598019 ], [ -95.19211, 29.7598023 ], [ -95.1921102, 29.7598026 ], [ -95.1921105, 29.7598029 ], [ -95.1921107, 29.7598033 ], [ -95.1921109, 29.7598036 ], [ -95.1921112, 29.7598039 ], [ -95.1921114, 29.7598042 ], [ -95.1921117, 29.7598046 ], [ -95.192112, 29.7598049 ], [ -95.1921122, 29.7598052 ], [ -95.1921125, 29.7598055 ], [ -95.1921128, 29.7598058 ], [ -95.1921131, 29.7598061 ], [ -95.1921134, 29.7598064 ], [ -95.1921137, 29.7598066 ], [ -95.1921139, 29.7598069 ], [ -95.192114, 29.7598069 ], [ -95.1921139, 29.7598069 ], [ -95.1920977, 29.7598126 ], [ -95.1920976, 29.7598126 ], [ -95.1920976, 29.7598127 ], [ -95.1918259, 29.7605182 ], [ -95.1918259, 29.7605182 ], [ -95.1918252, 29.7605193 ], [ -95.1918252, 29.7605193 ], [ -95.1918252, 29.7605194 ], [ -95.1918078, 29.7605483 ], [ -95.1917909, 29.7605775 ], [ -95.1917705, 29.7606145 ], [ -95.1916641, 29.7608248 ], [ -95.1911835, 29.7617427 ], [ -95.1911835, 29.7617428 ], [ -95.1911834, 29.7617428 ], [ -95.1911682, 29.761765 ], [ -95.1911682, 29.761765 ], [ -95.1911681, 29.7617651 ], [ -95.1911544, 29.7617843 ], [ -95.1911543, 29.7617844 ], [ -95.1911543, 29.7617845 ], [ -95.1911401, 29.7618035 ], [ -95.1911401, 29.7618036 ], [ -95.19114, 29.7618036 ], [ -95.1911255, 29.7618224 ], [ -95.1911255, 29.7618225 ], [ -95.1911254, 29.7618226 ], [ -95.1911105, 29.7618412 ], [ -95.1911104, 29.7618412 ], [ -95.1911104, 29.7618413 ], [ -95.1910951, 29.7618597 ], [ -95.1910951, 29.7618597 ], [ -95.191095, 29.7618598 ], [ -95.1910793, 29.7618779 ], [ -95.1910793, 29.761878 ], [ -95.1910792, 29.7618781 ], [ -95.1910632, 29.761896 ], [ -95.1910632, 29.761896 ], [ -95.1910631, 29.7618961 ], [ -95.1910467, 29.7619138 ], [ -95.1910467, 29.7619138 ], [ -95.1910466, 29.7619139 ], [ -95.1910298, 29.7619313 ], [ -95.1910298, 29.7619314 ], [ -95.1910297, 29.7619314 ], [ -95.1910126, 29.7619486 ], [ -95.1910126, 29.7619487 ], [ -95.1910125, 29.7619487 ], [ -95.190995, 29.7619657 ], [ -95.1909933, 29.7619673 ], [ -95.1909933, 29.7619674 ], [ -95.1909772, 29.7619825 ], [ -95.1909771, 29.7619825 ], [ -95.1909771, 29.7619825 ], [ -95.1909589, 29.761999 ], [ -95.1909574, 29.7620003 ], [ -95.1909573, 29.7620004 ], [ -95.1909404, 29.7620152 ], [ -95.1909403, 29.7620153 ], [ -95.1909403, 29.7620153 ], [ -95.1909215, 29.7620312 ], [ -95.1909214, 29.7620312 ], [ -95.1909214, 29.7620313 ], [ -95.1909023, 29.7620468 ], [ -95.1909022, 29.7620469 ], [ -95.1909022, 29.7620469 ], [ -95.1908827, 29.7620622 ], [ -95.1908827, 29.7620623 ], [ -95.1908826, 29.7620623 ], [ -95.1908628, 29.7620774 ], [ -95.1908427, 29.7620922 ], [ -95.1908223, 29.7621067 ], [ -95.1908015, 29.7621209 ], [ -95.1907805, 29.7621348 ], [ -95.1907592, 29.7621484 ], [ -95.1907377, 29.7621616 ], [ -95.1907159, 29.7621746 ], [ -95.1906938, 29.7621872 ], [ -95.1906714, 29.7621994 ], [ -95.1906489, 29.7622114 ], [ -95.1906261, 29.762223 ], [ -95.190603, 29.7622343 ], [ -95.1906008, 29.7622353 ], [ -95.1905798, 29.7622452 ], [ -95.1905582, 29.7622548 ], [ -95.1905367, 29.7622645 ], [ -95.1905152, 29.7622744 ], [ -95.1904939, 29.7622846 ], [ -95.1904729, 29.7622951 ], [ -95.1904521, 29.7623059 ], [ -95.1904315, 29.762317 ], [ -95.1904112, 29.7623285 ], [ -95.1903911, 29.7623403 ], [ -95.1903712, 29.7623523 ], [ -95.1903517, 29.7623647 ], [ -95.1903324, 29.7623774 ], [ -95.1903134, 29.7623903 ], [ -95.1902947, 29.7624036 ], [ -95.1902762, 29.7624171 ], [ -95.1902581, 29.7624308 ], [ -95.1902581, 29.7624309 ], [ -95.190258, 29.7624309 ], [ -95.1902403, 29.7624449 ], [ -95.1902402, 29.762445 ], [ -95.1902402, 29.762445 ], [ -95.1902228, 29.7624593 ], [ -95.1902227, 29.7624593 ], [ -95.1902226, 29.7624594 ], [ -95.1902055, 29.7624739 ], [ -95.1902055, 29.762474 ], [ -95.1902054, 29.762474 ], [ -95.1901886, 29.7624888 ], [ -95.1901885, 29.7624888 ], [ -95.1901885, 29.7624889 ], [ -95.190172, 29.7625039 ], [ -95.1901719, 29.762504 ], [ -95.1901719, 29.762504 ], [ -95.1901557, 29.7625193 ], [ -95.1901557, 29.7625194 ], [ -95.1901556, 29.7625194 ], [ -95.1901398, 29.762535 ], [ -95.1901397, 29.762535 ], [ -95.1901397, 29.7625351 ], [ -95.1901242, 29.7625509 ], [ -95.1901241, 29.7625509 ], [ -95.1901241, 29.762551 ], [ -95.1901089, 29.762567 ], [ -95.1901089, 29.7625671 ], [ -95.1901088, 29.7625671 ], [ -95.190094, 29.7625834 ], [ -95.1900939, 29.7625834 ], [ -95.1900939, 29.7625835 ], [ -95.1900794, 29.7626 ], [ -95.1900794, 29.7626 ], [ -95.1900793, 29.7626001 ], [ -95.1900652, 29.7626168 ], [ -95.1900652, 29.7626168 ], [ -95.1900651, 29.7626169 ], [ -95.1900513, 29.7626338 ], [ -95.1900513, 29.7626339 ], [ -95.1900512, 29.7626339 ], [ -95.1900323, 29.7626584 ], [ -95.1900322, 29.7626584 ], [ -95.1900322, 29.7626585 ], [ -95.1899736, 29.7627166 ], [ -95.1899736, 29.7627166 ], [ -95.1899735, 29.7627167 ], [ -95.189935, 29.7627531 ], [ -95.189935, 29.7627531 ], [ -95.1899349, 29.7627532 ], [ -95.1898957, 29.762789 ], [ -95.1898956, 29.762789 ], [ -95.1898956, 29.7627891 ], [ -95.1898556, 29.7628243 ], [ -95.1898555, 29.7628243 ], [ -95.1898555, 29.7628243 ], [ -95.1898147, 29.7628589 ], [ -95.1898147, 29.762859 ], [ -95.1898146, 29.762859 ], [ -95.1897731, 29.7628929 ], [ -95.1897731, 29.762893 ], [ -95.189773, 29.762893 ], [ -95.1897308, 29.7629263 ], [ -95.1897307, 29.7629264 ], [ -95.1897307, 29.7629264 ], [ -95.1896877, 29.7629591 ], [ -95.189644, 29.7629911 ], [ -95.1895996, 29.7630225 ], [ -95.1895545, 29.7630532 ], [ -95.1895088, 29.7630832 ], [ -95.1894624, 29.7631125 ], [ -95.1894485, 29.7631184 ], [ -95.1894346, 29.7631245 ], [ -95.1894209, 29.7631308 ], [ -95.1894073, 29.7631373 ], [ -95.1893939, 29.7631439 ], [ -95.1893806, 29.7631508 ], [ -95.1893675, 29.7631579 ], [ -95.1893546, 29.7631652 ], [ -95.1893417, 29.7631727 ], [ -95.1893291, 29.7631804 ], [ -95.1893166, 29.7631883 ], [ -95.1893043, 29.7631963 ], [ -95.1892922, 29.7632046 ], [ -95.1892803, 29.763213 ], [ -95.1892685, 29.7632216 ], [ -95.189257, 29.7632304 ], [ -95.189257, 29.7632304 ], [ -95.1892569, 29.7632305 ], [ -95.1892456, 29.7632394 ], [ -95.1892456, 29.7632394 ], [ -95.1892455, 29.7632395 ], [ -95.1892344, 29.7632485 ], [ -95.1892344, 29.7632486 ], [ -95.1892343, 29.7632486 ], [ -95.1892234, 29.7632578 ], [ -95.1892234, 29.7632579 ], [ -95.1892233, 29.7632579 ], [ -95.1892127, 29.7632673 ], [ -95.1892126, 29.7632674 ], [ -95.1892125, 29.7632674 ], [ -95.1892021, 29.763277 ], [ -95.189202, 29.763277 ], [ -95.189202, 29.7632771 ], [ -95.1891917, 29.7632868 ], [ -95.1891916, 29.7632868 ], [ -95.1891916, 29.7632869 ], [ -95.1891815, 29.7632967 ], [ -95.1891815, 29.7632968 ], [ -95.1891814, 29.7632968 ], [ -95.1891716, 29.7633069 ], [ -95.1891715, 29.7633069 ], [ -95.1891715, 29.763307 ], [ -95.1891618, 29.7633171 ], [ -95.1891618, 29.7633172 ], [ -95.1891617, 29.7633172 ], [ -95.1891523, 29.7633276 ], [ -95.1891523, 29.7633276 ], [ -95.1891522, 29.7633277 ], [ -95.189143, 29.7633381 ], [ -95.189143, 29.7633382 ], [ -95.1891429, 29.7633382 ], [ -95.1891339, 29.7633488 ], [ -95.1891339, 29.7633489 ], [ -95.1891339, 29.763349 ], [ -95.1891251, 29.7633598 ], [ -95.1891235, 29.7633617 ], [ -95.1891235, 29.7633617 ], [ -95.1891164, 29.7633708 ], [ -95.1891144, 29.7633735 ], [ -95.1891143, 29.7633736 ], [ -95.1891081, 29.7633818 ], [ -95.1891081, 29.7633819 ], [ -95.189108, 29.7633819 ], [ -95.1891, 29.7633931 ], [ -95.1890999, 29.7633931 ], [ -95.1890999, 29.7633932 ], [ -95.1890921, 29.7634045 ], [ -95.189092, 29.7634045 ], [ -95.189092, 29.7634046 ], [ -95.1890844, 29.763416 ], [ -95.1890844, 29.763416 ], [ -95.1890843, 29.7634161 ], [ -95.189077, 29.7634276 ], [ -95.1890769, 29.7634277 ], [ -95.1890769, 29.7634277 ], [ -95.1890698, 29.7634393 ], [ -95.1890698, 29.7634394 ], [ -95.1890697, 29.7634395 ], [ -95.1890628, 29.7634513 ], [ -95.1890561, 29.7634633 ], [ -95.1887057, 29.7642178 ], [ -95.1884719, 29.7649223 ], [ -95.1885349, 29.7653914 ], [ -95.1889682, 29.7667885 ], [ -95.1890509, 29.7670768 ], [ -95.1890509, 29.7670769 ], [ -95.1890508, 29.7670769 ], [ -95.1883085, 29.7670525 ], [ -95.182728, 29.7671871 ], [ -95.1822353, 29.7671989 ], [ -95.1822353, 29.7671989 ], [ -95.1822254, 29.7709415 ], [ -95.1822898, 29.7709635 ], [ -95.1822975, 29.7714959 ], [ -95.1822982, 29.7716698 ], [ -95.1822998, 29.7717438 ], [ -95.1823015, 29.7718168 ], [ -95.1823042, 29.7719237 ], [ -95.1823072, 29.7720316 ], [ -95.1823092, 29.7721094 ], [ -95.1823113, 29.7721879 ], [ -95.1823132, 29.7722613 ], [ -95.1823152, 29.7723354 ], [ -95.1823176, 29.772425 ], [ -95.18232, 29.7725155 ], [ -95.1823222, 29.7725993 ], [ -95.1823239, 29.7726609 ], [ -95.1823246, 29.7726839 ], [ -95.1823297, 29.7728892 ], [ -95.1823354, 29.7730948 ], [ -95.1823367, 29.7731453 ], [ -95.182338, 29.7731954 ], [ -95.18234, 29.7732721 ], [ -95.1823422, 29.7733488 ], [ -95.1823442, 29.7734301 ], [ -95.1823464, 29.7735114 ], [ -95.1823483, 29.7735826 ], [ -95.1823503, 29.7736544 ], [ -95.182351, 29.7736821 ], [ -95.1823551, 29.773838 ], [ -95.1823642, 29.7741761 ], [ -95.1823684, 29.7743386 ], [ -95.1823724, 29.7744914 ], [ -95.182377, 29.7746591 ], [ -95.1823814, 29.7748268 ], [ -95.1823858, 29.774991 ], [ -95.1823956, 29.7753221 ], [ -95.1823992, 29.7754957 ], [ -95.1824035, 29.7756579 ], [ -95.1824079, 29.7758252 ], [ -95.1824122, 29.7759825 ], [ -95.1824163, 29.7761392 ], [ -95.1824202, 29.7762512 ], [ -95.1824207, 29.776292 ], [ -95.1824209, 29.776313 ], [ -95.1824241, 29.7764494 ], [ -95.1824341, 29.7767127 ], [ -95.1824382, 29.7768672 ], [ -95.1824385, 29.7769134 ], [ -95.1824417, 29.7770101 ], [ -95.1824425, 29.7770326 ], [ -95.1824468, 29.7771986 ], [ -95.1824511, 29.7773612 ], [ -95.1824554, 29.7775263 ], [ -95.1824595, 29.7776856 ], [ -95.1824637, 29.7778443 ], [ -95.1824664, 29.7780211 ], [ -95.1824717, 29.778161 ], [ -95.1824724, 29.7781779 ], [ -95.1824728, 29.7782022 ], [ -95.1824728, 29.7782025 ], [ -95.1824749, 29.7783423 ], [ -95.1824812, 29.7785152 ], [ -95.1824869, 29.7786719 ], [ -95.1824896, 29.7788369 ], [ -95.1824942, 29.7789906 ], [ -95.1824978, 29.7791466 ], [ -95.1824978, 29.7791483 ], [ -95.1824986, 29.7791795 ], [ -95.1825038, 29.7793483 ], [ -95.1825081, 29.7795071 ], [ -95.1825118, 29.779684 ], [ -95.1825154, 29.7798232 ], [ -95.1825204, 29.7799993 ], [ -95.1825246, 29.7801614 ], [ -95.182528, 29.7803349 ], [ -95.1825312, 29.780499 ], [ -95.1825324, 29.7806319 ], [ -95.1825328, 29.7806566 ], [ -95.1825357, 29.78083 ], [ -95.1825359, 29.7808394 ], [ -95.1825384, 29.7809942 ], [ -95.182541, 29.7811488 ], [ -95.18255, 29.7813143 ], [ -95.1825503, 29.7813213 ], [ -95.1825594, 29.7814893 ], [ -95.1825648, 29.7816526 ], [ -95.1825763, 29.7821418 ], [ -95.1825801, 29.7823027 ], [ -95.182584, 29.7824754 ], [ -95.1825891, 29.7826466 ], [ -95.182593, 29.7827948 ], [ -95.1826034, 29.7831412 ], [ -95.1826075, 29.7832994 ], [ -95.1826119, 29.7834664 ], [ -95.1826149, 29.7836312 ], [ -95.1826221, 29.7837951 ], [ -95.1826252, 29.7839663 ], [ -95.1826284, 29.7841238 ], [ -95.1826321, 29.7843036 ], [ -95.182637, 29.7844561 ], [ -95.1826424, 29.7846219 ], [ -95.1826471, 29.7847994 ], [ -95.1826491, 29.7849522 ], [ -95.1826545, 29.7851192 ], [ -95.18266, 29.785289 ], [ -95.1826686, 29.7856156 ], [ -95.1826728, 29.7857756 ], [ -95.1826771, 29.7859377 ], [ -95.1826836, 29.7861854 ], [ -95.1826858, 29.7862689 ], [ -95.1826901, 29.7864328 ], [ -95.1826945, 29.7865976 ], [ -95.1826991, 29.7867732 ], [ -95.1827023, 29.7868951 ], [ -95.1827077, 29.7870985 ], [ -95.1826957, 29.787266 ], [ -95.1827006, 29.7874649 ], [ -95.1827036, 29.7876268 ], [ -95.1827067, 29.7878012 ], [ -95.1827098, 29.7879735 ], [ -95.1827156, 29.7881472 ], [ -95.182719, 29.7883081 ], [ -95.182722, 29.78841 ], [ -95.1827286, 29.7886372 ], [ -95.1827609, 29.7891793 ], [ -95.1833583, 29.7891619 ], [ -95.1857203, 29.7891648 ], [ -95.1858092, 29.7918978 ], [ -95.1875905, 29.7919177 ], [ -95.1876313, 29.7928255 ], [ -95.1894335, 29.7933978 ], [ -95.1935393, 29.7884086 ], [ -95.1935462, 29.7884085 ], [ -95.1942868, 29.7883027 ], [ -95.1944248, 29.788378 ], [ -95.1944249, 29.788378 ], [ -95.1944278, 29.7883796 ], [ -95.1944785, 29.7883108 ], [ -95.1944785, 29.7883107 ], [ -95.1944827, 29.788305 ], [ -95.1946245, 29.7883017 ], [ -95.1947749, 29.7882983 ], [ -95.1949452, 29.7882945 ], [ -95.1950941, 29.7882911 ], [ -95.1950967, 29.788291 ], [ -95.1951094, 29.7882907 ], [ -95.1951098, 29.7882907 ], [ -95.1951118, 29.7882907 ], [ -95.195122, 29.7882918 ], [ -95.195122, 29.7882918 ], [ -95.195126, 29.7882922 ], [ -95.195126, 29.7882902 ], [ -95.1954639, 29.7882827 ], [ -95.1956054, 29.7882795 ], [ -95.195706, 29.7882772 ], [ -95.1959382, 29.7882645 ], [ -95.1961711, 29.788259 ], [ -95.1961711, 29.7882589 ], [ -95.1962065, 29.7882074 ], [ -95.1962065, 29.7882073 ], [ -95.1962065, 29.7882073 ], [ -95.1963017, 29.7880449 ], [ -95.1962471, 29.7879019 ], [ -95.1962472, 29.7879018 ], [ -95.1963301, 29.7878173 ], [ -95.1963301, 29.7878173 ], [ -95.1965149, 29.7878061 ], [ -95.196515, 29.787806 ], [ -95.1968005, 29.7874762 ], [ -95.1968005, 29.7874762 ], [ -95.1968006, 29.7874761 ], [ -95.1969375, 29.7873678 ], [ -95.1969376, 29.7873677 ], [ -95.1969457, 29.7873316 ], [ -95.1969551, 29.78729 ], [ -95.196969, 29.7872272 ], [ -95.196969, 29.7872271 ], [ -95.1969697, 29.7872264 ], [ -95.1969698, 29.7872264 ], [ -95.1969698, 29.7872263 ], [ -95.1970637, 29.7871306 ], [ -95.1970637, 29.7871305 ], [ -95.1970638, 29.7871305 ], [ -95.1971087, 29.7870842 ], [ -95.1971088, 29.7870841 ], [ -95.1972168, 29.7870332 ], [ -95.1972216, 29.787031 ], [ -95.1972321, 29.7870261 ], [ -95.1972322, 29.7870261 ], [ -95.1972322, 29.787026 ], [ -95.1972383, 29.7870081 ], [ -95.1972412, 29.7869995 ], [ -95.1972413, 29.7869995 ], [ -95.1973056, 29.7870153 ], [ -95.1973416, 29.7870241 ], [ -95.1973533, 29.787027 ], [ -95.1973534, 29.787027 ], [ -95.1973539, 29.7870265 ], [ -95.1973539, 29.7870265 ], [ -95.1973539, 29.7870264 ], [ -95.197354, 29.7870264 ], [ -95.1974245, 29.7869592 ], [ -95.1974245, 29.7869592 ], [ -95.1974246, 29.7869591 ], [ -95.1974631, 29.7869224 ], [ -95.1974632, 29.7869224 ], [ -95.1977074, 29.7869157 ], [ -95.1977074, 29.7869156 ], [ -95.1977517, 29.7868389 ], [ -95.1978523, 29.7866649 ], [ -95.1979617, 29.7864486 ], [ -95.1979641, 29.7864439 ], [ -95.197955, 29.7863611 ], [ -95.1979525, 29.7863376 ], [ -95.1979506, 29.7863203 ], [ -95.1979507, 29.7863203 ], [ -95.1980522, 29.7862378 ], [ -95.1980522, 29.7862378 ], [ -95.1980523, 29.7862378 ], [ -95.1981651, 29.78616 ], [ -95.1981762, 29.7861523 ], [ -95.1981932, 29.7861406 ], [ -95.1982339, 29.7861607 ], [ -95.1983197, 29.7862029 ], [ -95.1984977, 29.7861637 ], [ -95.1987546, 29.786098 ], [ -95.198861, 29.7860708 ], [ -95.1989853, 29.7860371 ], [ -95.1990487, 29.7860513 ], [ -95.1991183, 29.7860665 ], [ -95.1991262, 29.7863352 ], [ -95.1991307, 29.7864586 ], [ -95.199271, 29.7864261 ], [ -95.1994508, 29.7863772 ], [ -95.1994907, 29.7863664 ], [ -95.1994907, 29.7863664 ], [ -95.1994907, 29.7863663 ], [ -95.1995093, 29.7861632 ], [ -95.1995093, 29.7861631 ], [ -95.1995094, 29.7861631 ], [ -95.1996939, 29.7860731 ], [ -95.1997964, 29.7860231 ], [ -95.1999692, 29.7860989 ], [ -95.1999847, 29.7861057 ], [ -95.2002089, 29.7860024 ], [ -95.2005012, 29.7861615 ], [ -95.2005013, 29.7861614 ], [ -95.2005309, 29.7861343 ], [ -95.200531, 29.7861342 ], [ -95.200531, 29.7861342 ], [ -95.2007445, 29.7859382 ], [ -95.2007445, 29.7859381 ], [ -95.2007446, 29.7859381 ], [ -95.2008589, 29.7858296 ], [ -95.200859, 29.7858296 ], [ -95.2010114, 29.7858801 ], [ -95.2010305, 29.7858718 ], [ -95.201279, 29.7857633 ], [ -95.2015316, 29.7856408 ], [ -95.2015794, 29.7856175 ], [ -95.2015795, 29.7856175 ], [ -95.201724, 29.7854282 ], [ -95.201724, 29.7854281 ], [ -95.201724, 29.7854281 ], [ -95.2017522, 29.7853913 ], [ -95.2017523, 29.7853913 ], [ -95.2019154, 29.7854492 ], [ -95.2019155, 29.7854493 ], [ -95.2019155, 29.7854492 ], [ -95.201916, 29.7854382 ], [ -95.2019265, 29.7852281 ], [ -95.2019268, 29.7852215 ], [ -95.2019293, 29.7851718 ], [ -95.2019293, 29.7851717 ], [ -95.2019621, 29.7851177 ], [ -95.2019361, 29.7849422 ], [ -95.2019293, 29.7848964 ], [ -95.2017835, 29.7846891 ], [ -95.2018456, 29.784621 ], [ -95.2020951, 29.7847304 ], [ -95.2021929, 29.7845793 ], [ -95.2022134, 29.7845223 ], [ -95.2023796, 29.7844949 ], [ -95.2023643, 29.784343 ], [ -95.202412, 29.7842863 ], [ -95.2024121, 29.7842863 ], [ -95.2024691, 29.7842186 ], [ -95.2025865, 29.7841949 ], [ -95.2025866, 29.7841948 ], [ -95.20274, 29.7840356 ], [ -95.2029322, 29.7838983 ], [ -95.2026686, 29.7838545 ], [ -95.2026582, 29.7837584 ], [ -95.2026567, 29.783744 ], [ -95.202507, 29.783719 ], [ -95.2024767, 29.7836208 ], [ -95.2024768, 29.7836207 ], [ -95.2025452, 29.7835642 ], [ -95.2025453, 29.7835642 ], [ -95.2025565, 29.7835549 ], [ -95.2025565, 29.7835548 ], [ -95.2025819, 29.7835333 ], [ -95.2025813, 29.7835314 ], [ -95.2025361, 29.7833961 ], [ -95.2024824, 29.7832358 ], [ -95.2024268, 29.7831183 ], [ -95.2024301, 29.7831037 ], [ -95.2024398, 29.78306 ], [ -95.2024603, 29.7829676 ], [ -95.2024753, 29.7828994 ], [ -95.2024803, 29.7828765 ], [ -95.2024944, 29.7828132 ], [ -95.2025362, 29.7826259 ], [ -95.2025368, 29.7826234 ], [ -95.2025686, 29.7825928 ], [ -95.2028552, 29.7823177 ], [ -95.2028823, 29.7822996 ], [ -95.2030549, 29.7821834 ], [ -95.2030944, 29.7821337 ], [ -95.2031568, 29.7820553 ], [ -95.2032558, 29.782036 ], [ -95.2032714, 29.7820262 ], [ -95.2032758, 29.7820235 ], [ -95.2033549, 29.7819733 ], [ -95.2034488, 29.7820154 ], [ -95.2034615, 29.7820211 ], [ -95.2034616, 29.7820211 ], [ -95.2034639, 29.7820221 ], [ -95.203464, 29.7820221 ], [ -95.2035089, 29.7819977 ], [ -95.2035744, 29.7819622 ], [ -95.2035885, 29.7819545 ], [ -95.2030897, 29.7814908 ], [ -95.2030678, 29.7814704 ], [ -95.2029304, 29.7810974 ], [ -95.2029272, 29.7810887 ], [ -95.2029449, 29.7810647 ], [ -95.202977, 29.7810213 ], [ -95.2030489, 29.780924 ], [ -95.203158, 29.7807331 ], [ -95.2032771, 29.7805232 ], [ -95.2033928, 29.7803286 ], [ -95.203482, 29.7801736 ], [ -95.2035692, 29.7800221 ], [ -95.2035691, 29.7800221 ], [ -95.2039312, 29.7793911 ], [ -95.2040373, 29.7792063 ], [ -95.2040373, 29.7792063 ], [ -95.2041279, 29.779096 ], [ -95.2043257, 29.7788609 ], [ -95.2046486, 29.7784749 ], [ -95.204751, 29.7782865 ], [ -95.204751, 29.7782864 ], [ -95.2047511, 29.7782864 ], [ -95.204833, 29.7780013 ], [ -95.2048473, 29.7779514 ], [ -95.2048699, 29.7778847 ], [ -95.2050377, 29.7773894 ], [ -95.205281, 29.7770284 ], [ -95.205281, 29.7770278 ], [ -95.2052535, 29.7766271 ], [ -95.2049368, 29.7760085 ], [ -95.2049353, 29.775613 ], [ -95.2048901, 29.7753767 ], [ -95.2048901, 29.7753766 ], [ -95.2048901, 29.7753766 ], [ -95.2048901, 29.7753765 ], [ -95.2048899, 29.7753755 ], [ -95.2048899, 29.7753755 ], [ -95.2048941, 29.7753767 ], [ -95.2048943, 29.7753768 ], [ -95.2048945, 29.7753768 ], [ -95.2048948, 29.7753769 ], [ -95.2049968, 29.7754067 ], [ -95.2050231, 29.775415 ], [ -95.205124, 29.7754465 ], [ -95.2051769, 29.775463 ], [ -95.2052713, 29.7754943 ], [ -95.2053105, 29.7755074 ], [ -95.2054878, 29.7755699 ], [ -95.2056192, 29.7756189 ], [ -95.2060553, 29.7755302 ], [ -95.2060553, 29.7755302 ], [ -95.2060593, 29.7755294 ], [ -95.2060593, 29.7755294 ], [ -95.2066505, 29.7754811 ], [ -95.2067652, 29.7754717 ], [ -95.2067819, 29.7754701 ], [ -95.2068868, 29.77546 ], [ -95.2069292, 29.7754559 ], [ -95.2069295, 29.7754559 ], [ -95.2069313, 29.7754557 ], [ -95.2071073, 29.7754843 ], [ -95.2072053, 29.7755294 ], [ -95.2072136, 29.775532 ], [ -95.2072529, 29.7755493 ], [ -95.2072764, 29.7755594 ], [ -95.2072998, 29.7755698 ], [ -95.207323, 29.7755806 ], [ -95.207346, 29.7755917 ], [ -95.2073689, 29.7756031 ], [ -95.2073917, 29.7756148 ], [ -95.2074142, 29.7756268 ], [ -95.2074366, 29.7756392 ], [ -95.2074587, 29.7756518 ], [ -95.2074807, 29.7756647 ], [ -95.2075024, 29.775678 ], [ -95.207524, 29.7756915 ], [ -95.2075453, 29.7757053 ], [ -95.2075664, 29.7757194 ], [ -95.2075957, 29.7757397 ], [ -95.2075964, 29.7757402 ], [ -95.2076163, 29.7757544 ], [ -95.2076365, 29.7757695 ], [ -95.2076566, 29.7757848 ], [ -95.2076763, 29.7758003 ], [ -95.2076959, 29.7758161 ], [ -95.2077227, 29.7758387 ], [ -95.2077416, 29.775855 ], [ -95.2077601, 29.7758717 ], [ -95.2077784, 29.7758885 ], [ -95.20779, 29.7758996 ], [ -95.2077963, 29.7759056 ], [ -95.207814, 29.7759229 ], [ -95.2078313, 29.7759404 ], [ -95.2078484, 29.7759581 ], [ -95.2078651, 29.7759761 ], [ -95.2078815, 29.7759942 ], [ -95.2078975, 29.7760125 ], [ -95.2079133, 29.776031 ], [ -95.2079287, 29.7760497 ], [ -95.2079437, 29.7760686 ], [ -95.2079447, 29.7760699 ], [ -95.2079449, 29.7760702 ], [ -95.2079571, 29.776086 ], [ -95.2079584, 29.7760876 ], [ -95.2079728, 29.7761069 ], [ -95.2079867, 29.7761262 ], [ -95.2080004, 29.7761458 ], [ -95.2080036, 29.7761505 ], [ -95.2080113, 29.7761654 ], [ -95.208021, 29.7761851 ], [ -95.2080304, 29.776205 ], [ -95.2080393, 29.7762251 ], [ -95.2080479, 29.7762452 ], [ -95.2080562, 29.7762656 ], [ -95.208064, 29.776286 ], [ -95.208068, 29.7762971 ], [ -95.2080715, 29.7763066 ], [ -95.2080758, 29.7763194 ], [ -95.208076, 29.7763198 ], [ -95.2080785, 29.7763273 ], [ -95.2080852, 29.7763481 ], [ -95.2080915, 29.776369 ], [ -95.2080973, 29.77639 ], [ -95.2081028, 29.7764111 ], [ -95.2081079, 29.7764323 ], [ -95.2081126, 29.7764535 ], [ -95.2081169, 29.7764749 ], [ -95.2081208, 29.7764963 ], [ -95.2081242, 29.7765177 ], [ -95.2081273, 29.7765392 ], [ -95.20813, 29.7765608 ], [ -95.2081322, 29.7765824 ], [ -95.208134, 29.776604 ], [ -95.2081355, 29.7766257 ], [ -95.2081365, 29.7766473 ], [ -95.2081371, 29.776669 ], [ -95.2081373, 29.7766907 ], [ -95.2081333, 29.7766904 ], [ -95.2081333, 29.7766904 ], [ -95.2081169, 29.7766891 ], [ -95.2081169, 29.7766892 ], [ -95.2081169, 29.7766893 ], [ -95.2081175, 29.7767966 ], [ -95.2081162, 29.7768634 ], [ -95.2081136, 29.7769302 ], [ -95.2081098, 29.776997 ], [ -95.2081047, 29.7770636 ], [ -95.2080984, 29.7771302 ], [ -95.2080891, 29.7773224 ], [ -95.2080835, 29.7775148 ], [ -95.2080815, 29.7777071 ], [ -95.2080832, 29.7778996 ], [ -95.2080853, 29.7779622 ], [ -95.2080853, 29.7779626 ], [ -95.2080863, 29.7779943 ], [ -95.2080921, 29.7781691 ], [ -95.2080925, 29.7781808 ], [ -95.2080925, 29.778181 ], [ -95.2080933, 29.7782038 ], [ -95.2080999, 29.7782653 ], [ -95.2080999, 29.7782737 ], [ -95.2080999, 29.778274 ], [ -95.2081001, 29.7782826 ], [ -95.2081008, 29.7782913 ], [ -95.2081017, 29.7783001 ], [ -95.208103, 29.778309 ], [ -95.2081047, 29.778318 ], [ -95.2081065, 29.7783351 ], [ -95.2081087, 29.7783521 ], [ -95.2081113, 29.7783692 ], [ -95.2081141, 29.7783862 ], [ -95.2081173, 29.7784031 ], [ -95.2081209, 29.77842 ], [ -95.2081247, 29.7784368 ], [ -95.2081289, 29.7784535 ], [ -95.2081334, 29.7784702 ], [ -95.2081382, 29.7784868 ], [ -95.2081434, 29.7785034 ], [ -95.2081489, 29.7785198 ], [ -95.2081547, 29.7785362 ], [ -95.2081608, 29.7785524 ], [ -95.2081672, 29.7785686 ], [ -95.208174, 29.7785846 ], [ -95.208181, 29.7786006 ], [ -95.2081884, 29.7786164 ], [ -95.2081961, 29.7786321 ], [ -95.2082041, 29.7786477 ], [ -95.2082124, 29.7786631 ], [ -95.208221, 29.7786785 ], [ -95.2082299, 29.7786936 ], [ -95.2082391, 29.7787087 ], [ -95.2082485, 29.7787236 ], [ -95.2082583, 29.7787383 ], [ -95.2082684, 29.7787529 ], [ -95.2082787, 29.7787673 ], [ -95.2082893, 29.7787815 ], [ -95.2083002, 29.7787956 ], [ -95.2083114, 29.7788095 ], [ -95.2083228, 29.7788233 ], [ -95.2083345, 29.7788368 ], [ -95.2083465, 29.7788502 ], [ -95.2083588, 29.7788633 ], [ -95.2083713, 29.7788763 ], [ -95.208384, 29.7788891 ], [ -95.208397, 29.7789016 ], [ -95.2084224, 29.778925 ], [ -95.2084285, 29.7789323 ], [ -95.2084348, 29.7789395 ], [ -95.2084413, 29.7789466 ], [ -95.2084478, 29.7789536 ], [ -95.2084545, 29.7789605 ], [ -95.2084614, 29.7789673 ], [ -95.2084684, 29.778974 ], [ -95.2084755, 29.7789806 ], [ -95.2084827, 29.7789871 ], [ -95.2084901, 29.7789934 ], [ -95.2084976, 29.7789996 ], [ -95.2085052, 29.7790058 ], [ -95.2085129, 29.7790117 ], [ -95.2085207, 29.7790176 ], [ -95.2085287, 29.7790234 ], [ -95.2085368, 29.779029 ], [ -95.2085449, 29.7790345 ], [ -95.2085532, 29.7790398 ], [ -95.2085616, 29.7790451 ], [ -95.2085701, 29.7790502 ], [ -95.2085787, 29.7790551 ], [ -95.2085874, 29.77906 ], [ -95.2085962, 29.7790647 ], [ -95.208605, 29.7790692 ], [ -95.208614, 29.7790736 ], [ -95.208623, 29.7790779 ], [ -95.2086322, 29.779082 ], [ -95.2086414, 29.779086 ], [ -95.2086507, 29.7790898 ], [ -95.20866, 29.7790935 ], [ -95.2086695, 29.7790971 ], [ -95.208679, 29.7791005 ], [ -95.2086886, 29.7791037 ], [ -95.2086982, 29.7791068 ], [ -95.2087079, 29.7791098 ], [ -95.2087176, 29.7791126 ], [ -95.2087274, 29.7791152 ], [ -95.2087373, 29.7791177 ], [ -95.2087472, 29.77912 ], [ -95.2087572, 29.7791222 ], [ -95.2087672, 29.7791242 ], [ -95.2087772, 29.7791261 ], [ -95.2087872, 29.7791278 ], [ -95.2087973, 29.7791293 ], [ -95.2087997, 29.7791297 ], [ -95.2087999, 29.7791297 ], [ -95.2088049, 29.7791304 ], [ -95.2088075, 29.7791307 ], [ -95.2088177, 29.7791319 ], [ -95.2088282, 29.7791328 ], [ -95.2088387, 29.7791335 ], [ -95.2088493, 29.7791341 ], [ -95.2088598, 29.7791344 ], [ -95.2088636, 29.7791345 ], [ -95.2088704, 29.7791347 ], [ -95.208881, 29.7791347 ], [ -95.2088916, 29.7791346 ], [ -95.2089023, 29.7791344 ], [ -95.2089129, 29.7791339 ], [ -95.2089235, 29.7791333 ], [ -95.2089341, 29.7791326 ], [ -95.2089447, 29.7791317 ], [ -95.2089553, 29.7791306 ], [ -95.2089659, 29.7791293 ], [ -95.2089765, 29.7791279 ], [ -95.2089871, 29.7791263 ], [ -95.2089976, 29.7791246 ], [ -95.2090081, 29.7791227 ], [ -95.2090186, 29.7791207 ], [ -95.2090291, 29.7791185 ], [ -95.2090395, 29.7791161 ], [ -95.2090498, 29.7791136 ], [ -95.2090602, 29.7791109 ], [ -95.2090705, 29.7791081 ], [ -95.2090807, 29.7791051 ], [ -95.2090909, 29.7791019 ], [ -95.2091011, 29.7790986 ], [ -95.2091111, 29.7790952 ], [ -95.2091212, 29.7790916 ], [ -95.2091311, 29.7790878 ], [ -95.209141, 29.7790839 ], [ -95.2091508, 29.7790799 ], [ -95.2091614, 29.7790753 ], [ -95.2092549, 29.7790479 ], [ -95.2093434, 29.7790234 ], [ -95.2094322, 29.7790003 ], [ -95.2095215, 29.7789785 ], [ -95.209611, 29.7789581 ], [ -95.2097009, 29.7789391 ], [ -95.2098172, 29.7789244 ], [ -95.2099677, 29.7789054 ], [ -95.2102306, 29.7788731 ], [ -95.2102308, 29.7788731 ], [ -95.2102319, 29.7788729 ], [ -95.2102365, 29.7788734 ], [ -95.2103243, 29.7788828 ], [ -95.2103757, 29.7788887 ], [ -95.2104262, 29.778895 ], [ -95.2104758, 29.7789016 ], [ -95.2105246, 29.7789084 ], [ -95.2105725, 29.7789155 ], [ -95.2106194, 29.7789229 ], [ -95.2106655, 29.7789306 ], [ -95.2107106, 29.7789386 ], [ -95.2107296, 29.7789421 ], [ -95.2107311, 29.7789424 ], [ -95.2107491, 29.7789458 ], [ -95.2107547, 29.7789468 ], [ -95.2107979, 29.7789553 ], [ -95.2108401, 29.7789641 ], [ -95.2108814, 29.7789731 ], [ -95.2109216, 29.7789824 ], [ -95.2109608, 29.778992 ], [ -95.210999, 29.7790018 ], [ -95.2110361, 29.7790119 ], [ -95.2110722, 29.7790222 ], [ -95.2111072, 29.7790328 ], [ -95.2111412, 29.7790436 ], [ -95.2111913, 29.7790666 ], [ -95.2112391, 29.7790896 ], [ -95.2112455, 29.7790895 ], [ -95.2112426, 29.7790951 ], [ -95.2112434, 29.7790955 ], [ -95.2112434, 29.7790955 ], [ -95.2112434, 29.7790954 ], [ -95.2112445, 29.7790924 ], [ -95.2112445, 29.7790923 ], [ -95.2112446, 29.7790924 ], [ -95.2113751, 29.7791579 ], [ -95.211454, 29.7791996 ], [ -95.2115321, 29.7792426 ], [ -95.2116094, 29.7792867 ], [ -95.2116858, 29.779332 ], [ -95.2117613, 29.7793785 ], [ -95.2118359, 29.7794262 ], [ -95.211858, 29.7794408 ], [ -95.2118656, 29.7794458 ], [ -95.2118659, 29.779446 ], [ -95.2119096, 29.7794749 ], [ -95.21192, 29.779482 ], [ -95.2119823, 29.7795248 ], [ -95.2120332, 29.7795609 ], [ -95.2120335, 29.7795611 ], [ -95.2120455, 29.7795696 ], [ -95.2120541, 29.7795757 ], [ -95.2121249, 29.7796278 ], [ -95.2121902, 29.7796788 ], [ -95.212223, 29.7797058 ], [ -95.2122553, 29.7797333 ], [ -95.2122871, 29.7797613 ], [ -95.2123183, 29.7797897 ], [ -95.212349, 29.7798186 ], [ -95.2123791, 29.779848 ], [ -95.2124087, 29.7798778 ], [ -95.2124376, 29.7799081 ], [ -95.2124659, 29.7799388 ], [ -95.2124937, 29.7799699 ], [ -95.2125208, 29.7800015 ], [ -95.2125473, 29.7800334 ], [ -95.2125732, 29.7800657 ], [ -95.2125985, 29.7800985 ], [ -95.2126231, 29.7801316 ], [ -95.212647, 29.780165 ], [ -95.2126703, 29.7801989 ], [ -95.212693, 29.780233 ], [ -95.2127149, 29.7802675 ], [ -95.2127362, 29.7803023 ], [ -95.2127568, 29.7803375 ], [ -95.2127767, 29.7803729 ], [ -95.2127959, 29.7804087 ], [ -95.2128145, 29.7804447 ], [ -95.2128323, 29.7804809 ], [ -95.2128493, 29.7805175 ], [ -95.2128657, 29.7805543 ], [ -95.2128814, 29.7805913 ], [ -95.2128951, 29.7807091 ], [ -95.2128952, 29.78071 ], [ -95.212902, 29.7807851 ], [ -95.2129057, 29.7808383 ], [ -95.212907, 29.7808558 ], [ -95.212907, 29.7808561 ], [ -95.2129073, 29.7808602 ], [ -95.2129111, 29.7809353 ], [ -95.2129134, 29.7810103 ], [ -95.2129135, 29.7810105 ], [ -95.2129143, 29.7810855 ], [ -95.2129143, 29.7810857 ], [ -95.2129137, 29.7811606 ], [ -95.2129137, 29.7811609 ], [ -95.2129116, 29.7812358 ], [ -95.2129116, 29.781236 ], [ -95.212908, 29.7813108 ], [ -95.212908, 29.7813111 ], [ -95.212903, 29.7813858 ], [ -95.2129029, 29.7813861 ], [ -95.2128964, 29.7814607 ], [ -95.2128964, 29.7814609 ], [ -95.2128884, 29.7815357 ], [ -95.2128789, 29.7816102 ], [ -95.212878, 29.7816363 ], [ -95.212878, 29.7816366 ], [ -95.2128777, 29.7816627 ], [ -95.2128777, 29.781663 ], [ -95.2128778, 29.7816891 ], [ -95.2128778, 29.7816894 ], [ -95.2128785, 29.7817155 ], [ -95.2128786, 29.7817158 ], [ -95.2128798, 29.7817421 ], [ -95.2128815, 29.7817685 ], [ -95.2128838, 29.7817949 ], [ -95.2128866, 29.7818212 ], [ -95.2128899, 29.7818474 ], [ -95.2128937, 29.7818737 ], [ -95.212898, 29.7818998 ], [ -95.2129029, 29.7819259 ], [ -95.2129083, 29.781952 ], [ -95.2129141, 29.7819779 ], [ -95.2129205, 29.7820038 ], [ -95.2129274, 29.7820296 ], [ -95.2129348, 29.7820553 ], [ -95.2129427, 29.7820808 ], [ -95.2129511, 29.7821063 ], [ -95.21296, 29.7821316 ], [ -95.2129695, 29.7821568 ], [ -95.2129794, 29.7821818 ], [ -95.2129896, 29.7822067 ], [ -95.2130003, 29.7822315 ], [ -95.2130116, 29.7822561 ], [ -95.2130233, 29.7822806 ], [ -95.2130356, 29.7823048 ], [ -95.2130483, 29.7823288 ], [ -95.2130616, 29.7823527 ], [ -95.2130753, 29.7823763 ], [ -95.2130896, 29.7823997 ], [ -95.2131043, 29.7824229 ], [ -95.2131225, 29.7824503 ], [ -95.2131377, 29.7824751 ], [ -95.2131535, 29.7824996 ], [ -95.2131698, 29.7825238 ], [ -95.2131865, 29.7825478 ], [ -95.2132036, 29.7825716 ], [ -95.2132211, 29.7825951 ], [ -95.2132391, 29.7826184 ], [ -95.2132576, 29.7826413 ], [ -95.2132765, 29.782664 ], [ -95.2132959, 29.7826864 ], [ -95.2133156, 29.7827085 ], [ -95.2133358, 29.7827304 ], [ -95.2133565, 29.7827519 ], [ -95.2133775, 29.782773 ], [ -95.213399, 29.7827939 ], [ -95.2134209, 29.7828144 ], [ -95.2134431, 29.7828346 ], [ -95.2134658, 29.7828545 ], [ -95.2134888, 29.782874 ], [ -95.2135122, 29.7828932 ], [ -95.2135367, 29.7829125 ], [ -95.2135643, 29.7829367 ], [ -95.2135802, 29.7829513 ], [ -95.2135959, 29.7829662 ], [ -95.2136112, 29.7829812 ], [ -95.2136263, 29.7829966 ], [ -95.2136412, 29.7830121 ], [ -95.213657, 29.7830278 ], [ -95.2136725, 29.7830437 ], [ -95.2136869, 29.7830597 ], [ -95.2137006, 29.7830759 ], [ -95.213714, 29.7830922 ], [ -95.213727, 29.7831088 ], [ -95.2137397, 29.7831255 ], [ -95.2137436, 29.7831309 ], [ -95.2137438, 29.7831311 ], [ -95.2137521, 29.7831425 ], [ -95.2137526, 29.7831432 ], [ -95.2137641, 29.7831596 ], [ -95.2137757, 29.7831769 ], [ -95.213787, 29.7831944 ], [ -95.213798, 29.783212 ], [ -95.2138085, 29.7832299 ], [ -95.2138188, 29.7832478 ], [ -95.2138286, 29.783266 ], [ -95.2138381, 29.7832842 ], [ -95.2140188, 29.7832805 ], [ -95.2143842, 29.7845883 ], [ -95.2143943, 29.7846246 ], [ -95.2145475, 29.7849139 ], [ -95.2147015, 29.7852049 ], [ -95.214968, 29.7855956 ], [ -95.2150541, 29.7860456 ], [ -95.2148187, 29.7867181 ], [ -95.2148186, 29.7867181 ], [ -95.2145204, 29.7871741 ], [ -95.2145204, 29.7871742 ], [ -95.2145203, 29.7871742 ], [ -95.2144888, 29.787201 ], [ -95.2144887, 29.787201 ], [ -95.2144887, 29.787201 ], [ -95.2144767, 29.7872112 ], [ -95.2144766, 29.7872113 ], [ -95.2144765, 29.7872113 ], [ -95.214114, 29.7875184 ], [ -95.214114, 29.7875184 ], [ -95.2136164, 29.787675 ], [ -95.2131464, 29.7877409 ], [ -95.2131454, 29.787741 ], [ -95.2128504, 29.7877824 ], [ -95.2122849, 29.7878985 ], [ -95.2118927, 29.7880951 ], [ -95.2118927, 29.7880952 ], [ -95.2112117, 29.7886409 ], [ -95.2112116, 29.788641 ], [ -95.2112115, 29.788641 ], [ -95.2105126, 29.7892011 ], [ -95.2105125, 29.7892012 ], [ -95.2105124, 29.7892012 ], [ -95.2104779, 29.7892289 ], [ -95.2104779, 29.7892289 ], [ -95.2104778, 29.789229 ], [ -95.2103523, 29.7893267 ], [ -95.2103523, 29.7893267 ], [ -95.210309, 29.78935 ], [ -95.2102861, 29.7893616 ], [ -95.2095428, 29.7897357 ], [ -95.2095358, 29.7897392 ], [ -95.208712, 29.7897895 ], [ -95.2076904, 29.7897207 ], [ -95.2068722, 29.7896199 ], [ -95.2063451, 29.7894298 ], [ -95.205555, 29.7889686 ], [ -95.2055507, 29.7889661 ], [ -95.2053261, 29.7889601 ], [ -95.2053261, 29.7889602 ], [ -95.2051898, 29.7891517 ], [ -95.2051897, 29.7891518 ], [ -95.20518, 29.7891654 ], [ -95.2051795, 29.7891718 ], [ -95.2051127, 29.7900069 ], [ -95.2051127, 29.7900071 ], [ -95.2052424, 29.7903847 ], [ -95.205558, 29.7908461 ], [ -95.2060509, 29.7913981 ], [ -95.20614, 29.7915711 ], [ -95.206141, 29.7915739 ], [ -95.2061461, 29.7915877 ], [ -95.2061511, 29.7916016 ], [ -95.2061562, 29.7916155 ], [ -95.2061612, 29.7916293 ], [ -95.2061965, 29.7917264 ], [ -95.2062543, 29.7918829 ], [ -95.2062697, 29.791924 ], [ -95.206325, 29.7920721 ], [ -95.2063978, 29.7922631 ], [ -95.2064789, 29.7924708 ], [ -95.2065151, 29.7925619 ], [ -95.2065203, 29.7925751 ], [ -95.206557, 29.7926673 ], [ -95.2065622, 29.7926805 ], [ -95.2065185, 29.7938118 ], [ -95.2065185, 29.7938118 ], [ -95.2065184, 29.7938118 ], [ -95.2063967, 29.7938262 ], [ -95.2063966, 29.7938262 ], [ -95.2063926, 29.7938267 ], [ -95.2063926, 29.7938267 ], [ -95.2062476, 29.7938438 ], [ -95.2063576, 29.7942068 ], [ -95.2067074, 29.794807 ], [ -95.2067076, 29.7948072 ], [ -95.2067168, 29.794823 ], [ -95.2067833, 29.7949372 ], [ -95.2068073, 29.7950938 ], [ -95.2068106, 29.7951154 ], [ -95.2068107, 29.7951158 ], [ -95.2068165, 29.7951536 ], [ -95.2068509, 29.7953341 ], [ -95.2068018, 29.7955482 ], [ -95.2066993, 29.7956108 ], [ -95.2066992, 29.7956108 ], [ -95.206699, 29.795611 ], [ -95.2066989, 29.795611 ], [ -95.2066332, 29.7956512 ], [ -95.2063838, 29.7957159 ], [ -95.2060945, 29.7957437 ], [ -95.2055552, 29.7956336 ], [ -95.2055549, 29.7956336 ], [ -95.2048686, 29.7954935 ], [ -95.2048649, 29.7954934 ], [ -95.2048645, 29.7954934 ], [ -95.2045395, 29.7954842 ], [ -95.2042065, 29.7955825 ], [ -95.204084, 29.7956623 ], [ -95.204084, 29.7956624 ], [ -95.2040837, 29.7956625 ], [ -95.2040836, 29.7956626 ], [ -95.2039955, 29.7957201 ], [ -95.2039954, 29.7957202 ], [ -95.2039553, 29.7957771 ], [ -95.2039552, 29.7957772 ], [ -95.2039489, 29.7957861 ], [ -95.2039489, 29.7957861 ], [ -95.2038216, 29.7959666 ], [ -95.2036835, 29.7963577 ], [ -95.2037948, 29.7966841 ], [ -95.2040654, 29.7971587 ], [ -95.2044236, 29.797492 ], [ -95.2068566, 29.799608 ], [ -95.2072917, 29.8000872 ], [ -95.207532, 29.8002552 ], [ -95.2075321, 29.8002553 ], [ -95.207539, 29.8002601 ], [ -95.2076128, 29.8003117 ], [ -95.2077706, 29.8004958 ], [ -95.2079245, 29.8007874 ], [ -95.2079974, 29.8010409 ], [ -95.2080915, 29.8014579 ], [ -95.2080962, 29.8014788 ], [ -95.2080963, 29.8014791 ], [ -95.2081035, 29.8015108 ], [ -95.2082149, 29.8018371 ], [ -95.2084287, 29.8023437 ], [ -95.2087163, 29.8027492 ], [ -95.2089949, 29.8030084 ], [ -95.209235, 29.8031948 ], [ -95.2097219, 29.8033881 ], [ -95.209789, 29.8034098 ], [ -95.2097894, 29.8034099 ], [ -95.2097979, 29.8034126 ], [ -95.2099661, 29.8034669 ], [ -95.2100807, 29.8035736 ], [ -95.2100865, 29.8035789 ], [ -95.2100868, 29.8035792 ], [ -95.2103243, 29.8038002 ], [ -95.2104795, 29.804056 ], [ -95.210628, 29.8044911 ], [ -95.2107872, 29.8046393 ], [ -95.2110587, 29.8048604 ], [ -95.2110589, 29.8048606 ], [ -95.2110675, 29.8048676 ], [ -95.211107, 29.8048997 ], [ -95.2113923, 29.8049796 ], [ -95.2115993, 29.8049496 ], [ -95.2118872, 29.8049577 ], [ -95.2124591, 29.8050816 ], [ -95.2129872, 29.8052761 ], [ -95.2131366, 29.8053466 ], [ -95.213392, 29.8054671 ], [ -95.2137117, 29.8057275 ], [ -95.2139492, 29.8059856 ], [ -95.2140673, 29.8061326 ], [ -95.2141814, 29.8063872 ], [ -95.214253, 29.8066766 ], [ -95.214164, 29.8068536 ], [ -95.214164, 29.8068537 ], [ -95.214034, 29.8070294 ], [ -95.214034, 29.8070295 ], [ -95.2140339, 29.8070296 ], [ -95.2138203, 29.8072389 ], [ -95.2138203, 29.807239 ], [ -95.2136093, 29.8073766 ], [ -95.2136092, 29.8073767 ], [ -95.2134368, 29.8075872 ], [ -95.2134367, 29.8075872 ], [ -95.2134367, 29.8075873 ], [ -95.2132629, 29.8078337 ], [ -95.2132628, 29.8078337 ], [ -95.213077, 29.8084031 ], [ -95.213069, 29.8086183 ], [ -95.2128884, 29.8090442 ], [ -95.2128446, 29.8091259 ], [ -95.2127557, 29.8092918 ], [ -95.2126891, 29.8095841 ], [ -95.2126891, 29.8095841 ], [ -95.2125635, 29.8097497 ], [ -95.2125635, 29.8097497 ], [ -95.2125634, 29.8097498 ], [ -95.2121064, 29.8102179 ], [ -95.2121064, 29.8102179 ], [ -95.2121064, 29.810218 ], [ -95.211763, 29.8106585 ], [ -95.211763, 29.8106586 ], [ -95.2117629, 29.8106586 ], [ -95.2117629, 29.8106587 ], [ -95.2117628, 29.8106587 ], [ -95.2117628, 29.8106588 ], [ -95.2117628, 29.8106588 ], [ -95.2111765, 29.8112445 ], [ -95.2111765, 29.8112446 ], [ -95.2111764, 29.8112446 ], [ -95.2106166, 29.8118033 ], [ -95.2106166, 29.8118033 ], [ -95.2105707, 29.8118001 ], [ -95.2091475, 29.8118192 ], [ -95.2081086, 29.8118332 ], [ -95.2077341, 29.8118383 ], [ -95.2049271, 29.8118932 ], [ -95.2049143, 29.8118935 ], [ -95.2025317, 29.81194 ], [ -95.2024554, 29.8119405 ], [ -95.2024553, 29.8119405 ], [ -95.2024553, 29.8119405 ], [ -95.2024565, 29.8119977 ], [ -95.2024798, 29.8131613 ], [ -95.2024936, 29.8135335 ], [ -95.2019935, 29.8135879 ], [ -95.2020002, 29.8141138 ], [ -95.2024977, 29.8141279 ], [ -95.2025153, 29.8147498 ], [ -95.2025186, 29.8149176 ], [ -95.2025202, 29.8150211 ], [ -95.2025213, 29.8150916 ], [ -95.2025271, 29.8152516 ], [ -95.202532, 29.815579 ], [ -95.2025335, 29.8157417 ], [ -95.2025405, 29.8160724 ], [ -95.2025435, 29.8162293 ], [ -95.2025477, 29.8163988 ], [ -95.2025548, 29.8165615 ], [ -95.2025565, 29.8167323 ], [ -95.2025646, 29.8170743 ], [ -95.2025659, 29.8175346 ], [ -95.2025658, 29.8175429 ], [ -95.2025629, 29.8176925 ], [ -95.2025609, 29.8177948 ], [ -95.2026378, 29.8198395 ], [ -95.2026328, 29.8205045 ], [ -95.2026279, 29.8211581 ], [ -95.2026548, 29.8228929 ], [ -95.2031859, 29.8228827 ], [ -95.203518, 29.8228739 ], [ -95.2037122, 29.8228688 ], [ -95.2039331, 29.8228654 ], [ -95.2041246, 29.8228632 ], [ -95.2043138, 29.8228611 ], [ -95.2044992, 29.8228589 ], [ -95.204689, 29.8228568 ], [ -95.2048786, 29.8228533 ], [ -95.2050681, 29.8228498 ], [ -95.2052577, 29.8228464 ], [ -95.2054472, 29.8228429 ], [ -95.205636, 29.8228394 ], [ -95.2058227, 29.822836 ], [ -95.2060122, 29.8228325 ], [ -95.2062018, 29.822829 ], [ -95.2063913, 29.8228256 ], [ -95.2065801, 29.8228221 ], [ -95.2067697, 29.8228186 ], [ -95.2069592, 29.8228151 ], [ -95.2071489, 29.8228117 ], [ -95.2073355, 29.8228082 ], [ -95.2076426, 29.8228026 ], [ -95.2078792, 29.8227972 ], [ -95.2083553, 29.8228 ], [ -95.2099203, 29.8227731 ], [ -95.2125946, 29.8227271 ], [ -95.2127523, 29.8227243 ], [ -95.2127721, 29.8259822 ], [ -95.212769, 29.8263737 ], [ -95.2146427, 29.8263398 ], [ -95.2148059, 29.8263367 ], [ -95.215903, 29.8263065 ], [ -95.215958, 29.826305 ], [ -95.2159864, 29.8263043 ], [ -95.2165201, 29.8262915 ], [ -95.2165342, 29.8262912 ], [ -95.2170821, 29.8262798 ], [ -95.2176158, 29.8262723 ], [ -95.2185905, 29.8262483 ], [ -95.2186551, 29.826249 ], [ -95.2189685, 29.8262421 ], [ -95.2191598, 29.8262379 ], [ -95.219401, 29.826238 ], [ -95.219401, 29.826238 ], [ -95.219401, 29.8262379 ], [ -95.2193908, 29.8258568 ], [ -95.2193908, 29.8258568 ], [ -95.2193908, 29.8258568 ], [ -95.2197459, 29.8258569 ], [ -95.2199528, 29.8258596 ], [ -95.2205524, 29.8258704 ], [ -95.2211354, 29.8258628 ], [ -95.2213288, 29.8258582 ], [ -95.2217785, 29.8258518 ], [ -95.2217922, 29.8258515 ], [ -95.2221349, 29.8258456 ], [ -95.2230781, 29.8258292 ], [ -95.223087, 29.8258291 ], [ -95.2248012, 29.8257889 ], [ -95.2248121, 29.8257887 ], [ -95.2250506, 29.8257854 ], [ -95.2250507, 29.8257854 ], [ -95.2250507, 29.8257854 ], [ -95.2250469, 29.8257797 ], [ -95.224774, 29.8253726 ], [ -95.2242178, 29.8244593 ], [ -95.2242178, 29.8244592 ], [ -95.2242179, 29.8244592 ], [ -95.2242636, 29.8244466 ], [ -95.2242637, 29.8244465 ], [ -95.2242636, 29.8244465 ], [ -95.2232939, 29.8229398 ], [ -95.2232757, 29.8226154 ], [ -95.2231833, 29.8188906 ], [ -95.2231833, 29.8188906 ], [ -95.2231833, 29.8188906 ], [ -95.2252149, 29.8189009 ], [ -95.2252149, 29.8189008 ], [ -95.2262772, 29.8179453 ], [ -95.2262772, 29.8179452 ], [ -95.2262773, 29.8179452 ], [ -95.2288166, 29.8157497 ], [ -95.2288166, 29.8157497 ], [ -95.2285291, 29.8162388 ], [ -95.2287092, 29.8165088 ], [ -95.2287925, 29.8165507 ], [ -95.2290134, 29.8165679 ], [ -95.2293852, 29.816604 ], [ -95.2298253, 29.8165568 ], [ -95.2300746, 29.8165301 ], [ -95.2301452, 29.8165378 ], [ -95.2305287, 29.8166142 ], [ -95.2308257, 29.8168809 ], [ -95.2309737, 29.8171244 ], [ -95.2310234, 29.8173604 ], [ -95.2311452, 29.8177514 ], [ -95.2311042, 29.8180171 ], [ -95.231025, 29.8182576 ], [ -95.2309417, 29.8183976 ], [ -95.2309417, 29.8183976 ], [ -95.2309417, 29.8183976 ], [ -95.2309036, 29.8184249 ], [ -95.2308865, 29.8184369 ], [ -95.2307041, 29.8185678 ], [ -95.230419, 29.8187097 ], [ -95.2304016, 29.8187183 ], [ -95.2304015, 29.8187183 ], [ -95.2304015, 29.8187184 ], [ -95.230298, 29.818916 ], [ -95.2301473, 29.8191912 ], [ -95.230143, 29.8193633 ], [ -95.2301067, 29.819558 ], [ -95.230078, 29.8197113 ], [ -95.2300421, 29.8199279 ], [ -95.230037, 29.8199581 ], [ -95.2300373, 29.8199834 ], [ -95.2300397, 29.8202872 ], [ -95.2300221, 29.8203285 ], [ -95.2299687, 29.8205374 ], [ -95.2299687, 29.8205374 ], [ -95.229897, 29.8206286 ], [ -95.229897, 29.8206287 ], [ -95.2298865, 29.820642 ], [ -95.2298864, 29.8206421 ], [ -95.2298864, 29.8206422 ], [ -95.2297537, 29.8208056 ], [ -95.2297537, 29.8208056 ], [ -95.2291213, 29.8210932 ], [ -95.2291213, 29.8210932 ], [ -95.2289638, 29.8213607 ], [ -95.2289637, 29.8213607 ], [ -95.2287577, 29.8214525 ], [ -95.2284214, 29.8211052 ], [ -95.2284214, 29.8211052 ], [ -95.2278079, 29.8216677 ], [ -95.2278079, 29.8216677 ], [ -95.2274886, 29.8218657 ], [ -95.2274886, 29.8218657 ], [ -95.2274969, 29.8222981 ], [ -95.2284494, 29.8220156 ], [ -95.2289615, 29.8229014 ], [ -95.2292067, 29.8233272 ], [ -95.2293896, 29.8236448 ], [ -95.2294173, 29.823693 ], [ -95.229653, 29.8241022 ], [ -95.229653, 29.8241022 ], [ -95.2296529, 29.8241023 ], [ -95.2296419, 29.824107 ], [ -95.2296418, 29.824107 ], [ -95.2296418, 29.8241071 ], [ -95.2297036, 29.8242792 ], [ -95.2297409, 29.8243831 ], [ -95.2298257, 29.8245303 ], [ -95.2298739, 29.8246138 ], [ -95.2354404, 29.8222739 ], [ -95.2406178, 29.8200845 ], [ -95.2459925, 29.817775 ], [ -95.2535037, 29.8145615 ], [ -95.2619662, 29.8108998 ], [ -95.2635577, 29.8102141 ], [ -95.266443, 29.8089707 ], [ -95.2676506, 29.8084502 ], [ -95.2683425, 29.8081643 ], [ -95.2690793, 29.8078601 ], [ -95.2692638, 29.807963 ], [ -95.2705205, 29.8074284 ], [ -95.2705214, 29.8074032 ], [ -95.2802507, 29.8033688 ], [ -95.2804562, 29.8032835 ], [ -95.2801686, 29.8030753 ], [ -95.2799989, 29.8029524 ], [ -95.2795698, 29.8026496 ], [ -95.2793976, 29.802712 ], [ -95.2793126, 29.8026574 ], [ -95.2781579, 29.8019161 ], [ -95.2780984, 29.8001584 ], [ -95.2780899, 29.7997092 ], [ -95.2780771, 29.7994278 ], [ -95.2780661, 29.7988236 ], [ -95.2780567, 29.7984335 ], [ -95.278047, 29.7981051 ], [ -95.2780408, 29.7977766 ], [ -95.2780263, 29.7974391 ], [ -95.2780198, 29.7971386 ], [ -95.2780192, 29.7971108 ], [ -95.2780079, 29.7966174 ], [ -95.2779965, 29.7962878 ], [ -95.277983, 29.7957948 ], [ -95.2779593, 29.7949652 ], [ -95.2779497, 29.7946294 ], [ -95.2777452, 29.7874741 ], [ -95.2758069, 29.7874886 ], [ -95.273305, 29.7875073 ], [ -95.2733041, 29.7874719 ], [ -95.2729251, 29.7871941 ], [ -95.2690917, 29.7872343 ], [ -95.2686879, 29.7872385 ], [ -95.2686893, 29.7869963 ], [ -95.2686969, 29.7855996 ], [ -95.2685315, 29.7856518 ], [ -95.266108, 29.7864157 ], [ -95.2660663, 29.787505 ], [ -95.2659292, 29.7875075 ], [ -95.2656505, 29.7875127 ], [ -95.2655291, 29.787515 ], [ -95.2631861, 29.7875414 ], [ -95.2613437, 29.7875643 ], [ -95.2595315, 29.7875869 ], [ -95.259354, 29.7875273 ], [ -95.2592188, 29.7874439 ], [ -95.2572481, 29.7867368 ], [ -95.2523783, 29.7868016 ], [ -95.2516487, 29.7868072 ], [ -95.2515546, 29.7867177 ], [ -95.2515121, 29.7836389 ], [ -95.2514675, 29.781727 ], [ -95.2509493, 29.7813969 ], [ -95.251271, 29.7810862 ], [ -95.2514171, 29.7809451 ], [ -95.2519215, 29.780345 ], [ -95.2532876, 29.7788062 ], [ -95.2541074, 29.7777828 ], [ -95.2544915, 29.777345 ], [ -95.2552704, 29.7764573 ], [ -95.2569864, 29.7745013 ] ] ] } },
{ "type": "Feature", "properties": { "OBJECTID": 40, "TRACT": "West Lake Houston", "SERVICE_CO": "WLH", "AREA_AC": 349, "SHAPE_LENG": 0.0, "INSIDE_X": -95.16254596, "INSIDE_Y": 29.96779706, "SHAPE_LE_1": 17550.897231700001, "LAT": 29.96779181, "LONG_": -95.162539, "GLOBALID": "{885B7BB5-01FA-4196-84FB-0B44BFABCFD3}", "SHAPESTLen": 17550.897231731618 }, "geometry": { "type": "Polygon", "coordinates": [ [ [ -95.1711136, 29.9710988 ], [ -95.1709957, 29.9708026 ], [ -95.17091, 29.9705871 ], [ -95.1703316, 29.9704877 ], [ -95.1702645, 29.9695284 ], [ -95.1701958, 29.9693319 ], [ -95.1697637, 29.9685926 ], [ -95.1697755, 29.9683926 ], [ -95.17001, 29.9681759 ], [ -95.169795, 29.9675997 ], [ -95.1696898, 29.9672718 ], [ -95.169988, 29.966985 ], [ -95.1707446, 29.9662657 ], [ -95.1717673, 29.9652716 ], [ -95.1734518, 29.963634 ], [ -95.1696856, 29.9636594 ], [ -95.1686731, 29.9636374 ], [ -95.1683817, 29.963669 ], [ -95.164761, 29.9636927 ], [ -95.1610013, 29.9637152 ], [ -95.1566065, 29.9637436 ], [ -95.1562013, 29.9642732 ], [ -95.1555144, 29.9651259 ], [ -95.155075, 29.9657599 ], [ -95.1546988, 29.9665086 ], [ -95.1538432, 29.9683846 ], [ -95.1537106, 29.968923 ], [ -95.1536003, 29.9694781 ], [ -95.1541476, 29.9697064 ], [ -95.1541479, 29.9697586 ], [ -95.1541531, 29.9708428 ], [ -95.1543274, 29.9710465 ], [ -95.1545722, 29.9713324 ], [ -95.155078, 29.9717309 ], [ -95.1552146, 29.97187 ], [ -95.1552262, 29.9718818 ], [ -95.1552913, 29.9719226 ], [ -95.1563028, 29.9719524 ], [ -95.1563125, 29.9723729 ], [ -95.1593281, 29.9723521 ], [ -95.161568, 29.9723246 ], [ -95.1645, 29.9722885 ], [ -95.1652067, 29.9716221 ], [ -95.1656254, 29.9712273 ], [ -95.165719, 29.9711353 ], [ -95.1659907, 29.9711176 ], [ -95.1711136, 29.9710988 ] ] ] } }
]
}
